date,temp_max,temp_med,precip_tot,rel_humid_med,date_parsed,day,month,year,eweek
2000-01-07,33.95,30.56,268.52,62.74,2000-01-07,7,1,2000,1
2000-01-08,33.92,30.52,269.66,63.07,2000-01-08,8,1,2000,1
2000-01-09,33.88,30.49,270.79,63.4,2000-01-09,9,1,2000,1
2000-01-10,33.84,30.45,271.93,63.73,2000-01-10,10,1,2000,2
2000-01-11,33.8,30.42,273.07,64.06,2000-01-11,11,1,2000,2
2000-01-12,33.76,30.39,274.2,64.39,2000-01-12,12,1,2000,2
2000-01-13,33.72,30.35,275.34,64.72,2000-01-13,13,1,2000,2
2000-01-14,33.68,30.32,276.47,65.05,2000-01-14,14,1,2000,2
2000-01-15,33.65,30.28,276.93,65.33,2000-01-15,15,1,2000,2
2000-01-16,33.61,30.25,277.38,65.61,2000-01-16,16,1,2000,2
2000-01-17,33.57,30.22,277.83,65.89,2000-01-17,17,1,2000,3
2000-01-18,33.54,30.18,278.28,66.17,2000-01-18,18,1,2000,3
2000-01-19,33.5,30.15,278.74,66.45,2000-01-19,19,1,2000,3
2000-01-20,33.46,30.12,279.19,66.74,2000-01-20,20,1,2000,3
2000-01-21,33.43,30.08,279.64,67.02,2000-01-21,21,1,2000,3
2000-01-22,33.39,30.05,279.36,67.25,2000-01-22,22,1,2000,3
2000-01-23,33.36,30.02,279.07,67.48,2000-01-23,23,1,2000,3
2000-01-24,33.32,29.99,278.79,67.71,2000-01-24,24,1,2000,4
2000-01-25,33.29,29.96,278.5,67.94,2000-01-25,25,1,2000,4
2000-01-26,33.26,29.93,278.21,68.17,2000-01-26,26,1,2000,4
2000-01-27,33.22,29.9,277.93,68.4,2000-01-27,27,1,2000,4
2000-01-28,33.19,29.87,277.64,68.63,2000-01-28,28,1,2000,4
2000-01-29,33.16,29.85,276.57,68.81,2000-01-29,29,1,2000,4
2000-01-30,33.13,29.82,275.49,68.98,2000-01-30,30,1,2000,4
2000-01-31,33.1,29.79,274.41,69.16,2000-01-31,31,1,2000,5
2000-02-01,33.08,29.77,273.33,69.33,2000-02-01,1,2,2000,5
2000-02-02,33.05,29.74,272.26,69.51,2000-02-02,2,2,2000,5
2000-02-03,33.02,29.72,271.18,69.69,2000-02-03,3,2,2000,5
2000-02-04,32.99,29.69,270.1,69.86,2000-02-04,4,2,2000,5
2000-02-05,32.97,29.67,268.17,69.97,2000-02-05,5,2,2000,5
2000-02-06,32.95,29.65,266.25,70.08,2000-02-06,6,2,2000,5
2000-02-07,32.92,29.63,264.32,70.19,2000-02-07,7,2,2000,6
2000-02-08,32.9,29.61,262.39,70.31,2000-02-08,8,2,2000,6
2000-02-09,32.88,29.59,260.46,70.42,2000-02-09,9,2,2000,6
2000-02-10,32.85,29.57,258.54,70.53,2000-02-10,10,2,2000,6
2000-02-11,32.83,29.55,256.61,70.64,2000-02-11,11,2,2000,6
2000-02-12,32.82,29.53,253.77,70.67,2000-02-12,12,2,2000,6
2000-02-13,32.8,29.52,250.93,70.7,2000-02-13,13,2,2000,6
2000-02-14,32.78,29.5,248.09,70.73,2000-02-14,14,2,2000,7
2000-02-15,32.77,29.49,245.25,70.76,2000-02-15,15,2,2000,7
2000-02-16,32.75,29.47,242.41,70.79,2000-02-16,16,2,2000,7
2000-02-17,32.73,29.46,239.57,70.82,2000-02-17,17,2,2000,7
2000-02-18,32.72,29.44,236.72,70.85,2000-02-18,18,2,2000,7
2000-02-19,32.7,29.43,232.91,70.79,2000-02-19,19,2,2000,7
2000-02-20,32.69,29.42,229.09,70.72,2000-02-20,20,2,2000,7
2000-02-21,32.68,29.41,225.28,70.65,2000-02-21,21,2,2000,8
2000-02-22,32.67,29.4,221.46,70.59,2000-02-22,22,2,2000,8
2000-02-23,32.66,29.39,217.64,70.52,2000-02-23,23,2,2000,8
2000-02-24,32.65,29.39,213.83,70.45,2000-02-24,24,2,2000,8
2000-02-25,32.64,29.38,210.01,70.39,2000-02-25,25,2,2000,8
2000-02-26,32.63,29.37,205.16,70.21,2000-02-26,26,2,2000,8
2000-02-27,32.63,29.37,200.3,70.02,2000-02-27,27,2,2000,8
2000-02-28,32.62,29.36,195.44,69.84,2000-02-28,28,2,2000,9
2000-02-29,32.62,29.36,190.59,69.66,2000-02-29,29,2,2000,9
2000-03-01,32.61,29.35,185.73,69.48,2000-03-01,1,3,2000,9
2000-03-02,32.61,29.35,180.88,69.3,2000-03-02,2,3,2000,9
2000-03-03,32.6,29.34,176.02,69.12,2000-03-03,3,3,2000,9
2000-03-04,32.6,29.34,170.21,68.82,2000-03-04,4,3,2000,9
2000-03-05,32.6,29.34,164.4,68.52,2000-03-05,5,3,2000,9
2000-03-06,32.6,29.34,158.59,68.22,2000-03-06,6,3,2000,10
2000-03-07,32.6,29.34,152.78,67.93,2000-03-07,7,3,2000,10
2000-03-08,32.6,29.34,146.97,67.63,2000-03-08,8,3,2000,10
2000-03-09,32.6,29.34,141.15,67.33,2000-03-09,9,3,2000,10
2000-03-10,32.6,29.34,135.34,67.03,2000-03-10,10,3,2000,10
2000-03-11,32.6,29.34,129.22,66.66,2000-03-11,11,3,2000,10
2000-03-12,32.6,29.34,123.11,66.3,2000-03-12,12,3,2000,10
2000-03-13,32.6,29.34,116.99,65.93,2000-03-13,13,3,2000,11
2000-03-14,32.61,29.35,110.87,65.57,2000-03-14,14,3,2000,11
2000-03-15,32.61,29.35,104.75,65.2,2000-03-15,15,3,2000,11
2000-03-16,32.61,29.35,98.63,64.83,2000-03-16,16,3,2000,11
2000-03-17,32.61,29.35,92.51,64.47,2000-03-17,17,3,2000,11
2000-03-18,32.61,29.35,86.87,64.1,2000-03-18,18,3,2000,11
2000-03-19,32.61,29.35,81.22,63.73,2000-03-19,19,3,2000,11
2000-03-20,32.61,29.34,75.58,63.36,2000-03-20,20,3,2000,12
2000-03-21,32.6,29.34,69.94,62.99,2000-03-21,21,3,2000,12
2000-03-22,32.6,29.34,64.3,62.62,2000-03-22,22,3,2000,12
2000-03-23,32.6,29.34,58.66,62.24,2000-03-23,23,3,2000,12
2000-03-24,32.6,29.34,53.01,61.87,2000-03-24,24,3,2000,12
2000-03-25,32.59,29.33,48.63,61.56,2000-03-25,25,3,2000,12
2000-03-26,32.58,29.32,44.25,61.25,2000-03-26,26,3,2000,12
2000-03-27,32.57,29.32,39.87,60.94,2000-03-27,27,3,2000,13
2000-03-28,32.57,29.31,35.49,60.63,2000-03-28,28,3,2000,13
2000-03-29,32.56,29.3,31.11,60.31,2000-03-29,29,3,2000,13
2000-03-30,32.55,29.3,26.73,60.0,2000-03-30,30,3,2000,13
2000-03-31,32.54,29.29,22.35,59.69,2000-03-31,31,3,2000,13
2000-04-01,32.52,29.27,20.31,59.49,2000-04-01,1,4,2000,13
2000-04-02,32.5,29.25,18.27,59.3,2000-04-02,2,4,2000,13
2000-04-03,32.49,29.24,16.23,59.1,2000-04-03,3,4,2000,14
2000-04-04,32.47,29.22,14.18,58.9,2000-04-04,4,4,2000,14
2000-04-05,32.45,29.2,12.14,58.7,2000-04-05,5,4,2000,14
2000-04-06,32.43,29.19,10.1,58.51,2000-04-06,6,4,2000,14
2000-04-07,32.41,29.17,8.05,58.31,2000-04-07,7,4,2000,14
2000-04-08,32.38,29.15,7.75,58.22,2000-04-08,8,4,2000,14
2000-04-09,32.36,29.12,7.44,58.12,2000-04-09,9,4,2000,14
2000-04-10,32.33,29.1,7.14,58.03,2000-04-10,10,4,2000,15
2000-04-11,32.3,29.07,6.83,57.93,2000-04-11,11,4,2000,15
2000-04-12,32.27,29.04,6.52,57.84,2000-04-12,12,4,2000,15
2000-04-13,32.24,29.02,6.22,57.74,2000-04-13,13,4,2000,15
2000-04-14,32.22,28.99,5.91,57.65,2000-04-14,14,4,2000,15
2000-04-15,32.18,28.96,6.16,57.6,2000-04-15,15,4,2000,15
2000-04-16,32.15,28.93,6.41,57.55,2000-04-16,16,4,2000,15
2000-04-17,32.12,28.91,6.66,57.5,2000-04-17,17,4,2000,16
2000-04-18,32.08,28.88,6.9,57.45,2000-04-18,18,4,2000,16
2000-04-19,32.05,28.85,7.15,57.39,2000-04-19,19,4,2000,16
2000-04-20,32.02,28.82,7.4,57.34,2000-04-20,20,4,2000,16
2000-04-21,31.98,28.79,7.65,57.29,2000-04-21,21,4,2000,16
2000-04-22,31.95,28.76,8.29,57.22,2000-04-22,22,4,2000,16
2000-04-23,31.92,28.72,8.93,57.15,2000-04-23,23,4,2000,16
2000-04-24,31.88,28.69,9.57,57.08,2000-04-24,24,4,2000,17
2000-04-25,31.85,28.66,10.2,57.02,2000-04-25,25,4,2000,17
2000-04-26,31.81,28.63,10.84,56.95,2000-04-26,26,4,2000,17
2000-04-27,31.78,28.6,11.48,56.88,2000-04-27,27,4,2000,17
2000-04-28,31.75,28.57,12.12,56.81,2000-04-28,28,4,2000,17
2000-04-29,31.72,28.54,12.71,56.66,2000-04-29,29,4,2000,17
2000-04-30,31.69,28.52,13.3,56.52,2000-04-30,30,4,2000,17
2000-05-01,31.66,28.49,13.88,56.37,2000-05-01,1,5,2000,18
2000-05-02,31.62,28.46,14.47,56.23,2000-05-02,2,5,2000,18
2000-05-03,31.59,28.43,15.06,56.08,2000-05-03,3,5,2000,18
2000-05-04,31.56,28.41,15.65,55.93,2000-05-04,4,5,2000,18
2000-05-05,31.53,28.38,16.23,55.79,2000-05-05,5,5,2000,18
2000-05-06,31.51,28.36,16.18,55.55,2000-05-06,6,5,2000,18
2000-05-07,31.48,28.33,16.13,55.31,2000-05-07,7,5,2000,18
2000-05-08,31.46,28.31,16.08,55.07,2000-05-08,8,5,2000,19
2000-05-09,31.43,28.29,16.03,54.83,2000-05-09,9,5,2000,19
2000-05-10,31.4,28.26,15.98,54.59,2000-05-10,10,5,2000,19
2000-05-11,31.38,28.24,15.93,54.35,2000-05-11,11,5,2000,19
2000-05-12,31.35,28.22,15.88,54.11,2000-05-12,12,5,2000,19
2000-05-13,31.32,28.19,15.5,53.84,2000-05-13,13,5,2000,19
2000-05-14,31.3,28.17,15.12,53.56,2000-05-14,14,5,2000,19
2000-05-15,31.27,28.15,14.73,53.29,2000-05-15,15,5,2000,20
2000-05-16,31.25,28.12,14.35,53.01,2000-05-16,16,5,2000,20
2000-05-17,31.22,28.1,13.97,52.74,2000-05-17,17,5,2000,20
2000-05-18,31.19,28.07,13.59,52.47,2000-05-18,18,5,2000,20
2000-05-19,31.17,28.05,13.2,52.19,2000-05-19,19,5,2000,20
2000-05-20,31.14,28.02,12.88,51.95,2000-05-20,20,5,2000,20
2000-05-21,31.11,28.0,12.55,51.7,2000-05-21,21,5,2000,20
2000-05-22,31.07,27.97,12.22,51.46,2000-05-22,22,5,2000,21
2000-05-23,31.04,27.94,11.89,51.22,2000-05-23,23,5,2000,21
2000-05-24,31.01,27.91,11.57,50.97,2000-05-24,24,5,2000,21
2000-05-25,30.98,27.88,11.24,50.73,2000-05-25,25,5,2000,21
2000-05-26,30.95,27.86,10.91,50.49,2000-05-26,26,5,2000,21
2000-05-27,30.91,27.82,11.0,50.34,2000-05-27,27,5,2000,21
2000-05-28,30.87,27.78,11.08,50.19,2000-05-28,28,5,2000,21
2000-05-29,30.83,27.74,11.17,50.04,2000-05-29,29,5,2000,22
2000-05-30,30.78,27.71,11.25,49.9,2000-05-30,30,5,2000,22
2000-05-31,30.74,27.67,11.34,49.75,2000-05-31,31,5,2000,22
2000-06-01,30.7,27.63,11.42,49.6,2000-06-01,1,6,2000,22
2000-06-02,30.66,27.59,11.51,49.46,2000-06-02,2,6,2000,22
2000-06-03,30.61,27.55,12.33,49.45,2000-06-03,3,6,2000,22
2000-06-04,30.56,27.5,13.15,49.44,2000-06-04,4,6,2000,22
2000-06-05,30.5,27.45,13.97,49.44,2000-06-05,5,6,2000,23
2000-06-06,30.45,27.41,14.79,49.43,2000-06-06,6,6,2000,23
2000-06-07,30.4,27.36,15.61,49.43,2000-06-07,7,6,2000,23
2000-06-08,30.34,27.31,16.43,49.42,2000-06-08,8,6,2000,23
2000-06-09,30.29,27.26,17.25,49.42,2000-06-09,9,6,2000,23
2000-06-10,30.24,27.22,18.56,49.5,2000-06-10,10,6,2000,23
2000-06-11,30.2,27.18,19.87,49.58,2000-06-11,11,6,2000,23
2000-06-12,30.15,27.13,21.19,49.67,2000-06-12,12,6,2000,24
2000-06-13,30.1,27.09,22.5,49.75,2000-06-13,13,6,2000,24
2000-06-14,30.05,27.05,23.81,49.83,2000-06-14,14,6,2000,24
2000-06-15,30.01,27.01,25.12,49.92,2000-06-15,15,6,2000,24
2000-06-16,29.96,26.96,26.43,50.0,2000-06-16,16,6,2000,24
2000-06-17,29.94,26.94,27.86,50.09,2000-06-17,17,6,2000,24
2000-06-18,29.92,26.93,29.28,50.18,2000-06-18,18,6,2000,24
2000-06-19,29.9,26.91,30.7,50.27,2000-06-19,19,6,2000,25
2000-06-20,29.88,26.89,32.12,50.36,2000-06-20,20,6,2000,25
2000-06-21,29.86,26.87,33.54,50.45,2000-06-21,21,6,2000,25
2000-06-22,29.84,26.85,34.97,50.54,2000-06-22,22,6,2000,25
2000-06-23,29.81,26.83,36.39,50.63,2000-06-23,23,6,2000,25
2000-06-24,29.84,26.86,37.54,50.65,2000-06-24,24,6,2000,25
2000-06-25,29.87,26.88,38.69,50.67,2000-06-25,25,6,2000,25
2000-06-26,29.9,26.91,39.84,50.68,2000-06-26,26,6,2000,26
2000-06-27,29.93,26.93,41.0,50.7,2000-06-27,27,6,2000,26
2000-06-28,29.96,26.96,42.15,50.71,2000-06-28,28,6,2000,26
2000-06-29,29.98,26.99,43.3,50.73,2000-06-29,29,6,2000,26
2000-06-30,30.01,27.01,44.45,50.74,2000-06-30,30,6,2000,26
2000-07-01,30.11,27.1,44.98,50.61,2000-07-01,1,7,2000,26
2000-07-02,30.21,27.19,45.51,50.47,2000-07-02,2,7,2000,26
2000-07-03,30.3,27.27,46.04,50.34,2000-07-03,3,7,2000,27
2000-07-04,30.4,27.36,46.57,50.2,2000-07-04,4,7,2000,27
2000-07-05,30.5,27.45,47.1,50.07,2000-07-05,5,7,2000,27
2000-07-06,30.59,27.53,47.64,49.94,2000-07-06,6,7,2000,27
2000-07-07,30.69,27.62,48.17,49.8,2000-07-07,7,7,2000,27
2000-07-08,30.84,27.76,48.22,49.54,2000-07-08,8,7,2000,27
2000-07-09,30.99,27.89,48.27,49.27,2000-07-09,9,7,2000,27
2000-07-10,31.14,28.03,48.32,49.01,2000-07-10,10,7,2000,28
2000-07-11,31.3,28.17,48.37,48.74,2000-07-11,11,7,2000,28
2000-07-12,31.45,28.3,48.42,48.48,2000-07-12,12,7,2000,28
2000-07-13,31.6,28.44,48.46,48.22,2000-07-13,13,7,2000,28
2000-07-14,31.75,28.58,48.51,47.95,2000-07-14,14,7,2000,28
2000-07-15,31.92,28.72,48.62,47.66,2000-07-15,15,7,2000,28
2000-07-16,32.08,28.87,48.72,47.37,2000-07-16,16,7,2000,28
2000-07-17,32.25,29.02,48.82,47.07,2000-07-17,17,7,2000,29
2000-07-18,32.41,29.17,48.92,46.78,2000-07-18,18,7,2000,29
2000-07-19,32.58,29.32,49.02,46.48,2000-07-19,19,7,2000,29
2000-07-20,32.74,29.47,49.12,46.19,2000-07-20,20,7,2000,29
2000-07-21,32.91,29.62,49.22,45.9,2000-07-21,21,7,2000,29
2000-07-22,33.05,29.74,49.91,45.67,2000-07-22,22,7,2000,29
2000-07-23,33.19,29.87,50.61,45.45,2000-07-23,23,7,2000,29
2000-07-24,33.32,29.99,51.3,45.23,2000-07-24,24,7,2000,30
2000-07-25,33.46,30.12,51.99,45.0,2000-07-25,25,7,2000,30
2000-07-26,33.6,30.24,52.68,44.78,2000-07-26,26,7,2000,30
2000-07-27,33.74,30.36,53.37,44.56,2000-07-27,27,7,2000,30
2000-07-28,33.88,30.49,54.06,44.33,2000-07-28,28,7,2000,30
2000-07-29,33.95,30.55,55.88,44.28,2000-07-29,29,7,2000,30
2000-07-30,34.02,30.61,57.7,44.23,2000-07-30,30,7,2000,30
2000-07-31,34.09,30.68,59.53,44.18,2000-07-31,31,7,2000,31
2000-08-01,34.16,30.74,61.35,44.13,2000-08-01,1,8,2000,31
2000-08-02,34.23,30.8,63.17,44.08,2000-08-02,2,8,2000,31
2000-08-03,34.29,30.87,64.99,44.03,2000-08-03,3,8,2000,31
2000-08-04,34.36,30.93,66.81,43.98,2000-08-04,4,8,2000,31
2000-08-05,34.35,30.92,69.82,44.13,2000-08-05,5,8,2000,31
2000-08-06,34.34,30.9,72.83,44.29,2000-08-06,6,8,2000,31
2000-08-07,34.32,30.89,75.84,44.45,2000-08-07,7,8,2000,32
2000-08-08,34.31,30.88,78.85,44.6,2000-08-08,8,8,2000,32
2000-08-09,34.3,30.87,81.86,44.76,2000-08-09,9,8,2000,32
2000-08-10,34.28,30.85,84.87,44.91,2000-08-10,10,8,2000,32
2000-08-11,34.27,30.84,87.88,45.07,2000-08-11,11,8,2000,32
2000-08-12,34.21,30.79,91.14,45.34,2000-08-12,12,8,2000,32
2000-08-13,34.15,30.74,94.4,45.61,2000-08-13,13,8,2000,32
2000-08-14,34.1,30.69,97.67,45.87,2000-08-14,14,8,2000,33
2000-08-15,34.04,30.64,100.93,46.14,2000-08-15,15,8,2000,33
2000-08-16,33.98,30.58,104.19,46.41,2000-08-16,16,8,2000,33
2000-08-17,33.92,30.53,107.45,46.68,2000-08-17,17,8,2000,33
2000-08-18,33.87,30.48,110.71,46.94,2000-08-18,18,8,2000,33
2000-08-19,33.81,30.43,113.17,47.21,2000-08-19,19,8,2000,33
2000-08-20,33.76,30.38,115.62,47.47,2000-08-20,20,8,2000,33
2000-08-21,33.7,30.33,118.08,47.74,2000-08-21,21,8,2000,34
2000-08-22,33.65,30.28,120.53,48.0,2000-08-22,22,8,2000,34
2000-08-23,33.59,30.23,122.99,48.27,2000-08-23,23,8,2000,34
2000-08-24,33.54,30.19,125.44,48.53,2000-08-24,24,8,2000,34
2000-08-25,33.48,30.14,127.9,48.8,2000-08-25,25,8,2000,34
2000-08-26,33.48,30.13,128.49,48.95,2000-08-26,26,8,2000,34
2000-08-27,33.47,30.13,129.08,49.09,2000-08-27,27,8,2000,34
2000-08-28,33.47,30.12,129.67,49.24,2000-08-28,28,8,2000,35
2000-08-29,33.46,30.12,130.26,49.39,2000-08-29,29,8,2000,35
2000-08-30,33.46,30.11,130.86,49.54,2000-08-30,30,8,2000,35
2000-08-31,33.45,30.11,131.45,49.69,2000-08-31,31,8,2000,35
2000-09-01,33.45,30.1,132.04,49.84,2000-09-01,1,9,2000,35
2000-09-02,33.52,30.17,130.0,49.79,2000-09-02,2,9,2000,35
2000-09-03,33.6,30.24,127.97,49.73,2000-09-03,3,9,2000,35
2000-09-04,33.68,30.31,125.93,49.68,2000-09-04,4,9,2000,36
2000-09-05,33.76,30.39,123.9,49.62,2000-09-05,5,9,2000,36
2000-09-06,33.84,30.46,121.86,49.57,2000-09-06,6,9,2000,36
2000-09-07,33.92,30.53,119.82,49.51,2000-09-07,7,9,2000,36
2000-09-08,34.0,30.6,117.79,49.46,2000-09-08,8,9,2000,36
2000-09-09,34.14,30.72,114.1,49.26,2000-09-09,9,9,2000,36
2000-09-10,34.27,30.84,110.41,49.06,2000-09-10,10,9,2000,36
2000-09-11,34.41,30.97,106.72,48.86,2000-09-11,11,9,2000,37
2000-09-12,34.55,31.09,103.04,48.66,2000-09-12,12,9,2000,37
2000-09-13,34.68,31.21,99.35,48.46,2000-09-13,13,9,2000,37
2000-09-14,34.82,31.34,95.66,48.26,2000-09-14,14,9,2000,37
2000-09-15,34.96,31.46,91.97,48.06,2000-09-15,15,9,2000,37
2000-09-16,35.1,31.59,88.24,47.83,2000-09-16,16,9,2000,37
2000-09-17,35.25,31.72,84.5,47.6,2000-09-17,17,9,2000,37
2000-09-18,35.39,31.85,80.77,47.37,2000-09-18,18,9,2000,38
2000-09-19,35.54,31.98,77.04,47.15,2000-09-19,19,9,2000,38
2000-09-20,35.68,32.11,73.3,46.92,2000-09-20,20,9,2000,38
2000-09-21,35.82,32.24,69.57,46.69,2000-09-21,21,9,2000,38
2000-09-22,35.97,32.37,65.84,46.46,2000-09-22,22,9,2000,38
2000-09-23,36.07,32.47,63.66,46.31,2000-09-23,23,9,2000,38
2000-09-24,36.18,32.56,61.49,46.17,2000-09-24,24,9,2000,38
2000-09-25,36.28,32.65,59.32,46.02,2000-09-25,25,9,2000,39
2000-09-26,36.38,32.74,57.15,45.88,2000-09-26,26,9,2000,39
2000-09-27,36.48,32.84,54.98,45.73,2000-09-27,27,9,2000,39
2000-09-28,36.59,32.93,52.81,45.59,2000-09-28,28,9,2000,39
2000-09-29,36.69,33.02,50.64,45.44,2000-09-29,29,9,2000,39
2000-09-30,36.7,33.03,51.57,45.49,2000-09-30,30,9,2000,39
2000-10-01,36.72,33.04,52.5,45.54,2000-10-01,1,10,2000,39
2000-10-02,36.73,33.06,53.43,45.58,2000-10-02,2,10,2000,40
2000-10-03,36.74,33.07,54.35,45.63,2000-10-03,3,10,2000,40
2000-10-04,36.76,33.08,55.28,45.68,2000-10-04,4,10,2000,40
2000-10-05,36.77,33.09,56.21,45.73,2000-10-05,5,10,2000,40
2000-10-06,36.78,33.1,57.14,45.77,2000-10-06,6,10,2000,40
2000-10-07,36.7,33.03,61.21,46.03,2000-10-07,7,10,2000,40
2000-10-08,36.63,32.96,65.27,46.28,2000-10-08,8,10,2000,40
2000-10-09,36.55,32.89,69.34,46.53,2000-10-09,9,10,2000,41
2000-10-10,36.47,32.82,73.4,46.79,2000-10-10,10,10,2000,41
2000-10-11,36.39,32.75,77.47,47.04,2000-10-11,11,10,2000,41
2000-10-12,36.31,32.68,81.53,47.29,2000-10-12,12,10,2000,41
2000-10-13,36.23,32.61,85.6,47.55,2000-10-13,13,10,2000,41
2000-10-14,36.1,32.49,91.39,47.92,2000-10-14,14,10,2000,41
2000-10-15,35.97,32.37,97.19,48.3,2000-10-15,15,10,2000,41
2000-10-16,35.84,32.25,102.99,48.68,2000-10-16,16,10,2000,42
2000-10-17,35.71,32.13,108.79,49.06,2000-10-17,17,10,2000,42
2000-10-18,35.57,32.02,114.59,49.44,2000-10-18,18,10,2000,42
2000-10-19,35.44,31.9,120.38,49.82,2000-10-19,19,10,2000,42
2000-10-20,35.31,31.78,126.18,50.19,2000-10-20,20,10,2000,42
2000-10-21,35.17,31.65,132.25,50.61,2000-10-21,21,10,2000,42
2000-10-22,35.03,31.53,138.32,51.03,2000-10-22,22,10,2000,42
2000-10-23,34.89,31.4,144.39,51.45,2000-10-23,23,10,2000,43
2000-10-24,34.75,31.27,150.46,51.87,2000-10-24,24,10,2000,43
2000-10-25,34.6,31.14,156.53,52.29,2000-10-25,25,10,2000,43
2000-10-26,34.46,31.02,162.6,52.71,2000-10-26,26,10,2000,43
2000-10-27,34.32,30.89,168.67,53.12,2000-10-27,27,10,2000,43
2000-10-28,34.21,30.79,173.55,53.5,2000-10-28,28,10,2000,43
2000-10-29,34.1,30.69,178.44,53.87,2000-10-29,29,10,2000,43
2000-10-30,33.99,30.59,183.32,54.25,2000-10-30,30,10,2000,44
2000-10-31,33.88,30.49,188.2,54.62,2000-10-31,31,10,2000,44
2000-11-01,33.77,30.4,193.09,55.0,2000-11-01,1,11,2000,44
2000-11-02,33.66,30.3,197.97,55.37,2000-11-02,2,11,2000,44
2000-11-03,33.55,30.2,202.85,55.75,2000-11-03,3,11,2000,44
2000-11-04,33.5,30.15,205.58,56.02,2000-11-04,4,11,2000,44
2000-11-05,33.45,30.11,208.32,56.29,2000-11-05,5,11,2000,44
2000-11-06,33.4,30.06,211.05,56.57,2000-11-06,6,11,2000,45
2000-11-07,33.35,30.01,213.79,56.84,2000-11-07,7,11,2000,45
2000-11-08,33.3,29.97,216.52,57.11,2000-11-08,8,11,2000,45
2000-11-09,33.25,29.92,219.26,57.39,2000-11-09,9,11,2000,45
2000-11-10,33.19,29.88,221.99,57.66,2000-11-10,10,11,2000,45
2000-11-11,33.19,29.87,222.86,57.84,2000-11-11,11,11,2000,45
2000-11-12,33.19,29.87,223.73,58.02,2000-11-12,12,11,2000,45
2000-11-13,33.18,29.86,224.6,58.19,2000-11-13,13,11,2000,46
2000-11-14,33.18,29.86,225.47,58.37,2000-11-14,14,11,2000,46
2000-11-15,33.17,29.85,226.34,58.55,2000-11-15,15,11,2000,46
2000-11-16,33.17,29.85,227.21,58.73,2000-11-16,16,11,2000,46
2000-11-17,33.16,29.85,228.09,58.9,2000-11-17,17,11,2000,46
2000-11-18,33.19,29.87,227.57,59.0,2000-11-18,18,11,2000,46
2000-11-19,33.21,29.89,227.05,59.1,2000-11-19,19,11,2000,46
2000-11-20,33.24,29.91,226.54,59.2,2000-11-20,20,11,2000,47
2000-11-21,33.26,29.93,226.02,59.3,2000-11-21,21,11,2000,47
2000-11-22,33.29,29.96,225.5,59.4,2000-11-22,22,11,2000,47
2000-11-23,33.31,29.98,224.99,59.5,2000-11-23,23,11,2000,47
2000-11-24,33.34,30.0,224.47,59.6,2000-11-24,24,11,2000,47
2000-11-25,33.37,30.03,223.04,59.64,2000-11-25,25,11,2000,47
2000-11-26,33.41,30.07,221.62,59.68,2000-11-26,26,11,2000,47
2000-11-27,33.45,30.1,220.19,59.72,2000-11-27,27,11,2000,48
2000-11-28,33.48,30.13,218.76,59.75,2000-11-28,28,11,2000,48
2000-11-29,33.52,30.17,217.33,59.79,2000-11-29,29,11,2000,48
2000-11-30,33.55,30.2,215.91,59.83,2000-11-30,30,11,2000,48
2000-12-01,33.59,30.23,214.48,59.87,2000-12-01,1,12,2000,48
2000-12-02,33.62,30.26,212.6,59.86,2000-12-02,2,12,2000,48
2000-12-03,33.66,30.29,210.72,59.86,2000-12-03,3,12,2000,48
2000-12-04,33.69,30.32,208.85,59.85,2000-12-04,4,12,2000,49
2000-12-05,33.72,30.35,206.97,59.85,2000-12-05,5,12,2000,49
2000-12-06,33.75,30.38,205.09,59.84,2000-12-06,6,12,2000,49
2000-12-07,33.79,30.41,203.22,59.84,2000-12-07,7,12,2000,49
2000-12-08,33.82,30.44,201.34,59.83,2000-12-08,8,12,2000,49
2000-12-09,33.84,30.46,199.36,59.81,2000-12-09,9,12,2000,49
2000-12-10,33.87,30.48,197.39,59.79,2000-12-10,10,12,2000,49
2000-12-11,33.89,30.5,195.42,59.77,2000-12-11,11,12,2000,50
2000-12-12,33.92,30.52,193.44,59.76,2000-12-12,12,12,2000,50
2000-12-13,33.94,30.55,191.47,59.74,2000-12-13,13,12,2000,50
2000-12-14,33.96,30.57,189.49,59.72,2000-12-14,14,12,2000,50
2000-12-15,33.99,30.59,187.52,59.7,2000-12-15,15,12,2000,50
2000-12-16,34.0,30.6,185.75,59.7,2000-12-16,16,12,2000,50
2000-12-17,34.02,30.62,183.98,59.7,2000-12-17,17,12,2000,50
2000-12-18,34.03,30.63,182.21,59.7,2000-12-18,18,12,2000,51
2000-12-19,34.05,30.64,180.44,59.7,2000-12-19,19,12,2000,51
2000-12-20,34.06,30.66,178.67,59.7,2000-12-20,20,12,2000,51
2000-12-21,34.08,30.67,176.91,59.7,2000-12-21,21,12,2000,51
2000-12-22,34.09,30.68,175.14,59.7,2000-12-22,22,12,2000,51
2000-12-23,34.1,30.69,173.88,59.75,2000-12-23,23,12,2000,51
2000-12-24,34.11,30.69,172.62,59.8,2000-12-24,24,12,2000,51
2000-12-25,34.11,30.7,171.36,59.86,2000-12-25,25,12,2000,52
2000-12-26,34.12,30.71,170.1,59.91,2000-12-26,26,12,2000,52
2000-12-27,34.13,30.71,168.84,59.96,2000-12-27,27,12,2000,52
2000-12-28,34.13,30.72,167.58,60.02,2000-12-28,28,12,2000,52
2000-12-29,34.14,30.72,166.33,60.07,2000-12-29,29,12,2000,52
2000-12-30,34.14,30.72,165.87,60.21,2000-12-30,30,12,2000,52
2000-12-31,34.13,30.72,165.41,60.35,2000-12-31,31,12,2000,52
2001-01-01,34.13,30.72,164.96,60.49,2001-01-01,1,1,2001,1
2001-01-02,34.13,30.72,164.5,60.62,2001-01-02,2,1,2001,1
2001-01-03,34.13,30.72,164.05,60.76,2001-01-03,3,1,2001,1
2001-01-04,34.13,30.71,163.59,60.9,2001-01-04,4,1,2001,1
2001-01-05,34.13,30.71,163.13,61.04,2001-01-05,5,1,2001,1
2001-01-06,34.12,30.71,163.48,61.26,2001-01-06,6,1,2001,1
2001-01-07,34.11,30.7,163.82,61.47,2001-01-07,7,1,2001,1
2001-01-08,34.1,30.69,164.17,61.69,2001-01-08,8,1,2001,2
2001-01-09,34.09,30.68,164.51,61.9,2001-01-09,9,1,2001,2
2001-01-10,34.08,30.68,164.85,62.12,2001-01-10,10,1,2001,2
2001-01-11,34.08,30.67,165.2,62.34,2001-01-11,11,1,2001,2
2001-01-12,34.07,30.66,165.54,62.55,2001-01-12,12,1,2001,2
2001-01-13,34.06,30.65,166.34,62.79,2001-01-13,13,1,2001,2
2001-01-14,34.05,30.64,167.14,63.04,2001-01-14,14,1,2001,2
2001-01-15,34.04,30.63,167.93,63.28,2001-01-15,15,1,2001,3
2001-01-16,34.03,30.62,168.73,63.52,2001-01-16,16,1,2001,3
2001-01-17,34.01,30.61,169.53,63.76,2001-01-17,17,1,2001,3
2001-01-18,34.0,30.6,170.33,64.0,2001-01-18,18,1,2001,3
2001-01-19,33.99,30.59,171.13,64.24,2001-01-19,19,1,2001,3
2001-01-20,33.98,30.59,172.01,64.45,2001-01-20,20,1,2001,3
2001-01-21,33.98,30.58,172.9,64.66,2001-01-21,21,1,2001,3
2001-01-22,33.97,30.57,173.79,64.87,2001-01-22,22,1,2001,4
2001-01-23,33.96,30.56,174.68,65.08,2001-01-23,23,1,2001,4
2001-01-24,33.95,30.55,175.57,65.28,2001-01-24,24,1,2001,4
2001-01-25,33.94,30.55,176.46,65.49,2001-01-25,25,1,2001,4
2001-01-26,33.93,30.54,177.35,65.7,2001-01-26,26,1,2001,4
2001-01-27,33.93,30.54,177.96,65.82,2001-01-27,27,1,2001,4
2001-01-28,33.93,30.53,178.58,65.95,2001-01-28,28,1,2001,4
2001-01-29,33.92,30.53,179.19,66.07,2001-01-29,29,1,2001,5
2001-01-30,33.92,30.53,179.81,66.19,2001-01-30,30,1,2001,5
2001-01-31,33.92,30.53,180.42,66.31,2001-01-31,31,1,2001,5
2001-02-01,33.91,30.52,181.04,66.43,2001-02-01,1,2,2001,5
2001-02-02,33.91,30.52,181.66,66.55,2001-02-02,2,2,2001,5
2001-02-03,33.92,30.53,181.69,66.55,2001-02-03,3,2,2001,5
2001-02-04,33.92,30.53,181.72,66.54,2001-02-04,4,2,2001,5
2001-02-05,33.93,30.53,181.76,66.54,2001-02-05,5,2,2001,6
2001-02-06,33.93,30.54,181.79,66.54,2001-02-06,6,2,2001,6
2001-02-07,33.94,30.54,181.83,66.53,2001-02-07,7,2,2001,6
2001-02-08,33.94,30.55,181.86,66.53,2001-02-08,8,2,2001,6
2001-02-09,33.95,30.55,181.89,66.53,2001-02-09,9,2,2001,6
2001-02-10,33.95,30.56,181.21,66.42,2001-02-10,10,2,2001,6
2001-02-11,33.96,30.56,180.52,66.31,2001-02-11,11,2,2001,6
2001-02-12,33.97,30.57,179.83,66.2,2001-02-12,12,2,2001,7
2001-02-13,33.97,30.58,179.14,66.09,2001-02-13,13,2,2001,7
2001-02-14,33.98,30.58,178.45,65.98,2001-02-14,14,2,2001,7
2001-02-15,33.99,30.59,177.76,65.88,2001-02-15,15,2,2001,7
2001-02-16,34.0,30.6,177.08,65.77,2001-02-16,16,2,2001,7
2001-02-17,34.0,30.6,175.56,65.59,2001-02-17,17,2,2001,7
2001-02-18,34.0,30.6,174.04,65.4,2001-02-18,18,2,2001,7
2001-02-19,34.01,30.61,172.52,65.22,2001-02-19,19,2,2001,8
2001-02-20,34.01,30.61,171.0,65.04,2001-02-20,20,2,2001,8
2001-02-21,34.01,30.61,169.48,64.86,2001-02-21,21,2,2001,8
2001-02-22,34.02,30.61,167.96,64.68,2001-02-22,22,2,2001,8
2001-02-23,34.02,30.62,166.44,64.49,2001-02-23,23,2,2001,8
2001-02-24,34.01,30.61,163.99,64.27,2001-02-24,24,2,2001,8
2001-02-25,34.0,30.6,161.53,64.04,2001-02-25,25,2,2001,8
2001-02-26,34.0,30.6,159.07,63.82,2001-02-26,26,2,2001,9
2001-02-27,33.99,30.59,156.61,63.59,2001-02-27,27,2,2001,9
2001-02-28,33.98,30.58,154.15,63.37,2001-02-28,28,2,2001,9
2001-03-01,33.97,30.58,151.7,63.15,2001-03-01,1,3,2001,9
2001-03-02,33.96,30.57,149.24,62.92,2001-03-02,2,3,2001,9
2001-03-03,33.94,30.55,145.79,62.68,2001-03-03,3,3,2001,9
2001-03-04,33.92,30.52,142.35,62.45,2001-03-04,4,3,2001,9
2001-03-05,33.89,30.5,138.9,62.21,2001-03-05,5,3,2001,10
2001-03-06,33.87,30.48,135.45,61.97,2001-03-06,6,3,2001,10
2001-03-07,33.84,30.46,132.01,61.74,2001-03-07,7,3,2001,10
2001-03-08,33.82,30.44,128.56,61.5,2001-03-08,8,3,2001,10
2001-03-09,33.8,30.42,125.11,61.26,2001-03-09,9,3,2001,10
2001-03-10,33.76,30.38,121.17,61.03,2001-03-10,10,3,2001,10
2001-03-11,33.72,30.35,117.23,60.81,2001-03-11,11,3,2001,10
2001-03-12,33.69,30.32,113.29,60.58,2001-03-12,12,3,2001,11
2001-03-13,33.65,30.28,109.35,60.35,2001-03-13,13,3,2001,11
2001-03-14,33.61,30.25,105.41,60.13,2001-03-14,14,3,2001,11
2001-03-15,33.58,30.22,101.47,59.9,2001-03-15,15,3,2001,11
2001-03-16,33.54,30.18,97.53,59.67,2001-03-16,16,3,2001,11
2001-03-17,33.5,30.15,93.89,59.48,2001-03-17,17,3,2001,11
2001-03-18,33.46,30.11,90.24,59.28,2001-03-18,18,3,2001,11
2001-03-19,33.42,30.08,86.59,59.08,2001-03-19,19,3,2001,12
2001-03-20,33.38,30.04,82.95,58.88,2001-03-20,20,3,2001,12
2001-03-21,33.34,30.0,79.3,58.68,2001-03-21,21,3,2001,12
2001-03-22,33.3,29.97,75.65,58.48,2001-03-22,22,3,2001,12
2001-03-23,33.26,29.93,72.01,58.29,2001-03-23,23,3,2001,12
2001-03-24,33.22,29.9,69.44,58.14,2001-03-24,24,3,2001,12
2001-03-25,33.19,29.87,66.88,57.98,2001-03-25,25,3,2001,12
2001-03-26,33.15,29.84,64.32,57.83,2001-03-26,26,3,2001,13
2001-03-27,33.12,29.8,61.75,57.68,2001-03-27,27,3,2001,13
2001-03-28,33.08,29.77,59.19,57.53,2001-03-28,28,3,2001,13
2001-03-29,33.05,29.74,56.63,57.38,2001-03-29,29,3,2001,13
2001-03-30,33.01,29.71,54.06,57.23,2001-03-30,30,3,2001,13
2001-03-31,32.99,29.69,53.35,57.14,2001-03-31,31,3,2001,13
2001-04-01,32.97,29.67,52.65,57.06,2001-04-01,1,4,2001,13
2001-04-02,32.95,29.65,51.94,56.97,2001-04-02,2,4,2001,14
2001-04-03,32.93,29.63,51.23,56.89,2001-04-03,3,4,2001,14
2001-04-04,32.9,29.61,50.53,56.8,2001-04-04,4,4,2001,14
2001-04-05,32.88,29.59,49.82,56.72,2001-04-05,5,4,2001,14
2001-04-06,32.86,29.58,49.11,56.63,2001-04-06,6,4,2001,14
2001-04-07,32.85,29.57,50.31,56.61,2001-04-07,7,4,2001,14
2001-04-08,32.85,29.56,51.51,56.6,2001-04-08,8,4,2001,14
2001-04-09,32.84,29.55,52.7,56.58,2001-04-09,9,4,2001,15
2001-04-10,32.83,29.55,53.9,56.56,2001-04-10,10,4,2001,15
2001-04-11,32.82,29.54,55.1,56.55,2001-04-11,11,4,2001,15
2001-04-12,32.82,29.53,56.3,56.53,2001-04-12,12,4,2001,15
2001-04-13,32.81,29.53,57.49,56.51,2001-04-13,13,4,2001,15
2001-04-14,32.8,29.52,59.64,56.55,2001-04-14,14,4,2001,15
2001-04-15,32.79,29.51,61.8,56.58,2001-04-15,15,4,2001,15
2001-04-16,32.78,29.5,63.95,56.62,2001-04-16,16,4,2001,16
2001-04-17,32.77,29.5,66.1,56.65,2001-04-17,17,4,2001,16
2001-04-18,32.77,29.49,68.25,56.69,2001-04-18,18,4,2001,16
2001-04-19,32.76,29.48,70.4,56.72,2001-04-19,19,4,2001,16
2001-04-20,32.75,29.47,72.55,56.76,2001-04-20,20,4,2001,16
2001-04-21,32.73,29.45,74.64,56.83,2001-04-21,21,4,2001,16
2001-04-22,32.7,29.43,76.72,56.9,2001-04-22,22,4,2001,16
2001-04-23,32.68,29.41,78.81,56.97,2001-04-23,23,4,2001,17
2001-04-24,32.65,29.39,80.89,57.04,2001-04-24,24,4,2001,17
2001-04-25,32.63,29.37,82.97,57.1,2001-04-25,25,4,2001,17
2001-04-26,32.61,29.35,85.06,57.17,2001-04-26,26,4,2001,17
2001-04-27,32.58,29.33,87.14,57.24,2001-04-27,27,4,2001,17
2001-04-28,32.53,29.28,88.13,57.33,2001-04-28,28,4,2001,17
2001-04-29,32.48,29.23,89.12,57.41,2001-04-29,29,4,2001,17
2001-04-30,32.42,29.18,90.12,57.5,2001-04-30,30,4,2001,18
2001-05-01,32.37,29.13,91.11,57.58,2001-05-01,1,5,2001,18
2001-05-02,32.32,29.09,92.1,57.67,2001-05-02,2,5,2001,18
2001-05-03,32.26,29.04,93.09,57.75,2001-05-03,3,5,2001,18
2001-05-04,32.21,28.99,94.09,57.83,2001-05-04,4,5,2001,18
2001-05-05,32.12,28.91,93.28,57.92,2001-05-05,5,5,2001,18
2001-05-06,32.03,28.83,92.47,58.0,2001-05-06,6,5,2001,18
2001-05-07,31.94,28.74,91.67,58.08,2001-05-07,7,5,2001,19
2001-05-08,31.85,28.66,90.86,58.16,2001-05-08,8,5,2001,19
2001-05-09,31.76,28.58,90.06,58.25,2001-05-09,9,5,2001,19
2001-05-10,31.67,28.5,89.25,58.33,2001-05-10,10,5,2001,19
2001-05-11,31.58,28.42,88.45,58.41,2001-05-11,11,5,2001,19
2001-05-12,31.47,28.32,86.32,58.47,2001-05-12,12,5,2001,19
2001-05-13,31.36,28.23,84.19,58.53,2001-05-13,13,5,2001,19
2001-05-14,31.25,28.13,82.06,58.59,2001-05-14,14,5,2001,20
2001-05-15,31.15,28.03,79.93,58.65,2001-05-15,15,5,2001,20
2001-05-16,31.04,27.94,77.81,58.72,2001-05-16,16,5,2001,20
2001-05-17,30.93,27.84,75.68,58.78,2001-05-17,17,5,2001,20
2001-05-18,30.82,27.74,73.55,58.84,2001-05-18,18,5,2001,20
2001-05-19,30.73,27.66,70.85,58.86,2001-05-19,19,5,2001,20
2001-05-20,30.63,27.57,68.16,58.88,2001-05-20,20,5,2001,20
2001-05-21,30.53,27.48,65.46,58.91,2001-05-21,21,5,2001,21
2001-05-22,30.44,27.39,62.76,58.93,2001-05-22,22,5,2001,21
2001-05-23,30.34,27.31,60.07,58.95,2001-05-23,23,5,2001,21
2001-05-24,30.24,27.22,57.37,58.98,2001-05-24,24,5,2001,21
2001-05-25,30.15,27.13,54.67,59.0,2001-05-25,25,5,2001,21
2001-05-26,30.09,27.08,52.16,58.96,2001-05-26,26,5,2001,21
2001-05-27,30.03,27.03,49.65,58.93,2001-05-27,27,5,2001,21
2001-05-28,29.97,26.97,47.13,58.9,2001-05-28,28,5,2001,22
2001-05-29,29.91,26.92,44.62,58.86,2001-05-29,29,5,2001,22
2001-05-30,29.85,26.87,42.11,58.83,2001-05-30,30,5,2001,22
2001-05-31,29.79,26.81,39.59,58.79,2001-05-31,31,5,2001,22
2001-06-01,29.73,26.76,37.08,58.76,2001-06-01,1,6,2001,22
2001-06-02,29.74,26.76,35.56,58.65,2001-06-02,2,6,2001,22
2001-06-03,29.74,26.76,34.05,58.55,2001-06-03,3,6,2001,22
2001-06-04,29.74,26.77,32.53,58.44,2001-06-04,4,6,2001,23
2001-06-05,29.74,26.77,31.02,58.33,2001-06-05,5,6,2001,23
2001-06-06,29.75,26.77,29.5,58.23,2001-06-06,6,6,2001,23
2001-06-07,29.75,26.77,27.98,58.12,2001-06-07,7,6,2001,23
2001-06-08,29.75,26.78,26.47,58.01,2001-06-08,8,6,2001,23
2001-06-09,29.81,26.83,25.98,57.84,2001-06-09,9,6,2001,23
2001-06-10,29.87,26.88,25.49,57.67,2001-06-10,10,6,2001,23
2001-06-11,29.92,26.93,25.0,57.5,2001-06-11,11,6,2001,24
2001-06-12,29.98,26.98,24.51,57.33,2001-06-12,12,6,2001,24
2001-06-13,30.04,27.03,24.01,57.16,2001-06-13,13,6,2001,24
2001-06-14,30.09,27.08,23.52,56.99,2001-06-14,14,6,2001,24
2001-06-15,30.15,27.13,23.03,56.82,2001-06-15,15,6,2001,24
2001-06-16,30.23,27.21,23.01,56.61,2001-06-16,16,6,2001,24
2001-06-17,30.31,27.28,22.98,56.4,2001-06-17,17,6,2001,24
2001-06-18,30.39,27.35,22.96,56.19,2001-06-18,18,6,2001,25
2001-06-19,30.47,27.43,22.94,55.98,2001-06-19,19,6,2001,25
2001-06-20,30.55,27.5,22.91,55.77,2001-06-20,20,6,2001,25
2001-06-21,30.64,27.57,22.89,55.56,2001-06-21,21,6,2001,25
2001-06-22,30.72,27.65,22.86,55.35,2001-06-22,22,6,2001,25
2001-06-23,30.79,27.71,23.19,55.12,2001-06-23,23,6,2001,25
2001-06-24,30.87,27.78,23.51,54.9,2001-06-24,24,6,2001,25
2001-06-25,30.95,27.85,23.83,54.67,2001-06-25,25,6,2001,26
2001-06-26,31.02,27.92,24.16,54.45,2001-06-26,26,6,2001,26
2001-06-27,31.1,27.99,24.48,54.22,2001-06-27,27,6,2001,26
2001-06-28,31.18,28.06,24.8,54.0,2001-06-28,28,6,2001,26
2001-06-29,31.25,28.13,25.13,53.77,2001-06-29,29,6,2001,26
2001-06-30,31.29,28.16,25.71,53.56,2001-06-30,30,6,2001,26
2001-07-01,31.34,28.2,26.29,53.34,2001-07-01,1,7,2001,26
2001-07-02,31.38,28.24,26.87,53.13,2001-07-02,2,7,2001,27
2001-07-03,31.42,28.28,27.45,52.91,2001-07-03,3,7,2001,27
2001-07-04,31.46,28.32,28.04,52.7,2001-07-04,4,7,2001,27
2001-07-05,31.51,28.36,28.62,52.48,2001-07-05,5,7,2001,27
2001-07-06,31.55,28.39,29.2,52.27,2001-07-06,6,7,2001,27
2001-07-07,31.55,28.39,29.74,52.08,2001-07-07,7,7,2001,27
2001-07-08,31.55,28.39,30.27,51.89,2001-07-08,8,7,2001,27
2001-07-09,31.55,28.39,30.81,51.71,2001-07-09,9,7,2001,28
2001-07-10,31.55,28.39,31.35,51.52,2001-07-10,10,7,2001,28
2001-07-11,31.55,28.39,31.88,51.33,2001-07-11,11,7,2001,28
2001-07-12,31.55,28.39,32.42,51.15,2001-07-12,12,7,2001,28
2001-07-13,31.54,28.39,32.96,50.96,2001-07-13,13,7,2001,28
2001-07-14,31.53,28.37,33.41,50.81,2001-07-14,14,7,2001,28
2001-07-15,31.51,28.36,33.87,50.66,2001-07-15,15,7,2001,28
2001-07-16,31.49,28.34,34.32,50.51,2001-07-16,16,7,2001,29
2001-07-17,31.47,28.32,34.78,50.36,2001-07-17,17,7,2001,29
2001-07-18,31.45,28.31,35.24,50.21,2001-07-18,18,7,2001,29
2001-07-19,31.43,28.29,35.69,50.06,2001-07-19,19,7,2001,29
2001-07-20,31.41,28.27,36.15,49.91,2001-07-20,20,7,2001,29
2001-07-21,31.4,28.26,36.52,49.8,2001-07-21,21,7,2001,29
2001-07-22,31.39,28.25,36.89,49.69,2001-07-22,22,7,2001,29
2001-07-23,31.38,28.25,37.26,49.59,2001-07-23,23,7,2001,30
2001-07-24,31.38,28.24,37.63,49.48,2001-07-24,24,7,2001,30
2001-07-25,31.37,28.23,38.0,49.37,2001-07-25,25,7,2001,30
2001-07-26,31.36,28.22,38.37,49.26,2001-07-26,26,7,2001,30
2001-07-27,31.35,28.21,38.74,49.16,2001-07-27,27,7,2001,30
2001-07-28,31.38,28.24,39.03,49.1,2001-07-28,28,7,2001,30
2001-07-29,31.4,28.26,39.31,49.04,2001-07-29,29,7,2001,30
2001-07-30,31.43,28.29,39.6,48.99,2001-07-30,30,7,2001,31
2001-07-31,31.46,28.31,39.88,48.93,2001-07-31,31,7,2001,31
2001-08-01,31.49,28.34,40.17,48.87,2001-08-01,1,8,2001,31
2001-08-02,31.51,28.36,40.45,48.82,2001-08-02,2,8,2001,31
2001-08-03,31.54,28.39,40.74,48.76,2001-08-03,3,8,2001,31
2001-08-04,31.63,28.46,40.97,48.75,2001-08-04,4,8,2001,31
2001-08-05,31.71,28.54,41.2,48.75,2001-08-05,5,8,2001,31
2001-08-06,31.8,28.62,41.42,48.75,2001-08-06,6,8,2001,32
2001-08-07,31.88,28.69,41.65,48.74,2001-08-07,7,8,2001,32
2001-08-08,31.97,28.77,41.88,48.74,2001-08-08,8,8,2001,32
2001-08-09,32.05,28.85,42.11,48.73,2001-08-09,9,8,2001,32
2001-08-10,32.14,28.92,42.34,48.73,2001-08-10,10,8,2001,32
2001-08-11,32.26,29.03,42.7,48.75,2001-08-11,11,8,2001,32
2001-08-12,32.38,29.14,43.06,48.77,2001-08-12,12,8,2001,32
2001-08-13,32.5,29.25,43.42,48.8,2001-08-13,13,8,2001,33
2001-08-14,32.62,29.36,43.78,48.82,2001-08-14,14,8,2001,33
2001-08-15,32.75,29.47,44.14,48.85,2001-08-15,15,8,2001,33
2001-08-16,32.87,29.58,44.5,48.87,2001-08-16,16,8,2001,33
2001-08-17,32.99,29.69,44.86,48.89,2001-08-17,17,8,2001,33
2001-08-18,33.12,29.81,45.58,48.92,2001-08-18,18,8,2001,33
2001-08-19,33.25,29.93,46.29,48.94,2001-08-19,19,8,2001,33
2001-08-20,33.38,30.04,47.01,48.96,2001-08-20,20,8,2001,34
2001-08-21,33.51,30.16,47.73,48.99,2001-08-21,21,8,2001,34
2001-08-22,33.64,30.28,48.45,49.01,2001-08-22,22,8,2001,34
2001-08-23,33.77,30.39,49.17,49.03,2001-08-23,23,8,2001,34
2001-08-24,33.9,30.51,49.89,49.06,2001-08-24,24,8,2001,34
2001-08-25,34.01,30.61,51.2,49.05,2001-08-25,25,8,2001,34
2001-08-26,34.12,30.71,52.5,49.04,2001-08-26,26,8,2001,34
2001-08-27,34.23,30.8,53.81,49.03,2001-08-27,27,8,2001,35
2001-08-28,34.33,30.9,55.12,49.02,2001-08-28,28,8,2001,35
2001-08-29,34.44,31.0,56.43,49.02,2001-08-29,29,8,2001,35
2001-08-30,34.55,31.09,57.73,49.01,2001-08-30,30,8,2001,35
2001-08-31,34.66,31.19,59.04,49.0,2001-08-31,31,8,2001,35
2001-09-01,34.71,31.24,61.14,48.94,2001-09-01,1,9,2001,35
2001-09-02,34.77,31.29,63.24,48.87,2001-09-02,2,9,2001,35
2001-09-03,34.83,31.34,65.35,48.8,2001-09-03,3,9,2001,36
2001-09-04,34.88,31.4,67.45,48.74,2001-09-04,4,9,2001,36
2001-09-05,34.94,31.45,69.55,48.67,2001-09-05,5,9,2001,36
2001-09-06,35.0,31.5,71.65,48.61,2001-09-06,6,9,2001,36
2001-09-07,35.06,31.55,73.75,48.54,2001-09-07,7,9,2001,36
2001-09-08,35.06,31.56,76.48,48.43,2001-09-08,8,9,2001,36
2001-09-09,35.07,31.56,79.22,48.32,2001-09-09,9,9,2001,36
2001-09-10,35.07,31.57,81.95,48.22,2001-09-10,10,9,2001,37
2001-09-11,35.08,31.57,84.68,48.11,2001-09-11,11,9,2001,37
2001-09-12,35.09,31.58,87.41,48.0,2001-09-12,12,9,2001,37
2001-09-13,35.09,31.58,90.15,47.89,2001-09-13,13,9,2001,37
2001-09-14,35.1,31.59,92.88,47.79,2001-09-14,14,9,2001,37
2001-09-15,35.08,31.57,95.79,47.69,2001-09-15,15,9,2001,37
2001-09-16,35.05,31.55,98.7,47.59,2001-09-16,16,9,2001,37
2001-09-17,35.03,31.53,101.62,47.49,2001-09-17,17,9,2001,38
2001-09-18,35.0,31.5,104.53,47.39,2001-09-18,18,9,2001,38
2001-09-19,34.98,31.48,107.44,47.3,2001-09-19,19,9,2001,38
2001-09-20,34.96,31.46,110.36,47.2,2001-09-20,20,9,2001,38
2001-09-21,34.93,31.44,113.27,47.1,2001-09-21,21,9,2001,38
2001-09-22,34.9,31.41,115.9,47.06,2001-09-22,22,9,2001,38
2001-09-23,34.87,31.38,118.54,47.02,2001-09-23,23,9,2001,38
2001-09-24,34.84,31.35,121.18,46.99,2001-09-24,24,9,2001,39
2001-09-25,34.81,31.33,123.81,46.95,2001-09-25,25,9,2001,39
2001-09-26,34.77,31.3,126.45,46.91,2001-09-26,26,9,2001,39
2001-09-27,34.74,31.27,129.08,46.87,2001-09-27,27,9,2001,39
2001-09-28,34.71,31.24,131.72,46.83,2001-09-28,28,9,2001,39
2001-09-29,34.69,31.22,133.62,46.91,2001-09-29,29,9,2001,39
2001-09-30,34.68,31.21,135.53,46.98,2001-09-30,30,9,2001,39
2001-10-01,34.66,31.19,137.43,47.06,2001-10-01,1,10,2001,40
2001-10-02,34.64,31.18,139.34,47.13,2001-10-02,2,10,2001,40
2001-10-03,34.62,31.16,141.24,47.2,2001-10-03,3,10,2001,40
2001-10-04,34.6,31.14,143.14,47.28,2001-10-04,4,10,2001,40
2001-10-05,34.58,31.13,145.05,47.35,2001-10-05,5,10,2001,40
2001-10-06,34.59,31.13,146.07,47.55,2001-10-06,6,10,2001,40
2001-10-07,34.6,31.14,147.09,47.75,2001-10-07,7,10,2001,40
2001-10-08,34.6,31.14,148.11,47.95,2001-10-08,8,10,2001,41
2001-10-09,34.61,31.15,149.13,48.15,2001-10-09,9,10,2001,41
2001-10-10,34.61,31.15,150.15,48.35,2001-10-10,10,10,2001,41
2001-10-11,34.62,31.16,151.17,48.55,2001-10-11,11,10,2001,41
2001-10-12,34.62,31.16,152.19,48.76,2001-10-12,12,10,2001,41
2001-10-13,34.64,31.18,152.78,49.02,2001-10-13,13,10,2001,41
2001-10-14,34.66,31.19,153.37,49.29,2001-10-14,14,10,2001,41
2001-10-15,34.67,31.2,153.96,49.56,2001-10-15,15,10,2001,42
2001-10-16,34.69,31.22,154.54,49.83,2001-10-16,16,10,2001,42
2001-10-17,34.7,31.23,155.13,50.09,2001-10-17,17,10,2001,42
2001-10-18,34.72,31.25,155.72,50.36,2001-10-18,18,10,2001,42
2001-10-19,34.73,31.26,156.31,50.63,2001-10-19,19,10,2001,42
2001-10-20,34.75,31.27,157.0,50.9,2001-10-20,20,10,2001,42
2001-10-21,34.76,31.28,157.68,51.16,2001-10-21,21,10,2001,42
2001-10-22,34.77,31.29,158.37,51.43,2001-10-22,22,10,2001,43
2001-10-23,34.78,31.3,159.05,51.7,2001-10-23,23,10,2001,43
2001-10-24,34.79,31.31,159.73,51.96,2001-10-24,24,10,2001,43
2001-10-25,34.8,31.32,160.42,52.23,2001-10-25,25,10,2001,43
2001-10-26,34.81,31.33,161.1,52.5,2001-10-26,26,10,2001,43
2001-10-27,34.8,31.32,162.41,52.7,2001-10-27,27,10,2001,43
2001-10-28,34.79,31.31,163.71,52.9,2001-10-28,28,10,2001,43
2001-10-29,34.78,31.3,165.02,53.09,2001-10-29,29,10,2001,44
2001-10-30,34.76,31.29,166.32,53.29,2001-10-30,30,10,2001,44
2001-10-31,34.75,31.28,167.63,53.49,2001-10-31,31,10,2001,44
2001-11-01,34.74,31.27,168.93,53.69,2001-11-01,1,11,2001,44
2001-11-02,34.73,31.26,170.24,53.89,2001-11-02,2,11,2001,44
2001-11-03,34.69,31.22,172.56,53.97,2001-11-03,3,11,2001,44
2001-11-04,34.64,31.18,174.88,54.05,2001-11-04,4,11,2001,44
2001-11-05,34.6,31.14,177.21,54.12,2001-11-05,5,11,2001,45
2001-11-06,34.56,31.1,179.53,54.2,2001-11-06,6,11,2001,45
2001-11-07,34.51,31.06,181.86,54.28,2001-11-07,7,11,2001,45
2001-11-08,34.47,31.02,184.18,54.36,2001-11-08,8,11,2001,45
2001-11-09,34.42,30.98,186.5,54.43,2001-11-09,9,11,2001,45
2001-11-10,34.36,30.92,189.53,54.42,2001-11-10,10,11,2001,45
2001-11-11,34.29,30.86,192.55,54.41,2001-11-11,11,11,2001,45
2001-11-12,34.23,30.81,195.57,54.39,2001-11-12,12,11,2001,46
2001-11-13,34.16,30.75,198.59,54.38,2001-11-13,13,11,2001,46
2001-11-14,34.1,30.69,201.62,54.37,2001-11-14,14,11,2001,46
2001-11-15,34.04,30.63,204.64,54.36,2001-11-15,15,11,2001,46
2001-11-16,33.97,30.57,207.66,54.34,2001-11-16,16,11,2001,46
2001-11-17,33.91,30.52,210.81,54.3,2001-11-17,17,11,2001,46
2001-11-18,33.84,30.46,213.95,54.25,2001-11-18,18,11,2001,46
2001-11-19,33.78,30.4,217.1,54.21,2001-11-19,19,11,2001,47
2001-11-20,33.71,30.34,220.24,54.17,2001-11-20,20,11,2001,47
2001-11-21,33.65,30.28,223.39,54.12,2001-11-21,21,11,2001,47
2001-11-22,33.58,30.22,226.53,54.08,2001-11-22,22,11,2001,47
2001-11-23,33.52,30.17,229.68,54.03,2001-11-23,23,11,2001,47
2001-11-24,33.47,30.13,232.37,54.02,2001-11-24,24,11,2001,47
2001-11-25,33.43,30.09,235.07,54.0,2001-11-25,25,11,2001,47
2001-11-26,33.39,30.05,237.76,53.99,2001-11-26,26,11,2001,48
2001-11-27,33.34,30.01,240.45,53.97,2001-11-27,27,11,2001,48
2001-11-28,33.3,29.97,243.15,53.96,2001-11-28,28,11,2001,48
2001-11-29,33.25,29.93,245.84,53.94,2001-11-29,29,11,2001,48
2001-11-30,33.21,29.89,248.53,53.93,2001-11-30,30,11,2001,48
2001-12-01,33.21,29.89,250.22,54.0,2001-12-01,1,12,2001,48
2001-12-02,33.2,29.88,251.91,54.07,2001-12-02,2,12,2001,48
2001-12-03,33.2,29.88,253.6,54.14,2001-12-03,3,12,2001,49
2001-12-04,33.2,29.88,255.29,54.21,2001-12-04,4,12,2001,49
2001-12-05,33.2,29.88,256.97,54.28,2001-12-05,5,12,2001,49
2001-12-06,33.19,29.87,258.66,54.35,2001-12-06,6,12,2001,49
2001-12-07,33.19,29.87,260.35,54.42,2001-12-07,7,12,2001,49
2001-12-08,33.22,29.9,260.93,54.59,2001-12-08,8,12,2001,49
2001-12-09,33.26,29.93,261.51,54.76,2001-12-09,9,12,2001,49
2001-12-10,33.29,29.96,262.09,54.93,2001-12-10,10,12,2001,50
2001-12-11,33.33,29.99,262.67,55.09,2001-12-11,11,12,2001,50
2001-12-12,33.36,30.03,263.24,55.26,2001-12-12,12,12,2001,50
2001-12-13,33.4,30.06,263.82,55.43,2001-12-13,13,12,2001,50
2001-12-14,33.43,30.09,264.4,55.6,2001-12-14,14,12,2001,50
2001-12-15,33.48,30.13,264.19,55.82,2001-12-15,15,12,2001,50
2001-12-16,33.53,30.17,263.97,56.05,2001-12-16,16,12,2001,50
2001-12-17,33.58,30.22,263.76,56.28,2001-12-17,17,12,2001,51
2001-12-18,33.62,30.26,263.54,56.51,2001-12-18,18,12,2001,51
2001-12-19,33.67,30.3,263.33,56.74,2001-12-19,19,12,2001,51
2001-12-20,33.72,30.35,263.11,56.97,2001-12-20,20,12,2001,51
2001-12-21,33.77,30.39,262.9,57.19,2001-12-21,21,12,2001,51
2001-12-22,33.8,30.42,262.22,57.45,2001-12-22,22,12,2001,51
2001-12-23,33.84,30.46,261.54,57.7,2001-12-23,23,12,2001,51
2001-12-24,33.88,30.49,260.86,57.95,2001-12-24,24,12,2001,52
2001-12-25,33.91,30.52,260.19,58.21,2001-12-25,25,12,2001,52
2001-12-26,33.95,30.56,259.51,58.46,2001-12-26,26,12,2001,52
2001-12-27,33.99,30.59,258.83,58.71,2001-12-27,27,12,2001,52
2001-12-28,34.02,30.62,258.15,58.96,2001-12-28,28,12,2001,52
2001-12-29,34.03,30.62,257.34,59.21,2001-12-29,29,12,2001,52
2001-12-30,34.03,30.62,256.53,59.45,2001-12-30,30,12,2001,52
2001-12-31,34.03,30.62,255.72,59.69,2001-12-31,31,12,2001,1
2002-01-01,34.03,30.62,254.91,59.93,2002-01-01,1,1,2002,1
2002-01-02,34.03,30.62,254.1,60.17,2002-01-02,2,1,2002,1
2002-01-03,34.03,30.62,253.29,60.41,2002-01-03,3,1,2002,1
2002-01-04,34.03,30.63,252.48,60.65,2002-01-04,4,1,2002,1
2002-01-05,33.98,30.58,251.73,60.85,2002-01-05,5,1,2002,1
2002-01-06,33.93,30.54,250.98,61.05,2002-01-06,6,1,2002,1
2002-01-07,33.89,30.5,250.23,61.26,2002-01-07,7,1,2002,2
2002-01-08,33.84,30.46,249.47,61.46,2002-01-08,8,1,2002,2
2002-01-09,33.79,30.41,248.72,61.66,2002-01-09,9,1,2002,2
2002-01-10,33.75,30.37,247.97,61.86,2002-01-10,10,1,2002,2
2002-01-11,33.7,30.33,247.22,62.06,2002-01-11,11,1,2002,2
2002-01-12,33.63,30.27,246.37,62.22,2002-01-12,12,1,2002,2
2002-01-13,33.56,30.2,245.53,62.37,2002-01-13,13,1,2002,2
2002-01-14,33.49,30.14,244.68,62.53,2002-01-14,14,1,2002,3
2002-01-15,33.41,30.07,243.84,62.68,2002-01-15,15,1,2002,3
2002-01-16,33.34,30.01,242.99,62.84,2002-01-16,16,1,2002,3
2002-01-17,33.27,29.94,242.15,62.99,2002-01-17,17,1,2002,3
2002-01-18,33.2,29.88,241.31,63.15,2002-01-18,18,1,2002,3
2002-01-19,33.13,29.82,240.17,63.26,2002-01-19,19,1,2002,3
2002-01-20,33.06,29.76,239.03,63.37,2002-01-20,20,1,2002,3
2002-01-21,33.0,29.7,237.89,63.47,2002-01-21,21,1,2002,4
2002-01-22,32.93,29.63,236.75,63.58,2002-01-22,22,1,2002,4
2002-01-23,32.86,29.57,235.62,63.69,2002-01-23,23,1,2002,4
2002-01-24,32.79,29.51,234.48,63.8,2002-01-24,24,1,2002,4
2002-01-25,32.72,29.45,233.34,63.9,2002-01-25,25,1,2002,4
2002-01-26,32.68,29.42,231.71,63.96,2002-01-26,26,1,2002,4
2002-01-27,32.65,29.38,230.08,64.01,2002-01-27,27,1,2002,4
2002-01-28,32.61,29.35,228.45,64.07,2002-01-28,28,1,2002,5
2002-01-29,32.57,29.31,226.81,64.13,2002-01-29,29,1,2002,5
2002-01-30,32.53,29.28,225.18,64.18,2002-01-30,30,1,2002,5
2002-01-31,32.5,29.25,223.55,64.24,2002-01-31,31,1,2002,5
2002-02-01,32.46,29.21,221.92,64.3,2002-02-01,1,2,2002,5
2002-02-02,32.47,29.23,219.62,64.3,2002-02-02,2,2,2002,5
2002-02-03,32.49,29.24,217.31,64.3,2002-02-03,3,2,2002,5
2002-02-04,32.51,29.25,215.01,64.3,2002-02-04,4,2,2002,6
2002-02-05,32.52,29.27,212.71,64.31,2002-02-05,5,2,2002,6
2002-02-06,32.54,29.28,210.41,64.31,2002-02-06,6,2,2002,6
2002-02-07,32.55,29.3,208.11,64.31,2002-02-07,7,2,2002,6
2002-02-08,32.57,29.31,205.8,64.31,2002-02-08,8,2,2002,6
2002-02-09,32.63,29.37,202.83,64.26,2002-02-09,9,2,2002,6
2002-02-10,32.69,29.42,199.86,64.2,2002-02-10,10,2,2002,6
2002-02-11,32.75,29.48,196.88,64.15,2002-02-11,11,2,2002,7
2002-02-12,32.81,29.53,193.91,64.09,2002-02-12,12,2,2002,7
2002-02-13,32.87,29.58,190.94,64.04,2002-02-13,13,2,2002,7
2002-02-14,32.93,29.64,187.96,63.98,2002-02-14,14,2,2002,7
2002-02-15,32.99,29.69,184.99,63.92,2002-02-15,15,2,2002,7
2002-02-16,33.07,29.77,181.42,63.81,2002-02-16,16,2,2002,7
2002-02-17,33.15,29.84,177.85,63.69,2002-02-17,17,2,2002,7
2002-02-18,33.24,29.91,174.27,63.57,2002-02-18,18,2,2002,8
2002-02-19,33.32,29.99,170.7,63.46,2002-02-19,19,2,2002,8
2002-02-20,33.4,30.06,167.13,63.34,2002-02-20,20,2,2002,8
2002-02-21,33.48,30.13,163.56,63.22,2002-02-21,21,2,2002,8
2002-02-22,33.56,30.21,159.99,63.11,2002-02-22,22,2,2002,8
2002-02-23,33.64,30.28,155.89,62.93,2002-02-23,23,2,2002,8
2002-02-24,33.72,30.35,151.79,62.74,2002-02-24,24,2,2002,8
2002-02-25,33.8,30.42,147.7,62.56,2002-02-25,25,2,2002,9
2002-02-26,33.88,30.49,143.6,62.38,2002-02-26,26,2,2002,9
2002-02-27,33.96,30.56,139.51,62.2,2002-02-27,27,2,2002,9
2002-02-28,34.04,30.63,135.41,62.02,2002-02-28,28,2,2002,9
2002-03-01,34.11,30.7,131.31,61.83,2002-03-01,1,3,2002,9
2002-03-02,34.17,30.75,126.78,61.58,2002-03-02,2,3,2002,9
2002-03-03,34.22,30.8,122.24,61.33,2002-03-03,3,3,2002,9
2002-03-04,34.28,30.85,117.71,61.08,2002-03-04,4,3,2002,10
2002-03-05,34.33,30.9,113.17,60.83,2002-03-05,5,3,2002,10
2002-03-06,34.38,30.95,108.64,60.58,2002-03-06,6,3,2002,10
2002-03-07,34.44,30.99,104.1,60.33,2002-03-07,7,3,2002,10
2002-03-08,34.49,31.04,99.56,60.08,2002-03-08,8,3,2002,10
2002-03-09,34.51,31.06,94.97,59.8,2002-03-09,9,3,2002,10
2002-03-10,34.53,31.08,90.37,59.51,2002-03-10,10,3,2002,10
2002-03-11,34.55,31.09,85.78,59.22,2002-03-11,11,3,2002,11
2002-03-12,34.57,31.11,81.18,58.93,2002-03-12,12,3,2002,11
2002-03-13,34.59,31.13,76.59,58.64,2002-03-13,13,3,2002,11
2002-03-14,34.61,31.15,71.99,58.35,2002-03-14,14,3,2002,11
2002-03-15,34.62,31.16,67.39,58.06,2002-03-15,15,3,2002,11
2002-03-16,34.61,31.15,63.47,57.8,2002-03-16,16,3,2002,11
2002-03-17,34.6,31.14,59.55,57.53,2002-03-17,17,3,2002,11
2002-03-18,34.59,31.13,55.62,57.27,2002-03-18,18,3,2002,12
2002-03-19,34.58,31.12,51.7,57.01,2002-03-19,19,3,2002,12
2002-03-20,34.57,31.11,47.77,56.74,2002-03-20,20,3,2002,12
2002-03-21,34.56,31.1,43.85,56.48,2002-03-21,21,3,2002,12
2002-03-22,34.55,31.09,39.92,56.21,2002-03-22,22,3,2002,12
2002-03-23,34.51,31.06,37.47,56.04,2002-03-23,23,3,2002,12
2002-03-24,34.48,31.03,35.02,55.87,2002-03-24,24,3,2002,12
2002-03-25,34.44,31.0,32.57,55.7,2002-03-25,25,3,2002,13
2002-03-26,34.4,30.96,30.12,55.52,2002-03-26,26,3,2002,13
2002-03-27,34.37,30.93,27.67,55.35,2002-03-27,27,3,2002,13
2002-03-28,34.33,30.9,25.22,55.18,2002-03-28,28,3,2002,13
2002-03-29,34.3,30.87,22.77,55.0,2002-03-29,29,3,2002,13
2002-03-30,34.24,30.82,22.17,54.99,2002-03-30,30,3,2002,13
2002-03-31,34.19,30.77,21.57,54.97,2002-03-31,31,3,2002,13
2002-04-01,34.13,30.72,20.97,54.96,2002-04-01,1,4,2002,14
2002-04-02,34.08,30.67,20.37,54.94,2002-04-02,2,4,2002,14
2002-04-03,34.02,30.62,19.77,54.93,2002-04-03,3,4,2002,14
2002-04-04,33.97,30.57,19.17,54.91,2002-04-04,4,4,2002,14
2002-04-05,33.92,30.52,18.57,54.89,2002-04-05,5,4,2002,14
2002-04-06,33.85,30.46,20.49,55.06,2002-04-06,6,4,2002,14
2002-04-07,33.78,30.4,22.41,55.24,2002-04-07,7,4,2002,14
2002-04-08,33.71,30.34,24.33,55.41,2002-04-08,8,4,2002,15
2002-04-09,33.65,30.28,26.25,55.58,2002-04-09,9,4,2002,15
2002-04-10,33.58,30.22,28.18,55.75,2002-04-10,10,4,2002,15
2002-04-11,33.51,30.16,30.1,55.92,2002-04-11,11,4,2002,15
2002-04-12,33.44,30.1,32.02,56.09,2002-04-12,12,4,2002,15
2002-04-13,33.37,30.03,35.22,56.37,2002-04-13,13,4,2002,15
2002-04-14,33.29,29.97,38.43,56.64,2002-04-14,14,4,2002,15
2002-04-15,33.22,29.9,41.63,56.92,2002-04-15,15,4,2002,16
2002-04-16,33.15,29.83,44.83,57.2,2002-04-16,16,4,2002,16
2002-04-17,33.07,29.76,48.04,57.47,2002-04-17,17,4,2002,16
2002-04-18,33.0,29.7,51.24,57.75,2002-04-18,18,4,2002,16
2002-04-19,32.92,29.63,54.45,58.03,2002-04-19,19,4,2002,16
2002-04-20,32.85,29.56,57.64,58.31,2002-04-20,20,4,2002,16
2002-04-21,32.77,29.5,60.83,58.6,2002-04-21,21,4,2002,16
2002-04-22,32.7,29.43,64.02,58.88,2002-04-22,22,4,2002,17
2002-04-23,32.62,29.36,67.21,59.16,2002-04-23,23,4,2002,17
2002-04-24,32.55,29.29,70.41,59.45,2002-04-24,24,4,2002,17
2002-04-25,32.47,29.23,73.6,59.73,2002-04-25,25,4,2002,17
2002-04-26,32.4,29.16,76.79,60.01,2002-04-26,26,4,2002,17
2002-04-27,32.33,29.1,78.64,60.21,2002-04-27,27,4,2002,17
2002-04-28,32.26,29.04,80.48,60.4,2002-04-28,28,4,2002,17
2002-04-29,32.19,28.97,82.33,60.59,2002-04-29,29,4,2002,18
2002-04-30,32.13,28.91,84.18,60.78,2002-04-30,30,4,2002,18
2002-05-01,32.06,28.85,86.02,60.97,2002-05-01,1,5,2002,18
2002-05-02,31.99,28.79,87.87,61.16,2002-05-02,2,5,2002,18
2002-05-03,31.92,28.73,89.72,61.35,2002-05-03,3,5,2002,18
2002-05-04,31.86,28.68,89.07,61.36,2002-05-04,4,5,2002,18
2002-05-05,31.81,28.63,88.42,61.37,2002-05-05,5,5,2002,18
2002-05-06,31.75,28.57,87.77,61.38,2002-05-06,6,5,2002,19
2002-05-07,31.69,28.52,87.13,61.39,2002-05-07,7,5,2002,19
2002-05-08,31.64,28.47,86.48,61.4,2002-05-08,8,5,2002,19
2002-05-09,31.58,28.42,85.83,61.41,2002-05-09,9,5,2002,19
2002-05-10,31.52,28.37,85.18,61.42,2002-05-10,10,5,2002,19
2002-05-11,31.48,28.33,82.41,61.27,2002-05-11,11,5,2002,19
2002-05-12,31.43,28.29,79.65,61.12,2002-05-12,12,5,2002,19
2002-05-13,31.39,28.25,76.88,60.97,2002-05-13,13,5,2002,20
2002-05-14,31.35,28.21,74.11,60.82,2002-05-14,14,5,2002,20
2002-05-15,31.3,28.17,71.35,60.67,2002-05-15,15,5,2002,20
2002-05-16,31.26,28.13,68.58,60.52,2002-05-16,16,5,2002,20
2002-05-17,31.22,28.09,65.81,60.37,2002-05-17,17,5,2002,20
2002-05-18,31.18,28.07,62.1,60.14,2002-05-18,18,5,2002,20
2002-05-19,31.15,28.04,58.39,59.91,2002-05-19,19,5,2002,20
2002-05-20,31.12,28.01,54.67,59.67,2002-05-20,20,5,2002,21
2002-05-21,31.09,27.98,50.96,59.44,2002-05-21,21,5,2002,21
2002-05-22,31.06,27.95,47.25,59.21,2002-05-22,22,5,2002,21
2002-05-23,31.02,27.92,43.53,58.98,2002-05-23,23,5,2002,21
2002-05-24,30.99,27.89,39.82,58.74,2002-05-24,24,5,2002,21
2002-05-25,30.97,27.88,36.34,58.51,2002-05-25,25,5,2002,21
2002-05-26,30.95,27.86,32.85,58.27,2002-05-26,26,5,2002,21
2002-05-27,30.93,27.84,29.37,58.03,2002-05-27,27,5,2002,22
2002-05-28,30.91,27.82,25.89,57.8,2002-05-28,28,5,2002,22
2002-05-29,30.89,27.8,22.41,57.56,2002-05-29,29,5,2002,22
2002-05-30,30.87,27.78,18.93,57.33,2002-05-30,30,5,2002,22
2002-05-31,30.85,27.76,15.45,57.09,2002-05-31,31,5,2002,22
2002-06-01,30.84,27.75,13.76,56.92,2002-06-01,1,6,2002,22
2002-06-02,30.82,27.74,12.07,56.76,2002-06-02,2,6,2002,22
2002-06-03,30.81,27.73,10.38,56.6,2002-06-03,3,6,2002,23
2002-06-04,30.8,27.72,8.69,56.43,2002-06-04,4,6,2002,23
2002-06-05,30.79,27.71,7.0,56.27,2002-06-05,5,6,2002,23
2002-06-06,30.78,27.7,5.31,56.1,2002-06-06,6,6,2002,23
2002-06-07,30.77,27.69,3.63,55.94,2002-06-07,7,6,2002,23
2002-06-08,30.77,27.69,3.64,55.87,2002-06-08,8,6,2002,23
2002-06-09,30.77,27.69,3.65,55.79,2002-06-09,9,6,2002,23
2002-06-10,30.77,27.69,3.66,55.72,2002-06-10,10,6,2002,24
2002-06-11,30.76,27.69,3.67,55.65,2002-06-11,11,6,2002,24
2002-06-12,30.76,27.69,3.69,55.58,2002-06-12,12,6,2002,24
2002-06-13,30.76,27.68,3.7,55.51,2002-06-13,13,6,2002,24
2002-06-14,30.76,27.68,3.71,55.44,2002-06-14,14,6,2002,24
2002-06-15,30.77,27.69,4.42,55.41,2002-06-15,15,6,2002,24
2002-06-16,30.78,27.7,5.13,55.37,2002-06-16,16,6,2002,24
2002-06-17,30.79,27.71,5.84,55.34,2002-06-17,17,6,2002,25
2002-06-18,30.8,27.72,6.55,55.31,2002-06-18,18,6,2002,25
2002-06-19,30.81,27.73,7.25,55.28,2002-06-19,19,6,2002,25
2002-06-20,30.82,27.74,7.96,55.25,2002-06-20,20,6,2002,25
2002-06-21,30.83,27.75,8.67,55.22,2002-06-21,21,6,2002,25
2002-06-22,30.85,27.77,10.05,55.16,2002-06-22,22,6,2002,25
2002-06-23,30.88,27.79,11.42,55.11,2002-06-23,23,6,2002,25
2002-06-24,30.9,27.81,12.8,55.06,2002-06-24,24,6,2002,26
2002-06-25,30.92,27.83,14.18,55.01,2002-06-25,25,6,2002,26
2002-06-26,30.95,27.85,15.56,54.96,2002-06-26,26,6,2002,26
2002-06-27,30.97,27.87,16.93,54.91,2002-06-27,27,6,2002,26
2002-06-28,30.99,27.89,18.31,54.86,2002-06-28,28,6,2002,26
2002-06-29,31.03,27.93,19.88,54.73,2002-06-29,29,6,2002,26
2002-06-30,31.07,27.96,21.45,54.6,2002-06-30,30,6,2002,26
2002-07-01,31.11,28.0,23.01,54.47,2002-07-01,1,7,2002,27
2002-07-02,31.15,28.03,24.58,54.34,2002-07-02,2,7,2002,27
2002-07-03,31.18,28.07,26.15,54.21,2002-07-03,3,7,2002,27
2002-07-04,31.22,28.1,27.71,54.09,2002-07-04,4,7,2002,27
2002-07-05,31.26,28.13,29.28,53.96,2002-07-05,5,7,2002,27
2002-07-06,31.31,28.18,30.52,53.71,2002-07-06,6,7,2002,27
2002-07-07,31.37,28.23,31.76,53.47,2002-07-07,7,7,2002,27
2002-07-08,31.42,28.28,33.01,53.23,2002-07-08,8,7,2002,28
2002-07-09,31.47,28.32,34.25,52.99,2002-07-09,9,7,2002,28
2002-07-10,31.52,28.37,35.49,52.75,2002-07-10,10,7,2002,28
2002-07-11,31.58,28.42,36.73,52.5,2002-07-11,11,7,2002,28
2002-07-12,31.63,28.47,37.97,52.26,2002-07-12,12,7,2002,28
2002-07-13,31.69,28.52,38.86,51.96,2002-07-13,13,7,2002,28
2002-07-14,31.75,28.58,39.74,51.65,2002-07-14,14,7,2002,28
2002-07-15,31.81,28.63,40.62,51.34,2002-07-15,15,7,2002,29
2002-07-16,31.87,28.69,41.51,51.04,2002-07-16,16,7,2002,29
2002-07-17,31.93,28.74,42.39,50.73,2002-07-17,17,7,2002,29
2002-07-18,32.0,28.8,43.27,50.42,2002-07-18,18,7,2002,29
2002-07-19,32.06,28.85,44.16,50.12,2002-07-19,19,7,2002,29
2002-07-20,32.12,28.9,44.89,49.81,2002-07-20,20,7,2002,29
2002-07-21,32.18,28.96,45.62,49.51,2002-07-21,21,7,2002,29
2002-07-22,32.24,29.01,46.35,49.21,2002-07-22,22,7,2002,30
2002-07-23,32.3,29.07,47.08,48.91,2002-07-23,23,7,2002,30
2002-07-24,32.36,29.12,47.81,48.6,2002-07-24,24,7,2002,30
2002-07-25,32.42,29.18,48.54,48.3,2002-07-25,25,7,2002,30
2002-07-26,32.48,29.23,49.27,48.0,2002-07-26,26,7,2002,30
2002-07-27,32.53,29.28,50.05,47.77,2002-07-27,27,7,2002,30
2002-07-28,32.58,29.32,50.83,47.54,2002-07-28,28,7,2002,30
2002-07-29,32.63,29.37,51.61,47.31,2002-07-29,29,7,2002,31
2002-07-30,32.68,29.41,52.39,47.08,2002-07-30,30,7,2002,31
2002-07-31,32.73,29.46,53.17,46.85,2002-07-31,31,7,2002,31
2002-08-01,32.79,29.51,53.95,46.62,2002-08-01,1,8,2002,31
2002-08-02,32.84,29.55,54.74,46.39,2002-08-02,2,8,2002,31
2002-08-03,32.87,29.58,55.75,46.29,2002-08-03,3,8,2002,31
2002-08-04,32.91,29.62,56.76,46.19,2002-08-04,4,8,2002,31
2002-08-05,32.94,29.65,57.77,46.09,2002-08-05,5,8,2002,32
2002-08-06,32.98,29.68,58.78,45.99,2002-08-06,6,8,2002,32
2002-08-07,33.01,29.71,59.79,45.9,2002-08-07,7,8,2002,32
2002-08-08,33.05,29.74,60.8,45.8,2002-08-08,8,8,2002,32
2002-08-09,33.08,29.77,61.81,45.7,2002-08-09,9,8,2002,32
2002-08-10,33.11,29.8,62.92,45.71,2002-08-10,10,8,2002,32
2002-08-11,33.13,29.82,64.03,45.73,2002-08-11,11,8,2002,32
2002-08-12,33.16,29.84,65.15,45.74,2002-08-12,12,8,2002,33
2002-08-13,33.19,29.87,66.26,45.75,2002-08-13,13,8,2002,33
2002-08-14,33.21,29.89,67.37,45.76,2002-08-14,14,8,2002,33
2002-08-15,33.24,29.91,68.49,45.77,2002-08-15,15,8,2002,33
2002-08-16,33.26,29.94,69.6,45.79,2002-08-16,16,8,2002,33
2002-08-17,33.3,29.97,70.5,45.83,2002-08-17,17,8,2002,33
2002-08-18,33.33,30.0,71.39,45.88,2002-08-18,18,8,2002,33
2002-08-19,33.36,30.03,72.29,45.92,2002-08-19,19,8,2002,34
2002-08-20,33.39,30.05,73.19,45.97,2002-08-20,20,8,2002,34
2002-08-21,33.43,30.08,74.09,46.01,2002-08-21,21,8,2002,34
2002-08-22,33.46,30.11,74.98,46.06,2002-08-22,22,8,2002,34
2002-08-23,33.49,30.14,75.88,46.11,2002-08-23,23,8,2002,34
2002-08-24,33.55,30.19,76.24,46.11,2002-08-24,24,8,2002,34
2002-08-25,33.6,30.24,76.6,46.11,2002-08-25,25,8,2002,34
2002-08-26,33.66,30.29,76.96,46.12,2002-08-26,26,8,2002,35
2002-08-27,33.71,30.34,77.32,46.12,2002-08-27,27,8,2002,35
2002-08-28,33.76,30.39,77.68,46.12,2002-08-28,28,8,2002,35
2002-08-29,33.82,30.44,78.04,46.12,2002-08-29,29,8,2002,35
2002-08-30,33.87,30.49,78.4,46.13,2002-08-30,30,8,2002,35
2002-08-31,33.97,30.57,77.91,46.01,2002-08-31,31,8,2002,35
2002-09-01,34.06,30.65,77.42,45.9,2002-09-01,1,9,2002,35
2002-09-02,34.15,30.74,76.93,45.78,2002-09-02,2,9,2002,36
2002-09-03,34.24,30.82,76.44,45.67,2002-09-03,3,9,2002,36
2002-09-04,34.34,30.9,75.95,45.55,2002-09-04,4,9,2002,36
2002-09-05,34.43,30.99,75.46,45.43,2002-09-05,5,9,2002,36
2002-09-06,34.52,31.07,74.97,45.32,2002-09-06,6,9,2002,36
2002-09-07,34.65,31.19,73.71,45.07,2002-09-07,7,9,2002,36
2002-09-08,34.78,31.3,72.46,44.82,2002-09-08,8,9,2002,36
2002-09-09,34.91,31.42,71.21,44.58,2002-09-09,9,9,2002,37
2002-09-10,35.04,31.53,69.96,44.33,2002-09-10,10,9,2002,37
2002-09-11,35.16,31.65,68.71,44.08,2002-09-11,11,9,2002,37
2002-09-12,35.29,31.76,67.46,43.83,2002-09-12,12,9,2002,37
2002-09-13,35.42,31.88,66.21,43.58,2002-09-13,13,9,2002,37
2002-09-14,35.56,32.0,64.94,43.29,2002-09-14,14,9,2002,37
2002-09-15,35.69,32.12,63.67,43.0,2002-09-15,15,9,2002,37
2002-09-16,35.83,32.25,62.41,42.7,2002-09-16,16,9,2002,38
2002-09-17,35.96,32.37,61.14,42.41,2002-09-17,17,9,2002,38
2002-09-18,36.1,32.49,59.87,42.11,2002-09-18,18,9,2002,38
2002-09-19,36.23,32.61,58.61,41.82,2002-09-19,19,9,2002,38
2002-09-20,36.37,32.73,57.34,41.52,2002-09-20,20,9,2002,38
2002-09-21,36.48,32.83,56.86,41.28,2002-09-21,21,9,2002,38
2002-09-22,36.59,32.93,56.38,41.03,2002-09-22,22,9,2002,38
2002-09-23,36.7,33.03,55.9,40.78,2002-09-23,23,9,2002,39
2002-09-24,36.81,33.13,55.42,40.54,2002-09-24,24,9,2002,39
2002-09-25,36.92,33.23,54.94,40.29,2002-09-25,25,9,2002,39
2002-09-26,37.03,33.33,54.47,40.04,2002-09-26,26,9,2002,39
2002-09-27,37.14,33.43,53.99,39.8,2002-09-27,27,9,2002,39
2002-09-28,37.2,33.48,55.1,39.69,2002-09-28,28,9,2002,39
2002-09-29,37.25,33.52,56.21,39.59,2002-09-29,29,9,2002,39
2002-09-30,37.3,33.57,57.32,39.48,2002-09-30,30,9,2002,40
2002-10-01,37.35,33.62,58.44,39.38,2002-10-01,1,10,2002,40
2002-10-02,37.41,33.67,59.55,39.28,2002-10-02,2,10,2002,40
2002-10-03,37.46,33.72,60.66,39.17,2002-10-03,3,10,2002,40
2002-10-04,37.51,33.76,61.77,39.07,2002-10-04,4,10,2002,40
2002-10-05,37.49,33.74,64.98,39.18,2002-10-05,5,10,2002,40
2002-10-06,37.46,33.72,68.18,39.28,2002-10-06,6,10,2002,40
2002-10-07,37.44,33.69,71.38,39.39,2002-10-07,7,10,2002,41
2002-10-08,37.41,33.67,74.58,39.5,2002-10-08,8,10,2002,41
2002-10-09,37.39,33.65,77.78,39.61,2002-10-09,9,10,2002,41
2002-10-10,37.36,33.62,80.98,39.72,2002-10-10,10,10,2002,41
2002-10-11,37.33,33.6,84.19,39.83,2002-10-11,11,10,2002,41
2002-10-12,37.25,33.53,88.61,40.11,2002-10-12,12,10,2002,41
2002-10-13,37.17,33.45,93.04,40.39,2002-10-13,13,10,2002,41
2002-10-14,37.08,33.38,97.46,40.67,2002-10-14,14,10,2002,42
2002-10-15,37.0,33.3,101.89,40.96,2002-10-15,15,10,2002,42
2002-10-16,36.92,33.23,106.31,41.24,2002-10-16,16,10,2002,42
2002-10-17,36.84,33.15,110.73,41.52,2002-10-17,17,10,2002,42
2002-10-18,36.75,33.08,115.16,41.8,2002-10-18,18,10,2002,42
2002-10-19,36.65,32.98,119.56,42.19,2002-10-19,19,10,2002,42
2002-10-20,36.54,32.89,123.96,42.57,2002-10-20,20,10,2002,42
2002-10-21,36.43,32.79,128.36,42.96,2002-10-21,21,10,2002,43
2002-10-22,36.33,32.69,132.76,43.35,2002-10-22,22,10,2002,43
2002-10-23,36.22,32.6,137.16,43.73,2002-10-23,23,10,2002,43
2002-10-24,36.11,32.5,141.56,44.12,2002-10-24,24,10,2002,43
2002-10-25,36.01,32.41,145.96,44.51,2002-10-25,25,10,2002,43
2002-10-26,35.91,32.32,149.1,44.93,2002-10-26,26,10,2002,43
2002-10-27,35.82,32.24,152.23,45.35,2002-10-27,27,10,2002,43
2002-10-28,35.72,32.15,155.36,45.77,2002-10-28,28,10,2002,44
2002-10-29,35.63,32.06,158.49,46.19,2002-10-29,29,10,2002,44
2002-10-30,35.53,31.98,161.62,46.61,2002-10-30,30,10,2002,44
2002-10-31,35.44,31.89,164.75,47.03,2002-10-31,31,10,2002,44
2002-11-01,35.34,31.81,167.88,47.45,2002-11-01,1,11,2002,44
2002-11-02,35.29,31.76,168.6,47.84,2002-11-02,2,11,2002,44
2002-11-03,35.23,31.71,169.33,48.23,2002-11-03,3,11,2002,44
2002-11-04,35.18,31.66,170.06,48.62,2002-11-04,4,11,2002,45
2002-11-05,35.13,31.62,170.78,49.01,2002-11-05,5,11,2002,45
2002-11-06,35.08,31.57,171.51,49.4,2002-11-06,6,11,2002,45
2002-11-07,35.02,31.52,172.24,49.79,2002-11-07,7,11,2002,45
2002-11-08,34.97,31.47,172.96,50.18,2002-11-08,8,11,2002,45
2002-11-09,34.96,31.47,171.8,50.51,2002-11-09,9,11,2002,45
2002-11-10,34.95,31.46,170.63,50.84,2002-11-10,10,11,2002,45
2002-11-11,34.95,31.45,169.46,51.17,2002-11-11,11,11,2002,46
2002-11-12,34.94,31.44,168.3,51.5,2002-11-12,12,11,2002,46
2002-11-13,34.93,31.44,167.13,51.83,2002-11-13,13,11,2002,46
2002-11-14,34.92,31.43,165.97,52.17,2002-11-14,14,11,2002,46
2002-11-15,34.91,31.42,164.8,52.5,2002-11-15,15,11,2002,46
2002-11-16,34.93,31.44,163.5,52.78,2002-11-16,16,11,2002,46
2002-11-17,34.95,31.45,162.19,53.06,2002-11-17,17,11,2002,46
2002-11-18,34.96,31.47,160.89,53.34,2002-11-18,18,11,2002,47
2002-11-19,34.98,31.48,159.58,53.62,2002-11-19,19,11,2002,47
2002-11-20,35.0,31.5,158.28,53.9,2002-11-20,20,11,2002,47
2002-11-21,35.01,31.51,156.97,54.18,2002-11-21,21,11,2002,47
2002-11-22,35.03,31.53,155.67,54.46,2002-11-22,22,11,2002,47
2002-11-23,35.05,31.54,156.01,54.69,2002-11-23,23,11,2002,47
2002-11-24,35.07,31.56,156.35,54.93,2002-11-24,24,11,2002,47
2002-11-25,35.09,31.58,156.69,55.16,2002-11-25,25,11,2002,48
2002-11-26,35.11,31.59,157.03,55.4,2002-11-26,26,11,2002,48
2002-11-27,35.12,31.61,157.38,55.63,2002-11-27,27,11,2002,48
2002-11-28,35.14,31.63,157.72,55.87,2002-11-28,28,11,2002,48
2002-11-29,35.16,31.65,158.06,56.1,2002-11-29,29,11,2002,48
2002-11-30,35.16,31.65,161.82,56.3,2002-11-30,30,11,2002,48
2002-12-01,35.17,31.65,165.58,56.49,2002-12-01,1,12,2002,48
2002-12-02,35.17,31.65,169.34,56.69,2002-12-02,2,12,2002,49
2002-12-03,35.17,31.65,173.1,56.88,2002-12-03,3,12,2002,49
2002-12-04,35.17,31.65,176.86,57.08,2002-12-04,4,12,2002,49
2002-12-05,35.17,31.65,180.62,57.28,2002-12-05,5,12,2002,49
2002-12-06,35.17,31.66,184.38,57.47,2002-12-06,6,12,2002,49
2002-12-07,35.15,31.63,191.9,57.63,2002-12-07,7,12,2002,49
2002-12-08,35.12,31.61,199.42,57.79,2002-12-08,8,12,2002,49
2002-12-09,35.1,31.59,206.94,57.95,2002-12-09,9,12,2002,50
2002-12-10,35.07,31.56,214.46,58.11,2002-12-10,10,12,2002,50
2002-12-11,35.04,31.54,221.98,58.27,2002-12-11,11,12,2002,50
2002-12-12,35.02,31.52,229.51,58.43,2002-12-12,12,12,2002,50
2002-12-13,34.99,31.49,237.03,58.59,2002-12-13,13,12,2002,50
2002-12-14,34.95,31.46,245.88,58.71,2002-12-14,14,12,2002,50
2002-12-15,34.91,31.42,254.74,58.83,2002-12-15,15,12,2002,50
2002-12-16,34.87,31.39,263.59,58.95,2002-12-16,16,12,2002,51
2002-12-17,34.83,31.35,272.45,59.07,2002-12-17,17,12,2002,51
2002-12-18,34.79,31.31,281.31,59.19,2002-12-18,18,12,2002,51
2002-12-19,34.75,31.28,290.16,59.31,2002-12-19,19,12,2002,51
2002-12-20,34.71,31.24,299.02,59.43,2002-12-20,20,12,2002,51
2002-12-21,34.68,31.21,306.47,59.5,2002-12-21,21,12,2002,51
2002-12-22,34.64,31.18,313.91,59.58,2002-12-22,22,12,2002,51
2002-12-23,34.6,31.14,321.36,59.65,2002-12-23,23,12,2002,52
2002-12-24,34.56,31.11,328.81,59.73,2002-12-24,24,12,2002,52
2002-12-25,34.53,31.07,336.25,59.8,2002-12-25,25,12,2002,52
2002-12-26,34.49,31.04,343.7,59.88,2002-12-26,26,12,2002,52
2002-12-27,34.45,31.01,351.15,59.95,2002-12-27,27,12,2002,52
2002-12-28,34.43,30.99,354.44,59.97,2002-12-28,28,12,2002,52
2002-12-29,34.41,30.97,357.73,60.0,2002-12-29,29,12,2002,52
2002-12-30,34.39,30.95,361.03,60.02,2002-12-30,30,12,2002,1
2002-12-31,34.37,30.94,364.32,60.05,2002-12-31,31,12,2002,1
2003-01-01,34.35,30.92,367.61,60.07,2003-01-01,1,1,2003,1
2003-01-02,34.33,30.9,370.91,60.09,2003-01-02,2,1,2003,1
2003-01-03,34.31,30.88,374.2,60.12,2003-01-03,3,1,2003,1
2003-01-04,34.32,30.89,371.25,60.09,2003-01-04,4,1,2003,1
2003-01-05,34.34,30.9,368.3,60.06,2003-01-05,5,1,2003,1
2003-01-06,34.35,30.91,365.35,60.03,2003-01-06,6,1,2003,2
2003-01-07,34.36,30.92,362.4,60.01,2003-01-07,7,1,2003,2
2003-01-08,34.37,30.93,359.45,59.98,2003-01-08,8,1,2003,2
2003-01-09,34.38,30.94,356.5,59.95,2003-01-09,9,1,2003,2
2003-01-10,34.39,30.95,353.55,59.92,2003-01-10,10,1,2003,2
2003-01-11,34.43,30.98,345.87,59.86,2003-01-11,11,1,2003,2
2003-01-12,34.46,31.01,338.18,59.8,2003-01-12,12,1,2003,2
2003-01-13,34.5,31.05,330.5,59.74,2003-01-13,13,1,2003,3
2003-01-14,34.53,31.08,322.81,59.68,2003-01-14,14,1,2003,3
2003-01-15,34.57,31.11,315.13,59.62,2003-01-15,15,1,2003,3
2003-01-16,34.6,31.14,307.44,59.56,2003-01-16,16,1,2003,3
2003-01-17,34.64,31.17,299.76,59.5,2003-01-17,17,1,2003,3
2003-01-18,34.68,31.21,290.08,59.43,2003-01-18,18,1,2003,3
2003-01-19,34.73,31.26,280.4,59.36,2003-01-19,19,1,2003,3
2003-01-20,34.77,31.3,270.72,59.29,2003-01-20,20,1,2003,4
2003-01-21,34.82,31.34,261.03,59.23,2003-01-21,21,1,2003,4
2003-01-22,34.87,31.38,251.35,59.16,2003-01-22,22,1,2003,4
2003-01-23,34.91,31.42,241.67,59.09,2003-01-23,23,1,2003,4
2003-01-24,34.96,31.46,231.99,59.02,2003-01-24,24,1,2003,4
2003-01-25,35.0,31.5,223.05,58.98,2003-01-25,25,1,2003,4
2003-01-26,35.05,31.54,214.11,58.93,2003-01-26,26,1,2003,4
2003-01-27,35.09,31.58,205.17,58.88,2003-01-27,27,1,2003,5
2003-01-28,35.14,31.62,196.24,58.83,2003-01-28,28,1,2003,5
2003-01-29,35.18,31.66,187.3,58.78,2003-01-29,29,1,2003,5
2003-01-30,35.23,31.7,178.36,58.74,2003-01-30,30,1,2003,5
2003-01-31,35.27,31.74,169.42,58.69,2003-01-31,31,1,2003,5
2003-02-01,35.3,31.77,163.85,58.68,2003-02-01,1,2,2003,5
2003-02-02,35.33,31.8,158.29,58.68,2003-02-02,2,2,2003,5
2003-02-03,35.36,31.82,152.72,58.68,2003-02-03,3,2,2003,6
2003-02-04,35.39,31.85,147.15,58.67,2003-02-04,4,2,2003,6
2003-02-05,35.42,31.88,141.59,58.67,2003-02-05,5,2,2003,6
2003-02-06,35.45,31.9,136.02,58.67,2003-02-06,6,2,2003,6
2003-02-07,35.48,31.93,130.45,58.66,2003-02-07,7,2,2003,6
2003-02-08,35.49,31.94,128.75,58.7,2003-02-08,8,2,2003,6
2003-02-09,35.5,31.95,127.06,58.74,2003-02-09,9,2,2003,6
2003-02-10,35.51,31.95,125.36,58.78,2003-02-10,10,2,2003,7
2003-02-11,35.51,31.96,123.66,58.82,2003-02-11,11,2,2003,7
2003-02-12,35.52,31.97,121.96,58.86,2003-02-12,12,2,2003,7
2003-02-13,35.53,31.98,120.26,58.9,2003-02-13,13,2,2003,7
2003-02-14,35.54,31.99,118.56,58.94,2003-02-14,14,2,2003,7
2003-02-15,35.53,31.97,119.3,58.99,2003-02-15,15,2,2003,7
2003-02-16,35.51,31.96,120.04,59.05,2003-02-16,16,2,2003,7
2003-02-17,35.5,31.95,120.78,59.11,2003-02-17,17,2,2003,8
2003-02-18,35.49,31.94,121.51,59.16,2003-02-18,18,2,2003,8
2003-02-19,35.47,31.93,122.25,59.22,2003-02-19,19,2,2003,8
2003-02-20,35.46,31.91,122.99,59.28,2003-02-20,20,2,2003,8
2003-02-21,35.45,31.9,123.72,59.33,2003-02-21,21,2,2003,8
2003-02-22,35.41,31.87,125.39,59.38,2003-02-22,22,2,2003,8
2003-02-23,35.37,31.84,127.06,59.43,2003-02-23,23,2,2003,8
2003-02-24,35.34,31.8,128.73,59.48,2003-02-24,24,2,2003,9
2003-02-25,35.3,31.77,130.4,59.53,2003-02-25,25,2,2003,9
2003-02-26,35.26,31.74,132.07,59.58,2003-02-26,26,2,2003,9
2003-02-27,35.23,31.7,133.74,59.63,2003-02-27,27,2,2003,9
2003-02-28,35.19,31.67,135.41,59.68,2003-02-28,28,2,2003,9
2003-03-01,35.13,31.62,136.51,59.7,2003-03-01,1,3,2003,9
2003-03-02,35.07,31.56,137.61,59.71,2003-03-02,2,3,2003,9
2003-03-03,35.01,31.51,138.71,59.73,2003-03-03,3,3,2003,10
2003-03-04,34.95,31.45,139.81,59.75,2003-03-04,4,3,2003,10
2003-03-05,34.88,31.4,140.91,59.76,2003-03-05,5,3,2003,10
2003-03-06,34.82,31.34,142.01,59.78,2003-03-06,6,3,2003,10
2003-03-07,34.76,31.29,143.11,59.79,2003-03-07,7,3,2003,10
2003-03-08,34.68,31.21,142.69,59.76,2003-03-08,8,3,2003,10
2003-03-09,34.6,31.14,142.27,59.74,2003-03-09,9,3,2003,10
2003-03-10,34.52,31.06,141.85,59.71,2003-03-10,10,3,2003,11
2003-03-11,34.43,30.99,141.43,59.68,2003-03-11,11,3,2003,11
2003-03-12,34.35,30.92,141.01,59.65,2003-03-12,12,3,2003,11
2003-03-13,34.27,30.84,140.59,59.62,2003-03-13,13,3,2003,11
2003-03-14,34.19,30.77,140.17,59.59,2003-03-14,14,3,2003,11
2003-03-15,34.09,30.69,138.55,59.53,2003-03-15,15,3,2003,11
2003-03-16,34.0,30.6,136.94,59.47,2003-03-16,16,3,2003,11
2003-03-17,33.91,30.52,135.33,59.42,2003-03-17,17,3,2003,12
2003-03-18,33.82,30.44,133.72,59.36,2003-03-18,18,3,2003,12
2003-03-19,33.73,30.35,132.11,59.31,2003-03-19,19,3,2003,12
2003-03-20,33.63,30.27,130.5,59.25,2003-03-20,20,3,2003,12
2003-03-21,33.54,30.19,128.89,59.19,2003-03-21,21,3,2003,12
2003-03-22,33.45,30.11,126.61,59.13,2003-03-22,22,3,2003,12
2003-03-23,33.36,30.02,124.32,59.07,2003-03-23,23,3,2003,12
2003-03-24,33.27,29.94,122.04,59.01,2003-03-24,24,3,2003,13
2003-03-25,33.18,29.86,119.76,58.95,2003-03-25,25,3,2003,13
2003-03-26,33.09,29.78,117.48,58.89,2003-03-26,26,3,2003,13
2003-03-27,33.0,29.7,115.19,58.83,2003-03-27,27,3,2003,13
2003-03-28,32.91,29.62,112.91,58.77,2003-03-28,28,3,2003,13
2003-03-29,32.84,29.55,110.47,58.73,2003-03-29,29,3,2003,13
2003-03-30,32.76,29.48,108.03,58.69,2003-03-30,30,3,2003,13
2003-03-31,32.69,29.42,105.59,58.65,2003-03-31,31,3,2003,14
2003-04-01,32.61,29.35,103.16,58.61,2003-04-01,1,4,2003,14
2003-04-02,32.54,29.28,100.72,58.57,2003-04-02,2,4,2003,14
2003-04-03,32.46,29.21,98.28,58.53,2003-04-03,3,4,2003,14
2003-04-04,32.39,29.15,95.84,58.49,2003-04-04,4,4,2003,14
2003-04-05,32.34,29.1,93.71,58.48,2003-04-05,5,4,2003,14
2003-04-06,32.29,29.06,91.57,58.48,2003-04-06,6,4,2003,14
2003-04-07,32.24,29.01,89.44,58.48,2003-04-07,7,4,2003,15
2003-04-08,32.19,28.97,87.31,58.48,2003-04-08,8,4,2003,15
2003-04-09,32.14,28.92,85.18,58.48,2003-04-09,9,4,2003,15
2003-04-10,32.09,28.88,83.04,58.47,2003-04-10,10,4,2003,15
2003-04-11,32.04,28.83,80.91,58.47,2003-04-11,11,4,2003,15
2003-04-12,32.01,28.81,79.16,58.5,2003-04-12,12,4,2003,15
2003-04-13,31.98,28.78,77.41,58.53,2003-04-13,13,4,2003,15
2003-04-14,31.95,28.75,75.66,58.56,2003-04-14,14,4,2003,16
2003-04-15,31.92,28.72,73.91,58.59,2003-04-15,15,4,2003,16
2003-04-16,31.89,28.7,72.16,58.62,2003-04-16,16,4,2003,16
2003-04-17,31.86,28.67,70.41,58.65,2003-04-17,17,4,2003,16
2003-04-18,31.83,28.64,68.66,58.68,2003-04-18,18,4,2003,16
2003-04-19,31.8,28.62,67.21,58.73,2003-04-19,19,4,2003,16
2003-04-20,31.78,28.6,65.77,58.78,2003-04-20,20,4,2003,16
2003-04-21,31.76,28.58,64.32,58.82,2003-04-21,21,4,2003,17
2003-04-22,31.74,28.56,62.87,58.87,2003-04-22,22,4,2003,17
2003-04-23,31.71,28.54,61.42,58.91,2003-04-23,23,4,2003,17
2003-04-24,31.69,28.52,59.97,58.96,2003-04-24,24,4,2003,17
2003-04-25,31.67,28.5,58.52,59.0,2003-04-25,25,4,2003,17
2003-04-26,31.64,28.48,57.3,59.05,2003-04-26,26,4,2003,17
2003-04-27,31.61,28.45,56.07,59.09,2003-04-27,27,4,2003,17
2003-04-28,31.59,28.43,54.84,59.14,2003-04-28,28,4,2003,18
2003-04-29,31.56,28.4,53.61,59.18,2003-04-29,29,4,2003,18
2003-04-30,31.53,28.38,52.38,59.22,2003-04-30,30,4,2003,18
2003-05-01,31.51,28.36,51.15,59.27,2003-05-01,1,5,2003,18
2003-05-02,31.48,28.33,49.92,59.31,2003-05-02,2,5,2003,18
2003-05-03,31.44,28.29,48.83,59.34,2003-05-03,3,5,2003,18
2003-05-04,31.39,28.25,47.74,59.36,2003-05-04,4,5,2003,18
2003-05-05,31.35,28.22,46.65,59.39,2003-05-05,5,5,2003,19
2003-05-06,31.31,28.18,45.56,59.41,2003-05-06,6,5,2003,19
2003-05-07,31.26,28.14,44.47,59.44,2003-05-07,7,5,2003,19
2003-05-08,31.22,28.1,43.38,59.46,2003-05-08,8,5,2003,19
2003-05-09,31.18,28.06,42.29,59.49,2003-05-09,9,5,2003,19
2003-05-10,31.12,28.01,41.31,59.48,2003-05-10,10,5,2003,19
2003-05-11,31.06,27.95,40.34,59.47,2003-05-11,11,5,2003,19
2003-05-12,31.0,27.9,39.36,59.47,2003-05-12,12,5,2003,20
2003-05-13,30.94,27.85,38.38,59.46,2003-05-13,13,5,2003,20
2003-05-14,30.88,27.79,37.4,59.46,2003-05-14,14,5,2003,20
2003-05-15,30.82,27.74,36.42,59.45,2003-05-15,15,5,2003,20
2003-05-16,30.76,27.69,35.44,59.44,2003-05-16,16,5,2003,20
2003-05-17,30.7,27.63,34.61,59.4,2003-05-17,17,5,2003,20
2003-05-18,30.64,27.57,33.77,59.35,2003-05-18,18,5,2003,20
2003-05-19,30.57,27.51,32.93,59.31,2003-05-19,19,5,2003,21
2003-05-20,30.51,27.46,32.1,59.26,2003-05-20,20,5,2003,21
2003-05-21,30.44,27.4,31.26,59.22,2003-05-21,21,5,2003,21
2003-05-22,30.38,27.34,30.42,59.17,2003-05-22,22,5,2003,21
2003-05-23,30.32,27.29,29.59,59.13,2003-05-23,23,5,2003,21
2003-05-24,30.26,27.24,28.92,59.04,2003-05-24,24,5,2003,21
2003-05-25,30.21,27.19,28.26,58.95,2003-05-25,25,5,2003,21
2003-05-26,30.15,27.14,27.6,58.86,2003-05-26,26,5,2003,22
2003-05-27,30.1,27.09,26.94,58.76,2003-05-27,27,5,2003,22
2003-05-28,30.04,27.04,26.28,58.67,2003-05-28,28,5,2003,22
2003-05-29,29.99,26.99,25.61,58.58,2003-05-29,29,5,2003,22
2003-05-30,29.93,26.94,24.95,58.49,2003-05-30,30,5,2003,22
2003-05-31,29.9,26.91,24.5,58.35,2003-05-31,31,5,2003,22
2003-06-01,29.86,26.88,24.05,58.2,2003-06-01,1,6,2003,22
2003-06-02,29.83,26.85,23.6,58.06,2003-06-02,2,6,2003,23
2003-06-03,29.8,26.82,23.15,57.92,2003-06-03,3,6,2003,23
2003-06-04,29.76,26.79,22.7,57.77,2003-06-04,4,6,2003,23
2003-06-05,29.73,26.76,22.25,57.63,2003-06-05,5,6,2003,23
2003-06-06,29.69,26.73,21.8,57.49,2003-06-06,6,6,2003,23
2003-06-07,29.69,26.72,21.62,57.28,2003-06-07,7,6,2003,23
2003-06-08,29.69,26.72,21.44,57.08,2003-06-08,8,6,2003,23
2003-06-09,29.68,26.71,21.26,56.88,2003-06-09,9,6,2003,24
2003-06-10,29.68,26.71,21.08,56.68,2003-06-10,10,6,2003,24
2003-06-11,29.67,26.71,20.89,56.48,2003-06-11,11,6,2003,24
2003-06-12,29.67,26.7,20.71,56.28,2003-06-12,12,6,2003,24
2003-06-13,29.66,26.7,20.53,56.07,2003-06-13,13,6,2003,24
2003-06-14,29.68,26.72,20.48,55.81,2003-06-14,14,6,2003,24
2003-06-15,29.7,26.73,20.44,55.56,2003-06-15,15,6,2003,24
2003-06-16,29.72,26.75,20.39,55.3,2003-06-16,16,6,2003,25
2003-06-17,29.74,26.77,20.35,55.04,2003-06-17,17,6,2003,25
2003-06-18,29.76,26.79,20.3,54.78,2003-06-18,18,6,2003,25
2003-06-19,29.78,26.81,20.26,54.52,2003-06-19,19,6,2003,25
2003-06-20,29.81,26.82,20.21,54.26,2003-06-20,20,6,2003,25
2003-06-21,29.84,26.86,20.28,53.95,2003-06-21,21,6,2003,25
2003-06-22,29.88,26.89,20.36,53.64,2003-06-22,22,6,2003,25
2003-06-23,29.92,26.93,20.43,53.33,2003-06-23,23,6,2003,26
2003-06-24,29.96,26.96,20.5,53.01,2003-06-24,24,6,2003,26
2003-06-25,29.99,26.99,20.57,52.7,2003-06-25,25,6,2003,26
2003-06-26,30.03,27.03,20.64,52.39,2003-06-26,26,6,2003,26
2003-06-27,30.07,27.06,20.71,52.07,2003-06-27,27,6,2003,26
2003-06-28,30.12,27.11,20.88,51.71,2003-06-28,28,6,2003,26
2003-06-29,30.17,27.15,21.04,51.34,2003-06-29,29,6,2003,26
2003-06-30,30.21,27.19,21.21,50.98,2003-06-30,30,6,2003,27
2003-07-01,30.26,27.24,21.37,50.61,2003-07-01,1,7,2003,27
2003-07-02,30.31,27.28,21.54,50.25,2003-07-02,2,7,2003,27
2003-07-03,30.36,27.32,21.71,49.88,2003-07-03,3,7,2003,27
2003-07-04,30.41,27.37,21.87,49.52,2003-07-04,4,7,2003,27
2003-07-05,30.46,27.41,22.11,49.11,2003-07-05,5,7,2003,27
2003-07-06,30.51,27.46,22.35,48.7,2003-07-06,6,7,2003,27
2003-07-07,30.57,27.51,22.58,48.28,2003-07-07,7,7,2003,28
2003-07-08,30.62,27.56,22.82,47.87,2003-07-08,8,7,2003,28
2003-07-09,30.67,27.6,23.06,47.46,2003-07-09,9,7,2003,28
2003-07-10,30.72,27.65,23.29,47.05,2003-07-10,10,7,2003,28
2003-07-11,30.78,27.7,23.53,46.64,2003-07-11,11,7,2003,28
2003-07-12,30.84,27.75,23.76,46.21,2003-07-12,12,7,2003,28
2003-07-13,30.9,27.81,23.99,45.79,2003-07-13,13,7,2003,28
2003-07-14,30.96,27.86,24.22,45.37,2003-07-14,14,7,2003,29
2003-07-15,31.02,27.91,24.45,44.94,2003-07-15,15,7,2003,29
2003-07-16,31.08,27.97,24.68,44.52,2003-07-16,16,7,2003,29
2003-07-17,31.14,28.02,24.91,44.09,2003-07-17,17,7,2003,29
2003-07-18,31.2,28.08,25.14,43.67,2003-07-18,18,7,2003,29
2003-07-19,31.27,28.14,25.3,43.28,2003-07-19,19,7,2003,29
2003-07-20,31.35,28.21,25.45,42.89,2003-07-20,20,7,2003,29
2003-07-21,31.42,28.28,25.61,42.5,2003-07-21,21,7,2003,30
2003-07-22,31.49,28.35,25.76,42.11,2003-07-22,22,7,2003,30
2003-07-23,31.57,28.41,25.92,41.72,2003-07-23,23,7,2003,30
2003-07-24,31.64,28.48,26.08,41.33,2003-07-24,24,7,2003,30
2003-07-25,31.72,28.55,26.23,40.94,2003-07-25,25,7,2003,30
2003-07-26,31.81,28.63,26.25,40.64,2003-07-26,26,7,2003,30
2003-07-27,31.91,28.72,26.27,40.33,2003-07-27,27,7,2003,30
2003-07-28,32.01,28.81,26.29,40.02,2003-07-28,28,7,2003,31
2003-07-29,32.1,28.89,26.31,39.71,2003-07-29,29,7,2003,31
2003-07-30,32.2,28.98,26.33,39.41,2003-07-30,30,7,2003,31
2003-07-31,32.3,29.07,26.35,39.1,2003-07-31,31,7,2003,31
2003-08-01,32.39,29.15,26.37,38.79,2003-08-01,1,8,2003,31
2003-08-02,32.52,29.27,26.19,38.62,2003-08-02,2,8,2003,31
2003-08-03,32.64,29.38,26.01,38.44,2003-08-03,3,8,2003,31
2003-08-04,32.77,29.49,25.83,38.26,2003-08-04,4,8,2003,32
2003-08-05,32.89,29.6,25.65,38.08,2003-08-05,5,8,2003,32
2003-08-06,33.02,29.72,25.47,37.91,2003-08-06,6,8,2003,32
2003-08-07,33.14,29.83,25.29,37.73,2003-08-07,7,8,2003,32
2003-08-08,33.27,29.94,25.12,37.55,2003-08-08,8,8,2003,32
2003-08-09,33.42,30.08,24.82,37.51,2003-08-09,9,8,2003,32
2003-08-10,33.57,30.21,24.52,37.47,2003-08-10,10,8,2003,32
2003-08-11,33.71,30.34,24.22,37.43,2003-08-11,11,8,2003,33
2003-08-12,33.86,30.48,23.92,37.39,2003-08-12,12,8,2003,33
2003-08-13,34.01,30.61,23.62,37.35,2003-08-13,13,8,2003,33
2003-08-14,34.16,30.74,23.32,37.31,2003-08-14,14,8,2003,33
2003-08-15,34.31,30.87,23.02,37.27,2003-08-15,15,8,2003,33
2003-08-16,34.45,31.01,22.85,37.33,2003-08-16,16,8,2003,33
2003-08-17,34.6,31.14,22.69,37.38,2003-08-17,17,8,2003,33
2003-08-18,34.75,31.27,22.53,37.43,2003-08-18,18,8,2003,34
2003-08-19,34.9,31.41,22.37,37.49,2003-08-19,19,8,2003,34
2003-08-20,35.05,31.54,22.21,37.54,2003-08-20,20,8,2003,34
2003-08-21,35.19,31.67,22.04,37.59,2003-08-21,21,8,2003,34
2003-08-22,35.34,31.81,21.88,37.65,2003-08-22,22,8,2003,34
2003-08-23,35.47,31.92,22.11,37.75,2003-08-23,23,8,2003,34
2003-08-24,35.59,32.03,22.34,37.85,2003-08-24,24,8,2003,34
2003-08-25,35.71,32.14,22.56,37.95,2003-08-25,25,8,2003,35
2003-08-26,35.84,32.25,22.79,38.05,2003-08-26,26,8,2003,35
2003-08-27,35.96,32.37,23.02,38.15,2003-08-27,27,8,2003,35
2003-08-28,36.09,32.48,23.25,38.25,2003-08-28,28,8,2003,35
2003-08-29,36.21,32.59,23.47,38.35,2003-08-29,29,8,2003,35
2003-08-30,36.29,32.66,24.36,38.45,2003-08-30,30,8,2003,35
2003-08-31,36.36,32.73,25.26,38.55,2003-08-31,31,8,2003,35
2003-09-01,36.44,32.8,26.15,38.65,2003-09-01,1,9,2003,36
2003-09-02,36.52,32.87,27.04,38.75,2003-09-02,2,9,2003,36
2003-09-03,36.59,32.93,27.93,38.86,2003-09-03,3,9,2003,36
2003-09-04,36.67,33.0,28.83,38.96,2003-09-04,4,9,2003,36
2003-09-05,36.75,33.07,29.72,39.06,2003-09-05,5,9,2003,36
2003-09-06,36.76,33.08,31.43,39.12,2003-09-06,6,9,2003,36
2003-09-07,36.77,33.1,33.13,39.19,2003-09-07,7,9,2003,36
2003-09-08,36.79,33.11,34.84,39.26,2003-09-08,8,9,2003,37
2003-09-09,36.8,33.12,36.54,39.32,2003-09-09,9,9,2003,37
2003-09-10,36.82,33.13,38.25,39.39,2003-09-10,10,9,2003,37
2003-09-11,36.83,33.15,39.96,39.45,2003-09-11,11,9,2003,37
2003-09-12,36.84,33.16,41.66,39.52,2003-09-12,12,9,2003,37
2003-09-13,36.81,33.13,43.92,39.56,2003-09-13,13,9,2003,37
2003-09-14,36.78,33.1,46.18,39.6,2003-09-14,14,9,2003,37
2003-09-15,36.75,33.07,48.43,39.63,2003-09-15,15,9,2003,38
2003-09-16,36.72,33.05,50.69,39.67,2003-09-16,16,9,2003,38
2003-09-17,36.69,33.02,52.95,39.71,2003-09-17,17,9,2003,38
2003-09-18,36.65,32.99,55.2,39.74,2003-09-18,18,9,2003,38
2003-09-19,36.62,32.96,57.46,39.78,2003-09-19,19,9,2003,38
2003-09-20,36.57,32.91,59.91,39.8,2003-09-20,20,9,2003,38
2003-09-21,36.52,32.87,62.37,39.83,2003-09-21,21,9,2003,38
2003-09-22,36.46,32.82,64.83,39.85,2003-09-22,22,9,2003,39
2003-09-23,36.41,32.77,67.28,39.87,2003-09-23,23,9,2003,39
2003-09-24,36.36,32.72,69.74,39.89,2003-09-24,24,9,2003,39
2003-09-25,36.31,32.67,72.19,39.92,2003-09-25,25,9,2003,39
2003-09-26,36.25,32.63,74.65,39.94,2003-09-26,26,9,2003,39
2003-09-27,36.2,32.58,76.95,39.96,2003-09-27,27,9,2003,39
2003-09-28,36.15,32.54,79.25,39.99,2003-09-28,28,9,2003,39
2003-09-29,36.1,32.49,81.56,40.01,2003-09-29,29,9,2003,40
2003-09-30,36.05,32.45,83.86,40.03,2003-09-30,30,9,2003,40
2003-10-01,36.0,32.4,86.16,40.06,2003-10-01,1,10,2003,40
2003-10-02,35.95,32.36,88.46,40.08,2003-10-02,2,10,2003,40
2003-10-03,35.9,32.31,90.77,40.1,2003-10-03,3,10,2003,40
2003-10-04,35.88,32.29,92.59,40.14,2003-10-04,4,10,2003,40
2003-10-05,35.85,32.27,94.42,40.18,2003-10-05,5,10,2003,40
2003-10-06,35.83,32.24,96.25,40.22,2003-10-06,6,10,2003,41
2003-10-07,35.8,32.22,98.08,40.26,2003-10-07,7,10,2003,41
2003-10-08,35.78,32.2,99.9,40.3,2003-10-08,8,10,2003,41
2003-10-09,35.75,32.18,101.73,40.34,2003-10-09,9,10,2003,41
2003-10-10,35.73,32.15,103.56,40.38,2003-10-10,10,10,2003,41
2003-10-11,35.73,32.15,104.9,40.46,2003-10-11,11,10,2003,41
2003-10-12,35.73,32.15,106.24,40.54,2003-10-12,12,10,2003,41
2003-10-13,35.73,32.16,107.58,40.63,2003-10-13,13,10,2003,42
2003-10-14,35.73,32.16,108.92,40.71,2003-10-14,14,10,2003,42
2003-10-15,35.73,32.16,110.26,40.79,2003-10-15,15,10,2003,42
2003-10-16,35.73,32.16,111.6,40.88,2003-10-16,16,10,2003,42
2003-10-17,35.73,32.16,112.94,40.96,2003-10-17,17,10,2003,42
2003-10-18,35.75,32.17,113.96,41.13,2003-10-18,18,10,2003,42
2003-10-19,35.76,32.19,114.99,41.29,2003-10-19,19,10,2003,42
2003-10-20,35.78,32.2,116.02,41.45,2003-10-20,20,10,2003,43
2003-10-21,35.79,32.21,117.05,41.62,2003-10-21,21,10,2003,43
2003-10-22,35.81,32.23,118.08,41.78,2003-10-22,22,10,2003,43
2003-10-23,35.82,32.24,119.1,41.94,2003-10-23,23,10,2003,43
2003-10-24,35.84,32.26,120.13,42.11,2003-10-24,24,10,2003,43
2003-10-25,35.86,32.27,121.03,42.39,2003-10-25,25,10,2003,43
2003-10-26,35.88,32.29,121.93,42.67,2003-10-26,26,10,2003,43
2003-10-27,35.89,32.31,122.82,42.95,2003-10-27,27,10,2003,44
2003-10-28,35.91,32.32,123.72,43.23,2003-10-28,28,10,2003,44
2003-10-29,35.93,32.34,124.62,43.51,2003-10-29,29,10,2003,44
2003-10-30,35.95,32.35,125.51,43.79,2003-10-30,30,10,2003,44
2003-10-31,35.97,32.37,126.41,44.07,2003-10-31,31,10,2003,44
2003-11-01,35.98,32.38,127.35,44.5,2003-11-01,1,11,2003,44
2003-11-02,35.98,32.39,128.3,44.93,2003-11-02,2,11,2003,44
2003-11-03,35.99,32.39,129.24,45.36,2003-11-03,3,11,2003,45
2003-11-04,36.0,32.4,130.18,45.79,2003-11-04,4,11,2003,45
2003-11-05,36.01,32.41,131.13,46.22,2003-11-05,5,11,2003,45
2003-11-06,36.02,32.42,132.07,46.65,2003-11-06,6,11,2003,45
2003-11-07,36.03,32.43,133.01,47.08,2003-11-07,7,11,2003,45
2003-11-08,36.02,32.42,134.15,47.65,2003-11-08,8,11,2003,45
2003-11-09,36.01,32.41,135.29,48.21,2003-11-09,9,11,2003,45
2003-11-10,36.0,32.4,136.42,48.78,2003-11-10,10,11,2003,46
2003-11-11,36.0,32.4,137.56,49.35,2003-11-11,11,11,2003,46
2003-11-12,35.99,32.39,138.69,49.91,2003-11-12,12,11,2003,46
2003-11-13,35.98,32.38,139.83,50.48,2003-11-13,13,11,2003,46
2003-11-14,35.97,32.38,140.96,51.04,2003-11-14,14,11,2003,46
2003-11-15,35.95,32.35,142.38,51.65,2003-11-15,15,11,2003,46
2003-11-16,35.92,32.33,143.8,52.26,2003-11-16,16,11,2003,46
2003-11-17,35.9,32.31,145.22,52.86,2003-11-17,17,11,2003,47
2003-11-18,35.87,32.29,146.64,53.47,2003-11-18,18,11,2003,47
2003-11-19,35.85,32.26,148.06,54.08,2003-11-19,19,11,2003,47
2003-11-20,35.82,32.24,149.47,54.68,2003-11-20,20,11,2003,47
2003-11-21,35.8,32.22,150.89,55.29,2003-11-21,21,11,2003,47
2003-11-22,35.76,32.18,152.68,55.84,2003-11-22,22,11,2003,47
2003-11-23,35.71,32.14,154.47,56.38,2003-11-23,23,11,2003,47
2003-11-24,35.67,32.11,156.26,56.93,2003-11-24,24,11,2003,48
2003-11-25,35.63,32.07,158.05,57.47,2003-11-25,25,11,2003,48
2003-11-26,35.59,32.03,159.83,58.02,2003-11-26,26,11,2003,48
2003-11-27,35.55,31.99,161.62,58.56,2003-11-27,27,11,2003,48
2003-11-28,35.5,31.95,163.41,59.11,2003-11-28,28,11,2003,48
2003-11-29,35.44,31.9,165.65,59.49,2003-11-29,29,11,2003,48
2003-11-30,35.39,31.85,167.9,59.87,2003-11-30,30,11,2003,48
2003-12-01,35.33,31.79,170.14,60.25,2003-12-01,1,12,2003,49
2003-12-02,35.27,31.74,172.39,60.64,2003-12-02,2,12,2003,49
2003-12-03,35.21,31.69,174.63,61.02,2003-12-03,3,12,2003,49
2003-12-04,35.15,31.63,176.88,61.4,2003-12-04,4,12,2003,49
2003-12-05,35.09,31.58,179.12,61.78,2003-12-05,5,12,2003,49
2003-12-06,35.01,31.51,181.83,61.93,2003-12-06,6,12,2003,49
2003-12-07,34.94,31.45,184.54,62.08,2003-12-07,7,12,2003,49
2003-12-08,34.86,31.38,187.24,62.23,2003-12-08,8,12,2003,50
2003-12-09,34.79,31.31,189.95,62.38,2003-12-09,9,12,2003,50
2003-12-10,34.72,31.24,192.66,62.53,2003-12-10,10,12,2003,50
2003-12-11,34.64,31.18,195.37,62.67,2003-12-11,11,12,2003,50
2003-12-12,34.57,31.11,198.08,62.82,2003-12-12,12,12,2003,50
2003-12-13,34.48,31.04,200.92,62.8,2003-12-13,13,12,2003,50
2003-12-14,34.4,30.96,203.76,62.77,2003-12-14,14,12,2003,50
2003-12-15,34.32,30.89,206.6,62.74,2003-12-15,15,12,2003,51
2003-12-16,34.24,30.82,209.44,62.72,2003-12-16,16,12,2003,51
2003-12-17,34.16,30.74,212.28,62.69,2003-12-17,17,12,2003,51
2003-12-18,34.08,30.67,215.12,62.66,2003-12-18,18,12,2003,51
2003-12-19,34.0,30.6,217.96,62.64,2003-12-19,19,12,2003,51
2003-12-20,33.92,30.53,220.51,62.53,2003-12-20,20,12,2003,51
2003-12-21,33.84,30.46,223.05,62.43,2003-12-21,21,12,2003,51
2003-12-22,33.76,30.39,225.6,62.32,2003-12-22,22,12,2003,52
2003-12-23,33.69,30.32,228.15,62.22,2003-12-23,23,12,2003,52
2003-12-24,33.61,30.25,230.7,62.11,2003-12-24,24,12,2003,52
2003-12-25,33.53,30.18,233.25,62.01,2003-12-25,25,12,2003,52
2003-12-26,33.45,30.11,235.8,61.9,2003-12-26,26,12,2003,52
2003-12-27,33.39,30.05,237.63,61.81,2003-12-27,27,12,2003,52
2003-12-28,33.33,30.0,239.46,61.72,2003-12-28,28,12,2003,52
2003-12-29,33.27,29.94,241.3,61.63,2003-12-29,29,12,2003,1
2003-12-30,33.2,29.88,243.13,61.54,2003-12-30,30,12,2003,1
2003-12-31,33.14,29.83,244.97,61.45,2003-12-31,31,12,2003,1
2004-01-01,33.08,29.77,246.8,61.36,2004-01-01,1,1,2004,1
2004-01-02,33.02,29.72,248.63,61.27,2004-01-02,2,1,2004,1
2004-01-03,32.98,29.68,249.35,61.29,2004-01-03,3,1,2004,1
2004-01-04,32.94,29.65,250.07,61.3,2004-01-04,4,1,2004,1
2004-01-05,32.9,29.61,250.79,61.32,2004-01-05,5,1,2004,2
2004-01-06,32.87,29.58,251.5,61.33,2004-01-06,6,1,2004,2
2004-01-07,32.83,29.55,252.22,61.35,2004-01-07,7,1,2004,2
2004-01-08,32.79,29.51,252.94,61.36,2004-01-08,8,1,2004,2
2004-01-09,32.75,29.48,253.65,61.38,2004-01-09,9,1,2004,2
2004-01-10,32.74,29.47,253.15,61.5,2004-01-10,10,1,2004,2
2004-01-11,32.73,29.46,252.65,61.62,2004-01-11,11,1,2004,2
2004-01-12,32.72,29.44,252.14,61.74,2004-01-12,12,1,2004,3
2004-01-13,32.7,29.43,251.64,61.86,2004-01-13,13,1,2004,3
2004-01-14,32.69,29.42,251.13,61.98,2004-01-14,14,1,2004,3
2004-01-15,32.68,29.41,250.63,62.1,2004-01-15,15,1,2004,3
2004-01-16,32.67,29.4,250.13,62.22,2004-01-16,16,1,2004,3
2004-01-17,32.68,29.41,248.52,62.38,2004-01-17,17,1,2004,3
2004-01-18,32.68,29.42,246.91,62.54,2004-01-18,18,1,2004,3
2004-01-19,32.69,29.42,245.3,62.7,2004-01-19,19,1,2004,4
2004-01-20,32.7,29.43,243.69,62.86,2004-01-20,20,1,2004,4
2004-01-21,32.71,29.44,242.08,63.03,2004-01-21,21,1,2004,4
2004-01-22,32.72,29.45,240.47,63.19,2004-01-22,22,1,2004,4
2004-01-23,32.72,29.45,238.86,63.35,2004-01-23,23,1,2004,4
2004-01-24,32.75,29.47,236.26,63.49,2004-01-24,24,1,2004,4
2004-01-25,32.77,29.49,233.66,63.63,2004-01-25,25,1,2004,4
2004-01-26,32.79,29.51,231.07,63.76,2004-01-26,26,1,2004,5
2004-01-27,32.81,29.53,228.47,63.9,2004-01-27,27,1,2004,5
2004-01-28,32.84,29.55,225.88,64.04,2004-01-28,28,1,2004,5
2004-01-29,32.86,29.57,223.28,64.18,2004-01-29,29,1,2004,5
2004-01-30,32.88,29.59,220.68,64.32,2004-01-30,30,1,2004,5
2004-01-31,32.91,29.62,217.22,64.37,2004-01-31,31,1,2004,5
2004-02-01,32.94,29.65,213.76,64.41,2004-02-01,1,2,2004,5
2004-02-02,32.97,29.67,210.3,64.46,2004-02-02,2,2,2004,6
2004-02-03,33.0,29.7,206.84,64.51,2004-02-03,3,2,2004,6
2004-02-04,33.03,29.73,203.38,64.56,2004-02-04,4,2,2004,6
2004-02-05,33.06,29.76,199.92,64.61,2004-02-05,5,2,2004,6
2004-02-06,33.09,29.78,196.45,64.66,2004-02-06,6,2,2004,6
2004-02-07,33.12,29.81,192.39,64.6,2004-02-07,7,2,2004,6
2004-02-08,33.16,29.84,188.32,64.53,2004-02-08,8,2,2004,6
2004-02-09,33.19,29.87,184.25,64.46,2004-02-09,9,2,2004,7
2004-02-10,33.22,29.9,180.18,64.4,2004-02-10,10,2,2004,7
2004-02-11,33.25,29.93,176.11,64.33,2004-02-11,11,2,2004,7
2004-02-12,33.28,29.96,172.05,64.27,2004-02-12,12,2,2004,7
2004-02-13,33.32,29.99,167.98,64.2,2004-02-13,13,2,2004,7
2004-02-14,33.34,30.01,163.82,64.07,2004-02-14,14,2,2004,7
2004-02-15,33.37,30.03,159.66,63.93,2004-02-15,15,2,2004,7
2004-02-16,33.4,30.06,155.5,63.8,2004-02-16,16,2,2004,8
2004-02-17,33.43,30.08,151.34,63.66,2004-02-17,17,2,2004,8
2004-02-18,33.45,30.11,147.19,63.53,2004-02-18,18,2,2004,8
2004-02-19,33.48,30.13,143.03,63.39,2004-02-19,19,2,2004,8
2004-02-20,33.51,30.16,138.87,63.26,2004-02-20,20,2,2004,8
2004-02-21,33.52,30.17,135.17,63.11,2004-02-21,21,2,2004,8
2004-02-22,33.54,30.18,131.46,62.96,2004-02-22,22,2,2004,8
2004-02-23,33.55,30.2,127.76,62.81,2004-02-23,23,2,2004,9
2004-02-24,33.57,30.21,124.05,62.66,2004-02-24,24,2,2004,9
2004-02-25,33.58,30.22,120.35,62.51,2004-02-25,25,2,2004,9
2004-02-26,33.6,30.24,116.65,62.36,2004-02-26,26,2,2004,9
2004-02-27,33.61,30.25,112.94,62.21,2004-02-27,27,2,2004,9
2004-02-28,33.61,30.25,110.24,62.1,2004-02-28,28,2,2004,9
2004-02-29,33.6,30.24,107.54,61.99,2004-02-29,29,2,2004,9
2004-03-01,33.6,30.24,104.83,61.88,2004-03-01,1,3,2004,10
2004-03-02,33.6,30.24,102.13,61.77,2004-03-02,2,3,2004,10
2004-03-03,33.59,30.23,99.42,61.65,2004-03-03,3,3,2004,10
2004-03-04,33.59,30.23,96.72,61.54,2004-03-04,4,3,2004,10
2004-03-05,33.59,30.23,94.02,61.43,2004-03-05,5,3,2004,10
2004-03-06,33.56,30.2,92.75,61.4,2004-03-06,6,3,2004,10
2004-03-07,33.53,30.18,91.47,61.38,2004-03-07,7,3,2004,10
2004-03-08,33.5,30.15,90.2,61.35,2004-03-08,8,3,2004,11
2004-03-09,33.47,30.13,88.93,61.32,2004-03-09,9,3,2004,11
2004-03-10,33.45,30.1,87.66,61.29,2004-03-10,10,3,2004,11
2004-03-11,33.42,30.08,86.39,61.26,2004-03-11,11,3,2004,11
2004-03-12,33.39,30.05,85.12,61.23,2004-03-12,12,3,2004,11
2004-03-13,33.35,30.01,85.12,61.27,2004-03-13,13,3,2004,11
2004-03-14,33.3,29.97,85.13,61.31,2004-03-14,14,3,2004,11
2004-03-15,33.26,29.93,85.13,61.35,2004-03-15,15,3,2004,12
2004-03-16,33.21,29.89,85.13,61.39,2004-03-16,16,3,2004,12
2004-03-17,33.17,29.85,85.14,61.43,2004-03-17,17,3,2004,12
2004-03-18,33.12,29.81,85.14,61.47,2004-03-18,18,3,2004,12
2004-03-19,33.08,29.77,85.14,61.51,2004-03-19,19,3,2004,12
2004-03-20,33.03,29.72,86.06,61.59,2004-03-20,20,3,2004,12
2004-03-21,32.98,29.68,86.98,61.66,2004-03-21,21,3,2004,12
2004-03-22,32.92,29.63,87.9,61.74,2004-03-22,22,3,2004,13
2004-03-23,32.87,29.59,88.82,61.81,2004-03-23,23,3,2004,13
2004-03-24,32.82,29.54,89.74,61.89,2004-03-24,24,3,2004,13
2004-03-25,32.77,29.49,90.66,61.96,2004-03-25,25,3,2004,13
2004-03-26,32.72,29.45,91.58,62.04,2004-03-26,26,3,2004,13
2004-03-27,32.67,29.41,93.06,62.12,2004-03-27,27,3,2004,13
2004-03-28,32.63,29.36,94.54,62.19,2004-03-28,28,3,2004,13
2004-03-29,32.58,29.32,96.02,62.27,2004-03-29,29,3,2004,14
2004-03-30,32.53,29.28,97.5,62.35,2004-03-30,30,3,2004,14
2004-03-31,32.48,29.24,98.99,62.43,2004-03-31,31,3,2004,14
2004-04-01,32.44,29.19,100.47,62.5,2004-04-01,1,4,2004,14
2004-04-02,32.39,29.15,101.95,62.58,2004-04-02,2,4,2004,14
2004-04-03,32.36,29.12,103.63,62.63,2004-04-03,3,4,2004,14
2004-04-04,32.33,29.09,105.32,62.68,2004-04-04,4,4,2004,14
2004-04-05,32.29,29.06,107.0,62.73,2004-04-05,5,4,2004,15
2004-04-06,32.26,29.03,108.69,62.77,2004-04-06,6,4,2004,15
2004-04-07,32.23,29.0,110.38,62.82,2004-04-07,7,4,2004,15
2004-04-08,32.19,28.98,112.06,62.87,2004-04-08,8,4,2004,15
2004-04-09,32.16,28.95,113.75,62.92,2004-04-09,9,4,2004,15
2004-04-10,32.14,28.93,115.28,62.93,2004-04-10,10,4,2004,15
2004-04-11,32.12,28.91,116.81,62.94,2004-04-11,11,4,2004,15
2004-04-12,32.1,28.89,118.34,62.96,2004-04-12,12,4,2004,16
2004-04-13,32.08,28.87,119.88,62.97,2004-04-13,13,4,2004,16
2004-04-14,32.05,28.85,121.41,62.98,2004-04-14,14,4,2004,16
2004-04-15,32.03,28.83,122.94,63.0,2004-04-15,15,4,2004,16
2004-04-16,32.01,28.81,124.47,63.01,2004-04-16,16,4,2004,16
2004-04-17,31.98,28.79,125.49,63.0,2004-04-17,17,4,2004,16
2004-04-18,31.96,28.76,126.51,63.0,2004-04-18,18,4,2004,16
2004-04-19,31.93,28.74,127.53,62.99,2004-04-19,19,4,2004,17
2004-04-20,31.91,28.72,128.55,62.99,2004-04-20,20,4,2004,17
2004-04-21,31.88,28.7,129.57,62.98,2004-04-21,21,4,2004,17
2004-04-22,31.86,28.67,130.59,62.98,2004-04-22,22,4,2004,17
2004-04-23,31.83,28.65,131.62,62.97,2004-04-23,23,4,2004,17
2004-04-24,31.79,28.61,131.76,62.96,2004-04-24,24,4,2004,17
2004-04-25,31.75,28.57,131.91,62.96,2004-04-25,25,4,2004,17
2004-04-26,31.7,28.53,132.06,62.95,2004-04-26,26,4,2004,18
2004-04-27,31.66,28.49,132.21,62.94,2004-04-27,27,4,2004,18
2004-04-28,31.61,28.45,132.36,62.94,2004-04-28,28,4,2004,18
2004-04-29,31.57,28.41,132.51,62.93,2004-04-29,29,4,2004,18
2004-04-30,31.53,28.37,132.66,62.92,2004-04-30,30,4,2004,18
2004-05-01,31.45,28.3,131.58,62.93,2004-05-01,1,5,2004,18
2004-05-02,31.37,28.23,130.51,62.94,2004-05-02,2,5,2004,18
2004-05-03,31.29,28.16,129.43,62.95,2004-05-03,3,5,2004,19
2004-05-04,31.21,28.09,128.35,62.96,2004-05-04,4,5,2004,19
2004-05-05,31.14,28.02,127.27,62.97,2004-05-05,5,5,2004,19
2004-05-06,31.06,27.95,126.19,62.98,2004-05-06,6,5,2004,19
2004-05-07,30.98,27.88,125.11,62.99,2004-05-07,7,5,2004,19
2004-05-08,30.87,27.78,122.76,63.02,2004-05-08,8,5,2004,19
2004-05-09,30.75,27.68,120.4,63.06,2004-05-09,9,5,2004,19
2004-05-10,30.64,27.57,118.04,63.09,2004-05-10,10,5,2004,20
2004-05-11,30.52,27.47,115.69,63.13,2004-05-11,11,5,2004,20
2004-05-12,30.4,27.36,113.33,63.16,2004-05-12,12,5,2004,20
2004-05-13,30.29,27.26,110.97,63.19,2004-05-13,13,5,2004,20
2004-05-14,30.17,27.16,108.62,63.23,2004-05-14,14,5,2004,20
2004-05-15,30.04,27.04,105.63,63.27,2004-05-15,15,5,2004,20
2004-05-16,29.91,26.92,102.65,63.32,2004-05-16,16,5,2004,20
2004-05-17,29.78,26.8,99.67,63.36,2004-05-17,17,5,2004,21
2004-05-18,29.65,26.68,96.68,63.41,2004-05-18,18,5,2004,21
2004-05-19,29.52,26.56,93.7,63.45,2004-05-19,19,5,2004,21
2004-05-20,29.38,26.45,90.72,63.5,2004-05-20,20,5,2004,21
2004-05-21,29.25,26.33,87.73,63.54,2004-05-21,21,5,2004,21
2004-05-22,29.13,26.22,84.87,63.58,2004-05-22,22,5,2004,21
2004-05-23,29.01,26.11,82.01,63.62,2004-05-23,23,5,2004,21
2004-05-24,28.88,26.0,79.14,63.66,2004-05-24,24,5,2004,22
2004-05-25,28.76,25.88,76.28,63.7,2004-05-25,25,5,2004,22
2004-05-26,28.64,25.77,73.42,63.74,2004-05-26,26,5,2004,22
2004-05-27,28.51,25.66,70.56,63.78,2004-05-27,27,5,2004,22
2004-05-28,28.39,25.55,67.69,63.82,2004-05-28,28,5,2004,22
2004-05-29,28.3,25.47,65.7,63.84,2004-05-29,29,5,2004,22
2004-05-30,28.21,25.39,63.71,63.85,2004-05-30,30,5,2004,22
2004-05-31,28.12,25.31,61.71,63.87,2004-05-31,31,5,2004,23
2004-06-01,28.03,25.23,59.72,63.89,2004-06-01,1,6,2004,23
2004-06-02,27.94,25.15,57.72,63.91,2004-06-02,2,6,2004,23
2004-06-03,27.85,25.07,55.73,63.93,2004-06-03,3,6,2004,23
2004-06-04,27.76,24.99,53.74,63.95,2004-06-04,4,6,2004,23
2004-06-05,27.73,24.96,53.21,63.92,2004-06-05,5,6,2004,23
2004-06-06,27.69,24.92,52.69,63.9,2004-06-06,6,6,2004,23
2004-06-07,27.66,24.89,52.17,63.88,2004-06-07,7,6,2004,24
2004-06-08,27.62,24.86,51.65,63.86,2004-06-08,8,6,2004,24
2004-06-09,27.59,24.83,51.13,63.84,2004-06-09,9,6,2004,24
2004-06-10,27.55,24.8,50.6,63.82,2004-06-10,10,6,2004,24
2004-06-11,27.52,24.77,50.08,63.8,2004-06-11,11,6,2004,24
2004-06-12,27.54,24.78,50.68,63.72,2004-06-12,12,6,2004,24
2004-06-13,27.56,24.8,51.28,63.64,2004-06-13,13,6,2004,24
2004-06-14,27.57,24.82,51.88,63.56,2004-06-14,14,6,2004,25
2004-06-15,27.59,24.83,52.48,63.48,2004-06-15,15,6,2004,25
2004-06-16,27.61,24.85,53.08,63.39,2004-06-16,16,6,2004,25
2004-06-17,27.63,24.87,53.68,63.31,2004-06-17,17,6,2004,25
2004-06-18,27.65,24.88,54.28,63.23,2004-06-18,18,6,2004,25
2004-06-19,27.71,24.94,55.26,63.06,2004-06-19,19,6,2004,25
2004-06-20,27.77,24.99,56.24,62.9,2004-06-20,20,6,2004,25
2004-06-21,27.83,25.05,57.23,62.73,2004-06-21,21,6,2004,26
2004-06-22,27.89,25.1,58.21,62.56,2004-06-22,22,6,2004,26
2004-06-23,27.95,25.16,59.19,62.4,2004-06-23,23,6,2004,26
2004-06-24,28.01,25.21,60.18,62.23,2004-06-24,24,6,2004,26
2004-06-25,28.07,25.27,61.16,62.06,2004-06-25,25,6,2004,26
2004-06-26,28.17,25.35,61.79,61.78,2004-06-26,26,6,2004,26
2004-06-27,28.26,25.43,62.42,61.51,2004-06-27,27,6,2004,26
2004-06-28,28.35,25.52,63.05,61.23,2004-06-28,28,6,2004,27
2004-06-29,28.44,25.6,63.68,60.95,2004-06-29,29,6,2004,27
2004-06-30,28.54,25.68,64.31,60.68,2004-06-30,30,6,2004,27
2004-07-01,28.63,25.77,64.94,60.4,2004-07-01,1,7,2004,27
2004-07-02,28.72,25.85,65.57,60.12,2004-07-02,2,7,2004,27
2004-07-03,28.84,25.95,65.13,59.71,2004-07-03,3,7,2004,27
2004-07-04,28.95,26.05,64.7,59.3,2004-07-04,4,7,2004,27
2004-07-05,29.06,26.16,64.26,58.89,2004-07-05,5,7,2004,28
2004-07-06,29.18,26.26,63.82,58.48,2004-07-06,6,7,2004,28
2004-07-07,29.29,26.36,63.38,58.07,2004-07-07,7,7,2004,28
2004-07-08,29.41,26.46,62.95,57.66,2004-07-08,8,7,2004,28
2004-07-09,29.52,26.57,62.51,57.25,2004-07-09,9,7,2004,28
2004-07-10,29.65,26.68,60.87,56.73,2004-07-10,10,7,2004,28
2004-07-11,29.78,26.8,59.23,56.2,2004-07-11,11,7,2004,28
2004-07-12,29.9,26.91,57.59,55.68,2004-07-12,12,7,2004,29
2004-07-13,30.03,27.03,55.96,55.16,2004-07-13,13,7,2004,29
2004-07-14,30.16,27.14,54.32,54.63,2004-07-14,14,7,2004,29
2004-07-15,30.29,27.26,52.68,54.11,2004-07-15,15,7,2004,29
2004-07-16,30.42,27.38,51.04,53.59,2004-07-16,16,7,2004,29
2004-07-17,30.56,27.5,48.69,53.02,2004-07-17,17,7,2004,29
2004-07-18,30.7,27.63,46.33,52.45,2004-07-18,18,7,2004,29
2004-07-19,30.84,27.76,43.97,51.88,2004-07-19,19,7,2004,30
2004-07-20,30.98,27.88,41.62,51.31,2004-07-20,20,7,2004,30
2004-07-21,31.12,28.01,39.26,50.74,2004-07-21,21,7,2004,30
2004-07-22,31.26,28.14,36.9,50.16,2004-07-22,22,7,2004,30
2004-07-23,31.4,28.26,34.55,49.59,2004-07-23,23,7,2004,30
2004-07-24,31.56,28.4,31.98,49.04,2004-07-24,24,7,2004,30
2004-07-25,31.71,28.54,29.42,48.49,2004-07-25,25,7,2004,30
2004-07-26,31.86,28.67,26.85,47.94,2004-07-26,26,7,2004,31
2004-07-27,32.01,28.81,24.29,47.39,2004-07-27,27,7,2004,31
2004-07-28,32.16,28.94,21.72,46.84,2004-07-28,28,7,2004,31
2004-07-29,32.31,29.08,19.16,46.29,2004-07-29,29,7,2004,31
2004-07-30,32.46,29.22,16.6,45.74,2004-07-30,30,7,2004,31
2004-07-31,32.62,29.36,14.49,45.28,2004-07-31,31,7,2004,31
2004-08-01,32.78,29.51,12.39,44.82,2004-08-01,1,8,2004,31
2004-08-02,32.94,29.65,10.29,44.36,2004-08-02,2,8,2004,32
2004-08-03,33.1,29.79,8.19,43.89,2004-08-03,3,8,2004,32
2004-08-04,33.26,29.94,6.09,43.43,2004-08-04,4,8,2004,32
2004-08-05,33.42,30.08,3.98,42.97,2004-08-05,5,8,2004,32
2004-08-06,33.58,30.23,1.88,42.51,2004-08-06,6,8,2004,32
2004-08-07,33.75,30.37,1.7,42.18,2004-08-07,7,8,2004,32
2004-08-08,33.91,30.52,1.53,41.85,2004-08-08,8,8,2004,32
2004-08-09,34.07,30.66,1.35,41.52,2004-08-09,9,8,2004,33
2004-08-10,34.23,30.81,1.17,41.19,2004-08-10,10,8,2004,33
2004-08-11,34.4,30.96,0.99,40.86,2004-08-11,11,8,2004,33
2004-08-12,34.56,31.1,0.82,40.54,2004-08-12,12,8,2004,33
2004-08-13,34.72,31.25,0.64,40.21,2004-08-13,13,8,2004,33
2004-08-14,34.87,31.38,0.69,40.0,2004-08-14,14,8,2004,33
2004-08-15,35.02,31.52,0.75,39.79,2004-08-15,15,8,2004,33
2004-08-16,35.17,31.65,0.8,39.58,2004-08-16,16,8,2004,34
2004-08-17,35.32,31.79,0.85,39.37,2004-08-17,17,8,2004,34
2004-08-18,35.47,31.92,0.91,39.16,2004-08-18,18,8,2004,34
2004-08-19,35.61,32.05,0.96,38.95,2004-08-19,19,8,2004,34
2004-08-20,35.76,32.19,1.01,38.74,2004-08-20,20,8,2004,34
2004-08-21,35.88,32.29,1.22,38.62,2004-08-21,21,8,2004,34
2004-08-22,36.0,32.4,1.42,38.51,2004-08-22,22,8,2004,34
2004-08-23,36.11,32.5,1.62,38.39,2004-08-23,23,8,2004,35
2004-08-24,36.23,32.61,1.82,38.28,2004-08-24,24,8,2004,35
2004-08-25,36.34,32.71,2.02,38.16,2004-08-25,25,8,2004,35
2004-08-26,36.46,32.81,2.22,38.05,2004-08-26,26,8,2004,35
2004-08-27,36.58,32.92,2.43,37.93,2004-08-27,27,8,2004,35
2004-08-28,36.64,32.98,3.18,37.88,2004-08-28,28,8,2004,35
2004-08-29,36.71,33.04,3.94,37.84,2004-08-29,29,8,2004,35
2004-08-30,36.77,33.1,4.7,37.79,2004-08-30,30,8,2004,36
2004-08-31,36.84,33.15,5.46,37.74,2004-08-31,31,8,2004,36
2004-09-01,36.9,33.21,6.21,37.7,2004-09-01,1,9,2004,36
2004-09-02,36.97,33.27,6.97,37.65,2004-09-02,2,9,2004,36
2004-09-03,37.03,33.33,7.73,37.6,2004-09-03,3,9,2004,36
2004-09-04,37.03,33.33,11.36,37.6,2004-09-04,4,9,2004,36
2004-09-05,37.03,33.33,14.98,37.6,2004-09-05,5,9,2004,36
2004-09-06,37.03,33.33,18.61,37.6,2004-09-06,6,9,2004,37
2004-09-07,37.03,33.33,22.24,37.6,2004-09-07,7,9,2004,37
2004-09-08,37.03,33.33,25.86,37.6,2004-09-08,8,9,2004,37
2004-09-09,37.03,33.33,29.49,37.6,2004-09-09,9,9,2004,37
2004-09-10,37.03,33.33,33.12,37.6,2004-09-10,10,9,2004,37
2004-09-11,36.97,33.28,37.96,37.64,2004-09-11,11,9,2004,37
2004-09-12,36.92,33.23,42.81,37.68,2004-09-12,12,9,2004,37
2004-09-13,36.86,33.18,47.65,37.72,2004-09-13,13,9,2004,38
2004-09-14,36.81,33.13,52.5,37.77,2004-09-14,14,9,2004,38
2004-09-15,36.75,33.08,57.35,37.81,2004-09-15,15,9,2004,38
2004-09-16,36.7,33.03,62.19,37.85,2004-09-16,16,9,2004,38
2004-09-17,36.64,32.98,67.04,37.89,2004-09-17,17,9,2004,38
2004-09-18,36.55,32.9,72.12,37.99,2004-09-18,18,9,2004,38
2004-09-19,36.47,32.82,77.2,38.08,2004-09-19,19,9,2004,38
2004-09-20,36.38,32.74,82.29,38.18,2004-09-20,20,9,2004,39
2004-09-21,36.3,32.67,87.37,38.27,2004-09-21,21,9,2004,39
2004-09-22,36.21,32.59,92.45,38.36,2004-09-22,22,9,2004,39
2004-09-23,36.12,32.51,97.54,38.46,2004-09-23,23,9,2004,39
2004-09-24,36.04,32.43,102.62,38.55,2004-09-24,24,9,2004,39
2004-09-25,35.95,32.35,107.1,38.7,2004-09-25,25,9,2004,39
2004-09-26,35.86,32.27,111.57,38.86,2004-09-26,26,9,2004,39
2004-09-27,35.76,32.19,116.05,39.01,2004-09-27,27,9,2004,40
2004-09-28,35.67,32.1,120.53,39.16,2004-09-28,28,9,2004,40
2004-09-29,35.58,32.02,125.0,39.31,2004-09-29,29,9,2004,40
2004-09-30,35.49,31.94,129.48,39.47,2004-09-30,30,9,2004,40
2004-10-01,35.4,31.86,133.96,39.62,2004-10-01,1,10,2004,40
2004-10-02,35.32,31.79,137.0,39.84,2004-10-02,2,10,2004,40
2004-10-03,35.25,31.72,140.04,40.06,2004-10-03,3,10,2004,40
2004-10-04,35.18,31.66,143.08,40.28,2004-10-04,4,10,2004,41
2004-10-05,35.1,31.59,146.12,40.49,2004-10-05,5,10,2004,41
2004-10-06,35.03,31.53,149.16,40.71,2004-10-06,6,10,2004,41
2004-10-07,34.96,31.46,152.2,40.93,2004-10-07,7,10,2004,41
2004-10-08,34.88,31.39,155.24,41.15,2004-10-08,8,10,2004,41
2004-10-09,34.84,31.35,156.57,41.42,2004-10-09,9,10,2004,41
2004-10-10,34.79,31.31,157.9,41.7,2004-10-10,10,10,2004,41
2004-10-11,34.75,31.27,159.22,41.97,2004-10-11,11,10,2004,42
2004-10-12,34.7,31.23,160.55,42.25,2004-10-12,12,10,2004,42
2004-10-13,34.66,31.19,161.88,42.52,2004-10-13,13,10,2004,42
2004-10-14,34.61,31.15,163.21,42.79,2004-10-14,14,10,2004,42
2004-10-15,34.57,31.11,164.53,43.07,2004-10-15,15,10,2004,42
2004-10-16,34.54,31.09,164.56,43.37,2004-10-16,16,10,2004,42
2004-10-17,34.52,31.07,164.6,43.67,2004-10-17,17,10,2004,42
2004-10-18,34.49,31.04,164.63,43.97,2004-10-18,18,10,2004,43
2004-10-19,34.47,31.02,164.66,44.27,2004-10-19,19,10,2004,43
2004-10-20,34.44,31.0,164.69,44.56,2004-10-20,20,10,2004,43
2004-10-21,34.42,30.98,164.72,44.86,2004-10-21,21,10,2004,43
2004-10-22,34.39,30.95,164.75,45.16,2004-10-22,22,10,2004,43
2004-10-23,34.38,30.94,163.95,45.45,2004-10-23,23,10,2004,43
2004-10-24,34.37,30.93,163.15,45.75,2004-10-24,24,10,2004,43
2004-10-25,34.35,30.92,162.35,46.04,2004-10-25,25,10,2004,44
2004-10-26,34.34,30.9,161.55,46.33,2004-10-26,26,10,2004,44
2004-10-27,34.32,30.89,160.74,46.62,2004-10-27,27,10,2004,44
2004-10-28,34.31,30.88,159.94,46.91,2004-10-28,28,10,2004,44
2004-10-29,34.3,30.87,159.14,47.2,2004-10-29,29,10,2004,44
2004-10-30,34.28,30.86,157.97,47.45,2004-10-30,30,10,2004,44
2004-10-31,34.27,30.84,156.79,47.7,2004-10-31,31,10,2004,44
2004-11-01,34.26,30.83,155.62,47.95,2004-11-01,1,11,2004,45
2004-11-02,34.25,30.82,154.45,48.21,2004-11-02,2,11,2004,45
2004-11-03,34.23,30.81,153.28,48.46,2004-11-03,3,11,2004,45
2004-11-04,34.22,30.8,152.1,48.71,2004-11-04,4,11,2004,45
2004-11-05,34.21,30.79,150.93,48.96,2004-11-05,5,11,2004,45
2004-11-06,34.19,30.77,149.9,49.15,2004-11-06,6,11,2004,45
2004-11-07,34.17,30.76,148.88,49.35,2004-11-07,7,11,2004,45
2004-11-08,34.16,30.74,147.85,49.54,2004-11-08,8,11,2004,46
2004-11-09,34.14,30.72,146.83,49.74,2004-11-09,9,11,2004,46
2004-11-10,34.12,30.71,145.8,49.93,2004-11-10,10,11,2004,46
2004-11-11,34.1,30.69,144.78,50.13,2004-11-11,11,11,2004,46
2004-11-12,34.09,30.68,143.75,50.32,2004-11-12,12,11,2004,46
2004-11-13,34.06,30.66,143.58,50.5,2004-11-13,13,11,2004,46
2004-11-14,34.04,30.63,143.41,50.68,2004-11-14,14,11,2004,46
2004-11-15,34.01,30.61,143.23,50.86,2004-11-15,15,11,2004,47
2004-11-16,33.99,30.59,143.06,51.04,2004-11-16,16,11,2004,47
2004-11-17,33.97,30.57,142.89,51.22,2004-11-17,17,11,2004,47
2004-11-18,33.94,30.55,142.72,51.39,2004-11-18,18,11,2004,47
2004-11-19,33.92,30.53,142.55,51.57,2004-11-19,19,11,2004,47
2004-11-20,33.89,30.5,143.98,51.79,2004-11-20,20,11,2004,47
2004-11-21,33.86,30.47,145.41,52.01,2004-11-21,21,11,2004,47
2004-11-22,33.83,30.45,146.84,52.22,2004-11-22,22,11,2004,48
2004-11-23,33.8,30.42,148.27,52.44,2004-11-23,23,11,2004,48
2004-11-24,33.77,30.4,149.7,52.65,2004-11-24,24,11,2004,48
2004-11-25,33.74,30.37,151.13,52.87,2004-11-25,25,11,2004,48
2004-11-26,33.72,30.34,152.56,53.09,2004-11-26,26,11,2004,48
2004-11-27,33.68,30.31,156.34,53.39,2004-11-27,27,11,2004,48
2004-11-28,33.65,30.28,160.12,53.7,2004-11-28,28,11,2004,48
2004-11-29,33.62,30.25,163.9,54.0,2004-11-29,29,11,2004,49
2004-11-30,33.58,30.22,167.68,54.31,2004-11-30,30,11,2004,49
2004-12-01,33.55,30.19,171.45,54.61,2004-12-01,1,12,2004,49
2004-12-02,33.52,30.16,175.23,54.92,2004-12-02,2,12,2004,49
2004-12-03,33.48,30.13,179.01,55.22,2004-12-03,3,12,2004,49
2004-12-04,33.45,30.1,185.7,55.66,2004-12-04,4,12,2004,49
2004-12-05,33.41,30.07,192.39,56.1,2004-12-05,5,12,2004,49
2004-12-06,33.37,30.04,199.08,56.54,2004-12-06,6,12,2004,50
2004-12-07,33.34,30.01,205.78,56.98,2004-12-07,7,12,2004,50
2004-12-08,33.3,29.97,212.47,57.41,2004-12-08,8,12,2004,50
2004-12-09,33.27,29.94,219.16,57.85,2004-12-09,9,12,2004,50
2004-12-10,33.23,29.91,225.85,58.29,2004-12-10,10,12,2004,50
2004-12-11,33.2,29.88,234.09,58.8,2004-12-11,11,12,2004,50
2004-12-12,33.17,29.85,242.34,59.3,2004-12-12,12,12,2004,50
2004-12-13,33.14,29.82,250.59,59.81,2004-12-13,13,12,2004,51
2004-12-14,33.1,29.79,258.84,60.32,2004-12-14,14,12,2004,51
2004-12-15,33.07,29.76,267.08,60.83,2004-12-15,15,12,2004,51
2004-12-16,33.04,29.74,275.33,61.34,2004-12-16,16,12,2004,51
2004-12-17,33.01,29.71,283.58,61.84,2004-12-17,17,12,2004,51
2004-12-18,32.99,29.69,290.89,62.3,2004-12-18,18,12,2004,51
2004-12-19,32.97,29.67,298.2,62.75,2004-12-19,19,12,2004,51
2004-12-20,32.95,29.66,305.51,63.2,2004-12-20,20,12,2004,52
2004-12-21,32.94,29.64,312.82,63.65,2004-12-21,21,12,2004,52
2004-12-22,32.92,29.63,320.13,64.11,2004-12-22,22,12,2004,52
2004-12-23,32.9,29.61,327.44,64.56,2004-12-23,23,12,2004,52
2004-12-24,32.88,29.59,334.75,65.01,2004-12-24,24,12,2004,52
2004-12-25,32.89,29.6,338.62,65.29,2004-12-25,25,12,2004,52
2004-12-26,32.89,29.61,342.49,65.56,2004-12-26,26,12,2004,52
2004-12-27,32.9,29.61,346.36,65.83,2004-12-27,27,12,2004,53
2004-12-28,32.91,29.62,350.22,66.11,2004-12-28,28,12,2004,53
2004-12-29,32.91,29.62,354.09,66.38,2004-12-29,29,12,2004,53
2004-12-30,32.92,29.63,357.96,66.65,2004-12-30,30,12,2004,53
2004-12-31,32.93,29.63,361.83,66.92,2004-12-31,31,12,2004,53
2005-01-01,32.97,29.67,359.78,66.89,2005-01-01,1,1,2005,53
2005-01-02,33.01,29.7,357.74,66.86,2005-01-02,2,1,2005,53
2005-01-03,33.05,29.74,355.69,66.83,2005-01-03,3,1,2005,1
2005-01-04,33.09,29.78,353.65,66.8,2005-01-04,4,1,2005,1
2005-01-05,33.13,29.81,351.6,66.77,2005-01-05,5,1,2005,1
2005-01-06,33.17,29.85,349.56,66.74,2005-01-06,6,1,2005,1
2005-01-07,33.21,29.88,347.51,66.71,2005-01-07,7,1,2005,1
2005-01-08,33.28,29.95,339.28,66.36,2005-01-08,8,1,2005,1
2005-01-09,33.35,30.02,331.04,66.01,2005-01-09,9,1,2005,1
2005-01-10,33.42,30.08,322.81,65.66,2005-01-10,10,1,2005,2
2005-01-11,33.5,30.15,314.58,65.31,2005-01-11,11,1,2005,2
2005-01-12,33.57,30.21,306.34,64.96,2005-01-12,12,1,2005,2
2005-01-13,33.64,30.28,298.11,64.61,2005-01-13,13,1,2005,2
2005-01-14,33.71,30.34,289.88,64.27,2005-01-14,14,1,2005,2
2005-01-15,33.8,30.42,278.5,63.75,2005-01-15,15,1,2005,2
2005-01-16,33.89,30.5,267.12,63.23,2005-01-16,16,1,2005,2
2005-01-17,33.98,30.58,255.74,62.71,2005-01-17,17,1,2005,3
2005-01-18,34.07,30.66,244.36,62.19,2005-01-18,18,1,2005,3
2005-01-19,34.16,30.74,232.98,61.66,2005-01-19,19,1,2005,3
2005-01-20,34.25,30.82,221.6,61.14,2005-01-20,20,1,2005,3
2005-01-21,34.33,30.9,210.22,60.62,2005-01-21,21,1,2005,3
2005-01-22,34.42,30.98,199.02,60.1,2005-01-22,22,1,2005,3
2005-01-23,34.5,31.05,187.82,59.57,2005-01-23,23,1,2005,3
2005-01-24,34.59,31.13,176.62,59.04,2005-01-24,24,1,2005,4
2005-01-25,34.68,31.21,165.41,58.51,2005-01-25,25,1,2005,4
2005-01-26,34.76,31.28,154.21,57.98,2005-01-26,26,1,2005,4
2005-01-27,34.85,31.36,143.01,57.45,2005-01-27,27,1,2005,4
2005-01-28,34.93,31.44,131.81,56.92,2005-01-28,28,1,2005,4
2005-01-29,35.0,31.5,124.1,56.54,2005-01-29,29,1,2005,4
2005-01-30,35.06,31.55,116.39,56.17,2005-01-30,30,1,2005,4
2005-01-31,35.12,31.61,108.69,55.79,2005-01-31,31,1,2005,5
2005-02-01,35.19,31.67,100.98,55.42,2005-02-01,1,2,2005,5
2005-02-02,35.25,31.72,93.28,55.04,2005-02-02,2,2,2005,5
2005-02-03,35.31,31.78,85.57,54.66,2005-02-03,3,2,2005,5
2005-02-04,35.38,31.84,77.87,54.29,2005-02-04,4,2,2005,5
2005-02-05,35.4,31.86,76.08,54.18,2005-02-05,5,2,2005,5
2005-02-06,35.43,31.89,74.3,54.08,2005-02-06,6,2,2005,5
2005-02-07,35.46,31.91,72.52,53.98,2005-02-07,7,2,2005,6
2005-02-08,35.49,31.94,70.74,53.87,2005-02-08,8,2,2005,6
2005-02-09,35.52,31.96,68.95,53.77,2005-02-09,9,2,2005,6
2005-02-10,35.54,31.99,67.17,53.67,2005-02-10,10,2,2005,6
2005-02-11,35.57,32.01,65.39,53.56,2005-02-11,11,2,2005,6
2005-02-12,35.57,32.01,67.93,53.68,2005-02-12,12,2,2005,6
2005-02-13,35.56,32.01,70.48,53.79,2005-02-13,13,2,2005,6
2005-02-14,35.56,32.0,73.03,53.91,2005-02-14,14,2,2005,7
2005-02-15,35.56,32.0,75.57,54.03,2005-02-15,15,2,2005,7
2005-02-16,35.55,32.0,78.12,54.14,2005-02-16,16,2,2005,7
2005-02-17,35.55,31.99,80.66,54.26,2005-02-17,17,2,2005,7
2005-02-18,35.55,31.99,83.21,54.37,2005-02-18,18,2,2005,7
2005-02-19,35.52,31.97,87.6,54.61,2005-02-19,19,2,2005,7
2005-02-20,35.49,31.94,91.98,54.85,2005-02-20,20,2,2005,7
2005-02-21,35.47,31.92,96.37,55.08,2005-02-21,21,2,2005,8
2005-02-22,35.44,31.9,100.76,55.32,2005-02-22,22,2,2005,8
2005-02-23,35.42,31.87,105.15,55.55,2005-02-23,23,2,2005,8
2005-02-24,35.39,31.85,109.54,55.79,2005-02-24,24,2,2005,8
2005-02-25,35.36,31.83,113.93,56.03,2005-02-25,25,2,2005,8
2005-02-26,35.33,31.79,117.67,56.28,2005-02-26,26,2,2005,8
2005-02-27,35.29,31.76,121.41,56.54,2005-02-27,27,2,2005,8
2005-02-28,35.25,31.72,125.15,56.8,2005-02-28,28,2,2005,9
2005-03-01,35.21,31.69,128.89,57.05,2005-03-01,1,3,2005,9
2005-03-02,35.17,31.65,132.64,57.31,2005-03-02,2,3,2005,9
2005-03-03,35.13,31.62,136.38,57.57,2005-03-03,3,3,2005,9
2005-03-04,35.09,31.58,140.12,57.82,2005-03-04,4,3,2005,9
2005-03-05,35.05,31.55,140.84,58.01,2005-03-05,5,3,2005,9
2005-03-06,35.01,31.51,141.56,58.19,2005-03-06,6,3,2005,9
2005-03-07,34.97,31.47,142.27,58.37,2005-03-07,7,3,2005,10
2005-03-08,34.92,31.43,142.99,58.56,2005-03-08,8,3,2005,10
2005-03-09,34.88,31.39,143.71,58.74,2005-03-09,9,3,2005,10
2005-03-10,34.84,31.35,144.43,58.92,2005-03-10,10,3,2005,10
2005-03-11,34.8,31.32,145.15,59.11,2005-03-11,11,3,2005,10
2005-03-12,34.75,31.28,142.79,59.19,2005-03-12,12,3,2005,10
2005-03-13,34.71,31.24,140.43,59.27,2005-03-13,13,3,2005,10
2005-03-14,34.67,31.2,138.07,59.36,2005-03-14,14,3,2005,11
2005-03-15,34.62,31.16,135.71,59.44,2005-03-15,15,3,2005,11
2005-03-16,34.58,31.12,133.35,59.52,2005-03-16,16,3,2005,11
2005-03-17,34.54,31.08,131.0,59.61,2005-03-17,17,3,2005,11
2005-03-18,34.49,31.04,128.64,59.69,2005-03-18,18,3,2005,11
2005-03-19,34.45,31.01,124.79,59.69,2005-03-19,19,3,2005,11
2005-03-20,34.41,30.97,120.94,59.7,2005-03-20,20,3,2005,11
2005-03-21,34.36,30.93,117.09,59.7,2005-03-21,21,3,2005,12
2005-03-22,34.32,30.89,113.24,59.71,2005-03-22,22,3,2005,12
2005-03-23,34.28,30.85,109.4,59.71,2005-03-23,23,3,2005,12
2005-03-24,34.23,30.81,105.55,59.72,2005-03-24,24,3,2005,12
2005-03-25,34.19,30.77,101.7,59.73,2005-03-25,25,3,2005,12
2005-03-26,34.14,30.73,97.98,59.67,2005-03-26,26,3,2005,12
2005-03-27,34.1,30.69,94.27,59.62,2005-03-27,27,3,2005,12
2005-03-28,34.06,30.65,90.55,59.57,2005-03-28,28,3,2005,13
2005-03-29,34.01,30.61,86.84,59.52,2005-03-29,29,3,2005,13
2005-03-30,33.97,30.57,83.12,59.47,2005-03-30,30,3,2005,13
2005-03-31,33.92,30.53,79.4,59.42,2005-03-31,31,3,2005,13
2005-04-01,33.88,30.49,75.69,59.37,2005-04-01,1,4,2005,13
2005-04-02,33.83,30.45,73.72,59.29,2005-04-02,2,4,2005,13
2005-04-03,33.79,30.41,71.75,59.2,2005-04-03,3,4,2005,13
2005-04-04,33.74,30.37,69.77,59.12,2005-04-04,4,4,2005,14
2005-04-05,33.69,30.33,67.8,59.04,2005-04-05,5,4,2005,14
2005-04-06,33.65,30.28,65.83,58.95,2005-04-06,6,4,2005,14
2005-04-07,33.6,30.24,63.86,58.87,2005-04-07,7,4,2005,14
2005-04-08,33.56,30.2,61.89,58.79,2005-04-08,8,4,2005,14
2005-04-09,33.51,30.16,62.35,58.69,2005-04-09,9,4,2005,14
2005-04-10,33.46,30.11,62.81,58.6,2005-04-10,10,4,2005,14
2005-04-11,33.41,30.07,63.28,58.51,2005-04-11,11,4,2005,15
2005-04-12,33.36,30.02,63.74,58.42,2005-04-12,12,4,2005,15
2005-04-13,33.31,29.98,64.2,58.32,2005-04-13,13,4,2005,15
2005-04-14,33.26,29.93,64.66,58.23,2005-04-14,14,4,2005,15
2005-04-15,33.21,29.89,65.12,58.14,2005-04-15,15,4,2005,15
2005-04-16,33.15,29.84,67.02,58.07,2005-04-16,16,4,2005,15
2005-04-17,33.09,29.78,68.92,57.99,2005-04-17,17,4,2005,15
2005-04-18,33.03,29.73,70.82,57.92,2005-04-18,18,4,2005,16
2005-04-19,32.97,29.67,72.72,57.85,2005-04-19,19,4,2005,16
2005-04-20,32.91,29.62,74.62,57.77,2005-04-20,20,4,2005,16
2005-04-21,32.85,29.57,76.51,57.7,2005-04-21,21,4,2005,16
2005-04-22,32.79,29.51,78.41,57.63,2005-04-22,22,4,2005,16
2005-04-23,32.71,29.44,80.57,57.6,2005-04-23,23,4,2005,16
2005-04-24,32.64,29.37,82.73,57.58,2005-04-24,24,4,2005,16
2005-04-25,32.56,29.3,84.89,57.55,2005-04-25,25,4,2005,17
2005-04-26,32.48,29.23,87.05,57.53,2005-04-26,26,4,2005,17
2005-04-27,32.4,29.16,89.2,57.5,2005-04-27,27,4,2005,17
2005-04-28,32.33,29.09,91.36,57.47,2005-04-28,28,4,2005,17
2005-04-29,32.25,29.02,93.52,57.45,2005-04-29,29,4,2005,17
2005-04-30,32.15,28.93,94.76,57.5,2005-04-30,30,4,2005,17
2005-05-01,32.04,28.84,96.0,57.55,2005-05-01,1,5,2005,17
2005-05-02,31.94,28.75,97.24,57.6,2005-05-02,2,5,2005,18
2005-05-03,31.84,28.66,98.49,57.65,2005-05-03,3,5,2005,18
2005-05-04,31.74,28.56,99.73,57.7,2005-05-04,4,5,2005,18
2005-05-05,31.64,28.47,100.97,57.75,2005-05-05,5,5,2005,18
2005-05-06,31.53,28.38,102.21,57.8,2005-05-06,6,5,2005,18
2005-05-07,31.41,28.26,101.61,57.94,2005-05-07,7,5,2005,18
2005-05-08,31.28,28.15,101.01,58.08,2005-05-08,8,5,2005,18
2005-05-09,31.15,28.03,100.42,58.23,2005-05-09,9,5,2005,19
2005-05-10,31.02,27.92,99.82,58.37,2005-05-10,10,5,2005,19
2005-05-11,30.89,27.8,99.22,58.51,2005-05-11,11,5,2005,19
2005-05-12,30.76,27.69,98.62,58.65,2005-05-12,12,5,2005,19
2005-05-13,30.64,27.57,98.03,58.8,2005-05-13,13,5,2005,19
2005-05-14,30.51,27.46,95.98,58.99,2005-05-14,14,5,2005,19
2005-05-15,30.38,27.34,93.93,59.18,2005-05-15,15,5,2005,19
2005-05-16,30.25,27.22,91.88,59.37,2005-05-16,16,5,2005,20
2005-05-17,30.12,27.11,89.83,59.56,2005-05-17,17,5,2005,20
2005-05-18,29.99,26.99,87.78,59.76,2005-05-18,18,5,2005,20
2005-05-19,29.86,26.88,85.73,59.95,2005-05-19,19,5,2005,20
2005-05-20,29.73,26.76,83.68,60.14,2005-05-20,20,5,2005,20
2005-05-21,29.64,26.68,80.98,60.32,2005-05-21,21,5,2005,20
2005-05-22,29.55,26.59,78.29,60.5,2005-05-22,22,5,2005,20
2005-05-23,29.45,26.51,75.59,60.68,2005-05-23,23,5,2005,21
2005-05-24,29.36,26.42,72.9,60.86,2005-05-24,24,5,2005,21
2005-05-25,29.27,26.34,70.2,61.04,2005-05-25,25,5,2005,21
2005-05-26,29.17,26.25,67.51,61.22,2005-05-26,26,5,2005,21
2005-05-27,29.08,26.17,64.81,61.4,2005-05-27,27,5,2005,21
2005-05-28,29.05,26.15,62.28,61.51,2005-05-28,28,5,2005,21
2005-05-29,29.03,26.13,59.75,61.62,2005-05-29,29,5,2005,21
2005-05-30,29.01,26.11,57.21,61.72,2005-05-30,30,5,2005,22
2005-05-31,28.98,26.08,54.68,61.83,2005-05-31,31,5,2005,22
2005-06-01,28.96,26.06,52.15,61.94,2005-06-01,1,6,2005,22
2005-06-02,28.93,26.04,49.61,62.04,2005-06-02,2,6,2005,22
2005-06-03,28.91,26.02,47.08,62.15,2005-06-03,3,6,2005,22
2005-06-04,28.99,26.09,45.48,62.13,2005-06-04,4,6,2005,22
2005-06-05,29.07,26.16,43.88,62.1,2005-06-05,5,6,2005,22
2005-06-06,29.15,26.23,42.28,62.08,2005-06-06,6,6,2005,23
2005-06-07,29.22,26.3,40.67,62.05,2005-06-07,7,6,2005,23
2005-06-08,29.3,26.37,39.07,62.03,2005-06-08,8,6,2005,23
2005-06-09,29.38,26.44,37.47,62.0,2005-06-09,9,6,2005,23
2005-06-10,29.46,26.51,35.87,61.98,2005-06-10,10,6,2005,23
2005-06-11,29.63,26.67,35.31,61.8,2005-06-11,11,6,2005,23
2005-06-12,29.8,26.82,34.74,61.63,2005-06-12,12,6,2005,23
2005-06-13,29.97,26.98,34.18,61.46,2005-06-13,13,6,2005,24
2005-06-14,30.14,27.13,33.62,61.29,2005-06-14,14,6,2005,24
2005-06-15,30.31,27.28,33.05,61.11,2005-06-15,15,6,2005,24
2005-06-16,30.49,27.44,32.49,60.94,2005-06-16,16,6,2005,24
2005-06-17,30.66,27.59,31.93,60.77,2005-06-17,17,6,2005,24
2005-06-18,30.87,27.79,31.93,60.47,2005-06-18,18,6,2005,24
2005-06-19,31.09,27.98,31.94,60.18,2005-06-19,19,6,2005,24
2005-06-20,31.31,28.18,31.95,59.88,2005-06-20,20,6,2005,25
2005-06-21,31.52,28.37,31.95,59.58,2005-06-21,21,6,2005,25
2005-06-22,31.74,28.57,31.96,59.29,2005-06-22,22,6,2005,25
2005-06-23,31.96,28.76,31.97,58.99,2005-06-23,23,6,2005,25
2005-06-24,32.17,28.96,31.98,58.69,2005-06-24,24,6,2005,25
2005-06-25,32.39,29.15,32.08,58.3,2005-06-25,25,6,2005,25
2005-06-26,32.6,29.34,32.18,57.9,2005-06-26,26,6,2005,25
2005-06-27,32.82,29.54,32.28,57.51,2005-06-27,27,6,2005,26
2005-06-28,33.03,29.73,32.39,57.11,2005-06-28,28,6,2005,26
2005-06-29,33.25,29.92,32.49,56.71,2005-06-29,29,6,2005,26
2005-06-30,33.46,30.12,32.59,56.32,2005-06-30,30,6,2005,26
2005-07-01,33.68,30.31,32.69,55.92,2005-07-01,1,7,2005,26
2005-07-02,33.84,30.46,32.41,55.45,2005-07-02,2,7,2005,26
2005-07-03,34.01,30.61,32.13,54.98,2005-07-03,3,7,2005,26
2005-07-04,34.17,30.76,31.84,54.51,2005-07-04,4,7,2005,27
2005-07-05,34.34,30.9,31.56,54.03,2005-07-05,5,7,2005,27
2005-07-06,34.5,31.05,31.27,53.56,2005-07-06,6,7,2005,27
2005-07-07,34.67,31.2,30.99,53.09,2005-07-07,7,7,2005,27
2005-07-08,34.83,31.35,30.71,52.62,2005-07-08,8,7,2005,27
2005-07-09,34.92,31.43,29.84,52.11,2005-07-09,9,7,2005,27
2005-07-10,35.01,31.51,28.97,51.6,2005-07-10,10,7,2005,27
2005-07-11,35.09,31.58,28.1,51.1,2005-07-11,11,7,2005,28
2005-07-12,35.18,31.66,27.24,50.59,2005-07-12,12,7,2005,28
2005-07-13,35.26,31.74,26.37,50.08,2005-07-13,13,7,2005,28
2005-07-14,35.35,31.82,25.5,49.58,2005-07-14,14,7,2005,28
2005-07-15,35.44,31.89,24.63,49.07,2005-07-15,15,7,2005,28
2005-07-16,35.45,31.91,23.58,48.6,2005-07-16,16,7,2005,28
2005-07-17,35.47,31.92,22.52,48.14,2005-07-17,17,7,2005,28
2005-07-18,35.49,31.94,21.47,47.67,2005-07-18,18,7,2005,29
2005-07-19,35.5,31.95,20.42,47.2,2005-07-19,19,7,2005,29
2005-07-20,35.52,31.97,19.36,46.74,2005-07-20,20,7,2005,29
2005-07-21,35.54,31.98,18.31,46.27,2005-07-21,21,7,2005,29
2005-07-22,35.55,32.0,17.25,45.8,2005-07-22,22,7,2005,29
2005-07-23,35.51,31.96,16.48,45.46,2005-07-23,23,7,2005,29
2005-07-24,35.48,31.93,15.71,45.11,2005-07-24,24,7,2005,29
2005-07-25,35.44,31.89,14.94,44.77,2005-07-25,25,7,2005,30
2005-07-26,35.4,31.86,14.16,44.42,2005-07-26,26,7,2005,30
2005-07-27,35.36,31.83,13.39,44.08,2005-07-27,27,7,2005,30
2005-07-28,35.32,31.79,12.62,43.73,2005-07-28,28,7,2005,30
2005-07-29,35.29,31.76,11.85,43.39,2005-07-29,29,7,2005,30
2005-07-30,35.21,31.69,11.83,43.24,2005-07-30,30,7,2005,30
2005-07-31,35.13,31.62,11.81,43.1,2005-07-31,31,7,2005,30
2005-08-01,35.05,31.55,11.79,42.96,2005-08-01,1,8,2005,31
2005-08-02,34.98,31.48,11.77,42.81,2005-08-02,2,8,2005,31
2005-08-03,34.9,31.41,11.76,42.67,2005-08-03,3,8,2005,31
2005-08-04,34.82,31.34,11.74,42.53,2005-08-04,4,8,2005,31
2005-08-05,34.74,31.27,11.72,42.38,2005-08-05,5,8,2005,31
2005-08-06,34.64,31.18,12.89,42.5,2005-08-06,6,8,2005,31
2005-08-07,34.54,31.09,14.07,42.62,2005-08-07,7,8,2005,31
2005-08-08,34.44,31.0,15.24,42.74,2005-08-08,8,8,2005,32
2005-08-09,34.34,30.9,16.41,42.86,2005-08-09,9,8,2005,32
2005-08-10,34.24,30.81,17.58,42.98,2005-08-10,10,8,2005,32
2005-08-11,34.14,30.72,18.76,43.1,2005-08-11,11,8,2005,32
2005-08-12,34.03,30.63,19.93,43.22,2005-08-12,12,8,2005,32
2005-08-13,33.93,30.54,22.13,43.53,2005-08-13,13,8,2005,32
2005-08-14,33.83,30.45,24.33,43.84,2005-08-14,14,8,2005,32
2005-08-15,33.73,30.35,26.53,44.16,2005-08-15,15,8,2005,33
2005-08-16,33.62,30.26,28.73,44.47,2005-08-16,16,8,2005,33
2005-08-17,33.52,30.17,30.92,44.78,2005-08-17,17,8,2005,33
2005-08-18,33.42,30.08,33.12,45.1,2005-08-18,18,8,2005,33
2005-08-19,33.32,29.98,35.32,45.41,2005-08-19,19,8,2005,33
2005-08-20,33.23,29.91,38.21,45.8,2005-08-20,20,8,2005,33
2005-08-21,33.15,29.84,41.1,46.19,2005-08-21,21,8,2005,33
2005-08-22,33.07,29.77,43.98,46.58,2005-08-22,22,8,2005,34
2005-08-23,32.99,29.69,46.87,46.97,2005-08-23,23,8,2005,34
2005-08-24,32.91,29.62,49.75,47.36,2005-08-24,24,8,2005,34
2005-08-25,32.83,29.55,52.64,47.76,2005-08-25,25,8,2005,34
2005-08-26,32.75,29.48,55.53,48.15,2005-08-26,26,8,2005,34
2005-08-27,32.72,29.45,58.75,48.5,2005-08-27,27,8,2005,34
2005-08-28,32.69,29.42,61.98,48.85,2005-08-28,28,8,2005,34
2005-08-29,32.65,29.39,65.2,49.2,2005-08-29,29,8,2005,35
2005-08-30,32.62,29.36,68.42,49.55,2005-08-30,30,8,2005,35
2005-08-31,32.58,29.33,71.65,49.9,2005-08-31,31,8,2005,35
2005-09-01,32.55,29.3,74.87,50.25,2005-09-01,1,9,2005,35
2005-09-02,32.52,29.27,78.1,50.6,2005-09-02,2,9,2005,35
2005-09-03,32.55,29.3,81.31,50.79,2005-09-03,3,9,2005,35
2005-09-04,32.59,29.33,84.52,50.99,2005-09-04,4,9,2005,35
2005-09-05,32.63,29.36,87.74,51.18,2005-09-05,5,9,2005,36
2005-09-06,32.66,29.4,90.95,51.38,2005-09-06,6,9,2005,36
2005-09-07,32.7,29.43,94.16,51.57,2005-09-07,7,9,2005,36
2005-09-08,32.73,29.46,97.37,51.77,2005-09-08,8,9,2005,36
2005-09-09,32.77,29.49,100.59,51.96,2005-09-09,9,9,2005,36
2005-09-10,32.87,29.58,103.44,51.98,2005-09-10,10,9,2005,36
2005-09-11,32.97,29.67,106.29,52.0,2005-09-11,11,9,2005,36
2005-09-12,33.07,29.76,109.15,52.01,2005-09-12,12,9,2005,37
2005-09-13,33.17,29.85,112.0,52.03,2005-09-13,13,9,2005,37
2005-09-14,33.27,29.94,114.85,52.05,2005-09-14,14,9,2005,37
2005-09-15,33.37,30.03,117.71,52.07,2005-09-15,15,9,2005,37
2005-09-16,33.47,30.12,120.56,52.09,2005-09-16,16,9,2005,37
2005-09-17,33.6,30.24,122.7,52.0,2005-09-17,17,9,2005,37
2005-09-18,33.73,30.35,124.85,51.91,2005-09-18,18,9,2005,37
2005-09-19,33.86,30.47,127.0,51.82,2005-09-19,19,9,2005,38
2005-09-20,33.98,30.59,129.14,51.73,2005-09-20,20,9,2005,38
2005-09-21,34.11,30.7,131.29,51.65,2005-09-21,21,9,2005,38
2005-09-22,34.24,30.82,133.43,51.56,2005-09-22,22,9,2005,38
2005-09-23,34.37,30.93,135.58,51.47,2005-09-23,23,9,2005,38
2005-09-24,34.49,31.04,136.67,51.35,2005-09-24,24,9,2005,38
2005-09-25,34.61,31.15,137.76,51.23,2005-09-25,25,9,2005,38
2005-09-26,34.73,31.26,138.85,51.12,2005-09-26,26,9,2005,39
2005-09-27,34.85,31.37,139.94,51.0,2005-09-27,27,9,2005,39
2005-09-28,34.97,31.47,141.03,50.88,2005-09-28,28,9,2005,39
2005-09-29,35.09,31.58,142.12,50.76,2005-09-29,29,9,2005,39
2005-09-30,35.21,31.69,143.21,50.65,2005-09-30,30,9,2005,39
2005-10-01,35.29,31.76,142.89,50.57,2005-10-01,1,10,2005,39
2005-10-02,35.36,31.83,142.58,50.5,2005-10-02,2,10,2005,39
2005-10-03,35.44,31.9,142.27,50.43,2005-10-03,3,10,2005,40
2005-10-04,35.52,31.96,141.95,50.36,2005-10-04,4,10,2005,40
2005-10-05,35.59,32.03,141.64,50.28,2005-10-05,5,10,2005,40
2005-10-06,35.67,32.1,141.32,50.21,2005-10-06,6,10,2005,40
2005-10-07,35.74,32.17,141.01,50.14,2005-10-07,7,10,2005,40
2005-10-08,35.75,32.18,139.27,50.17,2005-10-08,8,10,2005,40
2005-10-09,35.76,32.18,137.53,50.19,2005-10-09,9,10,2005,40
2005-10-10,35.77,32.19,135.78,50.22,2005-10-10,10,10,2005,41
2005-10-11,35.77,32.2,134.04,50.25,2005-10-11,11,10,2005,41
2005-10-12,35.78,32.2,132.3,50.27,2005-10-12,12,10,2005,41
2005-10-13,35.79,32.21,130.56,50.3,2005-10-13,13,10,2005,41
2005-10-14,35.8,32.22,128.82,50.33,2005-10-14,14,10,2005,41
2005-10-15,35.75,32.18,126.49,50.45,2005-10-15,15,10,2005,41
2005-10-16,35.71,32.13,124.16,50.57,2005-10-16,16,10,2005,41
2005-10-17,35.66,32.09,121.83,50.69,2005-10-17,17,10,2005,42
2005-10-18,35.61,32.05,119.5,50.82,2005-10-18,18,10,2005,42
2005-10-19,35.57,32.01,117.17,50.94,2005-10-19,19,10,2005,42
2005-10-20,35.52,31.97,114.84,51.06,2005-10-20,20,10,2005,42
2005-10-21,35.47,31.92,112.51,51.18,2005-10-21,21,10,2005,42
2005-10-22,35.39,31.85,110.58,51.38,2005-10-22,22,10,2005,42
2005-10-23,35.31,31.78,108.65,51.58,2005-10-23,23,10,2005,42
2005-10-24,35.23,31.7,106.72,51.79,2005-10-24,24,10,2005,43
2005-10-25,35.14,31.63,104.79,51.99,2005-10-25,25,10,2005,43
2005-10-26,35.06,31.56,102.86,52.19,2005-10-26,26,10,2005,43
2005-10-27,34.98,31.48,100.93,52.39,2005-10-27,27,10,2005,43
2005-10-28,34.9,31.41,99.0,52.59,2005-10-28,28,10,2005,43
2005-10-29,34.8,31.32,98.46,52.86,2005-10-29,29,10,2005,43
2005-10-30,34.7,31.23,97.91,53.13,2005-10-30,30,10,2005,43
2005-10-31,34.6,31.14,97.37,53.39,2005-10-31,31,10,2005,44
2005-11-01,34.51,31.06,96.83,53.66,2005-11-01,1,11,2005,44
2005-11-02,34.41,30.97,96.28,53.93,2005-11-02,2,11,2005,44
2005-11-03,34.31,30.88,95.74,54.19,2005-11-03,3,11,2005,44
2005-11-04,34.21,30.79,95.19,54.46,2005-11-04,4,11,2005,44
2005-11-05,34.12,30.71,96.85,54.77,2005-11-05,5,11,2005,44
2005-11-06,34.02,30.62,98.52,55.09,2005-11-06,6,11,2005,44
2005-11-07,33.93,30.53,100.18,55.4,2005-11-07,7,11,2005,45
2005-11-08,33.83,30.45,101.84,55.71,2005-11-08,8,11,2005,45
2005-11-09,33.74,30.36,103.51,56.03,2005-11-09,9,11,2005,45
2005-11-10,33.64,30.28,105.17,56.34,2005-11-10,10,11,2005,45
2005-11-11,33.55,30.19,106.83,56.66,2005-11-11,11,11,2005,45
2005-11-12,33.47,30.12,110.24,56.97,2005-11-12,12,11,2005,45
2005-11-13,33.39,30.05,113.64,57.28,2005-11-13,13,11,2005,45
2005-11-14,33.31,29.98,117.04,57.59,2005-11-14,14,11,2005,46
2005-11-15,33.24,29.91,120.45,57.9,2005-11-15,15,11,2005,46
2005-11-16,33.16,29.84,123.85,58.21,2005-11-16,16,11,2005,46
2005-11-17,33.08,29.77,127.25,58.52,2005-11-17,17,11,2005,46
2005-11-18,33.0,29.7,130.65,58.84,2005-11-18,18,11,2005,46
2005-11-19,32.96,29.66,134.71,59.08,2005-11-19,19,11,2005,46
2005-11-20,32.91,29.62,138.77,59.33,2005-11-20,20,11,2005,46
2005-11-21,32.87,29.58,142.83,59.57,2005-11-21,21,11,2005,47
2005-11-22,32.82,29.54,146.89,59.82,2005-11-22,22,11,2005,47
2005-11-23,32.77,29.5,150.95,60.06,2005-11-23,23,11,2005,47
2005-11-24,32.73,29.45,155.01,60.31,2005-11-24,24,11,2005,47
2005-11-25,32.68,29.41,159.07,60.56,2005-11-25,25,11,2005,47
2005-11-26,32.68,29.41,162.7,60.67,2005-11-26,26,11,2005,47
2005-11-27,32.68,29.41,166.33,60.79,2005-11-27,27,11,2005,47
2005-11-28,32.68,29.41,169.96,60.91,2005-11-28,28,11,2005,48
2005-11-29,32.67,29.41,173.59,61.02,2005-11-29,29,11,2005,48
2005-11-30,32.67,29.41,177.22,61.14,2005-11-30,30,11,2005,48
2005-12-01,32.67,29.4,180.85,61.26,2005-12-01,1,12,2005,48
2005-12-02,32.67,29.4,184.48,61.37,2005-12-02,2,12,2005,48
2005-12-03,32.72,29.45,186.62,61.3,2005-12-03,3,12,2005,48
2005-12-04,32.78,29.5,188.76,61.23,2005-12-04,4,12,2005,48
2005-12-05,32.84,29.55,190.89,61.15,2005-12-05,5,12,2005,49
2005-12-06,32.89,29.6,193.03,61.08,2005-12-06,6,12,2005,49
2005-12-07,32.95,29.65,195.17,61.01,2005-12-07,7,12,2005,49
2005-12-08,33.0,29.7,197.31,60.93,2005-12-08,8,12,2005,49
2005-12-09,33.06,29.75,199.44,60.86,2005-12-09,9,12,2005,49
2005-12-10,33.16,29.85,199.88,60.61,2005-12-10,10,12,2005,49
2005-12-11,33.27,29.94,200.31,60.36,2005-12-11,11,12,2005,49
2005-12-12,33.38,30.04,200.74,60.11,2005-12-12,12,12,2005,50
2005-12-13,33.48,30.13,201.17,59.87,2005-12-13,13,12,2005,50
2005-12-14,33.59,30.23,201.6,59.62,2005-12-14,14,12,2005,50
2005-12-15,33.69,30.32,202.03,59.37,2005-12-15,15,12,2005,50
2005-12-16,33.8,30.42,202.46,59.12,2005-12-16,16,12,2005,50
2005-12-17,33.92,30.53,202.01,58.81,2005-12-17,17,12,2005,50
2005-12-18,34.05,30.64,201.56,58.49,2005-12-18,18,12,2005,50
2005-12-19,34.17,30.75,201.11,58.18,2005-12-19,19,12,2005,51
2005-12-20,34.29,30.87,200.66,57.86,2005-12-20,20,12,2005,51
2005-12-21,34.42,30.98,200.21,57.55,2005-12-21,21,12,2005,51
2005-12-22,34.54,31.09,199.76,57.24,2005-12-22,22,12,2005,51
2005-12-23,34.67,31.2,199.31,56.92,2005-12-23,23,12,2005,51
2005-12-24,34.78,31.3,198.87,56.66,2005-12-24,24,12,2005,51
2005-12-25,34.89,31.4,198.43,56.39,2005-12-25,25,12,2005,51
2005-12-26,35.0,31.5,197.99,56.13,2005-12-26,26,12,2005,52
2005-12-27,35.11,31.59,197.55,55.86,2005-12-27,27,12,2005,52
2005-12-28,35.21,31.69,197.11,55.6,2005-12-28,28,12,2005,52
2005-12-29,35.32,31.79,196.67,55.33,2005-12-29,29,12,2005,52
2005-12-30,35.43,31.89,196.23,55.07,2005-12-30,30,12,2005,52
2005-12-31,35.5,31.95,196.69,54.97,2005-12-31,31,12,2005,52
2006-01-01,35.56,32.0,197.15,54.86,2006-01-01,1,1,2006,52
2006-01-02,35.62,32.06,197.6,54.76,2006-01-02,2,1,2006,1
2006-01-03,35.68,32.11,198.06,54.66,2006-01-03,3,1,2006,1
2006-01-04,35.74,32.17,198.52,54.56,2006-01-04,4,1,2006,1
2006-01-05,35.8,32.22,198.98,54.46,2006-01-05,5,1,2006,1
2006-01-06,35.87,32.28,199.44,54.36,2006-01-06,6,1,2006,1
2006-01-07,35.86,32.27,201.33,54.5,2006-01-07,7,1,2006,1
2006-01-08,35.85,32.27,203.21,54.64,2006-01-08,8,1,2006,1
2006-01-09,35.84,32.26,205.1,54.78,2006-01-09,9,1,2006,2
2006-01-10,35.84,32.25,206.99,54.91,2006-01-10,10,1,2006,2
2006-01-11,35.83,32.25,208.88,55.05,2006-01-11,11,1,2006,2
2006-01-12,35.82,32.24,210.77,55.19,2006-01-12,12,1,2006,2
2006-01-13,35.82,32.23,212.66,55.33,2006-01-13,13,1,2006,2
2006-01-14,35.76,32.18,215.33,55.65,2006-01-14,14,1,2006,2
2006-01-15,35.7,32.13,218.01,55.97,2006-01-15,15,1,2006,2
2006-01-16,35.65,32.08,220.68,56.29,2006-01-16,16,1,2006,3
2006-01-17,35.59,32.03,223.35,56.6,2006-01-17,17,1,2006,3
2006-01-18,35.53,31.98,226.03,56.92,2006-01-18,18,1,2006,3
2006-01-19,35.48,31.93,228.7,57.24,2006-01-19,19,1,2006,3
2006-01-20,35.42,31.88,231.38,57.56,2006-01-20,20,1,2006,3
2006-01-21,35.34,31.81,233.95,57.98,2006-01-21,21,1,2006,3
2006-01-22,35.26,31.74,236.52,58.39,2006-01-22,22,1,2006,3
2006-01-23,35.18,31.67,239.09,58.81,2006-01-23,23,1,2006,4
2006-01-24,35.11,31.59,241.67,59.22,2006-01-24,24,1,2006,4
2006-01-25,35.03,31.52,244.24,59.64,2006-01-25,25,1,2006,4
2006-01-26,34.95,31.45,246.81,60.05,2006-01-26,26,1,2006,4
2006-01-27,34.87,31.38,249.39,60.47,2006-01-27,27,1,2006,4
2006-01-28,34.8,31.32,250.97,60.89,2006-01-28,28,1,2006,4
2006-01-29,34.72,31.25,252.56,61.32,2006-01-29,29,1,2006,4
2006-01-30,34.65,31.18,254.14,61.74,2006-01-30,30,1,2006,5
2006-01-31,34.58,31.12,255.73,62.17,2006-01-31,31,1,2006,5
2006-02-01,34.5,31.05,257.31,62.59,2006-02-01,1,2,2006,5
2006-02-02,34.43,30.99,258.9,63.02,2006-02-02,2,2,2006,5
2006-02-03,34.36,30.92,260.48,63.44,2006-02-03,3,2,2006,5
2006-02-04,34.31,30.88,260.27,63.8,2006-02-04,4,2,2006,5
2006-02-05,34.27,30.84,260.06,64.15,2006-02-05,5,2,2006,5
2006-02-06,34.23,30.8,259.85,64.51,2006-02-06,6,2,2006,6
2006-02-07,34.18,30.77,259.64,64.86,2006-02-07,7,2,2006,6
2006-02-08,34.14,30.73,259.43,65.22,2006-02-08,8,2,2006,6
2006-02-09,34.1,30.69,259.22,65.58,2006-02-09,9,2,2006,6
2006-02-10,34.06,30.65,259.01,65.93,2006-02-10,10,2,2006,6
2006-02-11,34.04,30.64,256.99,66.18,2006-02-11,11,2,2006,6
2006-02-12,34.03,30.62,254.98,66.44,2006-02-12,12,2,2006,6
2006-02-13,34.01,30.61,252.96,66.69,2006-02-13,13,2,2006,7
2006-02-14,34.0,30.6,250.94,66.95,2006-02-14,14,2,2006,7
2006-02-15,33.98,30.58,248.92,67.2,2006-02-15,15,2,2006,7
2006-02-16,33.97,30.57,246.9,67.46,2006-02-16,16,2,2006,7
2006-02-17,33.95,30.56,244.88,67.71,2006-02-17,17,2,2006,7
2006-02-18,33.95,30.55,241.5,67.86,2006-02-18,18,2,2006,7
2006-02-19,33.95,30.55,238.11,68.01,2006-02-19,19,2,2006,7
2006-02-20,33.94,30.55,234.72,68.16,2006-02-20,20,2,2006,8
2006-02-21,33.94,30.54,231.34,68.31,2006-02-21,21,2,2006,8
2006-02-22,33.94,30.54,227.95,68.46,2006-02-22,22,2,2006,8
2006-02-23,33.93,30.54,224.57,68.61,2006-02-23,23,2,2006,8
2006-02-24,33.93,30.54,221.18,68.76,2006-02-24,24,2,2006,8
2006-02-25,33.92,30.53,216.88,68.8,2006-02-25,25,2,2006,8
2006-02-26,33.91,30.52,212.58,68.85,2006-02-26,26,2,2006,8
2006-02-27,33.9,30.51,208.27,68.89,2006-02-27,27,2,2006,9
2006-02-28,33.89,30.5,203.97,68.93,2006-02-28,28,2,2006,9
2006-03-01,33.88,30.49,199.67,68.98,2006-03-01,1,3,2006,9
2006-03-02,33.87,30.48,195.36,69.02,2006-03-02,2,3,2006,9
2006-03-03,33.86,30.47,191.06,69.06,2006-03-03,3,3,2006,9
2006-03-04,33.83,30.44,186.28,69.0,2006-03-04,4,3,2006,9
2006-03-05,33.79,30.41,181.51,68.93,2006-03-05,5,3,2006,9
2006-03-06,33.76,30.38,176.73,68.86,2006-03-06,6,3,2006,10
2006-03-07,33.73,30.35,171.96,68.8,2006-03-07,7,3,2006,10
2006-03-08,33.69,30.32,167.19,68.73,2006-03-08,8,3,2006,10
2006-03-09,33.66,30.29,162.41,68.66,2006-03-09,9,3,2006,10
2006-03-10,33.63,30.26,157.64,68.6,2006-03-10,10,3,2006,10
2006-03-11,33.56,30.21,152.8,68.43,2006-03-11,11,3,2006,10
2006-03-12,33.5,30.15,147.96,68.26,2006-03-12,12,3,2006,10
2006-03-13,33.44,30.09,143.12,68.09,2006-03-13,13,3,2006,11
2006-03-14,33.38,30.04,138.28,67.92,2006-03-14,14,3,2006,11
2006-03-15,33.31,29.98,133.45,67.75,2006-03-15,15,3,2006,11
2006-03-16,33.25,29.92,128.61,67.58,2006-03-16,16,3,2006,11
2006-03-17,33.19,29.87,123.77,67.41,2006-03-17,17,3,2006,11
2006-03-18,33.11,29.8,119.22,67.17,2006-03-18,18,3,2006,11
2006-03-19,33.03,29.72,114.66,66.92,2006-03-19,19,3,2006,11
2006-03-20,32.94,29.65,110.11,66.67,2006-03-20,20,3,2006,12
2006-03-21,32.86,29.58,105.56,66.42,2006-03-21,21,3,2006,12
2006-03-22,32.78,29.5,101.0,66.17,2006-03-22,22,3,2006,12
2006-03-23,32.7,29.43,96.45,65.92,2006-03-23,23,3,2006,12
2006-03-24,32.62,29.36,91.9,65.68,2006-03-24,24,3,2006,12
2006-03-25,32.53,29.28,87.97,65.37,2006-03-25,25,3,2006,12
2006-03-26,32.45,29.2,84.05,65.07,2006-03-26,26,3,2006,12
2006-03-27,32.36,29.12,80.12,64.76,2006-03-27,27,3,2006,13
2006-03-28,32.27,29.05,76.2,64.46,2006-03-28,28,3,2006,13
2006-03-29,32.19,28.97,72.27,64.15,2006-03-29,29,3,2006,13
2006-03-30,32.1,28.89,68.35,63.85,2006-03-30,30,3,2006,13
2006-03-31,32.01,28.81,64.42,63.55,2006-03-31,31,3,2006,13
2006-04-01,31.93,28.74,61.47,63.21,2006-04-01,1,4,2006,13
2006-04-02,31.85,28.67,58.52,62.87,2006-04-02,2,4,2006,13
2006-04-03,31.77,28.59,55.56,62.54,2006-04-03,3,4,2006,14
2006-04-04,31.69,28.52,52.61,62.2,2006-04-04,4,4,2006,14
2006-04-05,31.61,28.45,49.66,61.86,2006-04-05,5,4,2006,14
2006-04-06,31.53,28.38,46.71,61.53,2006-04-06,6,4,2006,14
2006-04-07,31.45,28.3,43.75,61.19,2006-04-07,7,4,2006,14
2006-04-08,31.38,28.25,42.03,60.85,2006-04-08,8,4,2006,14
2006-04-09,31.32,28.19,40.3,60.51,2006-04-09,9,4,2006,14
2006-04-10,31.25,28.13,38.58,60.16,2006-04-10,10,4,2006,15
2006-04-11,31.19,28.07,36.85,59.82,2006-04-11,11,4,2006,15
2006-04-12,31.12,28.01,35.13,59.48,2006-04-12,12,4,2006,15
2006-04-13,31.06,27.95,33.4,59.14,2006-04-13,13,4,2006,15
2006-04-14,30.99,27.89,31.67,58.8,2006-04-14,14,4,2006,15
2006-04-15,30.94,27.85,30.94,58.49,2006-04-15,15,4,2006,15
2006-04-16,30.89,27.8,30.21,58.18,2006-04-16,16,4,2006,15
2006-04-17,30.83,27.75,29.47,57.87,2006-04-17,17,4,2006,16
2006-04-18,30.78,27.7,28.74,57.56,2006-04-18,18,4,2006,16
2006-04-19,30.73,27.65,28.0,57.25,2006-04-19,19,4,2006,16
2006-04-20,30.67,27.6,27.27,56.94,2006-04-20,20,4,2006,16
2006-04-21,30.62,27.56,26.54,56.63,2006-04-21,21,4,2006,16
2006-04-22,30.57,27.51,26.24,56.39,2006-04-22,22,4,2006,16
2006-04-23,30.52,27.47,25.94,56.15,2006-04-23,23,4,2006,16
2006-04-24,30.47,27.42,25.65,55.92,2006-04-24,24,4,2006,17
2006-04-25,30.42,27.38,25.35,55.68,2006-04-25,25,4,2006,17
2006-04-26,30.37,27.34,25.05,55.45,2006-04-26,26,4,2006,17
2006-04-27,30.32,27.29,24.76,55.21,2006-04-27,27,4,2006,17
2006-04-28,30.27,27.25,24.46,54.97,2006-04-28,28,4,2006,17
2006-04-29,30.22,27.2,24.37,54.85,2006-04-29,29,4,2006,17
2006-04-30,30.17,27.15,24.28,54.73,2006-04-30,30,4,2006,17
2006-05-01,30.12,27.11,24.19,54.61,2006-05-01,1,5,2006,18
2006-05-02,30.07,27.06,24.1,54.49,2006-05-02,2,5,2006,18
2006-05-03,30.01,27.01,24.01,54.36,2006-05-03,3,5,2006,18
2006-05-04,29.96,26.97,23.91,54.24,2006-05-04,4,5,2006,18
2006-05-05,29.91,26.92,23.82,54.12,2006-05-05,5,5,2006,18
2006-05-06,29.85,26.86,23.63,54.15,2006-05-06,6,5,2006,18
2006-05-07,29.79,26.81,23.44,54.18,2006-05-07,7,5,2006,18
2006-05-08,29.73,26.75,23.24,54.2,2006-05-08,8,5,2006,19
2006-05-09,29.67,26.7,23.05,54.23,2006-05-09,9,5,2006,19
2006-05-10,29.61,26.64,22.85,54.26,2006-05-10,10,5,2006,19
2006-05-11,29.54,26.59,22.66,54.29,2006-05-11,11,5,2006,19
2006-05-12,29.48,26.53,22.47,54.31,2006-05-12,12,5,2006,19
2006-05-13,29.42,26.48,22.07,54.45,2006-05-13,13,5,2006,19
2006-05-14,29.36,26.42,21.68,54.59,2006-05-14,14,5,2006,19
2006-05-15,29.3,26.37,21.29,54.73,2006-05-15,15,5,2006,20
2006-05-16,29.23,26.31,20.9,54.86,2006-05-16,16,5,2006,20
2006-05-17,29.17,26.25,20.51,55.0,2006-05-17,17,5,2006,20
2006-05-18,29.11,26.2,20.12,55.14,2006-05-18,18,5,2006,20
2006-05-19,29.05,26.14,19.73,55.28,2006-05-19,19,5,2006,20
2006-05-20,29.0,26.1,19.31,55.43,2006-05-20,20,5,2006,20
2006-05-21,28.95,26.06,18.89,55.59,2006-05-21,21,5,2006,20
2006-05-22,28.9,26.01,18.47,55.75,2006-05-22,22,5,2006,21
2006-05-23,28.86,25.97,18.05,55.9,2006-05-23,23,5,2006,21
2006-05-24,28.81,25.93,17.64,56.06,2006-05-24,24,5,2006,21
2006-05-25,28.76,25.89,17.22,56.21,2006-05-25,25,5,2006,21
2006-05-26,28.71,25.84,16.8,56.37,2006-05-26,26,5,2006,21
2006-05-27,28.7,25.83,16.52,56.45,2006-05-27,27,5,2006,21
2006-05-28,28.68,25.82,16.24,56.53,2006-05-28,28,5,2006,21
2006-05-29,28.67,25.8,15.97,56.62,2006-05-29,29,5,2006,22
2006-05-30,28.65,25.79,15.69,56.7,2006-05-30,30,5,2006,22
2006-05-31,28.64,25.77,15.42,56.78,2006-05-31,31,5,2006,22
2006-06-01,28.62,25.76,15.14,56.86,2006-06-01,1,6,2006,22
2006-06-02,28.61,25.75,14.86,56.94,2006-06-02,2,6,2006,22
2006-06-03,28.64,25.78,14.9,56.86,2006-06-03,3,6,2006,22
2006-06-04,28.68,25.81,14.94,56.77,2006-06-04,4,6,2006,22
2006-06-05,28.71,25.84,14.97,56.69,2006-06-05,5,6,2006,23
2006-06-06,28.74,25.87,15.01,56.61,2006-06-06,6,6,2006,23
2006-06-07,28.78,25.9,15.05,56.52,2006-06-07,7,6,2006,23
2006-06-08,28.81,25.93,15.09,56.44,2006-06-08,8,6,2006,23
2006-06-09,28.85,25.96,15.12,56.35,2006-06-09,9,6,2006,23
2006-06-10,28.93,26.04,15.55,56.07,2006-06-10,10,6,2006,23
2006-06-11,29.02,26.12,15.97,55.78,2006-06-11,11,6,2006,23
2006-06-12,29.11,26.2,16.4,55.5,2006-06-12,12,6,2006,24
2006-06-13,29.19,26.27,16.82,55.21,2006-06-13,13,6,2006,24
2006-06-14,29.28,26.35,17.24,54.93,2006-06-14,14,6,2006,24
2006-06-15,29.37,26.43,17.67,54.64,2006-06-15,15,6,2006,24
2006-06-16,29.45,26.51,18.09,54.36,2006-06-16,16,6,2006,24
2006-06-17,29.57,26.62,18.66,53.94,2006-06-17,17,6,2006,24
2006-06-18,29.69,26.72,19.23,53.52,2006-06-18,18,6,2006,24
2006-06-19,29.81,26.83,19.8,53.11,2006-06-19,19,6,2006,25
2006-06-20,29.93,26.94,20.38,52.69,2006-06-20,20,6,2006,25
2006-06-21,30.05,27.05,20.95,52.27,2006-06-21,21,6,2006,25
2006-06-22,30.17,27.15,21.52,51.85,2006-06-22,22,6,2006,25
2006-06-23,30.29,27.26,22.09,51.44,2006-06-23,23,6,2006,25
2006-06-24,30.42,27.38,22.55,50.97,2006-06-24,24,6,2006,25
2006-06-25,30.55,27.5,23.01,50.5,2006-06-25,25,6,2006,25
2006-06-26,30.68,27.61,23.48,50.02,2006-06-26,26,6,2006,26
2006-06-27,30.81,27.73,23.94,49.55,2006-06-27,27,6,2006,26
2006-06-28,30.94,27.85,24.4,49.08,2006-06-28,28,6,2006,26
2006-06-29,31.07,27.97,24.87,48.61,2006-06-29,29,6,2006,26
2006-06-30,31.2,28.08,25.33,48.14,2006-06-30,30,6,2006,26
2006-07-01,31.32,28.19,25.47,47.69,2006-07-01,1,7,2006,26
2006-07-02,31.44,28.3,25.61,47.25,2006-07-02,2,7,2006,26
2006-07-03,31.56,28.4,25.75,46.8,2006-07-03,3,7,2006,27
2006-07-04,31.68,28.51,25.9,46.36,2006-07-04,4,7,2006,27
2006-07-05,31.8,28.62,26.04,45.91,2006-07-05,5,7,2006,27
2006-07-06,31.92,28.73,26.18,45.47,2006-07-06,6,7,2006,27
2006-07-07,32.04,28.83,26.32,45.02,2006-07-07,7,7,2006,27
2006-07-08,32.13,28.91,26.07,44.66,2006-07-08,8,7,2006,27
2006-07-09,32.22,28.99,25.82,44.31,2006-07-09,9,7,2006,27
2006-07-10,32.31,29.08,25.58,43.95,2006-07-10,10,7,2006,28
2006-07-11,32.4,29.16,25.33,43.6,2006-07-11,11,7,2006,28
2006-07-12,32.49,29.24,25.08,43.24,2006-07-12,12,7,2006,28
2006-07-13,32.58,29.32,24.84,42.89,2006-07-13,13,7,2006,28
2006-07-14,32.67,29.4,24.59,42.53,2006-07-14,14,7,2006,28
2006-07-15,32.73,29.46,24.12,42.27,2006-07-15,15,7,2006,28
2006-07-16,32.8,29.52,23.66,42.01,2006-07-16,16,7,2006,28
2006-07-17,32.86,29.58,23.2,41.74,2006-07-17,17,7,2006,29
2006-07-18,32.93,29.64,22.73,41.48,2006-07-18,18,7,2006,29
2006-07-19,33.0,29.7,22.27,41.22,2006-07-19,19,7,2006,29
2006-07-20,33.06,29.76,21.8,40.95,2006-07-20,20,7,2006,29
2006-07-21,33.13,29.82,21.34,40.69,2006-07-21,21,7,2006,29
2006-07-22,33.18,29.87,20.98,40.5,2006-07-22,22,7,2006,29
2006-07-23,33.24,29.91,20.63,40.31,2006-07-23,23,7,2006,29
2006-07-24,33.29,29.96,20.27,40.12,2006-07-24,24,7,2006,30
2006-07-25,33.35,30.01,19.91,39.93,2006-07-25,25,7,2006,30
2006-07-26,33.4,30.06,19.56,39.74,2006-07-26,26,7,2006,30
2006-07-27,33.46,30.11,19.2,39.55,2006-07-27,27,7,2006,30
2006-07-28,33.51,30.16,18.84,39.37,2006-07-28,28,7,2006,30
2006-07-29,33.57,30.21,18.91,39.23,2006-07-29,29,7,2006,30
2006-07-30,33.62,30.26,18.99,39.1,2006-07-30,30,7,2006,30
2006-07-31,33.68,30.31,19.06,38.96,2006-07-31,31,7,2006,31
2006-08-01,33.73,30.36,19.13,38.83,2006-08-01,1,8,2006,31
2006-08-02,33.79,30.41,19.2,38.69,2006-08-02,2,8,2006,31
2006-08-03,33.84,30.46,19.28,38.56,2006-08-03,3,8,2006,31
2006-08-04,33.9,30.51,19.35,38.43,2006-08-04,4,8,2006,31
2006-08-05,33.97,30.57,20.16,38.33,2006-08-05,5,8,2006,31
2006-08-06,34.03,30.63,20.98,38.24,2006-08-06,6,8,2006,31
2006-08-07,34.1,30.69,21.79,38.14,2006-08-07,7,8,2006,32
2006-08-08,34.17,30.75,22.6,38.04,2006-08-08,8,8,2006,32
2006-08-09,34.24,30.81,23.42,37.95,2006-08-09,9,8,2006,32
2006-08-10,34.3,30.87,24.23,37.85,2006-08-10,10,8,2006,32
2006-08-11,34.37,30.93,25.05,37.76,2006-08-11,11,8,2006,32
2006-08-12,34.45,31.0,26.6,37.71,2006-08-12,12,8,2006,32
2006-08-13,34.53,31.07,28.16,37.66,2006-08-13,13,8,2006,32
2006-08-14,34.6,31.14,29.71,37.61,2006-08-14,14,8,2006,33
2006-08-15,34.68,31.21,31.27,37.55,2006-08-15,15,8,2006,33
2006-08-16,34.76,31.28,32.82,37.5,2006-08-16,16,8,2006,33
2006-08-17,34.83,31.35,34.38,37.45,2006-08-17,17,8,2006,33
2006-08-18,34.91,31.42,35.94,37.4,2006-08-18,18,8,2006,33
2006-08-19,34.98,31.49,37.98,37.43,2006-08-19,19,8,2006,33
2006-08-20,35.06,31.55,40.03,37.45,2006-08-20,20,8,2006,33
2006-08-21,35.13,31.62,42.07,37.47,2006-08-21,21,8,2006,34
2006-08-22,35.2,31.68,44.12,37.49,2006-08-22,22,8,2006,34
2006-08-23,35.27,31.75,46.17,37.51,2006-08-23,23,8,2006,34
2006-08-24,35.35,31.81,48.21,37.54,2006-08-24,24,8,2006,34
2006-08-25,35.42,31.88,50.26,37.56,2006-08-25,25,8,2006,34
2006-08-26,35.47,31.92,52.53,37.68,2006-08-26,26,8,2006,34
2006-08-27,35.52,31.97,54.81,37.8,2006-08-27,27,8,2006,34
2006-08-28,35.58,32.02,57.09,37.93,2006-08-28,28,8,2006,35
2006-08-29,35.63,32.07,59.36,38.05,2006-08-29,29,8,2006,35
2006-08-30,35.68,32.11,61.64,38.17,2006-08-30,30,8,2006,35
2006-08-31,35.74,32.16,63.91,38.29,2006-08-31,31,8,2006,35
2006-09-01,35.79,32.21,66.19,38.42,2006-09-01,1,9,2006,35
2006-09-02,35.81,32.23,68.44,38.67,2006-09-02,2,9,2006,35
2006-09-03,35.83,32.24,70.68,38.92,2006-09-03,3,9,2006,35
2006-09-04,35.85,32.26,72.93,39.17,2006-09-04,4,9,2006,36
2006-09-05,35.86,32.28,75.18,39.42,2006-09-05,5,9,2006,36
2006-09-06,35.88,32.29,77.43,39.67,2006-09-06,6,9,2006,36
2006-09-07,35.9,32.31,79.67,39.92,2006-09-07,7,9,2006,36
2006-09-08,35.92,32.33,81.92,40.17,2006-09-08,8,9,2006,36
2006-09-09,35.9,32.31,83.94,40.54,2006-09-09,9,9,2006,36
2006-09-10,35.88,32.29,85.95,40.92,2006-09-10,10,9,2006,36
2006-09-11,35.86,32.27,87.97,41.29,2006-09-11,11,9,2006,37
2006-09-12,35.84,32.26,89.99,41.67,2006-09-12,12,9,2006,37
2006-09-13,35.82,32.24,92.0,42.04,2006-09-13,13,9,2006,37
2006-09-14,35.8,32.22,94.02,42.41,2006-09-14,14,9,2006,37
2006-09-15,35.78,32.2,96.04,42.79,2006-09-15,15,9,2006,37
2006-09-16,35.74,32.16,97.75,43.21,2006-09-16,16,9,2006,37
2006-09-17,35.69,32.13,99.46,43.64,2006-09-17,17,9,2006,37
2006-09-18,35.65,32.09,101.17,44.06,2006-09-18,18,9,2006,38
2006-09-19,35.61,32.05,102.88,44.48,2006-09-19,19,9,2006,38
2006-09-20,35.57,32.01,104.59,44.91,2006-09-20,20,9,2006,38
2006-09-21,35.53,31.97,106.31,45.33,2006-09-21,21,9,2006,38
2006-09-22,35.48,31.94,108.02,45.76,2006-09-22,22,9,2006,38
2006-09-23,35.44,31.9,109.36,46.15,2006-09-23,23,9,2006,38
2006-09-24,35.4,31.86,110.71,46.54,2006-09-24,24,9,2006,38
2006-09-25,35.35,31.82,112.06,46.93,2006-09-25,25,9,2006,39
2006-09-26,35.31,31.78,113.4,47.33,2006-09-26,26,9,2006,39
2006-09-27,35.26,31.74,114.75,47.72,2006-09-27,27,9,2006,39
2006-09-28,35.22,31.69,116.09,48.11,2006-09-28,28,9,2006,39
2006-09-29,35.17,31.65,117.44,48.5,2006-09-29,29,9,2006,39
2006-09-30,35.14,31.63,118.36,48.78,2006-09-30,30,9,2006,39
2006-10-01,35.12,31.61,119.28,49.06,2006-10-01,1,10,2006,39
2006-10-02,35.09,31.58,120.21,49.34,2006-10-02,2,10,2006,40
2006-10-03,35.06,31.56,121.13,49.61,2006-10-03,3,10,2006,40
2006-10-04,35.03,31.53,122.05,49.89,2006-10-04,4,10,2006,40
2006-10-05,35.01,31.51,122.97,50.17,2006-10-05,5,10,2006,40
2006-10-06,34.98,31.48,123.89,50.45,2006-10-06,6,10,2006,40
2006-10-07,34.98,31.49,124.36,50.55,2006-10-07,7,10,2006,40
2006-10-08,34.99,31.49,124.84,50.65,2006-10-08,8,10,2006,40
2006-10-09,34.99,31.5,125.31,50.75,2006-10-09,9,10,2006,41
2006-10-10,35.0,31.5,125.78,50.85,2006-10-10,10,10,2006,41
2006-10-11,35.01,31.5,126.25,50.95,2006-10-11,11,10,2006,41
2006-10-12,35.01,31.51,126.73,51.05,2006-10-12,12,10,2006,41
2006-10-13,35.02,31.51,127.2,51.15,2006-10-13,13,10,2006,41
2006-10-14,35.04,31.54,127.42,51.13,2006-10-14,14,10,2006,41
2006-10-15,35.07,31.56,127.64,51.11,2006-10-15,15,10,2006,41
2006-10-16,35.1,31.59,127.86,51.09,2006-10-16,16,10,2006,42
2006-10-17,35.13,31.62,128.08,51.06,2006-10-17,17,10,2006,42
2006-10-18,35.16,31.64,128.29,51.04,2006-10-18,18,10,2006,42
2006-10-19,35.18,31.67,128.51,51.02,2006-10-19,19,10,2006,42
2006-10-20,35.21,31.69,128.73,50.99,2006-10-20,20,10,2006,42
2006-10-21,35.25,31.72,128.98,50.95,2006-10-21,21,10,2006,42
2006-10-22,35.28,31.75,129.22,50.9,2006-10-22,22,10,2006,42
2006-10-23,35.31,31.78,129.46,50.85,2006-10-23,23,10,2006,43
2006-10-24,35.34,31.81,129.7,50.8,2006-10-24,24,10,2006,43
2006-10-25,35.38,31.84,129.95,50.76,2006-10-25,25,10,2006,43
2006-10-26,35.41,31.87,130.19,50.71,2006-10-26,26,10,2006,43
2006-10-27,35.44,31.9,130.43,50.66,2006-10-27,27,10,2006,43
2006-10-28,35.46,31.91,130.98,50.69,2006-10-28,28,10,2006,43
2006-10-29,35.48,31.93,131.52,50.71,2006-10-29,29,10,2006,43
2006-10-30,35.49,31.95,132.07,50.74,2006-10-30,30,10,2006,44
2006-10-31,35.51,31.96,132.61,50.77,2006-10-31,31,10,2006,44
2006-11-01,35.53,31.98,133.16,50.79,2006-11-01,1,11,2006,44
2006-11-02,35.55,31.99,133.7,50.82,2006-11-02,2,11,2006,44
2006-11-03,35.57,32.01,134.25,50.85,2006-11-03,3,11,2006,44
2006-11-04,35.55,32.0,135.37,51.04,2006-11-04,4,11,2006,44
2006-11-05,35.54,31.98,136.5,51.23,2006-11-05,5,11,2006,44
2006-11-06,35.52,31.97,137.62,51.43,2006-11-06,6,11,2006,45
2006-11-07,35.51,31.96,138.75,51.62,2006-11-07,7,11,2006,45
2006-11-08,35.49,31.94,139.88,51.82,2006-11-08,8,11,2006,45
2006-11-09,35.48,31.93,141.0,52.01,2006-11-09,9,11,2006,45
2006-11-10,35.46,31.92,142.13,52.21,2006-11-10,10,11,2006,45
2006-11-11,35.41,31.87,144.14,52.58,2006-11-11,11,11,2006,45
2006-11-12,35.36,31.82,146.16,52.96,2006-11-12,12,11,2006,45
2006-11-13,35.31,31.78,148.17,53.34,2006-11-13,13,11,2006,46
2006-11-14,35.26,31.73,150.19,53.71,2006-11-14,14,11,2006,46
2006-11-15,35.21,31.69,152.2,54.09,2006-11-15,15,11,2006,46
2006-11-16,35.16,31.64,154.22,54.46,2006-11-16,16,11,2006,46
2006-11-17,35.11,31.6,156.23,54.84,2006-11-17,17,11,2006,46
2006-11-18,35.03,31.53,159.47,55.33,2006-11-18,18,11,2006,46
2006-11-19,34.96,31.47,162.71,55.82,2006-11-19,19,11,2006,46
2006-11-20,34.89,31.4,165.95,56.31,2006-11-20,20,11,2006,47
2006-11-21,34.82,31.33,169.19,56.79,2006-11-21,21,11,2006,47
2006-11-22,34.74,31.27,172.43,57.28,2006-11-22,22,11,2006,47
2006-11-23,34.67,31.2,175.66,57.77,2006-11-23,23,11,2006,47
2006-11-24,34.6,31.14,178.9,58.26,2006-11-24,24,11,2006,47
2006-11-25,34.52,31.06,183.7,58.79,2006-11-25,25,11,2006,47
2006-11-26,34.43,30.99,188.5,59.31,2006-11-26,26,11,2006,47
2006-11-27,34.35,30.92,193.3,59.84,2006-11-27,27,11,2006,48
2006-11-28,34.27,30.84,198.1,60.37,2006-11-28,28,11,2006,48
2006-11-29,34.19,30.77,202.9,60.9,2006-11-29,29,11,2006,48
2006-11-30,34.11,30.7,207.7,61.43,2006-11-30,30,11,2006,48
2006-12-01,34.02,30.62,212.5,61.95,2006-12-01,1,12,2006,48
2006-12-02,33.95,30.55,219.2,62.45,2006-12-02,2,12,2006,48
2006-12-03,33.87,30.48,225.89,62.95,2006-12-03,3,12,2006,48
2006-12-04,33.79,30.41,232.59,63.44,2006-12-04,4,12,2006,49
2006-12-05,33.72,30.35,239.28,63.94,2006-12-05,5,12,2006,49
2006-12-06,33.64,30.28,245.98,64.43,2006-12-06,6,12,2006,49
2006-12-07,33.56,30.21,252.68,64.93,2006-12-07,7,12,2006,49
2006-12-08,33.49,30.14,259.37,65.42,2006-12-08,8,12,2006,49
2006-12-09,33.43,30.08,267.71,65.82,2006-12-09,9,12,2006,49
2006-12-10,33.36,30.03,276.04,66.23,2006-12-10,10,12,2006,49
2006-12-11,33.3,29.97,284.37,66.63,2006-12-11,11,12,2006,50
2006-12-12,33.24,29.92,292.71,67.03,2006-12-12,12,12,2006,50
2006-12-13,33.18,29.86,301.04,67.43,2006-12-13,13,12,2006,50
2006-12-14,33.12,29.81,309.37,67.83,2006-12-14,14,12,2006,50
2006-12-15,33.06,29.75,317.71,68.24,2006-12-15,15,12,2006,50
2006-12-16,33.01,29.71,325.87,68.52,2006-12-16,16,12,2006,50
2006-12-17,32.97,29.67,334.04,68.8,2006-12-17,17,12,2006,50
2006-12-18,32.92,29.63,342.2,69.08,2006-12-18,18,12,2006,51
2006-12-19,32.88,29.59,350.37,69.36,2006-12-19,19,12,2006,51
2006-12-20,32.83,29.55,358.53,69.64,2006-12-20,20,12,2006,51
2006-12-21,32.79,29.51,366.69,69.93,2006-12-21,21,12,2006,51
2006-12-22,32.74,29.47,374.86,70.21,2006-12-22,22,12,2006,51
2006-12-23,32.71,29.44,380.8,70.35,2006-12-23,23,12,2006,51
2006-12-24,32.69,29.42,386.74,70.48,2006-12-24,24,12,2006,51
2006-12-25,32.66,29.39,392.68,70.62,2006-12-25,25,12,2006,52
2006-12-26,32.63,29.37,398.62,70.76,2006-12-26,26,12,2006,52
2006-12-27,32.6,29.34,404.56,70.9,2006-12-27,27,12,2006,52
2006-12-28,32.58,29.32,410.5,71.04,2006-12-28,28,12,2006,52
2006-12-29,32.55,29.29,416.43,71.18,2006-12-29,29,12,2006,52
2006-12-30,32.54,29.28,418.09,71.15,2006-12-30,30,12,2006,52
2006-12-31,32.53,29.27,419.75,71.12,2006-12-31,31,12,2006,52
2007-01-01,32.52,29.27,421.41,71.09,2007-01-01,1,1,2007,1
2007-01-02,32.51,29.26,423.07,71.07,2007-01-02,2,1,2007,1
2007-01-03,32.5,29.25,424.73,71.04,2007-01-03,3,1,2007,1
2007-01-04,32.49,29.24,426.39,71.01,2007-01-04,4,1,2007,1
2007-01-05,32.47,29.23,428.05,70.98,2007-01-05,5,1,2007,1
2007-01-06,32.48,29.23,423.76,70.78,2007-01-06,6,1,2007,1
2007-01-07,32.49,29.24,419.46,70.57,2007-01-07,7,1,2007,1
2007-01-08,32.49,29.25,415.17,70.36,2007-01-08,8,1,2007,2
2007-01-09,32.5,29.25,410.88,70.15,2007-01-09,9,1,2007,2
2007-01-10,32.51,29.26,406.59,69.95,2007-01-10,10,1,2007,2
2007-01-11,32.51,29.26,402.3,69.74,2007-01-11,11,1,2007,2
2007-01-12,32.52,29.27,398.0,69.53,2007-01-12,12,1,2007,2
2007-01-13,32.54,29.29,389.04,69.19,2007-01-13,13,1,2007,2
2007-01-14,32.56,29.31,380.08,68.85,2007-01-14,14,1,2007,2
2007-01-15,32.58,29.33,371.11,68.51,2007-01-15,15,1,2007,3
2007-01-16,32.61,29.35,362.15,68.16,2007-01-16,16,1,2007,3
2007-01-17,32.63,29.36,353.19,67.82,2007-01-17,17,1,2007,3
2007-01-18,32.65,29.38,344.22,67.48,2007-01-18,18,1,2007,3
2007-01-19,32.67,29.4,335.26,67.14,2007-01-19,19,1,2007,3
2007-01-20,32.7,29.43,324.27,66.74,2007-01-20,20,1,2007,3
2007-01-21,32.73,29.46,313.27,66.34,2007-01-21,21,1,2007,3
2007-01-22,32.76,29.49,302.28,65.94,2007-01-22,22,1,2007,4
2007-01-23,32.8,29.52,291.29,65.54,2007-01-23,23,1,2007,4
2007-01-24,32.83,29.55,280.29,65.14,2007-01-24,24,1,2007,4
2007-01-25,32.86,29.57,269.3,64.74,2007-01-25,25,1,2007,4
2007-01-26,32.89,29.6,258.31,64.33,2007-01-26,26,1,2007,4
2007-01-27,32.93,29.64,247.93,63.95,2007-01-27,27,1,2007,4
2007-01-28,32.97,29.67,237.56,63.56,2007-01-28,28,1,2007,4
2007-01-29,33.01,29.71,227.19,63.18,2007-01-29,29,1,2007,5
2007-01-30,33.05,29.74,216.81,62.79,2007-01-30,30,1,2007,5
2007-01-31,33.09,29.78,206.44,62.41,2007-01-31,31,1,2007,5
2007-02-01,33.12,29.81,196.06,62.02,2007-02-01,1,2,2007,5
2007-02-02,33.16,29.85,185.69,61.64,2007-02-02,2,2,2007,5
2007-02-03,33.2,29.88,178.53,61.34,2007-02-03,3,2,2007,5
2007-02-04,33.25,29.92,171.37,61.05,2007-02-04,4,2,2007,5
2007-02-05,33.29,29.96,164.2,60.75,2007-02-05,5,2,2007,6
2007-02-06,33.33,30.0,157.04,60.46,2007-02-06,6,2,2007,6
2007-02-07,33.37,30.03,149.88,60.16,2007-02-07,7,2,2007,6
2007-02-08,33.41,30.07,142.72,59.87,2007-02-08,8,2,2007,6
2007-02-09,33.46,30.11,135.56,59.57,2007-02-09,9,2,2007,6
2007-02-10,33.5,30.15,132.38,59.4,2007-02-10,10,2,2007,6
2007-02-11,33.54,30.18,129.21,59.22,2007-02-11,11,2,2007,6
2007-02-12,33.58,30.22,126.03,59.05,2007-02-12,12,2,2007,7
2007-02-13,33.62,30.26,122.86,58.88,2007-02-13,13,2,2007,7
2007-02-14,33.66,30.29,119.69,58.7,2007-02-14,14,2,2007,7
2007-02-15,33.7,30.33,116.51,58.53,2007-02-15,15,2,2007,7
2007-02-16,33.74,30.37,113.34,58.36,2007-02-16,16,2,2007,7
2007-02-17,33.78,30.4,112.75,58.29,2007-02-17,17,2,2007,7
2007-02-18,33.82,30.44,112.17,58.23,2007-02-18,18,2,2007,7
2007-02-19,33.85,30.47,111.59,58.16,2007-02-19,19,2,2007,8
2007-02-20,33.89,30.5,111.01,58.1,2007-02-20,20,2,2007,8
2007-02-21,33.93,30.54,110.43,58.03,2007-02-21,21,2,2007,8
2007-02-22,33.97,30.57,109.85,57.96,2007-02-22,22,2,2007,8
2007-02-23,34.0,30.6,109.27,57.9,2007-02-23,23,2,2007,8
2007-02-24,34.03,30.63,109.76,57.92,2007-02-24,24,2,2007,8
2007-02-25,34.06,30.66,110.25,57.95,2007-02-25,25,2,2007,8
2007-02-26,34.09,30.68,110.74,57.97,2007-02-26,26,2,2007,9
2007-02-27,34.12,30.71,111.23,58.0,2007-02-27,27,2,2007,9
2007-02-28,34.15,30.73,111.72,58.02,2007-02-28,28,2,2007,9
2007-03-01,34.18,30.76,112.21,58.05,2007-03-01,1,3,2007,9
2007-03-02,34.21,30.79,112.71,58.07,2007-03-02,2,3,2007,9
2007-03-03,34.23,30.8,112.75,58.17,2007-03-03,3,3,2007,9
2007-03-04,34.24,30.82,112.79,58.26,2007-03-04,4,3,2007,9
2007-03-05,34.26,30.84,112.84,58.36,2007-03-05,5,3,2007,10
2007-03-06,34.28,30.85,112.88,58.46,2007-03-06,6,3,2007,10
2007-03-07,34.3,30.87,112.93,58.55,2007-03-07,7,3,2007,10
2007-03-08,34.32,30.89,112.97,58.65,2007-03-08,8,3,2007,10
2007-03-09,34.33,30.9,113.01,58.75,2007-03-09,9,3,2007,10
2007-03-10,34.34,30.9,111.58,58.89,2007-03-10,10,3,2007,10
2007-03-11,34.34,30.91,110.15,59.04,2007-03-11,11,3,2007,10
2007-03-12,34.35,30.91,108.72,59.19,2007-03-12,12,3,2007,11
2007-03-13,34.35,30.92,107.29,59.33,2007-03-13,13,3,2007,11
2007-03-14,34.35,30.92,105.86,59.48,2007-03-14,14,3,2007,11
2007-03-15,34.36,30.92,104.43,59.63,2007-03-15,15,3,2007,11
2007-03-16,34.36,30.93,103.0,59.77,2007-03-16,16,3,2007,11
2007-03-17,34.35,30.92,100.63,59.93,2007-03-17,17,3,2007,11
2007-03-18,34.34,30.91,98.26,60.09,2007-03-18,18,3,2007,11
2007-03-19,34.33,30.9,95.9,60.25,2007-03-19,19,3,2007,12
2007-03-20,34.32,30.88,93.53,60.41,2007-03-20,20,3,2007,12
2007-03-21,34.31,30.87,91.17,60.57,2007-03-21,21,3,2007,12
2007-03-22,34.29,30.86,88.8,60.72,2007-03-22,22,3,2007,12
2007-03-23,34.28,30.85,86.44,60.88,2007-03-23,23,3,2007,12
2007-03-24,34.25,30.83,83.99,61.01,2007-03-24,24,3,2007,12
2007-03-25,34.23,30.8,81.54,61.14,2007-03-25,25,3,2007,12
2007-03-26,34.2,30.78,79.09,61.27,2007-03-26,26,3,2007,13
2007-03-27,34.17,30.76,76.64,61.4,2007-03-27,27,3,2007,13
2007-03-28,34.14,30.73,74.19,61.53,2007-03-28,28,3,2007,13
2007-03-29,34.12,30.71,71.74,61.66,2007-03-29,29,3,2007,13
2007-03-30,34.09,30.68,69.29,61.79,2007-03-30,30,3,2007,13
2007-03-31,34.05,30.64,67.62,61.85,2007-03-31,31,3,2007,13
2007-04-01,34.0,30.6,65.94,61.91,2007-04-01,1,4,2007,13
2007-04-02,33.96,30.56,64.26,61.97,2007-04-02,2,4,2007,14
2007-04-03,33.91,30.52,62.58,62.03,2007-04-03,3,4,2007,14
2007-04-04,33.87,30.48,60.9,62.09,2007-04-04,4,4,2007,14
2007-04-05,33.82,30.44,59.22,62.15,2007-04-05,5,4,2007,14
2007-04-06,33.78,30.4,57.54,62.21,2007-04-06,6,4,2007,14
2007-04-07,33.72,30.35,57.37,62.16,2007-04-07,7,4,2007,14
2007-04-08,33.66,30.29,57.2,62.12,2007-04-08,8,4,2007,14
2007-04-09,33.6,30.24,57.03,62.07,2007-04-09,9,4,2007,15
2007-04-10,33.53,30.18,56.86,62.03,2007-04-10,10,4,2007,15
2007-04-11,33.47,30.13,56.69,61.98,2007-04-11,11,4,2007,15
2007-04-12,33.41,30.07,56.52,61.94,2007-04-12,12,4,2007,15
2007-04-13,33.35,30.01,56.35,61.89,2007-04-13,13,4,2007,15
2007-04-14,33.28,29.95,57.35,61.76,2007-04-14,14,4,2007,15
2007-04-15,33.2,29.88,58.35,61.62,2007-04-15,15,4,2007,15
2007-04-16,33.13,29.81,59.35,61.49,2007-04-16,16,4,2007,16
2007-04-17,33.05,29.75,60.35,61.35,2007-04-17,17,4,2007,16
2007-04-18,32.98,29.68,61.35,61.22,2007-04-18,18,4,2007,16
2007-04-19,32.91,29.61,62.35,61.08,2007-04-19,19,4,2007,16
2007-04-20,32.83,29.55,63.34,60.95,2007-04-20,20,4,2007,16
2007-04-21,32.75,29.48,64.57,60.77,2007-04-21,21,4,2007,16
2007-04-22,32.67,29.4,65.8,60.59,2007-04-22,22,4,2007,16
2007-04-23,32.59,29.33,67.02,60.42,2007-04-23,23,4,2007,17
2007-04-24,32.51,29.26,68.25,60.24,2007-04-24,24,4,2007,17
2007-04-25,32.43,29.19,69.48,60.06,2007-04-25,25,4,2007,17
2007-04-26,32.35,29.12,70.7,59.88,2007-04-26,26,4,2007,17
2007-04-27,32.27,29.05,71.93,59.7,2007-04-27,27,4,2007,17
2007-04-28,32.2,28.98,72.43,59.53,2007-04-28,28,4,2007,17
2007-04-29,32.12,28.91,72.93,59.35,2007-04-29,29,4,2007,17
2007-04-30,32.04,28.84,73.44,59.18,2007-04-30,30,4,2007,18
2007-05-01,31.96,28.76,73.94,59.0,2007-05-01,1,5,2007,18
2007-05-02,31.88,28.69,74.44,58.83,2007-05-02,2,5,2007,18
2007-05-03,31.8,28.62,74.95,58.65,2007-05-03,3,5,2007,18
2007-05-04,31.73,28.55,75.45,58.48,2007-05-04,4,5,2007,18
2007-05-05,31.66,28.49,74.3,58.35,2007-05-05,5,5,2007,18
2007-05-06,31.59,28.43,73.15,58.22,2007-05-06,6,5,2007,18
2007-05-07,31.52,28.37,72.0,58.09,2007-05-07,7,5,2007,19
2007-05-08,31.45,28.3,70.85,57.97,2007-05-08,8,5,2007,19
2007-05-09,31.38,28.24,69.7,57.84,2007-05-09,9,5,2007,19
2007-05-10,31.31,28.18,68.55,57.71,2007-05-10,10,5,2007,19
2007-05-11,31.24,28.12,67.4,57.59,2007-05-11,11,5,2007,19
2007-05-12,31.18,28.06,64.58,57.52,2007-05-12,12,5,2007,19
2007-05-13,31.13,28.01,61.75,57.46,2007-05-13,13,5,2007,19
2007-05-14,31.07,27.96,58.93,57.4,2007-05-14,14,5,2007,20
2007-05-15,31.01,27.91,56.11,57.34,2007-05-15,15,5,2007,20
2007-05-16,30.96,27.86,53.28,57.28,2007-05-16,16,5,2007,20
2007-05-17,30.9,27.81,50.46,57.21,2007-05-17,17,5,2007,20
2007-05-18,30.84,27.76,47.64,57.15,2007-05-18,18,5,2007,20
2007-05-19,30.8,27.72,44.46,57.13,2007-05-19,19,5,2007,20
2007-05-20,30.76,27.68,41.28,57.11,2007-05-20,20,5,2007,20
2007-05-21,30.71,27.64,38.1,57.1,2007-05-21,21,5,2007,21
2007-05-22,30.67,27.6,34.92,57.08,2007-05-22,22,5,2007,21
2007-05-23,30.63,27.56,31.74,57.06,2007-05-23,23,5,2007,21
2007-05-24,30.58,27.52,28.56,57.04,2007-05-24,24,5,2007,21
2007-05-25,30.54,27.49,25.38,57.02,2007-05-25,25,5,2007,21
2007-05-26,30.51,27.46,23.35,57.02,2007-05-26,26,5,2007,21
2007-05-27,30.48,27.43,21.33,57.02,2007-05-27,27,5,2007,21
2007-05-28,30.45,27.41,19.3,57.02,2007-05-28,28,5,2007,22
2007-05-29,30.42,27.38,17.27,57.02,2007-05-29,29,5,2007,22
2007-05-30,30.39,27.35,15.24,57.02,2007-05-30,30,5,2007,22
2007-05-31,30.36,27.33,13.21,57.02,2007-05-31,31,5,2007,22
2007-06-01,30.33,27.3,11.19,57.02,2007-06-01,1,6,2007,22
2007-06-02,30.32,27.28,11.14,57.02,2007-06-02,2,6,2007,22
2007-06-03,30.3,27.27,11.08,57.01,2007-06-03,3,6,2007,22
2007-06-04,30.28,27.26,11.03,57.0,2007-06-04,4,6,2007,23
2007-06-05,30.27,27.24,10.98,57.0,2007-06-05,5,6,2007,23
2007-06-06,30.25,27.23,10.93,56.99,2007-06-06,6,6,2007,23
2007-06-07,30.24,27.21,10.88,56.99,2007-06-07,7,6,2007,23
2007-06-08,30.22,27.2,10.83,56.98,2007-06-08,8,6,2007,23
2007-06-09,30.22,27.2,14.21,56.94,2007-06-09,9,6,2007,23
2007-06-10,30.22,27.2,17.59,56.9,2007-06-10,10,6,2007,23
2007-06-11,30.22,27.19,20.97,56.87,2007-06-11,11,6,2007,24
2007-06-12,30.21,27.19,24.35,56.83,2007-06-12,12,6,2007,24
2007-06-13,30.21,27.19,27.73,56.79,2007-06-13,13,6,2007,24
2007-06-14,30.21,27.19,31.11,56.75,2007-06-14,14,6,2007,24
2007-06-15,30.21,27.19,34.49,56.72,2007-06-15,15,6,2007,24
2007-06-16,30.22,27.2,39.72,56.62,2007-06-16,16,6,2007,24
2007-06-17,30.23,27.21,44.95,56.53,2007-06-17,17,6,2007,24
2007-06-18,30.24,27.22,50.18,56.43,2007-06-18,18,6,2007,25
2007-06-19,30.25,27.23,55.41,56.34,2007-06-19,19,6,2007,25
2007-06-20,30.27,27.24,60.63,56.25,2007-06-20,20,6,2007,25
2007-06-21,30.28,27.25,65.86,56.15,2007-06-21,21,6,2007,25
2007-06-22,30.29,27.26,71.09,56.06,2007-06-22,22,6,2007,25
2007-06-23,30.31,27.28,76.29,55.89,2007-06-23,23,6,2007,25
2007-06-24,30.34,27.3,81.49,55.71,2007-06-24,24,6,2007,25
2007-06-25,30.36,27.32,86.7,55.54,2007-06-25,25,6,2007,26
2007-06-26,30.38,27.34,91.9,55.36,2007-06-26,26,6,2007,26
2007-06-27,30.41,27.37,97.1,55.19,2007-06-27,27,6,2007,26
2007-06-28,30.43,27.39,102.3,55.01,2007-06-28,28,6,2007,26
2007-06-29,30.45,27.41,107.5,54.84,2007-06-29,29,6,2007,26
2007-06-30,30.49,27.44,110.79,54.56,2007-06-30,30,6,2007,26
2007-07-01,30.52,27.47,114.07,54.28,2007-07-01,1,7,2007,26
2007-07-02,30.56,27.5,117.36,54.0,2007-07-02,2,7,2007,27
2007-07-03,30.6,27.54,120.64,53.72,2007-07-03,3,7,2007,27
2007-07-04,30.63,27.57,123.93,53.44,2007-07-04,4,7,2007,27
2007-07-05,30.67,27.6,127.21,53.16,2007-07-05,5,7,2007,27
2007-07-06,30.7,27.63,130.5,52.88,2007-07-06,6,7,2007,27
2007-07-07,30.75,27.67,130.14,52.48,2007-07-07,7,7,2007,27
2007-07-08,30.79,27.71,129.79,52.08,2007-07-08,8,7,2007,27
2007-07-09,30.84,27.76,129.43,51.67,2007-07-09,9,7,2007,28
2007-07-10,30.89,27.8,129.08,51.27,2007-07-10,10,7,2007,28
2007-07-11,30.93,27.84,128.72,50.86,2007-07-11,11,7,2007,28
2007-07-12,30.98,27.88,128.37,50.46,2007-07-12,12,7,2007,28
2007-07-13,31.02,27.92,128.01,50.06,2007-07-13,13,7,2007,28
2007-07-14,31.08,27.97,124.29,49.57,2007-07-14,14,7,2007,28
2007-07-15,31.14,28.02,120.57,49.08,2007-07-15,15,7,2007,28
2007-07-16,31.2,28.08,116.84,48.6,2007-07-16,16,7,2007,29
2007-07-17,31.25,28.13,113.12,48.11,2007-07-17,17,7,2007,29
2007-07-18,31.31,28.18,109.4,47.62,2007-07-18,18,7,2007,29
2007-07-19,31.37,28.23,105.67,47.13,2007-07-19,19,7,2007,29
2007-07-20,31.43,28.28,101.95,46.65,2007-07-20,20,7,2007,29
2007-07-21,31.5,28.35,96.48,46.16,2007-07-21,21,7,2007,29
2007-07-22,31.57,28.41,91.01,45.67,2007-07-22,22,7,2007,29
2007-07-23,31.64,28.48,85.53,45.19,2007-07-23,23,7,2007,30
2007-07-24,31.71,28.54,80.06,44.7,2007-07-24,24,7,2007,30
2007-07-25,31.78,28.6,74.59,44.21,2007-07-25,25,7,2007,30
2007-07-26,31.85,28.67,69.12,43.73,2007-07-26,26,7,2007,30
2007-07-27,31.92,28.73,63.65,43.24,2007-07-27,27,7,2007,30
2007-07-28,32.01,28.81,58.07,42.84,2007-07-28,28,7,2007,30
2007-07-29,32.09,28.88,52.49,42.43,2007-07-29,29,7,2007,30
2007-07-30,32.18,28.96,46.91,42.03,2007-07-30,30,7,2007,31
2007-07-31,32.26,29.04,41.33,41.63,2007-07-31,31,7,2007,31
2007-08-01,32.35,29.12,35.75,41.23,2007-08-01,1,8,2007,31
2007-08-02,32.44,29.19,30.17,40.82,2007-08-02,2,8,2007,31
2007-08-03,32.52,29.27,24.6,40.42,2007-08-03,3,8,2007,31
2007-08-04,32.62,29.36,21.33,40.19,2007-08-04,4,8,2007,31
2007-08-05,32.73,29.45,18.06,39.95,2007-08-05,5,8,2007,31
2007-08-06,32.83,29.55,14.79,39.71,2007-08-06,6,8,2007,32
2007-08-07,32.93,29.64,11.52,39.48,2007-08-07,7,8,2007,32
2007-08-08,33.03,29.73,8.25,39.24,2007-08-08,8,8,2007,32
2007-08-09,33.14,29.82,4.98,39.01,2007-08-09,9,8,2007,32
2007-08-10,33.24,29.91,1.71,38.77,2007-08-10,10,8,2007,32
2007-08-11,33.35,30.02,1.59,38.73,2007-08-11,11,8,2007,32
2007-08-12,33.47,30.12,1.47,38.69,2007-08-12,12,8,2007,32
2007-08-13,33.59,30.23,1.35,38.64,2007-08-13,13,8,2007,33
2007-08-14,33.7,30.33,1.22,38.6,2007-08-14,14,8,2007,33
2007-08-15,33.82,30.44,1.1,38.56,2007-08-15,15,8,2007,33
2007-08-16,33.94,30.54,0.98,38.52,2007-08-16,16,8,2007,33
2007-08-17,34.05,30.65,0.86,38.47,2007-08-17,17,8,2007,33
2007-08-18,34.17,30.76,0.88,38.55,2007-08-18,18,8,2007,33
2007-08-19,34.3,30.87,0.91,38.62,2007-08-19,19,8,2007,33
2007-08-20,34.42,30.97,0.93,38.7,2007-08-20,20,8,2007,34
2007-08-21,34.54,31.08,0.95,38.78,2007-08-21,21,8,2007,34
2007-08-22,34.66,31.19,0.97,38.85,2007-08-22,22,8,2007,34
2007-08-23,34.78,31.3,0.99,38.93,2007-08-23,23,8,2007,34
2007-08-24,34.9,31.41,1.01,39.0,2007-08-24,24,8,2007,34
2007-08-25,35.02,31.52,1.23,39.11,2007-08-25,25,8,2007,34
2007-08-26,35.14,31.62,1.44,39.22,2007-08-26,26,8,2007,34
2007-08-27,35.25,31.73,1.66,39.34,2007-08-27,27,8,2007,35
2007-08-28,35.37,31.83,1.88,39.45,2007-08-28,28,8,2007,35
2007-08-29,35.48,31.94,2.09,39.56,2007-08-29,29,8,2007,35
2007-08-30,35.6,32.04,2.31,39.67,2007-08-30,30,8,2007,35
2007-08-31,35.72,32.15,2.52,39.78,2007-08-31,31,8,2007,35
2007-09-01,35.82,32.24,3.41,39.84,2007-09-01,1,9,2007,35
2007-09-02,35.92,32.33,4.29,39.9,2007-09-02,2,9,2007,35
2007-09-03,36.02,32.42,5.18,39.96,2007-09-03,3,9,2007,36
2007-09-04,36.12,32.51,6.06,40.02,2007-09-04,4,9,2007,36
2007-09-05,36.23,32.6,6.95,40.08,2007-09-05,5,9,2007,36
2007-09-06,36.33,32.7,7.83,40.15,2007-09-06,6,9,2007,36
2007-09-07,36.43,32.79,8.72,40.21,2007-09-07,7,9,2007,36
2007-09-08,36.51,32.86,10.64,40.16,2007-09-08,8,9,2007,36
2007-09-09,36.58,32.93,12.56,40.11,2007-09-09,9,9,2007,36
2007-09-10,36.66,33.0,14.48,40.07,2007-09-10,10,9,2007,37
2007-09-11,36.74,33.07,16.4,40.02,2007-09-11,11,9,2007,37
2007-09-12,36.82,33.14,18.32,39.97,2007-09-12,12,9,2007,37
2007-09-13,36.9,33.21,20.23,39.93,2007-09-13,13,9,2007,37
2007-09-14,36.97,33.28,22.15,39.88,2007-09-14,14,9,2007,37
2007-09-15,37.02,33.32,24.06,39.78,2007-09-15,15,9,2007,37
2007-09-16,37.07,33.36,25.96,39.69,2007-09-16,16,9,2007,37
2007-09-17,37.11,33.4,27.87,39.59,2007-09-17,17,9,2007,38
2007-09-18,37.16,33.44,29.77,39.5,2007-09-18,18,9,2007,38
2007-09-19,37.21,33.49,31.68,39.4,2007-09-19,19,9,2007,38
2007-09-20,37.25,33.53,33.59,39.31,2007-09-20,20,9,2007,38
2007-09-21,37.3,33.57,35.49,39.21,2007-09-21,21,9,2007,38
2007-09-22,37.31,33.58,37.5,39.16,2007-09-22,22,9,2007,38
2007-09-23,37.32,33.59,39.52,39.11,2007-09-23,23,9,2007,38
2007-09-24,37.33,33.59,41.53,39.06,2007-09-24,24,9,2007,39
2007-09-25,37.34,33.6,43.55,39.01,2007-09-25,25,9,2007,39
2007-09-26,37.35,33.61,45.56,38.97,2007-09-26,26,9,2007,39
2007-09-27,37.36,33.62,47.57,38.92,2007-09-27,27,9,2007,39
2007-09-28,37.37,33.63,49.59,38.87,2007-09-28,28,9,2007,39
2007-09-29,37.33,33.6,51.84,38.96,2007-09-29,29,9,2007,39
2007-09-30,37.3,33.57,54.09,39.05,2007-09-30,30,9,2007,39
2007-10-01,37.26,33.54,56.34,39.15,2007-10-01,1,10,2007,40
2007-10-02,37.23,33.51,58.59,39.24,2007-10-02,2,10,2007,40
2007-10-03,37.2,33.48,60.84,39.33,2007-10-03,3,10,2007,40
2007-10-04,37.16,33.45,63.1,39.42,2007-10-04,4,10,2007,40
2007-10-05,37.13,33.42,65.35,39.52,2007-10-05,5,10,2007,40
2007-10-06,37.05,33.34,67.95,39.84,2007-10-06,6,10,2007,40
2007-10-07,36.97,33.27,70.55,40.16,2007-10-07,7,10,2007,40
2007-10-08,36.89,33.2,73.15,40.48,2007-10-08,8,10,2007,41
2007-10-09,36.8,33.12,75.76,40.8,2007-10-09,9,10,2007,41
2007-10-10,36.72,33.05,78.36,41.12,2007-10-10,10,10,2007,41
2007-10-11,36.64,32.98,80.96,41.44,2007-10-11,11,10,2007,41
2007-10-12,36.56,32.9,83.56,41.76,2007-10-12,12,10,2007,41
2007-10-13,36.44,32.8,86.37,42.27,2007-10-13,13,10,2007,41
2007-10-14,36.33,32.69,89.17,42.77,2007-10-14,14,10,2007,41
2007-10-15,36.21,32.59,91.98,43.28,2007-10-15,15,10,2007,42
2007-10-16,36.1,32.49,94.78,43.78,2007-10-16,16,10,2007,42
2007-10-17,35.98,32.38,97.58,44.29,2007-10-17,17,10,2007,42
2007-10-18,35.86,32.28,100.39,44.79,2007-10-18,18,10,2007,42
2007-10-19,35.75,32.17,103.19,45.3,2007-10-19,19,10,2007,42
2007-10-20,35.63,32.07,105.84,45.84,2007-10-20,20,10,2007,42
2007-10-21,35.51,31.96,108.49,46.37,2007-10-21,21,10,2007,42
2007-10-22,35.39,31.85,111.14,46.91,2007-10-22,22,10,2007,43
2007-10-23,35.27,31.74,113.79,47.45,2007-10-23,23,10,2007,43
2007-10-24,35.15,31.63,116.43,47.99,2007-10-24,24,10,2007,43
2007-10-25,35.03,31.53,119.08,48.52,2007-10-25,25,10,2007,43
2007-10-26,34.91,31.42,121.73,49.06,2007-10-26,26,10,2007,43
2007-10-27,34.81,31.33,123.86,49.47,2007-10-27,27,10,2007,43
2007-10-28,34.72,31.25,125.98,49.89,2007-10-28,28,10,2007,43
2007-10-29,34.62,31.16,128.11,50.3,2007-10-29,29,10,2007,44
2007-10-30,34.53,31.08,130.23,50.72,2007-10-30,30,10,2007,44
2007-10-31,34.43,30.99,132.36,51.13,2007-10-31,31,10,2007,44
2007-11-01,34.34,30.91,134.49,51.55,2007-11-01,1,11,2007,44
2007-11-02,34.24,30.82,136.61,51.96,2007-11-02,2,11,2007,44
2007-11-03,34.21,30.78,137.85,52.1,2007-11-03,3,11,2007,44
2007-11-04,34.17,30.75,139.1,52.24,2007-11-04,4,11,2007,44
2007-11-05,34.13,30.71,140.34,52.37,2007-11-05,5,11,2007,45
2007-11-06,34.09,30.68,141.58,52.51,2007-11-06,6,11,2007,45
2007-11-07,34.05,30.64,142.82,52.65,2007-11-07,7,11,2007,45
2007-11-08,34.01,30.61,144.06,52.79,2007-11-08,8,11,2007,45
2007-11-09,33.97,30.57,145.3,52.93,2007-11-09,9,11,2007,45
2007-11-10,33.99,30.6,145.63,52.74,2007-11-10,10,11,2007,45
2007-11-11,34.02,30.62,145.97,52.55,2007-11-11,11,11,2007,45
2007-11-12,34.05,30.64,146.3,52.36,2007-11-12,12,11,2007,46
2007-11-13,34.07,30.67,146.63,52.18,2007-11-13,13,11,2007,46
2007-11-14,34.1,30.69,146.96,51.99,2007-11-14,14,11,2007,46
2007-11-15,34.13,30.71,147.29,51.8,2007-11-15,15,11,2007,46
2007-11-16,34.15,30.74,147.63,51.61,2007-11-16,16,11,2007,46
2007-11-17,34.22,30.8,147.73,51.27,2007-11-17,17,11,2007,46
2007-11-18,34.28,30.85,147.83,50.92,2007-11-18,18,11,2007,46
2007-11-19,34.35,30.91,147.93,50.58,2007-11-19,19,11,2007,47
2007-11-20,34.41,30.97,148.03,50.23,2007-11-20,20,11,2007,47
2007-11-21,34.48,31.03,148.13,49.89,2007-11-21,21,11,2007,47
2007-11-22,34.54,31.09,148.23,49.55,2007-11-22,22,11,2007,47
2007-11-23,34.6,31.14,148.33,49.2,2007-11-23,23,11,2007,47
2007-11-24,34.67,31.21,148.96,48.89,2007-11-24,24,11,2007,47
2007-11-25,34.74,31.27,149.6,48.59,2007-11-25,25,11,2007,47
2007-11-26,34.81,31.33,150.23,48.28,2007-11-26,26,11,2007,48
2007-11-27,34.88,31.39,150.87,47.98,2007-11-27,27,11,2007,48
2007-11-28,34.95,31.45,151.5,47.67,2007-11-28,28,11,2007,48
2007-11-29,35.02,31.52,152.14,47.37,2007-11-29,29,11,2007,48
2007-11-30,35.09,31.58,152.77,47.06,2007-11-30,30,11,2007,48
2007-12-01,35.13,31.61,154.7,46.99,2007-12-01,1,12,2007,48
2007-12-02,35.17,31.65,156.64,46.92,2007-12-02,2,12,2007,48
2007-12-03,35.21,31.69,158.57,46.85,2007-12-03,3,12,2007,49
2007-12-04,35.25,31.72,160.51,46.78,2007-12-04,4,12,2007,49
2007-12-05,35.29,31.76,162.44,46.71,2007-12-05,5,12,2007,49
2007-12-06,35.33,31.8,164.38,46.63,2007-12-06,6,12,2007,49
2007-12-07,35.37,31.83,166.31,46.56,2007-12-07,7,12,2007,49
2007-12-08,35.36,31.82,170.09,46.88,2007-12-08,8,12,2007,49
2007-12-09,35.34,31.81,173.87,47.2,2007-12-09,9,12,2007,49
2007-12-10,35.32,31.79,177.65,47.52,2007-12-10,10,12,2007,50
2007-12-11,35.31,31.78,181.42,47.84,2007-12-11,11,12,2007,50
2007-12-12,35.29,31.77,185.2,48.16,2007-12-12,12,12,2007,50
2007-12-13,35.28,31.75,188.98,48.48,2007-12-13,13,12,2007,50
2007-12-14,35.26,31.74,192.76,48.8,2007-12-14,14,12,2007,50
2007-12-15,35.2,31.68,197.61,49.44,2007-12-15,15,12,2007,50
2007-12-16,35.14,31.63,202.45,50.07,2007-12-16,16,12,2007,50
2007-12-17,35.08,31.58,207.3,50.7,2007-12-17,17,12,2007,51
2007-12-18,35.02,31.52,212.15,51.33,2007-12-18,18,12,2007,51
2007-12-19,34.96,31.47,217.0,51.96,2007-12-19,19,12,2007,51
2007-12-20,34.9,31.41,221.85,52.6,2007-12-20,20,12,2007,51
2007-12-21,34.84,31.36,226.69,53.23,2007-12-21,21,12,2007,51
2007-12-22,34.76,31.28,231.35,54.01,2007-12-22,22,12,2007,51
2007-12-23,34.68,31.21,236.01,54.78,2007-12-23,23,12,2007,51
2007-12-24,34.6,31.14,240.67,55.56,2007-12-24,24,12,2007,52
2007-12-25,34.51,31.06,245.33,56.34,2007-12-25,25,12,2007,52
2007-12-26,34.43,30.99,249.98,57.12,2007-12-26,26,12,2007,52
2007-12-27,34.35,30.91,254.64,57.9,2007-12-27,27,12,2007,52
2007-12-28,34.27,30.84,259.3,58.68,2007-12-28,28,12,2007,52
2007-12-29,34.19,30.77,262.51,59.44,2007-12-29,29,12,2007,52
2007-12-30,34.11,30.7,265.72,60.2,2007-12-30,30,12,2007,52
2007-12-31,34.03,30.62,268.92,60.95,2007-12-31,31,12,2007,1
2008-01-01,33.95,30.55,272.13,61.71,2008-01-01,1,1,2008,1
2008-01-02,33.87,30.48,275.34,62.47,2008-01-02,2,1,2008,1
2008-01-03,33.79,30.41,278.55,63.23,2008-01-03,3,1,2008,1
2008-01-04,33.7,30.33,281.76,63.99,2008-01-04,4,1,2008,1
2008-01-05,33.65,30.28,282.31,64.57,2008-01-05,5,1,2008,1
2008-01-06,33.59,30.23,282.86,65.15,2008-01-06,6,1,2008,1
2008-01-07,33.54,30.19,283.41,65.73,2008-01-07,7,1,2008,2
2008-01-08,33.48,30.14,283.96,66.31,2008-01-08,8,1,2008,2
2008-01-09,33.43,30.09,284.51,66.89,2008-01-09,9,1,2008,2
2008-01-10,33.37,30.04,285.06,67.46,2008-01-10,10,1,2008,2
2008-01-11,33.32,29.99,285.61,68.04,2008-01-11,11,1,2008,2
2008-01-12,33.29,29.96,283.46,68.38,2008-01-12,12,1,2008,2
2008-01-13,33.27,29.94,281.31,68.72,2008-01-13,13,1,2008,2
2008-01-14,33.24,29.92,279.15,69.05,2008-01-14,14,1,2008,3
2008-01-15,33.22,29.9,277.0,69.39,2008-01-15,15,1,2008,3
2008-01-16,33.19,29.87,274.84,69.73,2008-01-16,16,1,2008,3
2008-01-17,33.17,29.85,272.69,70.06,2008-01-17,17,1,2008,3
2008-01-18,33.14,29.83,270.54,70.4,2008-01-18,18,1,2008,3
2008-01-19,33.13,29.82,266.75,70.53,2008-01-19,19,1,2008,3
2008-01-20,33.13,29.81,262.97,70.66,2008-01-20,20,1,2008,3
2008-01-21,33.12,29.81,259.18,70.79,2008-01-21,21,1,2008,4
2008-01-22,33.11,29.8,255.4,70.92,2008-01-22,22,1,2008,4
2008-01-23,33.11,29.8,251.61,71.05,2008-01-23,23,1,2008,4
2008-01-24,33.1,29.79,247.83,71.18,2008-01-24,24,1,2008,4
2008-01-25,33.09,29.78,244.04,71.31,2008-01-25,25,1,2008,4
2008-01-26,33.09,29.78,239.74,71.27,2008-01-26,26,1,2008,4
2008-01-27,33.09,29.78,235.44,71.23,2008-01-27,27,1,2008,4
2008-01-28,33.09,29.78,231.15,71.19,2008-01-28,28,1,2008,5
2008-01-29,33.09,29.78,226.85,71.15,2008-01-29,29,1,2008,5
2008-01-30,33.09,29.78,222.55,71.11,2008-01-30,30,1,2008,5
2008-01-31,33.08,29.78,218.25,71.07,2008-01-31,31,1,2008,5
2008-02-01,33.08,29.78,213.96,71.03,2008-02-01,1,2,2008,5
2008-02-02,33.08,29.77,210.26,70.86,2008-02-02,2,2,2008,5
2008-02-03,33.07,29.76,206.57,70.69,2008-02-03,3,2,2008,5
2008-02-04,33.06,29.75,202.88,70.52,2008-02-04,4,2,2008,6
2008-02-05,33.05,29.75,199.19,70.35,2008-02-05,5,2,2008,6
2008-02-06,33.04,29.74,195.5,70.18,2008-02-06,6,2,2008,6
2008-02-07,33.03,29.73,191.8,70.01,2008-02-07,7,2,2008,6
2008-02-08,33.03,29.72,188.11,69.84,2008-02-08,8,2,2008,6
2008-02-09,33.0,29.7,185.76,69.58,2008-02-09,9,2,2008,6
2008-02-10,32.98,29.68,183.41,69.33,2008-02-10,10,2,2008,6
2008-02-11,32.96,29.66,181.06,69.07,2008-02-11,11,2,2008,7
2008-02-12,32.94,29.64,178.71,68.82,2008-02-12,12,2,2008,7
2008-02-13,32.92,29.62,176.36,68.56,2008-02-13,13,2,2008,7
2008-02-14,32.89,29.6,174.02,68.3,2008-02-14,14,2,2008,7
2008-02-15,32.87,29.58,171.67,68.05,2008-02-15,15,2,2008,7
2008-02-16,32.84,29.56,170.43,67.76,2008-02-16,16,2,2008,7
2008-02-17,32.81,29.53,169.2,67.48,2008-02-17,17,2,2008,7
2008-02-18,32.78,29.5,167.96,67.19,2008-02-18,18,2,2008,8
2008-02-19,32.75,29.48,166.73,66.91,2008-02-19,19,2,2008,8
2008-02-20,32.72,29.45,165.49,66.62,2008-02-20,20,2,2008,8
2008-02-21,32.69,29.43,164.26,66.34,2008-02-21,21,2,2008,8
2008-02-22,32.67,29.4,163.02,66.05,2008-02-22,22,2,2008,8
2008-02-23,32.64,29.37,162.52,65.8,2008-02-23,23,2,2008,8
2008-02-24,32.61,29.35,162.03,65.55,2008-02-24,24,2,2008,8
2008-02-25,32.58,29.32,161.53,65.29,2008-02-25,25,2,2008,9
2008-02-26,32.55,29.3,161.03,65.04,2008-02-26,26,2,2008,9
2008-02-27,32.53,29.27,160.54,64.79,2008-02-27,27,2,2008,9
2008-02-28,32.5,29.25,160.04,64.53,2008-02-28,28,2,2008,9
2008-02-29,32.47,29.22,159.54,64.28,2008-02-29,29,2,2008,9
2008-03-01,32.46,29.21,159.41,64.12,2008-03-01,1,3,2008,9
2008-03-02,32.44,29.19,159.27,63.96,2008-03-02,2,3,2008,9
2008-03-03,32.42,29.18,159.13,63.79,2008-03-03,3,3,2008,10
2008-03-04,32.4,29.16,159.0,63.63,2008-03-04,4,3,2008,10
2008-03-05,32.39,29.15,158.86,63.47,2008-03-05,5,3,2008,10
2008-03-06,32.37,29.13,158.72,63.31,2008-03-06,6,3,2008,10
2008-03-07,32.35,29.12,158.59,63.15,2008-03-07,7,3,2008,10
2008-03-08,32.36,29.12,158.45,63.12,2008-03-08,8,3,2008,10
2008-03-09,32.36,29.12,158.32,63.1,2008-03-09,9,3,2008,10
2008-03-10,32.36,29.12,158.19,63.08,2008-03-10,10,3,2008,11
2008-03-11,32.36,29.12,158.05,63.06,2008-03-11,11,3,2008,11
2008-03-12,32.36,29.12,157.92,63.04,2008-03-12,12,3,2008,11
2008-03-13,32.36,29.12,157.79,63.01,2008-03-13,13,3,2008,11
2008-03-14,32.36,29.12,157.65,62.99,2008-03-14,14,3,2008,11
2008-03-15,32.37,29.13,157.31,63.08,2008-03-15,15,3,2008,11
2008-03-16,32.38,29.14,156.96,63.16,2008-03-16,16,3,2008,11
2008-03-17,32.39,29.15,156.61,63.25,2008-03-17,17,3,2008,12
2008-03-18,32.4,29.16,156.27,63.33,2008-03-18,18,3,2008,12
2008-03-19,32.41,29.17,155.92,63.41,2008-03-19,19,3,2008,12
2008-03-20,32.42,29.18,155.58,63.5,2008-03-20,20,3,2008,12
2008-03-21,32.44,29.19,155.23,63.58,2008-03-21,21,3,2008,12
2008-03-22,32.44,29.2,154.52,63.71,2008-03-22,22,3,2008,12
2008-03-23,32.45,29.2,153.81,63.83,2008-03-23,23,3,2008,12
2008-03-24,32.45,29.21,153.1,63.95,2008-03-24,24,3,2008,13
2008-03-25,32.46,29.21,152.39,64.07,2008-03-25,25,3,2008,13
2008-03-26,32.46,29.22,151.68,64.19,2008-03-26,26,3,2008,13
2008-03-27,32.47,29.22,150.97,64.31,2008-03-27,27,3,2008,13
2008-03-28,32.48,29.23,150.26,64.44,2008-03-28,28,3,2008,13
2008-03-29,32.46,29.22,149.04,64.53,2008-03-29,29,3,2008,13
2008-03-30,32.45,29.2,147.81,64.61,2008-03-30,30,3,2008,13
2008-03-31,32.43,29.19,146.59,64.7,2008-03-31,31,3,2008,14
2008-04-01,32.42,29.18,145.36,64.79,2008-04-01,1,4,2008,14
2008-04-02,32.41,29.17,144.14,64.88,2008-04-02,2,4,2008,14
2008-04-03,32.39,29.15,142.91,64.97,2008-04-03,3,4,2008,14
2008-04-04,32.38,29.14,141.69,65.06,2008-04-04,4,4,2008,14
2008-04-05,32.33,29.1,139.8,65.04,2008-04-05,5,4,2008,14
2008-04-06,32.28,29.05,137.92,65.03,2008-04-06,6,4,2008,14
2008-04-07,32.23,29.01,136.04,65.02,2008-04-07,7,4,2008,15
2008-04-08,32.19,28.97,134.15,65.01,2008-04-08,8,4,2008,15
2008-04-09,32.14,28.93,132.27,64.99,2008-04-09,9,4,2008,15
2008-04-10,32.09,28.88,130.39,64.98,2008-04-10,10,4,2008,15
2008-04-11,32.04,28.84,128.5,64.97,2008-04-11,11,4,2008,15
2008-04-12,31.96,28.77,126.05,64.85,2008-04-12,12,4,2008,15
2008-04-13,31.88,28.69,123.59,64.73,2008-04-13,13,4,2008,15
2008-04-14,31.8,28.62,121.13,64.6,2008-04-14,14,4,2008,16
2008-04-15,31.72,28.54,118.67,64.48,2008-04-15,15,4,2008,16
2008-04-16,31.63,28.47,116.21,64.36,2008-04-16,16,4,2008,16
2008-04-17,31.55,28.4,113.75,64.24,2008-04-17,17,4,2008,16
2008-04-18,31.47,28.32,111.29,64.12,2008-04-18,18,4,2008,16
2008-04-19,31.37,28.23,108.61,63.96,2008-04-19,19,4,2008,16
2008-04-20,31.27,28.14,105.92,63.8,2008-04-20,20,4,2008,16
2008-04-21,31.17,28.05,103.23,63.63,2008-04-21,21,4,2008,17
2008-04-22,31.07,27.96,100.54,63.47,2008-04-22,22,4,2008,17
2008-04-23,30.97,27.87,97.85,63.3,2008-04-23,23,4,2008,17
2008-04-24,30.87,27.78,95.17,63.14,2008-04-24,24,4,2008,17
2008-04-25,30.77,27.69,92.48,62.98,2008-04-25,25,4,2008,17
2008-04-26,30.67,27.6,89.92,62.84,2008-04-26,26,4,2008,17
2008-04-27,30.56,27.51,87.37,62.7,2008-04-27,27,4,2008,17
2008-04-28,30.46,27.42,84.81,62.56,2008-04-28,28,4,2008,18
2008-04-29,30.36,27.32,82.25,62.43,2008-04-29,29,4,2008,18
2008-04-30,30.26,27.23,79.7,62.29,2008-04-30,30,4,2008,18
2008-05-01,30.16,27.14,77.14,62.15,2008-05-01,1,5,2008,18
2008-05-02,30.05,27.05,74.58,62.01,2008-05-02,2,5,2008,18
2008-05-03,29.97,26.97,72.52,61.97,2008-05-03,3,5,2008,18
2008-05-04,29.88,26.89,70.46,61.93,2008-05-04,4,5,2008,18
2008-05-05,29.79,26.81,68.39,61.88,2008-05-05,5,5,2008,19
2008-05-06,29.71,26.74,66.33,61.84,2008-05-06,6,5,2008,19
2008-05-07,29.62,26.66,64.26,61.8,2008-05-07,7,5,2008,19
2008-05-08,29.53,26.58,62.2,61.75,2008-05-08,8,5,2008,19
2008-05-09,29.45,26.5,60.14,61.71,2008-05-09,9,5,2008,19
2008-05-10,29.39,26.45,58.78,61.8,2008-05-10,10,5,2008,19
2008-05-11,29.33,26.39,57.42,61.88,2008-05-11,11,5,2008,19
2008-05-12,29.27,26.34,56.07,61.96,2008-05-12,12,5,2008,20
2008-05-13,29.21,26.29,54.71,62.05,2008-05-13,13,5,2008,20
2008-05-14,29.15,26.23,53.35,62.13,2008-05-14,14,5,2008,20
2008-05-15,29.09,26.18,52.0,62.22,2008-05-15,15,5,2008,20
2008-05-16,29.03,26.13,50.64,62.3,2008-05-16,16,5,2008,20
2008-05-17,29.0,26.1,49.76,62.43,2008-05-17,17,5,2008,20
2008-05-18,28.97,26.07,48.87,62.56,2008-05-18,18,5,2008,20
2008-05-19,28.94,26.04,47.99,62.7,2008-05-19,19,5,2008,21
2008-05-20,28.9,26.01,47.11,62.83,2008-05-20,20,5,2008,21
2008-05-21,28.87,25.98,46.23,62.96,2008-05-21,21,5,2008,21
2008-05-22,28.84,25.96,45.35,63.09,2008-05-22,22,5,2008,21
2008-05-23,28.81,25.93,44.46,63.22,2008-05-23,23,5,2008,21
2008-05-24,28.8,25.92,43.73,63.3,2008-05-24,24,5,2008,21
2008-05-25,28.8,25.92,43.01,63.38,2008-05-25,25,5,2008,21
2008-05-26,28.79,25.91,42.28,63.46,2008-05-26,26,5,2008,22
2008-05-27,28.78,25.9,41.55,63.54,2008-05-27,27,5,2008,22
2008-05-28,28.78,25.9,40.82,63.62,2008-05-28,28,5,2008,22
2008-05-29,28.77,25.89,40.1,63.7,2008-05-29,29,5,2008,22
2008-05-30,28.76,25.89,39.37,63.78,2008-05-30,30,5,2008,22
2008-05-31,28.78,25.9,38.48,63.7,2008-05-31,31,5,2008,22
2008-06-01,28.8,25.92,37.58,63.63,2008-06-01,1,6,2008,22
2008-06-02,28.81,25.93,36.69,63.56,2008-06-02,2,6,2008,23
2008-06-03,28.83,25.95,35.8,63.48,2008-06-03,3,6,2008,23
2008-06-04,28.85,25.96,34.91,63.41,2008-06-04,4,6,2008,23
2008-06-05,28.86,25.98,34.01,63.33,2008-06-05,5,6,2008,23
2008-06-06,28.88,25.99,33.12,63.26,2008-06-06,6,6,2008,23
2008-06-07,28.92,26.03,31.83,62.94,2008-06-07,7,6,2008,23
2008-06-08,28.95,26.06,30.54,62.63,2008-06-08,8,6,2008,23
2008-06-09,28.99,26.09,29.25,62.32,2008-06-09,9,6,2008,24
2008-06-10,29.03,26.13,27.96,62.0,2008-06-10,10,6,2008,24
2008-06-11,29.07,26.16,26.68,61.69,2008-06-11,11,6,2008,24
2008-06-12,29.1,26.19,25.39,61.37,2008-06-12,12,6,2008,24
2008-06-13,29.14,26.23,24.1,61.06,2008-06-13,13,6,2008,24
2008-06-14,29.19,26.27,22.7,60.55,2008-06-14,14,6,2008,24
2008-06-15,29.24,26.32,21.31,60.04,2008-06-15,15,6,2008,24
2008-06-16,29.3,26.37,19.91,59.53,2008-06-16,16,6,2008,25
2008-06-17,29.35,26.41,18.52,59.02,2008-06-17,17,6,2008,25
2008-06-18,29.4,26.46,17.12,58.51,2008-06-18,18,6,2008,25
2008-06-19,29.45,26.51,15.72,58.01,2008-06-19,19,6,2008,25
2008-06-20,29.5,26.55,14.33,57.5,2008-06-20,20,6,2008,25
2008-06-21,29.56,26.61,13.14,56.91,2008-06-21,21,6,2008,25
2008-06-22,29.63,26.66,11.96,56.32,2008-06-22,22,6,2008,25
2008-06-23,29.69,26.72,10.77,55.74,2008-06-23,23,6,2008,26
2008-06-24,29.75,26.77,9.58,55.15,2008-06-24,24,6,2008,26
2008-06-25,29.81,26.83,8.4,54.57,2008-06-25,25,6,2008,26
2008-06-26,29.87,26.88,7.21,53.98,2008-06-26,26,6,2008,26
2008-06-27,29.93,26.93,6.02,53.39,2008-06-27,27,6,2008,26
2008-06-28,29.99,26.99,5.45,52.85,2008-06-28,28,6,2008,26
2008-06-29,30.05,27.05,4.87,52.3,2008-06-29,29,6,2008,26
2008-06-30,30.11,27.1,4.3,51.76,2008-06-30,30,6,2008,27
2008-07-01,30.18,27.16,3.72,51.21,2008-07-01,1,7,2008,27
2008-07-02,30.24,27.21,3.14,50.66,2008-07-02,2,7,2008,27
2008-07-03,30.3,27.27,2.57,50.12,2008-07-03,3,7,2008,27
2008-07-04,30.36,27.33,1.99,49.57,2008-07-04,4,7,2008,27
2008-07-05,30.42,27.38,2.46,49.18,2008-07-05,5,7,2008,27
2008-07-06,30.48,27.43,2.92,48.79,2008-07-06,6,7,2008,27
2008-07-07,30.53,27.48,3.39,48.4,2008-07-07,7,7,2008,28
2008-07-08,30.59,27.53,3.86,48.01,2008-07-08,8,7,2008,28
2008-07-09,30.65,27.58,4.32,47.62,2008-07-09,9,7,2008,28
2008-07-10,30.7,27.63,4.79,47.23,2008-07-10,10,7,2008,28
2008-07-11,30.76,27.68,5.26,46.84,2008-07-11,11,7,2008,28
2008-07-12,30.81,27.73,7.14,46.65,2008-07-12,12,7,2008,28
2008-07-13,30.86,27.78,9.03,46.45,2008-07-13,13,7,2008,28
2008-07-14,30.91,27.82,10.92,46.25,2008-07-14,14,7,2008,29
2008-07-15,30.97,27.87,12.81,46.06,2008-07-15,15,7,2008,29
2008-07-16,31.02,27.91,14.7,45.86,2008-07-16,16,7,2008,29
2008-07-17,31.07,27.96,16.59,45.66,2008-07-17,17,7,2008,29
2008-07-18,31.12,28.01,18.48,45.46,2008-07-18,18,7,2008,29
2008-07-19,31.17,28.05,20.88,45.39,2008-07-19,19,7,2008,29
2008-07-20,31.22,28.1,23.27,45.31,2008-07-20,20,7,2008,29
2008-07-21,31.28,28.15,25.67,45.23,2008-07-21,21,7,2008,30
2008-07-22,31.33,28.2,28.06,45.15,2008-07-22,22,7,2008,30
2008-07-23,31.38,28.24,30.46,45.07,2008-07-23,23,7,2008,30
2008-07-24,31.43,28.29,32.85,44.99,2008-07-24,24,7,2008,30
2008-07-25,31.49,28.34,35.25,44.91,2008-07-25,25,7,2008,30
2008-07-26,31.55,28.39,37.4,44.87,2008-07-26,26,7,2008,30
2008-07-27,31.61,28.45,39.56,44.82,2008-07-27,27,7,2008,30
2008-07-28,31.67,28.5,41.72,44.78,2008-07-28,28,7,2008,31
2008-07-29,31.73,28.56,43.87,44.74,2008-07-29,29,7,2008,31
2008-07-30,31.8,28.62,46.03,44.69,2008-07-30,30,7,2008,31
2008-07-31,31.86,28.67,48.18,44.65,2008-07-31,31,7,2008,31
2008-08-01,31.92,28.73,50.34,44.6,2008-08-01,1,8,2008,31
2008-08-02,32.0,28.8,51.51,44.51,2008-08-02,2,8,2008,31
2008-08-03,32.08,28.87,52.68,44.42,2008-08-03,3,8,2008,31
2008-08-04,32.16,28.94,53.85,44.33,2008-08-04,4,8,2008,32
2008-08-05,32.23,29.01,55.02,44.24,2008-08-05,5,8,2008,32
2008-08-06,32.31,29.08,56.2,44.15,2008-08-06,6,8,2008,32
2008-08-07,32.39,29.15,57.37,44.06,2008-08-07,7,8,2008,32
2008-08-08,32.47,29.22,58.54,43.96,2008-08-08,8,8,2008,32
2008-08-09,32.57,29.31,58.26,43.77,2008-08-09,9,8,2008,32
2008-08-10,32.67,29.4,57.97,43.58,2008-08-10,10,8,2008,32
2008-08-11,32.77,29.49,57.69,43.39,2008-08-11,11,8,2008,33
2008-08-12,32.87,29.58,57.41,43.19,2008-08-12,12,8,2008,33
2008-08-13,32.97,29.67,57.13,43.0,2008-08-13,13,8,2008,33
2008-08-14,33.07,29.76,56.84,42.81,2008-08-14,14,8,2008,33
2008-08-15,33.17,29.85,56.56,42.61,2008-08-15,15,8,2008,33
2008-08-16,33.29,29.96,55.4,42.37,2008-08-16,16,8,2008,33
2008-08-17,33.4,30.06,54.24,42.13,2008-08-17,17,8,2008,33
2008-08-18,33.51,30.16,53.09,41.88,2008-08-18,18,8,2008,34
2008-08-19,33.63,30.27,51.93,41.64,2008-08-19,19,8,2008,34
2008-08-20,33.74,30.37,50.77,41.4,2008-08-20,20,8,2008,34
2008-08-21,33.86,30.47,49.61,41.16,2008-08-21,21,8,2008,34
2008-08-22,33.97,30.58,48.45,40.91,2008-08-22,22,8,2008,34
2008-08-23,34.09,30.68,47.24,40.7,2008-08-23,23,8,2008,34
2008-08-24,34.21,30.79,46.03,40.49,2008-08-24,24,8,2008,34
2008-08-25,34.33,30.89,44.82,40.27,2008-08-25,25,8,2008,35
2008-08-26,34.45,31.0,43.61,40.06,2008-08-26,26,8,2008,35
2008-08-27,34.56,31.11,42.4,39.84,2008-08-27,27,8,2008,35
2008-08-28,34.68,31.21,41.19,39.63,2008-08-28,28,8,2008,35
2008-08-29,34.8,31.32,39.98,39.42,2008-08-29,29,8,2008,35
2008-08-30,34.91,31.42,39.52,39.31,2008-08-30,30,8,2008,35
2008-08-31,35.02,31.52,39.06,39.2,2008-08-31,31,8,2008,35
2008-09-01,35.14,31.62,38.6,39.09,2008-09-01,1,9,2008,36
2008-09-02,35.25,31.72,38.14,38.98,2008-09-02,2,9,2008,36
2008-09-03,35.36,31.82,37.68,38.88,2008-09-03,3,9,2008,36
2008-09-04,35.47,31.92,37.23,38.77,2008-09-04,4,9,2008,36
2008-09-05,35.58,32.03,36.77,38.66,2008-09-05,5,9,2008,36
2008-09-06,35.68,32.11,37.83,38.73,2008-09-06,6,9,2008,36
2008-09-07,35.77,32.2,38.89,38.8,2008-09-07,7,9,2008,36
2008-09-08,35.87,32.28,39.96,38.87,2008-09-08,8,9,2008,37
2008-09-09,35.96,32.37,41.02,38.94,2008-09-09,9,9,2008,37
2008-09-10,36.06,32.45,42.08,39.01,2008-09-10,10,9,2008,37
2008-09-11,36.16,32.54,43.15,39.08,2008-09-11,11,9,2008,37
2008-09-12,36.25,32.63,44.21,39.15,2008-09-12,12,9,2008,37
2008-09-13,36.32,32.69,46.62,39.4,2008-09-13,13,9,2008,37
2008-09-14,36.39,32.75,49.02,39.64,2008-09-14,14,9,2008,37
2008-09-15,36.46,32.81,51.43,39.88,2008-09-15,15,9,2008,38
2008-09-16,36.53,32.87,53.84,40.13,2008-09-16,16,9,2008,38
2008-09-17,36.6,32.94,56.25,40.37,2008-09-17,17,9,2008,38
2008-09-18,36.66,33.0,58.66,40.62,2008-09-18,18,9,2008,38
2008-09-19,36.73,33.06,61.07,40.86,2008-09-19,19,9,2008,38
2008-09-20,36.77,33.09,64.05,41.23,2008-09-20,20,9,2008,38
2008-09-21,36.8,33.12,67.04,41.59,2008-09-21,21,9,2008,38
2008-09-22,36.83,33.15,70.03,41.96,2008-09-22,22,9,2008,39
2008-09-23,36.87,33.18,73.02,42.33,2008-09-23,23,9,2008,39
2008-09-24,36.9,33.21,76.01,42.69,2008-09-24,24,9,2008,39
2008-09-25,36.93,33.24,78.99,43.06,2008-09-25,25,9,2008,39
2008-09-26,36.97,33.27,81.98,43.42,2008-09-26,26,9,2008,39
2008-09-27,36.96,33.26,84.77,43.86,2008-09-27,27,9,2008,39
2008-09-28,36.95,33.25,87.57,44.29,2008-09-28,28,9,2008,39
2008-09-29,36.93,33.24,90.36,44.73,2008-09-29,29,9,2008,40
2008-09-30,36.92,33.23,93.15,45.16,2008-09-30,30,9,2008,40
2008-10-01,36.91,33.22,95.95,45.6,2008-10-01,1,10,2008,40
2008-10-02,36.9,33.21,98.74,46.03,2008-10-02,2,10,2008,40
2008-10-03,36.89,33.2,101.53,46.47,2008-10-03,3,10,2008,40
2008-10-04,36.82,33.14,103.36,46.92,2008-10-04,4,10,2008,40
2008-10-05,36.76,33.08,105.19,47.37,2008-10-05,5,10,2008,40
2008-10-06,36.69,33.02,107.02,47.82,2008-10-06,6,10,2008,41
2008-10-07,36.63,32.96,108.84,48.27,2008-10-07,7,10,2008,41
2008-10-08,36.56,32.91,110.67,48.72,2008-10-08,8,10,2008,41
2008-10-09,36.5,32.85,112.5,49.17,2008-10-09,9,10,2008,41
2008-10-10,36.43,32.79,114.33,49.62,2008-10-10,10,10,2008,41
2008-10-11,36.32,32.69,114.87,50.03,2008-10-11,11,10,2008,41
2008-10-12,36.2,32.58,115.42,50.45,2008-10-12,12,10,2008,41
2008-10-13,36.09,32.48,115.97,50.86,2008-10-13,13,10,2008,42
2008-10-14,35.98,32.38,116.52,51.28,2008-10-14,14,10,2008,42
2008-10-15,35.86,32.28,117.06,51.69,2008-10-15,15,10,2008,42
2008-10-16,35.75,32.17,117.61,52.11,2008-10-16,16,10,2008,42
2008-10-17,35.64,32.07,118.16,52.53,2008-10-17,17,10,2008,42
2008-10-18,35.5,31.95,117.87,52.86,2008-10-18,18,10,2008,42
2008-10-19,35.37,31.84,117.57,53.2,2008-10-19,19,10,2008,42
2008-10-20,35.24,31.72,117.28,53.54,2008-10-20,20,10,2008,43
2008-10-21,35.11,31.6,116.99,53.88,2008-10-21,21,10,2008,43
2008-10-22,34.98,31.48,116.7,54.22,2008-10-22,22,10,2008,43
2008-10-23,34.85,31.36,116.4,54.56,2008-10-23,23,10,2008,43
2008-10-24,34.72,31.24,116.11,54.89,2008-10-24,24,10,2008,43
2008-10-25,34.6,31.14,115.49,55.11,2008-10-25,25,10,2008,43
2008-10-26,34.48,31.03,114.87,55.33,2008-10-26,26,10,2008,43
2008-10-27,34.37,30.93,114.25,55.55,2008-10-27,27,10,2008,44
2008-10-28,34.25,30.83,113.63,55.77,2008-10-28,28,10,2008,44
2008-10-29,34.13,30.72,113.01,55.99,2008-10-29,29,10,2008,44
2008-10-30,34.02,30.62,112.39,56.2,2008-10-30,30,10,2008,44
2008-10-31,33.9,30.51,111.77,56.42,2008-10-31,31,10,2008,44
2008-11-01,33.83,30.45,111.34,56.48,2008-11-01,1,11,2008,44
2008-11-02,33.76,30.39,110.9,56.54,2008-11-02,2,11,2008,44
2008-11-03,33.7,30.33,110.47,56.59,2008-11-03,3,11,2008,45
2008-11-04,33.63,30.26,110.03,56.65,2008-11-04,4,11,2008,45
2008-11-05,33.56,30.2,109.6,56.7,2008-11-05,5,11,2008,45
2008-11-06,33.49,30.14,109.16,56.76,2008-11-06,6,11,2008,45
2008-11-07,33.42,30.08,108.73,56.82,2008-11-07,7,11,2008,45
2008-11-08,33.42,30.08,108.94,56.69,2008-11-08,8,11,2008,45
2008-11-09,33.43,30.08,109.16,56.56,2008-11-09,9,11,2008,45
2008-11-10,33.43,30.09,109.37,56.43,2008-11-10,10,11,2008,46
2008-11-11,33.43,30.09,109.58,56.3,2008-11-11,11,11,2008,46
2008-11-12,33.44,30.09,109.8,56.17,2008-11-12,12,11,2008,46
2008-11-13,33.44,30.1,110.01,56.04,2008-11-13,13,11,2008,46
2008-11-14,33.44,30.1,110.23,55.91,2008-11-14,14,11,2008,46
2008-11-15,33.5,30.15,111.32,55.67,2008-11-15,15,11,2008,46
2008-11-16,33.55,30.2,112.42,55.42,2008-11-16,16,11,2008,46
2008-11-17,33.61,30.25,113.52,55.18,2008-11-17,17,11,2008,47
2008-11-18,33.67,30.3,114.62,54.94,2008-11-18,18,11,2008,47
2008-11-19,33.72,30.35,115.72,54.69,2008-11-19,19,11,2008,47
2008-11-20,33.78,30.4,116.81,54.45,2008-11-20,20,11,2008,47
2008-11-21,33.84,30.45,117.91,54.2,2008-11-21,21,11,2008,47
2008-11-22,33.92,30.53,120.06,53.94,2008-11-22,22,11,2008,47
2008-11-23,34.0,30.6,122.22,53.68,2008-11-23,23,11,2008,47
2008-11-24,34.08,30.67,124.37,53.42,2008-11-24,24,11,2008,48
2008-11-25,34.16,30.74,126.52,53.15,2008-11-25,25,11,2008,48
2008-11-26,34.24,30.81,128.67,52.89,2008-11-26,26,11,2008,48
2008-11-27,34.31,30.88,130.82,52.63,2008-11-27,27,11,2008,48
2008-11-28,34.39,30.95,132.97,52.36,2008-11-28,28,11,2008,48
2008-11-29,34.47,31.02,136.34,52.18,2008-11-29,29,11,2008,48
2008-11-30,34.54,31.09,139.72,52.0,2008-11-30,30,11,2008,48
2008-12-01,34.61,31.15,143.09,51.81,2008-12-01,1,12,2008,49
2008-12-02,34.68,31.22,146.46,51.63,2008-12-02,2,12,2008,49
2008-12-03,34.76,31.28,149.84,51.44,2008-12-03,3,12,2008,49
2008-12-04,34.83,31.35,153.21,51.26,2008-12-04,4,12,2008,49
2008-12-05,34.9,31.41,156.58,51.07,2008-12-05,5,12,2008,49
2008-12-06,34.94,31.44,161.3,51.06,2008-12-06,6,12,2008,49
2008-12-07,34.97,31.48,166.02,51.04,2008-12-07,7,12,2008,49
2008-12-08,35.01,31.51,170.74,51.03,2008-12-08,8,12,2008,50
2008-12-09,35.05,31.54,175.46,51.01,2008-12-09,9,12,2008,50
2008-12-10,35.08,31.58,180.18,51.0,2008-12-10,10,12,2008,50
2008-12-11,35.12,31.61,184.9,50.98,2008-12-11,11,12,2008,50
2008-12-12,35.16,31.64,189.62,50.97,2008-12-12,12,12,2008,50
2008-12-13,35.15,31.64,195.15,51.14,2008-12-13,13,12,2008,50
2008-12-14,35.15,31.63,200.68,51.3,2008-12-14,14,12,2008,50
2008-12-15,35.14,31.63,206.2,51.47,2008-12-15,15,12,2008,51
2008-12-16,35.14,31.62,211.73,51.63,2008-12-16,16,12,2008,51
2008-12-17,35.13,31.62,217.25,51.8,2008-12-17,17,12,2008,51
2008-12-18,35.13,31.61,222.78,51.97,2008-12-18,18,12,2008,51
2008-12-19,35.12,31.61,228.3,52.13,2008-12-19,19,12,2008,51
2008-12-20,35.09,31.58,233.57,52.43,2008-12-20,20,12,2008,51
2008-12-21,35.05,31.55,238.83,52.72,2008-12-21,21,12,2008,51
2008-12-22,35.02,31.52,244.09,53.01,2008-12-22,22,12,2008,52
2008-12-23,34.99,31.49,249.36,53.31,2008-12-23,23,12,2008,52
2008-12-24,34.95,31.46,254.62,53.6,2008-12-24,24,12,2008,52
2008-12-25,34.92,31.43,259.89,53.9,2008-12-25,25,12,2008,52
2008-12-26,34.89,31.4,265.15,54.19,2008-12-26,26,12,2008,52
2008-12-27,34.84,31.36,269.07,54.56,2008-12-27,27,12,2008,52
2008-12-28,34.79,31.31,272.99,54.93,2008-12-28,28,12,2008,52
2008-12-29,34.74,31.27,276.92,55.3,2008-12-29,29,12,2008,1
2008-12-30,34.7,31.23,280.84,55.67,2008-12-30,30,12,2008,1
2008-12-31,34.65,31.18,284.76,56.04,2008-12-31,31,12,2008,1
2009-01-01,34.6,31.14,288.68,56.41,2009-01-01,1,1,2009,1
2009-01-02,34.55,31.1,292.6,56.77,2009-01-02,2,1,2009,1
2009-01-03,34.5,31.05,294.11,57.16,2009-01-03,3,1,2009,1
2009-01-04,34.45,31.01,295.61,57.55,2009-01-04,4,1,2009,1
2009-01-05,34.4,30.96,297.12,57.94,2009-01-05,5,1,2009,2
2009-01-06,34.35,30.92,298.62,58.33,2009-01-06,6,1,2009,2
2009-01-07,34.3,30.87,300.12,58.72,2009-01-07,7,1,2009,2
2009-01-08,34.25,30.83,301.63,59.11,2009-01-08,8,1,2009,2
2009-01-09,34.2,30.78,303.13,59.5,2009-01-09,9,1,2009,2
2009-01-10,34.16,30.75,301.79,59.87,2009-01-10,10,1,2009,2
2009-01-11,34.12,30.71,300.45,60.23,2009-01-11,11,1,2009,2
2009-01-12,34.08,30.67,299.11,60.59,2009-01-12,12,1,2009,3
2009-01-13,34.04,30.64,297.78,60.96,2009-01-13,13,1,2009,3
2009-01-14,34.0,30.6,296.44,61.32,2009-01-14,14,1,2009,3
2009-01-15,33.96,30.57,295.1,61.68,2009-01-15,15,1,2009,3
2009-01-16,33.92,30.53,293.76,62.05,2009-01-16,16,1,2009,3
2009-01-17,33.9,30.51,290.46,62.35,2009-01-17,17,1,2009,3
2009-01-18,33.87,30.49,287.17,62.66,2009-01-18,18,1,2009,3
2009-01-19,33.85,30.46,283.87,62.97,2009-01-19,19,1,2009,4
2009-01-20,33.83,30.44,280.58,63.27,2009-01-20,20,1,2009,4
2009-01-21,33.8,30.42,277.28,63.58,2009-01-21,21,1,2009,4
2009-01-22,33.78,30.4,273.99,63.88,2009-01-22,22,1,2009,4
2009-01-23,33.75,30.38,270.69,64.19,2009-01-23,23,1,2009,4
2009-01-24,33.75,30.38,266.49,64.41,2009-01-24,24,1,2009,4
2009-01-25,33.75,30.37,262.28,64.63,2009-01-25,25,1,2009,4
2009-01-26,33.75,30.37,258.07,64.85,2009-01-26,26,1,2009,5
2009-01-27,33.74,30.37,253.87,65.07,2009-01-27,27,1,2009,5
2009-01-28,33.74,30.37,249.66,65.28,2009-01-28,28,1,2009,5
2009-01-29,33.74,30.36,245.45,65.5,2009-01-29,29,1,2009,5
2009-01-30,33.74,30.36,241.25,65.72,2009-01-30,30,1,2009,5
2009-01-31,33.76,30.39,237.17,65.82,2009-01-31,31,1,2009,5
2009-02-01,33.79,30.41,233.1,65.92,2009-02-01,1,2,2009,5
2009-02-02,33.81,30.43,229.03,66.03,2009-02-02,2,2,2009,6
2009-02-03,33.84,30.45,224.96,66.13,2009-02-03,3,2,2009,6
2009-02-04,33.86,30.48,220.88,66.23,2009-02-04,4,2,2009,6
2009-02-05,33.89,30.5,216.81,66.33,2009-02-05,5,2,2009,6
2009-02-06,33.91,30.52,212.74,66.43,2009-02-06,6,2,2009,6
2009-02-07,33.97,30.57,209.67,66.39,2009-02-07,7,2,2009,6
2009-02-08,34.02,30.62,206.6,66.36,2009-02-08,8,2,2009,6
2009-02-09,34.08,30.67,203.53,66.32,2009-02-09,9,2,2009,7
2009-02-10,34.13,30.72,200.46,66.28,2009-02-10,10,2,2009,7
2009-02-11,34.18,30.77,197.39,66.25,2009-02-11,11,2,2009,7
2009-02-12,34.24,30.82,194.32,66.21,2009-02-12,12,2,2009,7
2009-02-13,34.29,30.86,191.26,66.18,2009-02-13,13,2,2009,7
2009-02-14,34.36,30.92,189.05,66.03,2009-02-14,14,2,2009,7
2009-02-15,34.43,30.98,186.85,65.89,2009-02-15,15,2,2009,7
2009-02-16,34.49,31.04,184.65,65.75,2009-02-16,16,2,2009,8
2009-02-17,34.56,31.1,182.44,65.61,2009-02-17,17,2,2009,8
2009-02-18,34.62,31.16,180.24,65.47,2009-02-18,18,2,2009,8
2009-02-19,34.69,31.22,178.04,65.33,2009-02-19,19,2,2009,8
2009-02-20,34.75,31.28,175.83,65.19,2009-02-20,20,2,2009,8
2009-02-21,34.81,31.32,174.0,64.99,2009-02-21,21,2,2009,8
2009-02-22,34.86,31.37,172.17,64.8,2009-02-22,22,2,2009,8
2009-02-23,34.91,31.42,170.33,64.61,2009-02-23,23,2,2009,9
2009-02-24,34.96,31.46,168.5,64.41,2009-02-24,24,2,2009,9
2009-02-25,35.01,31.51,166.67,64.22,2009-02-25,25,2,2009,9
2009-02-26,35.06,31.55,164.83,64.02,2009-02-26,26,2,2009,9
2009-02-27,35.11,31.6,163.0,63.83,2009-02-27,27,2,2009,9
2009-02-28,35.12,31.61,161.04,63.64,2009-02-28,28,2,2009,9
2009-03-01,35.13,31.62,159.08,63.44,2009-03-01,1,3,2009,9
2009-03-02,35.14,31.63,157.12,63.25,2009-03-02,2,3,2009,10
2009-03-03,35.15,31.64,155.16,63.06,2009-03-03,3,3,2009,10
2009-03-04,35.16,31.65,153.19,62.86,2009-03-04,4,3,2009,10
2009-03-05,35.17,31.66,151.23,62.67,2009-03-05,5,3,2009,10
2009-03-06,35.18,31.67,149.27,62.48,2009-03-06,6,3,2009,10
2009-03-07,35.13,31.62,146.71,62.33,2009-03-07,7,3,2009,10
2009-03-08,35.07,31.57,144.15,62.19,2009-03-08,8,3,2009,10
2009-03-09,35.02,31.52,141.59,62.05,2009-03-09,9,3,2009,11
2009-03-10,34.97,31.47,139.03,61.91,2009-03-10,10,3,2009,11
2009-03-11,34.91,31.42,136.46,61.76,2009-03-11,11,3,2009,11
2009-03-12,34.86,31.37,133.9,61.62,2009-03-12,12,3,2009,11
2009-03-13,34.8,31.32,131.34,61.48,2009-03-13,13,3,2009,11
2009-03-14,34.69,31.22,128.2,61.41,2009-03-14,14,3,2009,11
2009-03-15,34.57,31.11,125.06,61.34,2009-03-15,15,3,2009,11
2009-03-16,34.46,31.01,121.92,61.27,2009-03-16,16,3,2009,12
2009-03-17,34.34,30.91,118.78,61.2,2009-03-17,17,3,2009,12
2009-03-18,34.23,30.81,115.64,61.13,2009-03-18,18,3,2009,12
2009-03-19,34.11,30.7,112.5,61.06,2009-03-19,19,3,2009,12
2009-03-20,34.0,30.6,109.36,60.99,2009-03-20,20,3,2009,12
2009-03-21,33.86,30.47,106.13,60.99,2009-03-21,21,3,2009,12
2009-03-22,33.71,30.34,102.9,60.99,2009-03-22,22,3,2009,12
2009-03-23,33.57,30.21,99.67,60.98,2009-03-23,23,3,2009,13
2009-03-24,33.43,30.09,96.45,60.98,2009-03-24,24,3,2009,13
2009-03-25,33.29,29.96,93.22,60.98,2009-03-25,25,3,2009,13
2009-03-26,33.15,29.83,89.99,60.98,2009-03-26,26,3,2009,13
2009-03-27,33.0,29.7,86.76,60.98,2009-03-27,27,3,2009,13
2009-03-28,32.87,29.58,83.94,61.03,2009-03-28,28,3,2009,13
2009-03-29,32.73,29.46,81.13,61.09,2009-03-29,29,3,2009,13
2009-03-30,32.59,29.34,78.32,61.15,2009-03-30,30,3,2009,14
2009-03-31,32.46,29.21,75.5,61.21,2009-03-31,31,3,2009,14
2009-04-01,32.32,29.09,72.69,61.27,2009-04-01,1,4,2009,14
2009-04-02,32.19,28.97,69.88,61.33,2009-04-02,2,4,2009,14
2009-04-03,32.05,28.85,67.06,61.39,2009-04-03,3,4,2009,14
2009-04-04,31.95,28.76,65.17,61.5,2009-04-04,4,4,2009,14
2009-04-05,31.86,28.67,63.28,61.61,2009-04-05,5,4,2009,14
2009-04-06,31.76,28.59,61.39,61.73,2009-04-06,6,4,2009,15
2009-04-07,31.67,28.5,59.5,61.84,2009-04-07,7,4,2009,15
2009-04-08,31.57,28.41,57.6,61.95,2009-04-08,8,4,2009,15
2009-04-09,31.47,28.33,55.71,62.06,2009-04-09,9,4,2009,15
2009-04-10,31.38,28.24,53.82,62.18,2009-04-10,10,4,2009,15
2009-04-11,31.34,28.2,53.11,62.33,2009-04-11,11,4,2009,15
2009-04-12,31.3,28.17,52.39,62.48,2009-04-12,12,4,2009,15
2009-04-13,31.26,28.13,51.68,62.63,2009-04-13,13,4,2009,16
2009-04-14,31.22,28.1,50.97,62.78,2009-04-14,14,4,2009,16
2009-04-15,31.18,28.06,50.25,62.93,2009-04-15,15,4,2009,16
2009-04-16,31.14,28.02,49.54,63.08,2009-04-16,16,4,2009,16
2009-04-17,31.1,27.99,48.83,63.23,2009-04-17,17,4,2009,16
2009-04-18,31.09,27.98,48.92,63.38,2009-04-18,18,4,2009,16
2009-04-19,31.09,27.98,49.01,63.53,2009-04-19,19,4,2009,16
2009-04-20,31.08,27.97,49.1,63.68,2009-04-20,20,4,2009,17
2009-04-21,31.07,27.97,49.19,63.83,2009-04-21,21,4,2009,17
2009-04-22,31.07,27.96,49.29,63.97,2009-04-22,22,4,2009,17
2009-04-23,31.06,27.96,49.38,64.12,2009-04-23,23,4,2009,17
2009-04-24,31.06,27.95,49.47,64.27,2009-04-24,24,4,2009,17
2009-04-25,31.05,27.95,49.92,64.37,2009-04-25,25,4,2009,17
2009-04-26,31.05,27.95,50.36,64.48,2009-04-26,26,4,2009,17
2009-04-27,31.05,27.94,50.81,64.58,2009-04-27,27,4,2009,18
2009-04-28,31.05,27.94,51.25,64.68,2009-04-28,28,4,2009,18
2009-04-29,31.04,27.94,51.69,64.79,2009-04-29,29,4,2009,18
2009-04-30,31.04,27.94,52.14,64.89,2009-04-30,30,4,2009,18
2009-05-01,31.04,27.93,52.58,64.99,2009-05-01,1,5,2009,18
2009-05-02,31.01,27.91,52.93,65.0,2009-05-02,2,5,2009,18
2009-05-03,30.98,27.88,53.27,65.02,2009-05-03,3,5,2009,18
2009-05-04,30.95,27.86,53.61,65.03,2009-05-04,4,5,2009,19
2009-05-05,30.92,27.83,53.95,65.04,2009-05-05,5,5,2009,19
2009-05-06,30.9,27.81,54.29,65.06,2009-05-06,6,5,2009,19
2009-05-07,30.87,27.78,54.64,65.07,2009-05-07,7,5,2009,19
2009-05-08,30.84,27.76,54.98,65.08,2009-05-08,8,5,2009,19
2009-05-09,30.76,27.68,54.83,64.97,2009-05-09,9,5,2009,19
2009-05-10,30.68,27.61,54.69,64.86,2009-05-10,10,5,2009,19
2009-05-11,30.6,27.54,54.55,64.75,2009-05-11,11,5,2009,20
2009-05-12,30.53,27.47,54.4,64.64,2009-05-12,12,5,2009,20
2009-05-13,30.45,27.4,54.26,64.53,2009-05-13,13,5,2009,20
2009-05-14,30.37,27.33,54.11,64.42,2009-05-14,14,5,2009,20
2009-05-15,30.29,27.26,53.97,64.31,2009-05-15,15,5,2009,20
2009-05-16,30.18,27.16,53.49,64.11,2009-05-16,16,5,2009,20
2009-05-17,30.07,27.06,53.02,63.92,2009-05-17,17,5,2009,20
2009-05-18,29.96,26.96,52.55,63.72,2009-05-18,18,5,2009,21
2009-05-19,29.84,26.86,52.07,63.53,2009-05-19,19,5,2009,21
2009-05-20,29.73,26.76,51.6,63.33,2009-05-20,20,5,2009,21
2009-05-21,29.62,26.66,51.12,63.14,2009-05-21,21,5,2009,21
2009-05-22,29.51,26.56,50.65,62.94,2009-05-22,22,5,2009,21
2009-05-23,29.4,26.46,50.24,62.73,2009-05-23,23,5,2009,21
2009-05-24,29.28,26.35,49.82,62.52,2009-05-24,24,5,2009,21
2009-05-25,29.17,26.25,49.41,62.31,2009-05-25,25,5,2009,22
2009-05-26,29.06,26.15,49.0,62.1,2009-05-26,26,5,2009,22
2009-05-27,28.95,26.05,48.58,61.88,2009-05-27,27,5,2009,22
2009-05-28,28.83,25.95,48.17,61.67,2009-05-28,28,5,2009,22
2009-05-29,28.72,25.85,47.75,61.46,2009-05-29,29,5,2009,22
2009-05-30,28.64,25.78,47.79,61.3,2009-05-30,30,5,2009,22
2009-05-31,28.56,25.71,47.83,61.14,2009-05-31,31,5,2009,22
2009-06-01,28.48,25.63,47.87,60.99,2009-06-01,1,6,2009,23
2009-06-02,28.4,25.56,47.91,60.83,2009-06-02,2,6,2009,23
2009-06-03,28.32,25.49,47.95,60.67,2009-06-03,3,6,2009,23
2009-06-04,28.25,25.42,47.99,60.51,2009-06-04,4,6,2009,23
2009-06-05,28.17,25.35,48.02,60.35,2009-06-05,5,6,2009,23
2009-06-06,28.15,25.34,48.89,60.31,2009-06-06,6,6,2009,23
2009-06-07,28.14,25.32,49.76,60.27,2009-06-07,7,6,2009,23
2009-06-08,28.12,25.31,50.63,60.24,2009-06-08,8,6,2009,24
2009-06-09,28.11,25.3,51.49,60.2,2009-06-09,9,6,2009,24
2009-06-10,28.1,25.29,52.36,60.16,2009-06-10,10,6,2009,24
2009-06-11,28.08,25.28,53.23,60.12,2009-06-11,11,6,2009,24
2009-06-12,28.07,25.26,54.1,60.08,2009-06-12,12,6,2009,24
2009-06-13,28.13,25.31,55.76,60.15,2009-06-13,13,6,2009,24
2009-06-14,28.18,25.36,57.41,60.22,2009-06-14,14,6,2009,24
2009-06-15,28.24,25.41,59.07,60.3,2009-06-15,15,6,2009,25
2009-06-16,28.29,25.46,60.73,60.37,2009-06-16,16,6,2009,25
2009-06-17,28.35,25.51,62.39,60.44,2009-06-17,17,6,2009,25
2009-06-18,28.41,25.57,64.05,60.51,2009-06-18,18,6,2009,25
2009-06-19,28.46,25.62,65.71,60.58,2009-06-19,19,6,2009,25
2009-06-20,28.56,25.7,67.65,60.67,2009-06-20,20,6,2009,25
2009-06-21,28.66,25.79,69.59,60.76,2009-06-21,21,6,2009,25
2009-06-22,28.75,25.88,71.53,60.84,2009-06-22,22,6,2009,26
2009-06-23,28.85,25.97,73.48,60.93,2009-06-23,23,6,2009,26
2009-06-24,28.95,26.06,75.42,61.02,2009-06-24,24,6,2009,26
2009-06-25,29.05,26.14,77.36,61.11,2009-06-25,25,6,2009,26
2009-06-26,29.15,26.23,79.31,61.19,2009-06-26,26,6,2009,26
2009-06-27,29.26,26.33,81.0,61.19,2009-06-27,27,6,2009,26
2009-06-28,29.37,26.43,82.7,61.2,2009-06-28,28,6,2009,26
2009-06-29,29.48,26.53,84.4,61.2,2009-06-29,29,6,2009,27
2009-06-30,29.59,26.63,86.09,61.2,2009-06-30,30,6,2009,27
2009-07-01,29.7,26.73,87.79,61.21,2009-07-01,1,7,2009,27
2009-07-02,29.81,26.82,89.48,61.21,2009-07-02,2,7,2009,27
2009-07-03,29.92,26.92,91.18,61.21,2009-07-03,3,7,2009,27
2009-07-04,30.01,27.01,92.1,61.03,2009-07-04,4,7,2009,27
2009-07-05,30.1,27.09,93.02,60.85,2009-07-05,5,7,2009,27
2009-07-06,30.19,27.17,93.94,60.67,2009-07-06,6,7,2009,28
2009-07-07,30.28,27.26,94.86,60.49,2009-07-07,7,7,2009,28
2009-07-08,30.38,27.34,95.78,60.31,2009-07-08,8,7,2009,28
2009-07-09,30.47,27.42,96.7,60.13,2009-07-09,9,7,2009,28
2009-07-10,30.56,27.51,97.61,59.94,2009-07-10,10,7,2009,28
2009-07-11,30.62,27.56,97.49,59.53,2009-07-11,11,7,2009,28
2009-07-12,30.67,27.61,97.37,59.12,2009-07-12,12,7,2009,28
2009-07-13,30.73,27.66,97.24,58.71,2009-07-13,13,7,2009,29
2009-07-14,30.79,27.71,97.12,58.3,2009-07-14,14,7,2009,29
2009-07-15,30.84,27.76,96.99,57.88,2009-07-15,15,7,2009,29
2009-07-16,30.9,27.81,96.87,57.47,2009-07-16,16,7,2009,29
2009-07-17,30.95,27.86,96.74,57.06,2009-07-17,17,7,2009,29
2009-07-18,30.98,27.89,96.1,56.53,2009-07-18,18,7,2009,29
2009-07-19,31.02,27.91,95.46,56.0,2009-07-19,19,7,2009,29
2009-07-20,31.05,27.94,94.81,55.46,2009-07-20,20,7,2009,30
2009-07-21,31.08,27.97,94.17,54.93,2009-07-21,21,7,2009,30
2009-07-22,31.11,28.0,93.53,54.4,2009-07-22,22,7,2009,30
2009-07-23,31.14,28.03,92.88,53.86,2009-07-23,23,7,2009,30
2009-07-24,31.17,28.06,92.24,53.33,2009-07-24,24,7,2009,30
2009-07-25,31.2,28.08,91.75,52.82,2009-07-25,25,7,2009,30
2009-07-26,31.22,28.1,91.26,52.3,2009-07-26,26,7,2009,30
2009-07-27,31.25,28.12,90.77,51.79,2009-07-27,27,7,2009,31
2009-07-28,31.27,28.14,90.27,51.27,2009-07-28,28,7,2009,31
2009-07-29,31.3,28.17,89.78,50.76,2009-07-29,29,7,2009,31
2009-07-30,31.32,28.19,89.29,50.25,2009-07-30,30,7,2009,31
2009-07-31,31.34,28.21,88.8,49.73,2009-07-31,31,7,2009,31
2009-08-01,31.38,28.24,89.13,49.37,2009-08-01,1,8,2009,31
2009-08-02,31.42,28.27,89.46,49.02,2009-08-02,2,8,2009,31
2009-08-03,31.45,28.31,89.8,48.66,2009-08-03,3,8,2009,32
2009-08-04,31.49,28.34,90.13,48.3,2009-08-04,4,8,2009,32
2009-08-05,31.52,28.37,90.46,47.95,2009-08-05,5,8,2009,32
2009-08-06,31.56,28.4,90.79,47.59,2009-08-06,6,8,2009,32
2009-08-07,31.59,28.43,91.13,47.23,2009-08-07,7,8,2009,32
2009-08-08,31.66,28.49,92.85,47.16,2009-08-08,8,8,2009,32
2009-08-09,31.72,28.55,94.58,47.08,2009-08-09,9,8,2009,32
2009-08-10,31.78,28.6,96.31,47.0,2009-08-10,10,8,2009,33
2009-08-11,31.84,28.66,98.04,46.93,2009-08-11,11,8,2009,33
2009-08-12,31.9,28.71,99.76,46.85,2009-08-12,12,8,2009,33
2009-08-13,31.97,28.77,101.49,46.78,2009-08-13,13,8,2009,33
2009-08-14,32.03,28.83,103.22,46.7,2009-08-14,14,8,2009,33
2009-08-15,32.11,28.9,106.03,46.88,2009-08-15,15,8,2009,33
2009-08-16,32.19,28.97,108.84,47.07,2009-08-16,16,8,2009,33
2009-08-17,32.27,29.04,111.64,47.25,2009-08-17,17,8,2009,34
2009-08-18,32.35,29.12,114.45,47.44,2009-08-18,18,8,2009,34
2009-08-19,32.43,29.19,117.26,47.62,2009-08-19,19,8,2009,34
2009-08-20,32.51,29.26,120.07,47.81,2009-08-20,20,8,2009,34
2009-08-21,32.59,29.33,122.88,47.99,2009-08-21,21,8,2009,34
2009-08-22,32.67,29.4,125.98,48.34,2009-08-22,22,8,2009,34
2009-08-23,32.75,29.47,129.09,48.69,2009-08-23,23,8,2009,34
2009-08-24,32.83,29.54,132.2,49.04,2009-08-24,24,8,2009,35
2009-08-25,32.91,29.62,135.3,49.39,2009-08-25,25,8,2009,35
2009-08-26,32.98,29.69,138.41,49.74,2009-08-26,26,8,2009,35
2009-08-27,33.06,29.76,141.52,50.09,2009-08-27,27,8,2009,35
2009-08-28,33.14,29.83,144.62,50.44,2009-08-28,28,8,2009,35
2009-08-29,33.2,29.88,147.24,50.86,2009-08-29,29,8,2009,35
2009-08-30,33.25,29.93,149.86,51.28,2009-08-30,30,8,2009,35
2009-08-31,33.31,29.98,152.47,51.7,2009-08-31,31,8,2009,36
2009-09-01,33.37,30.03,155.09,52.12,2009-09-01,1,9,2009,36
2009-09-02,33.42,30.08,157.71,52.54,2009-09-02,2,9,2009,36
2009-09-03,33.48,30.13,160.33,52.96,2009-09-03,3,9,2009,36
2009-09-04,33.54,30.18,162.95,53.38,2009-09-04,4,9,2009,36
2009-09-05,33.55,30.2,164.3,53.77,2009-09-05,5,9,2009,36
2009-09-06,33.56,30.21,165.66,54.17,2009-09-06,6,9,2009,36
2009-09-07,33.58,30.22,167.01,54.56,2009-09-07,7,9,2009,37
2009-09-08,33.59,30.23,168.37,54.96,2009-09-08,8,9,2009,37
2009-09-09,33.61,30.25,169.73,55.35,2009-09-09,9,9,2009,37
2009-09-10,33.62,30.26,171.08,55.75,2009-09-10,10,9,2009,37
2009-09-11,33.64,30.27,172.44,56.14,2009-09-11,11,9,2009,37
2009-09-12,33.61,30.25,172.33,56.45,2009-09-12,12,9,2009,37
2009-09-13,33.58,30.22,172.22,56.76,2009-09-13,13,9,2009,37
2009-09-14,33.55,30.2,172.11,57.07,2009-09-14,14,9,2009,38
2009-09-15,33.52,30.17,172.0,57.39,2009-09-15,15,9,2009,38
2009-09-16,33.49,30.14,171.89,57.7,2009-09-16,16,9,2009,38
2009-09-17,33.47,30.12,171.78,58.01,2009-09-17,17,9,2009,38
2009-09-18,33.44,30.09,171.68,58.32,2009-09-18,18,9,2009,38
2009-09-19,33.39,30.05,170.67,58.54,2009-09-19,19,9,2009,38
2009-09-20,33.34,30.01,169.66,58.75,2009-09-20,20,9,2009,38
2009-09-21,33.3,29.97,168.65,58.97,2009-09-21,21,9,2009,39
2009-09-22,33.25,29.93,167.64,59.19,2009-09-22,22,9,2009,39
2009-09-23,33.21,29.89,166.63,59.41,2009-09-23,23,9,2009,39
2009-09-24,33.16,29.84,165.62,59.62,2009-09-24,24,9,2009,39
2009-09-25,33.11,29.8,164.62,59.84,2009-09-25,25,9,2009,39
2009-09-26,33.08,29.77,163.33,59.96,2009-09-26,26,9,2009,39
2009-09-27,33.04,29.74,162.04,60.08,2009-09-27,27,9,2009,39
2009-09-28,33.0,29.7,160.75,60.2,2009-09-28,28,9,2009,40
2009-09-29,32.96,29.67,159.46,60.32,2009-09-29,29,9,2009,40
2009-09-30,32.93,29.64,158.18,60.44,2009-09-30,30,9,2009,40
2009-10-01,32.89,29.6,156.89,60.55,2009-10-01,1,10,2009,40
2009-10-02,32.85,29.57,155.6,60.67,2009-10-02,2,10,2009,40
2009-10-03,32.85,29.57,154.65,60.69,2009-10-03,3,10,2009,40
2009-10-04,32.85,29.57,153.7,60.7,2009-10-04,4,10,2009,40
2009-10-05,32.85,29.56,152.76,60.72,2009-10-05,5,10,2009,41
2009-10-06,32.85,29.56,151.81,60.73,2009-10-06,6,10,2009,41
2009-10-07,32.85,29.56,150.86,60.74,2009-10-07,7,10,2009,41
2009-10-08,32.85,29.56,149.91,60.76,2009-10-08,8,10,2009,41
2009-10-09,32.84,29.56,148.97,60.77,2009-10-09,9,10,2009,41
2009-10-10,32.9,29.61,148.86,60.69,2009-10-10,10,10,2009,41
2009-10-11,32.95,29.65,148.76,60.6,2009-10-11,11,10,2009,41
2009-10-12,33.0,29.7,148.65,60.52,2009-10-12,12,10,2009,42
2009-10-13,33.05,29.74,148.55,60.44,2009-10-13,13,10,2009,42
2009-10-14,33.1,29.79,148.45,60.35,2009-10-14,14,10,2009,42
2009-10-15,33.15,29.84,148.34,60.27,2009-10-15,15,10,2009,42
2009-10-16,33.2,29.88,148.24,60.19,2009-10-16,16,10,2009,42
2009-10-17,33.29,29.96,149.05,60.06,2009-10-17,17,10,2009,42
2009-10-18,33.37,30.03,149.86,59.93,2009-10-18,18,10,2009,42
2009-10-19,33.45,30.11,150.67,59.8,2009-10-19,19,10,2009,43
2009-10-20,33.54,30.18,151.48,59.67,2009-10-20,20,10,2009,43
2009-10-21,33.62,30.26,152.29,59.54,2009-10-21,21,10,2009,43
2009-10-22,33.7,30.33,153.1,59.41,2009-10-22,22,10,2009,43
2009-10-23,33.78,30.41,153.91,59.28,2009-10-23,23,10,2009,43
2009-10-24,33.87,30.48,155.61,59.17,2009-10-24,24,10,2009,43
2009-10-25,33.96,30.56,157.31,59.06,2009-10-25,25,10,2009,43
2009-10-26,34.04,30.64,159.01,58.95,2009-10-26,26,10,2009,44
2009-10-27,34.13,30.71,160.71,58.84,2009-10-27,27,10,2009,44
2009-10-28,34.21,30.79,162.41,58.72,2009-10-28,28,10,2009,44
2009-10-29,34.3,30.87,164.11,58.61,2009-10-29,29,10,2009,44
2009-10-30,34.38,30.94,165.81,58.5,2009-10-30,30,10,2009,44
2009-10-31,34.44,31.0,168.37,58.47,2009-10-31,31,10,2009,44
2009-11-01,34.5,31.05,170.93,58.44,2009-11-01,1,11,2009,44
2009-11-02,34.56,31.1,173.49,58.41,2009-11-02,2,11,2009,45
2009-11-03,34.62,31.15,176.05,58.38,2009-11-03,3,11,2009,45
2009-11-04,34.68,31.21,178.61,58.35,2009-11-04,4,11,2009,45
2009-11-05,34.73,31.26,181.18,58.32,2009-11-05,5,11,2009,45
2009-11-06,34.79,31.31,183.74,58.29,2009-11-06,6,11,2009,45
2009-11-07,34.8,31.32,187.12,58.4,2009-11-07,7,11,2009,45
2009-11-08,34.8,31.32,190.5,58.5,2009-11-08,8,11,2009,45
2009-11-09,34.81,31.33,193.88,58.61,2009-11-09,9,11,2009,46
2009-11-10,34.81,31.33,197.26,58.72,2009-11-10,10,11,2009,46
2009-11-11,34.82,31.34,200.64,58.82,2009-11-11,11,11,2009,46
2009-11-12,34.82,31.34,204.02,58.93,2009-11-12,12,11,2009,46
2009-11-13,34.83,31.35,207.4,59.04,2009-11-13,13,11,2009,46
2009-11-14,34.78,31.31,211.36,59.27,2009-11-14,14,11,2009,46
2009-11-15,34.74,31.27,215.32,59.5,2009-11-15,15,11,2009,46
2009-11-16,34.7,31.23,219.28,59.74,2009-11-16,16,11,2009,47
2009-11-17,34.65,31.19,223.24,59.97,2009-11-17,17,11,2009,47
2009-11-18,34.61,31.15,227.2,60.2,2009-11-18,18,11,2009,47
2009-11-19,34.57,31.11,231.17,60.43,2009-11-19,19,11,2009,47
2009-11-20,34.52,31.07,235.13,60.66,2009-11-20,20,11,2009,47
2009-11-21,34.45,31.01,239.31,60.96,2009-11-21,21,11,2009,47
2009-11-22,34.38,30.95,243.5,61.26,2009-11-22,22,11,2009,47
2009-11-23,34.32,30.89,247.68,61.56,2009-11-23,23,11,2009,48
2009-11-24,34.25,30.82,251.87,61.86,2009-11-24,24,11,2009,48
2009-11-25,34.18,30.76,256.05,62.16,2009-11-25,25,11,2009,48
2009-11-26,34.11,30.7,260.24,62.45,2009-11-26,26,11,2009,48
2009-11-27,34.04,30.64,264.42,62.75,2009-11-27,27,11,2009,48
2009-11-28,33.98,30.58,268.47,63.06,2009-11-28,28,11,2009,48
2009-11-29,33.91,30.52,272.52,63.37,2009-11-29,29,11,2009,48
2009-11-30,33.84,30.46,276.56,63.67,2009-11-30,30,11,2009,49
2009-12-01,33.77,30.39,280.61,63.98,2009-12-01,1,12,2009,49
2009-12-02,33.7,30.33,284.66,64.29,2009-12-02,2,12,2009,49
2009-12-03,33.64,30.27,288.7,64.59,2009-12-03,3,12,2009,49
2009-12-04,33.57,30.21,292.75,64.9,2009-12-04,4,12,2009,49
2009-12-05,33.52,30.17,296.3,65.16,2009-12-05,5,12,2009,49
2009-12-06,33.48,30.13,299.85,65.41,2009-12-06,6,12,2009,49
2009-12-07,33.44,30.09,303.39,65.67,2009-12-07,7,12,2009,50
2009-12-08,33.39,30.05,306.94,65.92,2009-12-08,8,12,2009,50
2009-12-09,33.35,30.02,310.49,66.18,2009-12-09,9,12,2009,50
2009-12-10,33.31,29.98,314.04,66.44,2009-12-10,10,12,2009,50
2009-12-11,33.26,29.94,317.59,66.69,2009-12-11,11,12,2009,50
2009-12-12,33.26,29.93,320.22,66.86,2009-12-12,12,12,2009,50
2009-12-13,33.25,29.93,322.86,67.03,2009-12-13,13,12,2009,50
2009-12-14,33.24,29.92,325.5,67.2,2009-12-14,14,12,2009,51
2009-12-15,33.24,29.91,328.14,67.37,2009-12-15,15,12,2009,51
2009-12-16,33.23,29.91,330.78,67.53,2009-12-16,16,12,2009,51
2009-12-17,33.22,29.9,333.42,67.7,2009-12-17,17,12,2009,51
2009-12-18,33.22,29.9,336.06,67.87,2009-12-18,18,12,2009,51
2009-12-19,33.24,29.92,337.3,67.95,2009-12-19,19,12,2009,51
2009-12-20,33.26,29.94,338.55,68.03,2009-12-20,20,12,2009,51
2009-12-21,33.28,29.96,339.79,68.11,2009-12-21,21,12,2009,52
2009-12-22,33.31,29.97,341.04,68.18,2009-12-22,22,12,2009,52
2009-12-23,33.33,29.99,342.28,68.26,2009-12-23,23,12,2009,52
2009-12-24,33.35,30.01,343.53,68.34,2009-12-24,24,12,2009,52
2009-12-25,33.37,30.03,344.77,68.42,2009-12-25,25,12,2009,52
2009-12-26,33.41,30.07,344.13,68.41,2009-12-26,26,12,2009,52
2009-12-27,33.45,30.11,343.48,68.39,2009-12-27,27,12,2009,52
2009-12-28,33.49,30.14,342.84,68.38,2009-12-28,28,12,2009,53
2009-12-29,33.53,30.18,342.19,68.37,2009-12-29,29,12,2009,53
2009-12-30,33.57,30.22,341.55,68.36,2009-12-30,30,12,2009,53
2009-12-31,33.61,30.25,340.91,68.34,2009-12-31,31,12,2009,53
2010-01-01,33.65,30.29,340.26,68.33,2010-01-01,1,1,2010,53
2010-01-02,33.7,30.33,337.24,68.23,2010-01-02,2,1,2010,53
2010-01-03,33.75,30.38,334.21,68.13,2010-01-03,3,1,2010,53
2010-01-04,33.8,30.42,331.18,68.02,2010-01-04,4,1,2010,1
2010-01-05,33.85,30.46,328.16,67.92,2010-01-05,5,1,2010,1
2010-01-06,33.9,30.51,325.13,67.82,2010-01-06,6,1,2010,1
2010-01-07,33.94,30.55,322.11,67.72,2010-01-07,7,1,2010,1
2010-01-08,33.99,30.59,319.08,67.61,2010-01-08,8,1,2010,1
2010-01-09,34.04,30.64,313.47,67.43,2010-01-09,9,1,2010,1
2010-01-10,34.09,30.68,307.86,67.24,2010-01-10,10,1,2010,1
2010-01-11,34.14,30.72,302.25,67.05,2010-01-11,11,1,2010,2
2010-01-12,34.18,30.77,296.64,66.87,2010-01-12,12,1,2010,2
2010-01-13,34.23,30.81,291.03,66.68,2010-01-13,13,1,2010,2
2010-01-14,34.28,30.85,285.42,66.49,2010-01-14,14,1,2010,2
2010-01-15,34.33,30.89,279.81,66.31,2010-01-15,15,1,2010,2
2010-01-16,34.37,30.93,272.73,66.07,2010-01-16,16,1,2010,2
2010-01-17,34.41,30.97,265.64,65.83,2010-01-17,17,1,2010,2
2010-01-18,34.45,31.01,258.56,65.59,2010-01-18,18,1,2010,3
2010-01-19,34.49,31.04,251.48,65.35,2010-01-19,19,1,2010,3
2010-01-20,34.54,31.08,244.39,65.12,2010-01-20,20,1,2010,3
2010-01-21,34.58,31.12,237.31,64.88,2010-01-21,21,1,2010,3
2010-01-22,34.62,31.16,230.23,64.64,2010-01-22,22,1,2010,3
2010-01-23,34.65,31.19,223.15,64.39,2010-01-23,23,1,2010,3
2010-01-24,34.68,31.21,216.07,64.14,2010-01-24,24,1,2010,3
2010-01-25,34.72,31.24,209.0,63.89,2010-01-25,25,1,2010,4
2010-01-26,34.75,31.27,201.92,63.64,2010-01-26,26,1,2010,4
2010-01-27,34.78,31.3,194.85,63.4,2010-01-27,27,1,2010,4
2010-01-28,34.81,31.33,187.77,63.15,2010-01-28,28,1,2010,4
2010-01-29,34.84,31.36,180.69,62.9,2010-01-29,29,1,2010,4
2010-01-30,34.86,31.38,175.1,62.68,2010-01-30,30,1,2010,4
2010-01-31,34.88,31.39,169.52,62.46,2010-01-31,31,1,2010,4
2010-02-01,34.9,31.41,163.93,62.24,2010-02-01,1,2,2010,5
2010-02-02,34.92,31.43,158.34,62.02,2010-02-02,2,2,2010,5
2010-02-03,34.94,31.44,152.75,61.8,2010-02-03,3,2,2010,5
2010-02-04,34.96,31.46,147.16,61.58,2010-02-04,4,2,2010,5
2010-02-05,34.97,31.48,141.57,61.36,2010-02-05,5,2,2010,5
2010-02-06,34.98,31.48,138.85,61.2,2010-02-06,6,2,2010,5
2010-02-07,34.98,31.48,136.13,61.05,2010-02-07,7,2,2010,5
2010-02-08,34.98,31.48,133.41,60.9,2010-02-08,8,2,2010,6
2010-02-09,34.98,31.48,130.69,60.75,2010-02-09,9,2,2010,6
2010-02-10,34.98,31.49,127.97,60.59,2010-02-10,10,2,2010,6
2010-02-11,34.99,31.49,125.24,60.44,2010-02-11,11,2,2010,6
2010-02-12,34.99,31.49,122.52,60.29,2010-02-12,12,2,2010,6
2010-02-13,34.97,31.47,122.55,60.21,2010-02-13,13,2,2010,6
2010-02-14,34.96,31.46,122.57,60.13,2010-02-14,14,2,2010,6
2010-02-15,34.94,31.45,122.59,60.04,2010-02-15,15,2,2010,7
2010-02-16,34.93,31.43,122.62,59.96,2010-02-16,16,2,2010,7
2010-02-17,34.91,31.42,122.64,59.88,2010-02-17,17,2,2010,7
2010-02-18,34.9,31.41,122.67,59.8,2010-02-18,18,2,2010,7
2010-02-19,34.88,31.39,122.69,59.72,2010-02-19,19,2,2010,7
2010-02-20,34.85,31.37,124.19,59.69,2010-02-20,20,2,2010,7
2010-02-21,34.83,31.34,125.7,59.66,2010-02-21,21,2,2010,7
2010-02-22,34.8,31.32,127.2,59.63,2010-02-22,22,2,2010,8
2010-02-23,34.77,31.29,128.71,59.6,2010-02-23,23,2,2010,8
2010-02-24,34.74,31.27,130.21,59.57,2010-02-24,24,2,2010,8
2010-02-25,34.71,31.24,131.72,59.54,2010-02-25,25,2,2010,8
2010-02-26,34.68,31.22,133.22,59.51,2010-02-26,26,2,2010,8
2010-02-27,34.65,31.18,134.92,59.5,2010-02-27,27,2,2010,8
2010-02-28,34.61,31.15,136.61,59.5,2010-02-28,28,2,2010,8
2010-03-01,34.57,31.11,138.3,59.5,2010-03-01,1,3,2010,9
2010-03-02,34.53,31.08,139.99,59.5,2010-03-02,2,3,2010,9
2010-03-03,34.49,31.04,141.68,59.5,2010-03-03,3,3,2010,9
2010-03-04,34.45,31.01,143.38,59.49,2010-03-04,4,3,2010,9
2010-03-05,34.42,30.97,145.07,59.49,2010-03-05,5,3,2010,9
2010-03-06,34.37,30.93,145.66,59.5,2010-03-06,6,3,2010,9
2010-03-07,34.33,30.89,146.25,59.5,2010-03-07,7,3,2010,9
2010-03-08,34.28,30.85,146.84,59.51,2010-03-08,8,3,2010,10
2010-03-09,34.23,30.81,147.43,59.51,2010-03-09,9,3,2010,10
2010-03-10,34.19,30.77,148.02,59.52,2010-03-10,10,3,2010,10
2010-03-11,34.14,30.73,148.61,59.52,2010-03-11,11,3,2010,10
2010-03-12,34.1,30.69,149.2,59.53,2010-03-12,12,3,2010,10
2010-03-13,34.05,30.64,148.01,59.53,2010-03-13,13,3,2010,10
2010-03-14,34.0,30.6,146.82,59.53,2010-03-14,14,3,2010,10
2010-03-15,33.95,30.56,145.63,59.53,2010-03-15,15,3,2010,11
2010-03-16,33.9,30.51,144.43,59.53,2010-03-16,16,3,2010,11
2010-03-17,33.85,30.47,143.24,59.53,2010-03-17,17,3,2010,11
2010-03-18,33.8,30.42,142.05,59.53,2010-03-18,18,3,2010,11
2010-03-19,33.75,30.38,140.86,59.53,2010-03-19,19,3,2010,11
2010-03-20,33.7,30.33,138.39,59.54,2010-03-20,20,3,2010,11
2010-03-21,33.65,30.29,135.93,59.55,2010-03-21,21,3,2010,11
2010-03-22,33.6,30.24,133.46,59.56,2010-03-22,22,3,2010,12
2010-03-23,33.55,30.2,131.0,59.56,2010-03-23,23,3,2010,12
2010-03-24,33.5,30.15,128.54,59.57,2010-03-24,24,3,2010,12
2010-03-25,33.45,30.11,126.07,59.58,2010-03-25,25,3,2010,12
2010-03-26,33.4,30.06,123.61,59.59,2010-03-26,26,3,2010,12
2010-03-27,33.35,30.02,120.52,59.61,2010-03-27,27,3,2010,12
2010-03-28,33.3,29.97,117.43,59.64,2010-03-28,28,3,2010,12
2010-03-29,33.25,29.93,114.34,59.67,2010-03-29,29,3,2010,13
2010-03-30,33.2,29.88,111.25,59.7,2010-03-30,30,3,2010,13
2010-03-31,33.15,29.84,108.15,59.73,2010-03-31,31,3,2010,13
2010-04-01,33.1,29.79,105.06,59.75,2010-04-01,1,4,2010,13
2010-04-02,33.05,29.75,101.97,59.78,2010-04-02,2,4,2010,13
2010-04-03,33.0,29.7,98.91,59.84,2010-04-03,3,4,2010,13
2010-04-04,32.96,29.66,95.84,59.9,2010-04-04,4,4,2010,13
2010-04-05,32.91,29.62,92.77,59.96,2010-04-05,5,4,2010,14
2010-04-06,32.86,29.58,89.7,60.02,2010-04-06,6,4,2010,14
2010-04-07,32.82,29.54,86.63,60.08,2010-04-07,7,4,2010,14
2010-04-08,32.77,29.49,83.56,60.15,2010-04-08,8,4,2010,14
2010-04-09,32.72,29.45,80.49,60.21,2010-04-09,9,4,2010,14
2010-04-10,32.68,29.41,78.0,60.31,2010-04-10,10,4,2010,14
2010-04-11,32.64,29.38,75.51,60.41,2010-04-11,11,4,2010,14
2010-04-12,32.6,29.34,73.01,60.51,2010-04-12,12,4,2010,15
2010-04-13,32.56,29.3,70.52,60.61,2010-04-13,13,4,2010,15
2010-04-14,32.52,29.26,68.03,60.7,2010-04-14,14,4,2010,15
2010-04-15,32.47,29.23,65.53,60.8,2010-04-15,15,4,2010,15
2010-04-16,32.43,29.19,63.04,60.9,2010-04-16,16,4,2010,15
2010-04-17,32.4,29.16,61.16,61.01,2010-04-17,17,4,2010,15
2010-04-18,32.36,29.12,59.27,61.11,2010-04-18,18,4,2010,15
2010-04-19,32.32,29.09,57.39,61.22,2010-04-19,19,4,2010,16
2010-04-20,32.28,29.06,55.51,61.32,2010-04-20,20,4,2010,16
2010-04-21,32.25,29.02,53.62,61.43,2010-04-21,21,4,2010,16
2010-04-22,32.21,28.99,51.74,61.53,2010-04-22,22,4,2010,16
2010-04-23,32.17,28.95,49.85,61.64,2010-04-23,23,4,2010,16
2010-04-24,32.14,28.92,48.43,61.7,2010-04-24,24,4,2010,16
2010-04-25,32.1,28.89,47.01,61.76,2010-04-25,25,4,2010,16
2010-04-26,32.07,28.86,45.59,61.82,2010-04-26,26,4,2010,17
2010-04-27,32.03,28.83,44.17,61.89,2010-04-27,27,4,2010,17
2010-04-28,32.0,28.8,42.75,61.95,2010-04-28,28,4,2010,17
2010-04-29,31.97,28.77,41.33,62.01,2010-04-29,29,4,2010,17
2010-04-30,31.93,28.74,39.91,62.07,2010-04-30,30,4,2010,17
2010-05-01,31.9,28.71,38.8,62.04,2010-05-01,1,5,2010,17
2010-05-02,31.87,28.68,37.7,62.01,2010-05-02,2,5,2010,17
2010-05-03,31.83,28.65,36.59,61.99,2010-05-03,3,5,2010,18
2010-05-04,31.8,28.62,35.49,61.96,2010-05-04,4,5,2010,18
2010-05-05,31.77,28.59,34.39,61.93,2010-05-05,5,5,2010,18
2010-05-06,31.74,28.56,33.28,61.9,2010-05-06,6,5,2010,18
2010-05-07,31.7,28.53,32.18,61.87,2010-05-07,7,5,2010,18
2010-05-08,31.67,28.5,31.25,61.71,2010-05-08,8,5,2010,18
2010-05-09,31.64,28.48,30.33,61.54,2010-05-09,9,5,2010,18
2010-05-10,31.61,28.45,29.4,61.38,2010-05-10,10,5,2010,19
2010-05-11,31.57,28.42,28.47,61.22,2010-05-11,11,5,2010,19
2010-05-12,31.54,28.39,27.55,61.05,2010-05-12,12,5,2010,19
2010-05-13,31.51,28.36,26.62,60.89,2010-05-13,13,5,2010,19
2010-05-14,31.48,28.33,25.69,60.73,2010-05-14,14,5,2010,19
2010-05-15,31.45,28.3,24.94,60.44,2010-05-15,15,5,2010,19
2010-05-16,31.41,28.27,24.19,60.16,2010-05-16,16,5,2010,19
2010-05-17,31.38,28.24,23.44,59.87,2010-05-17,17,5,2010,20
2010-05-18,31.35,28.22,22.69,59.59,2010-05-18,18,5,2010,20
2010-05-19,31.32,28.19,21.94,59.3,2010-05-19,19,5,2010,20
2010-05-20,31.29,28.16,21.19,59.02,2010-05-20,20,5,2010,20
2010-05-21,31.26,28.13,20.44,58.73,2010-05-21,21,5,2010,20
2010-05-22,31.23,28.1,19.96,58.4,2010-05-22,22,5,2010,20
2010-05-23,31.2,28.08,19.49,58.06,2010-05-23,23,5,2010,20
2010-05-24,31.17,28.05,19.01,57.72,2010-05-24,24,5,2010,21
2010-05-25,31.14,28.02,18.54,57.39,2010-05-25,25,5,2010,21
2010-05-26,31.11,28.0,18.06,57.05,2010-05-26,26,5,2010,21
2010-05-27,31.08,27.97,17.58,56.71,2010-05-27,27,5,2010,21
2010-05-28,31.05,27.94,17.11,56.38,2010-05-28,28,5,2010,21
2010-05-29,31.02,27.92,17.02,56.06,2010-05-29,29,5,2010,21
2010-05-30,30.99,27.89,16.94,55.74,2010-05-30,30,5,2010,21
2010-05-31,30.97,27.87,16.85,55.42,2010-05-31,31,5,2010,22
2010-06-01,30.94,27.85,16.77,55.1,2010-06-01,1,6,2010,22
2010-06-02,30.91,27.82,16.68,54.79,2010-06-02,2,6,2010,22
2010-06-03,30.89,27.8,16.6,54.47,2010-06-03,3,6,2010,22
2010-06-04,30.86,27.78,16.52,54.15,2010-06-04,4,6,2010,22
2010-06-05,30.84,27.76,16.95,53.92,2010-06-05,5,6,2010,22
2010-06-06,30.82,27.74,17.39,53.69,2010-06-06,6,6,2010,22
2010-06-07,30.8,27.72,17.82,53.46,2010-06-07,7,6,2010,23
2010-06-08,30.78,27.7,18.26,53.23,2010-06-08,8,6,2010,23
2010-06-09,30.76,27.68,18.69,53.0,2010-06-09,9,6,2010,23
2010-06-10,30.73,27.66,19.13,52.77,2010-06-10,10,6,2010,23
2010-06-11,30.71,27.64,19.56,52.54,2010-06-11,11,6,2010,23
2010-06-12,30.7,27.63,20.48,52.44,2010-06-12,12,6,2010,23
2010-06-13,30.69,27.62,21.4,52.33,2010-06-13,13,6,2010,23
2010-06-14,30.67,27.61,22.32,52.22,2010-06-14,14,6,2010,24
2010-06-15,30.66,27.59,23.24,52.11,2010-06-15,15,6,2010,24
2010-06-16,30.65,27.58,24.16,52.0,2010-06-16,16,6,2010,24
2010-06-17,30.63,27.57,25.08,51.9,2010-06-17,17,6,2010,24
2010-06-18,30.62,27.56,26.0,51.79,2010-06-18,18,6,2010,24
2010-06-19,30.62,27.56,27.03,51.74,2010-06-19,19,6,2010,24
2010-06-20,30.62,27.56,28.05,51.69,2010-06-20,20,6,2010,24
2010-06-21,30.63,27.56,29.08,51.65,2010-06-21,21,6,2010,25
2010-06-22,30.63,27.57,30.11,51.6,2010-06-22,22,6,2010,25
2010-06-23,30.63,27.57,31.14,51.56,2010-06-23,23,6,2010,25
2010-06-24,30.63,27.57,32.17,51.51,2010-06-24,24,6,2010,25
2010-06-25,30.63,27.57,33.19,51.46,2010-06-25,25,6,2010,25
2010-06-26,30.66,27.59,33.9,51.41,2010-06-26,26,6,2010,25
2010-06-27,30.68,27.61,34.62,51.35,2010-06-27,27,6,2010,25
2010-06-28,30.71,27.64,35.33,51.3,2010-06-28,28,6,2010,26
2010-06-29,30.73,27.66,36.04,51.24,2010-06-29,29,6,2010,26
2010-06-30,30.75,27.68,36.75,51.19,2010-06-30,30,6,2010,26
2010-07-01,30.78,27.7,37.46,51.13,2010-07-01,1,7,2010,26
2010-07-02,30.8,27.72,38.17,51.07,2010-07-02,2,7,2010,26
2010-07-03,30.86,27.77,38.14,50.94,2010-07-03,3,7,2010,26
2010-07-04,30.91,27.82,38.11,50.8,2010-07-04,4,7,2010,26
2010-07-05,30.96,27.87,38.08,50.66,2010-07-05,5,7,2010,27
2010-07-06,31.02,27.92,38.05,50.52,2010-07-06,6,7,2010,27
2010-07-07,31.07,27.96,38.02,50.38,2010-07-07,7,7,2010,27
2010-07-08,31.12,28.01,37.99,50.25,2010-07-08,8,7,2010,27
2010-07-09,31.18,28.06,37.96,50.11,2010-07-09,9,7,2010,27
2010-07-10,31.27,28.14,37.04,49.83,2010-07-10,10,7,2010,27
2010-07-11,31.36,28.22,36.12,49.55,2010-07-11,11,7,2010,27
2010-07-12,31.44,28.3,35.21,49.27,2010-07-12,12,7,2010,28
2010-07-13,31.53,28.38,34.29,48.99,2010-07-13,13,7,2010,28
2010-07-14,31.62,28.46,33.37,48.71,2010-07-14,14,7,2010,28
2010-07-15,31.71,28.54,32.45,48.43,2010-07-15,15,7,2010,28
2010-07-16,31.8,28.62,31.53,48.15,2010-07-16,16,7,2010,28
2010-07-17,31.91,28.72,30.16,47.75,2010-07-17,17,7,2010,28
2010-07-18,32.02,28.82,28.78,47.35,2010-07-18,18,7,2010,28
2010-07-19,32.14,28.92,27.4,46.95,2010-07-19,19,7,2010,29
2010-07-20,32.25,29.03,26.02,46.56,2010-07-20,20,7,2010,29
2010-07-21,32.37,29.13,24.65,46.16,2010-07-21,21,7,2010,29
2010-07-22,32.48,29.23,23.27,45.76,2010-07-22,22,7,2010,29
2010-07-23,32.59,29.33,21.89,45.36,2010-07-23,23,7,2010,29
2010-07-24,32.71,29.44,20.67,44.9,2010-07-24,24,7,2010,29
2010-07-25,32.84,29.55,19.45,44.44,2010-07-25,25,7,2010,29
2010-07-26,32.96,29.66,18.22,43.98,2010-07-26,26,7,2010,30
2010-07-27,33.08,29.77,17.0,43.52,2010-07-27,27,7,2010,30
2010-07-28,33.21,29.88,15.78,43.06,2010-07-28,28,7,2010,30
2010-07-29,33.33,30.0,14.56,42.6,2010-07-29,29,7,2010,30
2010-07-30,33.45,30.11,13.33,42.14,2010-07-30,30,7,2010,30
2010-07-31,33.57,30.21,12.54,41.68,2010-07-31,31,7,2010,30
2010-08-01,33.68,30.31,11.75,41.21,2010-08-01,1,8,2010,30
2010-08-02,33.8,30.42,10.96,40.75,2010-08-02,2,8,2010,31
2010-08-03,33.91,30.52,10.16,40.29,2010-08-03,3,8,2010,31
2010-08-04,34.03,30.63,9.37,39.82,2010-08-04,4,8,2010,31
2010-08-05,34.14,30.73,8.58,39.36,2010-08-05,5,8,2010,31
2010-08-06,34.26,30.83,7.78,38.9,2010-08-06,6,8,2010,31
2010-08-07,34.35,30.92,8.41,38.49,2010-08-07,7,8,2010,31
2010-08-08,34.45,31.0,9.03,38.08,2010-08-08,8,8,2010,31
2010-08-09,34.54,31.09,9.65,37.67,2010-08-09,9,8,2010,32
2010-08-10,34.63,31.17,10.27,37.26,2010-08-10,10,8,2010,32
2010-08-11,34.73,31.25,10.9,36.85,2010-08-11,11,8,2010,32
2010-08-12,34.82,31.34,11.52,36.44,2010-08-12,12,8,2010,32
2010-08-13,34.91,31.42,12.14,36.03,2010-08-13,13,8,2010,32
2010-08-14,34.98,31.48,14.99,35.72,2010-08-14,14,8,2010,32
2010-08-15,35.04,31.54,17.84,35.41,2010-08-15,15,8,2010,32
2010-08-16,35.11,31.59,20.69,35.1,2010-08-16,16,8,2010,33
2010-08-17,35.17,31.65,23.54,34.79,2010-08-17,17,8,2010,33
2010-08-18,35.23,31.71,26.39,34.48,2010-08-18,18,8,2010,33
2010-08-19,35.3,31.77,29.24,34.17,2010-08-19,19,8,2010,33
2010-08-20,35.36,31.83,32.09,33.86,2010-08-20,20,8,2010,33
2010-08-21,35.4,31.86,35.83,33.68,2010-08-21,21,8,2010,33
2010-08-22,35.44,31.89,39.57,33.5,2010-08-22,22,8,2010,33
2010-08-23,35.48,31.93,43.31,33.32,2010-08-23,23,8,2010,34
2010-08-24,35.52,31.96,47.05,33.14,2010-08-24,24,8,2010,34
2010-08-25,35.55,32.0,50.79,32.96,2010-08-25,25,8,2010,34
2010-08-26,35.59,32.03,54.52,32.78,2010-08-26,26,8,2010,34
2010-08-27,35.63,32.07,58.26,32.6,2010-08-27,27,8,2010,34
2010-08-28,35.65,32.08,62.02,32.58,2010-08-28,28,8,2010,34
2010-08-29,35.66,32.1,65.78,32.56,2010-08-29,29,8,2010,34
2010-08-30,35.68,32.11,69.54,32.54,2010-08-30,30,8,2010,35
2010-08-31,35.7,32.13,73.3,32.52,2010-08-31,31,8,2010,35
2010-09-01,35.71,32.14,77.05,32.49,2010-09-01,1,9,2010,35
2010-09-02,35.73,32.16,80.81,32.47,2010-09-02,2,9,2010,35
2010-09-03,35.75,32.17,84.57,32.45,2010-09-03,3,9,2010,35
2010-09-04,35.74,32.17,87.48,32.62,2010-09-04,4,9,2010,35
2010-09-05,35.74,32.17,90.4,32.79,2010-09-05,5,9,2010,35
2010-09-06,35.74,32.17,93.31,32.96,2010-09-06,6,9,2010,36
2010-09-07,35.74,32.17,96.23,33.12,2010-09-07,7,9,2010,36
2010-09-08,35.74,32.16,99.14,33.29,2010-09-08,8,9,2010,36
2010-09-09,35.74,32.16,102.06,33.46,2010-09-09,9,9,2010,36
2010-09-10,35.74,32.16,104.97,33.63,2010-09-10,10,9,2010,36
2010-09-11,35.72,32.15,106.46,33.99,2010-09-11,11,9,2010,36
2010-09-12,35.7,32.13,107.96,34.35,2010-09-12,12,9,2010,36
2010-09-13,35.69,32.12,109.45,34.7,2010-09-13,13,9,2010,37
2010-09-14,35.67,32.11,110.94,35.06,2010-09-14,14,9,2010,37
2010-09-15,35.66,32.09,112.43,35.42,2010-09-15,15,9,2010,37
2010-09-16,35.64,32.08,113.92,35.78,2010-09-16,16,9,2010,37
2010-09-17,35.63,32.06,115.41,36.14,2010-09-17,17,9,2010,37
2010-09-18,35.6,32.04,115.71,36.62,2010-09-18,18,9,2010,37
2010-09-19,35.58,32.02,116.02,37.09,2010-09-19,19,9,2010,37
2010-09-20,35.55,32.0,116.33,37.56,2010-09-20,20,9,2010,38
2010-09-21,35.53,31.97,116.63,38.04,2010-09-21,21,9,2010,38
2010-09-22,35.5,31.95,116.94,38.51,2010-09-22,22,9,2010,38
2010-09-23,35.48,31.93,117.24,38.98,2010-09-23,23,9,2010,38
2010-09-24,35.45,31.91,117.55,39.46,2010-09-24,24,9,2010,38
2010-09-25,35.42,31.88,117.05,39.96,2010-09-25,25,9,2010,38
2010-09-26,35.39,31.85,116.56,40.45,2010-09-26,26,9,2010,38
2010-09-27,35.36,31.82,116.07,40.95,2010-09-27,27,9,2010,39
2010-09-28,35.33,31.8,115.57,41.45,2010-09-28,28,9,2010,39
2010-09-29,35.3,31.77,115.08,41.94,2010-09-29,29,9,2010,39
2010-09-30,35.27,31.74,114.58,42.44,2010-09-30,30,9,2010,39
2010-10-01,35.24,31.72,114.09,42.94,2010-10-01,1,10,2010,39
2010-10-02,35.21,31.69,113.18,43.37,2010-10-02,2,10,2010,39
2010-10-03,35.18,31.66,112.27,43.79,2010-10-03,3,10,2010,39
2010-10-04,35.15,31.63,111.36,44.22,2010-10-04,4,10,2010,40
2010-10-05,35.11,31.6,110.46,44.65,2010-10-05,5,10,2010,40
2010-10-06,35.08,31.57,109.55,45.08,2010-10-06,6,10,2010,40
2010-10-07,35.05,31.55,108.64,45.51,2010-10-07,7,10,2010,40
2010-10-08,35.02,31.52,107.73,45.94,2010-10-08,8,10,2010,40
2010-10-09,34.99,31.49,106.79,46.22,2010-10-09,9,10,2010,40
2010-10-10,34.96,31.47,105.84,46.5,2010-10-10,10,10,2010,40
2010-10-11,34.94,31.44,104.89,46.78,2010-10-11,11,10,2010,41
2010-10-12,34.91,31.42,103.95,47.06,2010-10-12,12,10,2010,41
2010-10-13,34.88,31.39,103.0,47.35,2010-10-13,13,10,2010,41
2010-10-14,34.85,31.37,102.05,47.63,2010-10-14,14,10,2010,41
2010-10-15,34.82,31.34,101.11,47.91,2010-10-15,15,10,2010,41
2010-10-16,34.8,31.32,100.42,48.07,2010-10-16,16,10,2010,41
2010-10-17,34.78,31.3,99.73,48.22,2010-10-17,17,10,2010,41
2010-10-18,34.76,31.28,99.03,48.38,2010-10-18,18,10,2010,42
2010-10-19,34.73,31.26,98.34,48.54,2010-10-19,19,10,2010,42
2010-10-20,34.71,31.24,97.65,48.69,2010-10-20,20,10,2010,42
2010-10-21,34.69,31.22,96.96,48.85,2010-10-21,21,10,2010,42
2010-10-22,34.67,31.2,96.27,49.0,2010-10-22,22,10,2010,42
2010-10-23,34.65,31.19,96.08,49.11,2010-10-23,23,10,2010,42
2010-10-24,34.64,31.17,95.89,49.22,2010-10-24,24,10,2010,42
2010-10-25,34.62,31.16,95.7,49.32,2010-10-25,25,10,2010,43
2010-10-26,34.61,31.14,95.51,49.43,2010-10-26,26,10,2010,43
2010-10-27,34.59,31.13,95.32,49.54,2010-10-27,27,10,2010,43
2010-10-28,34.57,31.12,95.14,49.64,2010-10-28,28,10,2010,43
2010-10-29,34.56,31.1,94.95,49.75,2010-10-29,29,10,2010,43
2010-10-30,34.55,31.1,95.51,49.88,2010-10-30,30,10,2010,43
2010-10-31,34.54,31.09,96.07,50.01,2010-10-31,31,10,2010,43
2010-11-01,34.54,31.08,96.64,50.14,2010-11-01,1,11,2010,44
2010-11-02,34.53,31.08,97.2,50.28,2010-11-02,2,11,2010,44
2010-11-03,34.52,31.07,97.77,50.41,2010-11-03,3,11,2010,44
2010-11-04,34.51,31.06,98.33,50.54,2010-11-04,4,11,2010,44
2010-11-05,34.51,31.06,98.89,50.67,2010-11-05,5,11,2010,44
2010-11-06,34.51,31.06,100.45,50.9,2010-11-06,6,11,2010,44
2010-11-07,34.51,31.06,102.01,51.13,2010-11-07,7,11,2010,44
2010-11-08,34.51,31.06,103.58,51.36,2010-11-08,8,11,2010,45
2010-11-09,34.51,31.06,105.14,51.59,2010-11-09,9,11,2010,45
2010-11-10,34.52,31.06,106.7,51.82,2010-11-10,10,11,2010,45
2010-11-11,34.52,31.07,108.26,52.05,2010-11-11,11,11,2010,45
2010-11-12,34.52,31.07,109.82,52.28,2010-11-12,12,11,2010,45
2010-11-13,34.53,31.08,112.45,52.63,2010-11-13,13,11,2010,45
2010-11-14,34.54,31.08,115.09,52.97,2010-11-14,14,11,2010,45
2010-11-15,34.55,31.09,117.72,53.32,2010-11-15,15,11,2010,46
2010-11-16,34.56,31.1,120.35,53.67,2010-11-16,16,11,2010,46
2010-11-17,34.57,31.11,122.99,54.01,2010-11-17,17,11,2010,46
2010-11-18,34.57,31.12,125.62,54.36,2010-11-18,18,11,2010,46
2010-11-19,34.58,31.13,128.25,54.71,2010-11-19,19,11,2010,46
2010-11-20,34.6,31.14,131.82,55.12,2010-11-20,20,11,2010,46
2010-11-21,34.61,31.15,135.38,55.52,2010-11-21,21,11,2010,46
2010-11-22,34.62,31.16,138.94,55.93,2010-11-22,22,11,2010,47
2010-11-23,34.63,31.17,142.5,56.34,2010-11-23,23,11,2010,47
2010-11-24,34.64,31.18,146.06,56.75,2010-11-24,24,11,2010,47
2010-11-25,34.65,31.19,149.63,57.16,2010-11-25,25,11,2010,47
2010-11-26,34.66,31.2,153.19,57.56,2010-11-26,26,11,2010,47
2010-11-27,34.67,31.2,157.52,57.97,2010-11-27,27,11,2010,47
2010-11-28,34.67,31.21,161.85,58.38,2010-11-28,28,11,2010,47
2010-11-29,34.68,31.21,166.18,58.79,2010-11-29,29,11,2010,48
2010-11-30,34.69,31.22,170.51,59.2,2010-11-30,30,11,2010,48
2010-12-01,34.7,31.23,174.84,59.61,2010-12-01,1,12,2010,48
2010-12-02,34.7,31.23,179.17,60.02,2010-12-02,2,12,2010,48
2010-12-03,34.71,31.24,183.5,60.43,2010-12-03,3,12,2010,48
2010-12-04,34.71,31.23,188.44,60.77,2010-12-04,4,12,2010,48
2010-12-05,34.7,31.23,193.38,61.12,2010-12-05,5,12,2010,48
2010-12-06,34.7,31.23,198.32,61.47,2010-12-06,6,12,2010,49
2010-12-07,34.7,31.23,203.25,61.82,2010-12-07,7,12,2010,49
2010-12-08,34.69,31.22,208.19,62.17,2010-12-08,8,12,2010,49
2010-12-09,34.69,31.22,213.13,62.52,2010-12-09,9,12,2010,49
2010-12-10,34.68,31.22,218.07,62.87,2010-12-10,10,12,2010,49
2010-12-11,34.67,31.2,223.32,63.11,2010-12-11,11,12,2010,49
2010-12-12,34.65,31.18,228.58,63.36,2010-12-12,12,12,2010,49
2010-12-13,34.63,31.17,233.83,63.6,2010-12-13,13,12,2010,50
2010-12-14,34.61,31.15,239.08,63.85,2010-12-14,14,12,2010,50
2010-12-15,34.6,31.14,244.33,64.09,2010-12-15,15,12,2010,50
2010-12-16,34.58,31.12,249.59,64.33,2010-12-16,16,12,2010,50
2010-12-17,34.56,31.11,254.84,64.58,2010-12-17,17,12,2010,50
2010-12-18,34.54,31.08,259.64,64.72,2010-12-18,18,12,2010,50
2010-12-19,34.51,31.06,264.43,64.86,2010-12-19,19,12,2010,50
2010-12-20,34.48,31.03,269.23,65.01,2010-12-20,20,12,2010,51
2010-12-21,34.46,31.01,274.02,65.15,2010-12-21,21,12,2010,51
2010-12-22,34.43,30.99,278.82,65.29,2010-12-22,22,12,2010,51
2010-12-23,34.4,30.96,283.61,65.43,2010-12-23,23,12,2010,51
2010-12-24,34.38,30.94,288.41,65.58,2010-12-24,24,12,2010,51
2010-12-25,34.35,30.91,291.86,65.63,2010-12-25,25,12,2010,51
2010-12-26,34.32,30.89,295.32,65.69,2010-12-26,26,12,2010,51
2010-12-27,34.29,30.86,298.78,65.75,2010-12-27,27,12,2010,52
2010-12-28,34.26,30.83,302.24,65.8,2010-12-28,28,12,2010,52
2010-12-29,34.23,30.81,305.7,65.86,2010-12-29,29,12,2010,52
2010-12-30,34.2,30.78,309.16,65.92,2010-12-30,30,12,2010,52
2010-12-31,34.17,30.75,312.62,65.98,2010-12-31,31,12,2010,52
2011-01-01,34.14,30.73,313.86,65.96,2011-01-01,1,1,2011,52
2011-01-02,34.12,30.71,315.11,65.95,2011-01-02,2,1,2011,52
2011-01-03,34.09,30.68,316.35,65.94,2011-01-03,3,1,2011,1
2011-01-04,34.07,30.66,317.6,65.92,2011-01-04,4,1,2011,1
2011-01-05,34.04,30.64,318.84,65.91,2011-01-05,5,1,2011,1
2011-01-06,34.02,30.61,320.09,65.9,2011-01-06,6,1,2011,1
2011-01-07,33.99,30.59,321.33,65.89,2011-01-07,7,1,2011,1
2011-01-08,33.97,30.58,319.61,65.82,2011-01-08,8,1,2011,1
2011-01-09,33.96,30.56,317.89,65.76,2011-01-09,9,1,2011,1
2011-01-10,33.94,30.55,316.17,65.69,2011-01-10,10,1,2011,2
2011-01-11,33.93,30.53,314.45,65.63,2011-01-11,11,1,2011,2
2011-01-12,33.91,30.52,312.73,65.56,2011-01-12,12,1,2011,2
2011-01-13,33.89,30.5,311.01,65.49,2011-01-13,13,1,2011,2
2011-01-14,33.88,30.49,309.29,65.43,2011-01-14,14,1,2011,2
2011-01-15,33.87,30.48,305.25,65.35,2011-01-15,15,1,2011,2
2011-01-16,33.86,30.48,301.2,65.27,2011-01-16,16,1,2011,2
2011-01-17,33.85,30.47,297.16,65.18,2011-01-17,17,1,2011,3
2011-01-18,33.85,30.46,293.12,65.1,2011-01-18,18,1,2011,3
2011-01-19,33.84,30.46,289.07,65.02,2011-01-19,19,1,2011,3
2011-01-20,33.83,30.45,285.03,64.94,2011-01-20,20,1,2011,3
2011-01-21,33.82,30.44,280.98,64.85,2011-01-21,21,1,2011,3
2011-01-22,33.82,30.44,276.11,64.8,2011-01-22,22,1,2011,3
2011-01-23,33.82,30.44,271.24,64.75,2011-01-23,23,1,2011,3
2011-01-24,33.81,30.43,266.37,64.7,2011-01-24,24,1,2011,4
2011-01-25,33.81,30.43,261.5,64.65,2011-01-25,25,1,2011,4
2011-01-26,33.81,30.42,256.63,64.59,2011-01-26,26,1,2011,4
2011-01-27,33.8,30.42,251.76,64.54,2011-01-27,27,1,2011,4
2011-01-28,33.8,30.42,246.89,64.49,2011-01-28,28,1,2011,4
2011-01-29,33.79,30.41,242.71,64.52,2011-01-29,29,1,2011,4
2011-01-30,33.79,30.41,238.52,64.54,2011-01-30,30,1,2011,4
2011-01-31,33.78,30.4,234.34,64.57,2011-01-31,31,1,2011,5
2011-02-01,33.78,30.4,230.15,64.59,2011-02-01,1,2,2011,5
2011-02-02,33.77,30.39,225.97,64.62,2011-02-02,2,2,2011,5
2011-02-03,33.76,30.39,221.78,64.64,2011-02-03,3,2,2011,5
2011-02-04,33.76,30.38,217.6,64.67,2011-02-04,4,2,2011,5
2011-02-05,33.75,30.37,215.59,64.82,2011-02-05,5,2,2011,5
2011-02-06,33.73,30.36,213.59,64.97,2011-02-06,6,2,2011,5
2011-02-07,33.72,30.35,211.58,65.11,2011-02-07,7,2,2011,6
2011-02-08,33.71,30.34,209.57,65.26,2011-02-08,8,2,2011,6
2011-02-09,33.7,30.33,207.57,65.41,2011-02-09,9,2,2011,6
2011-02-10,33.68,30.32,205.56,65.56,2011-02-10,10,2,2011,6
2011-02-11,33.67,30.31,203.55,65.71,2011-02-11,11,2,2011,6
2011-02-12,33.65,30.29,204.15,65.98,2011-02-12,12,2,2011,6
2011-02-13,33.63,30.27,204.74,66.25,2011-02-13,13,2,2011,6
2011-02-14,33.61,30.25,205.34,66.52,2011-02-14,14,2,2011,7
2011-02-15,33.59,30.23,205.93,66.79,2011-02-15,15,2,2011,7
2011-02-16,33.57,30.21,206.53,67.06,2011-02-16,16,2,2011,7
2011-02-17,33.55,30.19,207.12,67.33,2011-02-17,17,2,2011,7
2011-02-18,33.52,30.17,207.72,67.6,2011-02-18,18,2,2011,7
2011-02-19,33.5,30.15,209.65,67.92,2011-02-19,19,2,2011,7
2011-02-20,33.47,30.12,211.57,68.23,2011-02-20,20,2,2011,7
2011-02-21,33.44,30.1,213.5,68.54,2011-02-21,21,2,2011,8
2011-02-22,33.42,30.08,215.43,68.85,2011-02-22,22,2,2011,8
2011-02-23,33.39,30.05,217.36,69.16,2011-02-23,23,2,2011,8
2011-02-24,33.36,30.03,219.29,69.48,2011-02-24,24,2,2011,8
2011-02-25,33.34,30.0,221.22,69.79,2011-02-25,25,2,2011,8
2011-02-26,33.31,29.98,223.06,70.06,2011-02-26,26,2,2011,8
2011-02-27,33.28,29.95,224.91,70.32,2011-02-27,27,2,2011,8
2011-02-28,33.25,29.93,226.76,70.59,2011-02-28,28,2,2011,9
2011-03-01,33.22,29.9,228.6,70.86,2011-03-01,1,3,2011,9
2011-03-02,33.19,29.88,230.45,71.13,2011-03-02,2,3,2011,9
2011-03-03,33.17,29.85,232.3,71.39,2011-03-03,3,3,2011,9
2011-03-04,33.14,29.82,234.14,71.66,2011-03-04,4,3,2011,9
2011-03-05,33.11,29.8,234.49,71.8,2011-03-05,5,3,2011,9
2011-03-06,33.08,29.78,234.84,71.93,2011-03-06,6,3,2011,9
2011-03-07,33.06,29.75,235.19,72.07,2011-03-07,7,3,2011,10
2011-03-08,33.03,29.73,235.54,72.21,2011-03-08,8,3,2011,10
2011-03-09,33.0,29.7,235.89,72.34,2011-03-09,9,3,2011,10
2011-03-10,32.98,29.68,236.24,72.48,2011-03-10,10,3,2011,10
2011-03-11,32.95,29.65,236.59,72.62,2011-03-11,11,3,2011,10
2011-03-12,32.93,29.63,234.38,72.56,2011-03-12,12,3,2011,10
2011-03-13,32.9,29.61,232.17,72.5,2011-03-13,13,3,2011,10
2011-03-14,32.88,29.59,229.97,72.45,2011-03-14,14,3,2011,11
2011-03-15,32.86,29.57,227.76,72.39,2011-03-15,15,3,2011,11
2011-03-16,32.83,29.55,225.55,72.34,2011-03-16,16,3,2011,11
2011-03-17,32.81,29.53,223.34,72.28,2011-03-17,17,3,2011,11
2011-03-18,32.79,29.51,221.13,72.22,2011-03-18,18,3,2011,11
2011-03-19,32.77,29.49,216.85,72.02,2011-03-19,19,3,2011,11
2011-03-20,32.74,29.47,212.57,71.81,2011-03-20,20,3,2011,11
2011-03-21,32.72,29.45,208.29,71.61,2011-03-21,21,3,2011,12
2011-03-22,32.7,29.43,204.01,71.4,2011-03-22,22,3,2011,12
2011-03-23,32.67,29.41,199.73,71.2,2011-03-23,23,3,2011,12
2011-03-24,32.65,29.39,195.45,70.99,2011-03-24,24,3,2011,12
2011-03-25,32.63,29.37,191.17,70.79,2011-03-25,25,3,2011,12
2011-03-26,32.6,29.34,185.72,70.51,2011-03-26,26,3,2011,12
2011-03-27,32.57,29.32,180.28,70.22,2011-03-27,27,3,2011,12
2011-03-28,32.55,29.29,174.84,69.94,2011-03-28,28,3,2011,13
2011-03-29,32.52,29.27,169.39,69.66,2011-03-29,29,3,2011,13
2011-03-30,32.49,29.24,163.95,69.38,2011-03-30,30,3,2011,13
2011-03-31,32.46,29.22,158.5,69.1,2011-03-31,31,3,2011,13
2011-04-01,32.43,29.19,153.06,68.82,2011-04-01,1,4,2011,13
2011-04-02,32.4,29.16,147.36,68.54,2011-04-02,2,4,2011,13
2011-04-03,32.36,29.12,141.66,68.25,2011-04-03,3,4,2011,13
2011-04-04,32.32,29.09,135.96,67.97,2011-04-04,4,4,2011,14
2011-04-05,32.28,29.05,130.26,67.68,2011-04-05,5,4,2011,14
2011-04-06,32.24,29.02,124.56,67.4,2011-04-06,6,4,2011,14
2011-04-07,32.21,28.98,118.86,67.12,2011-04-07,7,4,2011,14
2011-04-08,32.17,28.95,113.16,66.83,2011-04-08,8,4,2011,14
2011-04-09,32.11,28.9,108.08,66.61,2011-04-09,9,4,2011,14
2011-04-10,32.06,28.85,103.01,66.4,2011-04-10,10,4,2011,14
2011-04-11,32.01,28.81,97.93,66.18,2011-04-11,11,4,2011,15
2011-04-12,31.95,28.76,92.85,65.96,2011-04-12,12,4,2011,15
2011-04-13,31.9,28.71,87.77,65.74,2011-04-13,13,4,2011,15
2011-04-14,31.85,28.66,82.69,65.52,2011-04-14,14,4,2011,15
2011-04-15,31.79,28.62,77.61,65.31,2011-04-15,15,4,2011,15
2011-04-16,31.73,28.56,73.73,65.16,2011-04-16,16,4,2011,15
2011-04-17,31.66,28.5,69.85,65.02,2011-04-17,17,4,2011,15
2011-04-18,31.59,28.44,65.97,64.88,2011-04-18,18,4,2011,16
2011-04-19,31.53,28.38,62.08,64.74,2011-04-19,19,4,2011,16
2011-04-20,31.46,28.32,58.2,64.6,2011-04-20,20,4,2011,16
2011-04-21,31.39,28.26,54.32,64.46,2011-04-21,21,4,2011,16
2011-04-22,31.33,28.2,50.44,64.32,2011-04-22,22,4,2011,16
2011-04-23,31.25,28.13,47.59,64.23,2011-04-23,23,4,2011,16
2011-04-24,31.18,28.06,44.74,64.14,2011-04-24,24,4,2011,16
2011-04-25,31.11,28.0,41.89,64.04,2011-04-25,25,4,2011,17
2011-04-26,31.03,27.93,39.04,63.95,2011-04-26,26,4,2011,17
2011-04-27,30.96,27.86,36.19,63.86,2011-04-27,27,4,2011,17
2011-04-28,30.89,27.8,33.34,63.77,2011-04-28,28,4,2011,17
2011-04-29,30.81,27.73,30.49,63.67,2011-04-29,29,4,2011,17
2011-04-30,30.74,27.67,28.66,63.6,2011-04-30,30,4,2011,17
2011-05-01,30.67,27.6,26.84,63.52,2011-05-01,1,5,2011,17
2011-05-02,30.59,27.53,25.01,63.44,2011-05-02,2,5,2011,18
2011-05-03,30.52,27.47,23.18,63.36,2011-05-03,3,5,2011,18
2011-05-04,30.45,27.4,21.36,63.29,2011-05-04,4,5,2011,18
2011-05-05,30.37,27.33,19.53,63.21,2011-05-05,5,5,2011,18
2011-05-06,30.3,27.27,17.71,63.13,2011-05-06,6,5,2011,18
2011-05-07,30.23,27.21,17.27,63.04,2011-05-07,7,5,2011,18
2011-05-08,30.16,27.15,16.84,62.95,2011-05-08,8,5,2011,18
2011-05-09,30.1,27.09,16.4,62.85,2011-05-09,9,5,2011,19
2011-05-10,30.03,27.03,15.97,62.76,2011-05-10,10,5,2011,19
2011-05-11,29.96,26.97,15.53,62.67,2011-05-11,11,5,2011,19
2011-05-12,29.9,26.91,15.1,62.57,2011-05-12,12,5,2011,19
2011-05-13,29.83,26.85,14.67,62.48,2011-05-13,13,5,2011,19
2011-05-14,29.77,26.8,15.44,62.35,2011-05-14,14,5,2011,19
2011-05-15,29.72,26.75,16.21,62.23,2011-05-15,15,5,2011,19
2011-05-16,29.66,26.7,16.98,62.1,2011-05-16,16,5,2011,20
2011-05-17,29.61,26.65,17.75,61.97,2011-05-17,17,5,2011,20
2011-05-18,29.55,26.6,18.52,61.85,2011-05-18,18,5,2011,20
2011-05-19,29.5,26.55,19.29,61.72,2011-05-19,19,5,2011,20
2011-05-20,29.44,26.5,20.07,61.59,2011-05-20,20,5,2011,20
2011-05-21,29.4,26.46,21.41,61.44,2011-05-21,21,5,2011,20
2011-05-22,29.36,26.43,22.76,61.28,2011-05-22,22,5,2011,20
2011-05-23,29.32,26.39,24.11,61.13,2011-05-23,23,5,2011,21
2011-05-24,29.28,26.35,25.46,60.97,2011-05-24,24,5,2011,21
2011-05-25,29.24,26.32,26.8,60.82,2011-05-25,25,5,2011,21
2011-05-26,29.2,26.28,28.15,60.66,2011-05-26,26,5,2011,21
2011-05-27,29.16,26.25,29.5,60.51,2011-05-27,27,5,2011,21
2011-05-28,29.14,26.23,30.81,60.33,2011-05-28,28,5,2011,21
2011-05-29,29.12,26.21,32.12,60.16,2011-05-29,29,5,2011,21
2011-05-30,29.1,26.19,33.43,59.99,2011-05-30,30,5,2011,22
2011-05-31,29.07,26.17,34.73,59.81,2011-05-31,31,5,2011,22
2011-06-01,29.05,26.15,36.04,59.64,2011-06-01,1,6,2011,22
2011-06-02,29.03,26.13,37.35,59.47,2011-06-02,2,6,2011,22
2011-06-03,29.01,26.11,38.66,59.29,2011-06-03,3,6,2011,22
2011-06-04,29.01,26.1,39.31,59.11,2011-06-04,4,6,2011,22
2011-06-05,29.0,26.1,39.96,58.93,2011-06-05,5,6,2011,22
2011-06-06,29.0,26.1,40.61,58.75,2011-06-06,6,6,2011,23
2011-06-07,29.0,26.1,41.25,58.56,2011-06-07,7,6,2011,23
2011-06-08,29.0,26.1,41.9,58.38,2011-06-08,8,6,2011,23
2011-06-09,29.0,26.1,42.55,58.2,2011-06-09,9,6,2011,23
2011-06-10,29.0,26.1,43.2,58.02,2011-06-10,10,6,2011,23
2011-06-11,29.02,26.12,42.72,57.83,2011-06-11,11,6,2011,23
2011-06-12,29.04,26.14,42.23,57.64,2011-06-12,12,6,2011,23
2011-06-13,29.06,26.16,41.75,57.46,2011-06-13,13,6,2011,24
2011-06-14,29.09,26.18,41.27,57.27,2011-06-14,14,6,2011,24
2011-06-15,29.11,26.2,40.78,57.09,2011-06-15,15,6,2011,24
2011-06-16,29.13,26.22,40.3,56.9,2011-06-16,16,6,2011,24
2011-06-17,29.15,26.24,39.82,56.71,2011-06-17,17,6,2011,24
2011-06-18,29.2,26.28,38.55,56.51,2011-06-18,18,6,2011,24
2011-06-19,29.25,26.32,37.28,56.31,2011-06-19,19,6,2011,24
2011-06-20,29.3,26.37,36.01,56.11,2011-06-20,20,6,2011,25
2011-06-21,29.34,26.41,34.74,55.91,2011-06-21,21,6,2011,25
2011-06-22,29.39,26.45,33.47,55.71,2011-06-22,22,6,2011,25
2011-06-23,29.44,26.49,32.2,55.51,2011-06-23,23,6,2011,25
2011-06-24,29.48,26.54,30.93,55.3,2011-06-24,24,6,2011,25
2011-06-25,29.56,26.6,29.49,55.07,2011-06-25,25,6,2011,25
2011-06-26,29.63,26.67,28.05,54.84,2011-06-26,26,6,2011,25
2011-06-27,29.71,26.73,26.6,54.6,2011-06-27,27,6,2011,26
2011-06-28,29.78,26.8,25.16,54.37,2011-06-28,28,6,2011,26
2011-06-29,29.85,26.87,23.72,54.13,2011-06-29,29,6,2011,26
2011-06-30,29.93,26.93,22.28,53.9,2011-06-30,30,6,2011,26
2011-07-01,30.0,27.0,20.84,53.67,2011-07-01,1,7,2011,26
2011-07-02,30.1,27.09,19.84,53.38,2011-07-02,2,7,2011,26
2011-07-03,30.2,27.18,18.85,53.1,2011-07-03,3,7,2011,26
2011-07-04,30.3,27.27,17.85,52.81,2011-07-04,4,7,2011,27
2011-07-05,30.4,27.36,16.85,52.53,2011-07-05,5,7,2011,27
2011-07-06,30.5,27.45,15.86,52.25,2011-07-06,6,7,2011,27
2011-07-07,30.61,27.55,14.86,51.96,2011-07-07,7,7,2011,27
2011-07-08,30.71,27.64,13.86,51.68,2011-07-08,8,7,2011,27
2011-07-09,30.84,27.75,13.9,51.33,2011-07-09,9,7,2011,27
2011-07-10,30.97,27.87,13.94,50.98,2011-07-10,10,7,2011,27
2011-07-11,31.09,27.98,13.97,50.63,2011-07-11,11,7,2011,28
2011-07-12,31.22,28.1,14.01,50.28,2011-07-12,12,7,2011,28
2011-07-13,31.35,28.22,14.05,49.93,2011-07-13,13,7,2011,28
2011-07-14,31.48,28.33,14.09,49.58,2011-07-14,14,7,2011,28
2011-07-15,31.61,28.45,14.13,49.23,2011-07-15,15,7,2011,28
2011-07-16,31.76,28.58,15.09,48.83,2011-07-16,16,7,2011,28
2011-07-17,31.91,28.72,16.05,48.42,2011-07-17,17,7,2011,28
2011-07-18,32.06,28.85,17.02,48.02,2011-07-18,18,7,2011,29
2011-07-19,32.21,28.99,17.98,47.62,2011-07-19,19,7,2011,29
2011-07-20,32.36,29.12,18.94,47.22,2011-07-20,20,7,2011,29
2011-07-21,32.51,29.26,19.91,46.82,2011-07-21,21,7,2011,29
2011-07-22,32.66,29.39,20.87,46.42,2011-07-22,22,7,2011,29
2011-07-23,32.81,29.53,22.11,46.0,2011-07-23,23,7,2011,29
2011-07-24,32.96,29.67,23.36,45.59,2011-07-24,24,7,2011,29
2011-07-25,33.12,29.8,24.6,45.18,2011-07-25,25,7,2011,30
2011-07-26,33.27,29.94,25.84,44.77,2011-07-26,26,7,2011,30
2011-07-27,33.42,30.08,27.08,44.36,2011-07-27,27,7,2011,30
2011-07-28,33.58,30.22,28.32,43.95,2011-07-28,28,7,2011,30
2011-07-29,33.73,30.36,29.56,43.53,2011-07-29,29,7,2011,30
2011-07-30,33.87,30.48,30.39,43.15,2011-07-30,30,7,2011,30
2011-07-31,34.01,30.61,31.22,42.77,2011-07-31,31,7,2011,30
2011-08-01,34.15,30.74,32.05,42.39,2011-08-01,1,8,2011,31
2011-08-02,34.3,30.87,32.88,42.01,2011-08-02,2,8,2011,31
2011-08-03,34.44,30.99,33.71,41.64,2011-08-03,3,8,2011,31
2011-08-04,34.58,31.12,34.54,41.26,2011-08-04,4,8,2011,31
2011-08-05,34.72,31.25,35.37,40.88,2011-08-05,5,8,2011,31
2011-08-06,34.84,31.35,35.09,40.57,2011-08-06,6,8,2011,31
2011-08-07,34.95,31.45,34.82,40.27,2011-08-07,7,8,2011,31
2011-08-08,35.06,31.56,34.54,39.96,2011-08-08,8,8,2011,32
2011-08-09,35.18,31.66,34.27,39.66,2011-08-09,9,8,2011,32
2011-08-10,35.29,31.76,34.0,39.35,2011-08-10,10,8,2011,32
2011-08-11,35.4,31.86,33.72,39.05,2011-08-11,11,8,2011,32
2011-08-12,35.52,31.97,33.45,38.74,2011-08-12,12,8,2011,32
2011-08-13,35.59,32.03,31.9,38.54,2011-08-13,13,8,2011,32
2011-08-14,35.67,32.1,30.35,38.33,2011-08-14,14,8,2011,32
2011-08-15,35.75,32.17,28.79,38.12,2011-08-15,15,8,2011,33
2011-08-16,35.82,32.24,27.24,37.92,2011-08-16,16,8,2011,33
2011-08-17,35.9,32.31,25.69,37.71,2011-08-17,17,8,2011,33
2011-08-18,35.98,32.38,24.14,37.51,2011-08-18,18,8,2011,33
2011-08-19,36.05,32.45,22.59,37.3,2011-08-19,19,8,2011,33
2011-08-20,36.1,32.49,20.89,37.18,2011-08-20,20,8,2011,33
2011-08-21,36.14,32.53,19.2,37.05,2011-08-21,21,8,2011,33
2011-08-22,36.19,32.57,17.51,36.93,2011-08-22,22,8,2011,34
2011-08-23,36.23,32.61,15.81,36.81,2011-08-23,23,8,2011,34
2011-08-24,36.28,32.65,14.12,36.68,2011-08-24,24,8,2011,34
2011-08-25,36.32,32.69,12.43,36.56,2011-08-25,25,8,2011,34
2011-08-26,36.37,32.73,10.73,36.44,2011-08-26,26,8,2011,34
2011-08-27,36.39,32.75,10.08,36.37,2011-08-27,27,8,2011,34
2011-08-28,36.41,32.77,9.43,36.31,2011-08-28,28,8,2011,34
2011-08-29,36.44,32.79,8.78,36.25,2011-08-29,29,8,2011,35
2011-08-30,36.46,32.81,8.13,36.19,2011-08-30,30,8,2011,35
2011-08-31,36.48,32.83,7.47,36.12,2011-08-31,31,8,2011,35
2011-09-01,36.5,32.85,6.82,36.06,2011-09-01,1,9,2011,35
2011-09-02,36.53,32.87,6.17,36.0,2011-09-02,2,9,2011,35
2011-09-03,36.53,32.88,6.8,35.97,2011-09-03,3,9,2011,35
2011-09-04,36.54,32.89,7.43,35.95,2011-09-04,4,9,2011,35
2011-09-05,36.55,32.89,8.06,35.92,2011-09-05,5,9,2011,36
2011-09-06,36.56,32.9,8.69,35.9,2011-09-06,6,9,2011,36
2011-09-07,36.56,32.91,9.33,35.87,2011-09-07,7,9,2011,36
2011-09-08,36.57,32.91,9.96,35.85,2011-09-08,8,9,2011,36
2011-09-09,36.58,32.92,10.59,35.82,2011-09-09,9,9,2011,36
2011-09-10,36.58,32.92,14.54,35.82,2011-09-10,10,9,2011,36
2011-09-11,36.58,32.92,18.5,35.82,2011-09-11,11,9,2011,36
2011-09-12,36.58,32.92,22.45,35.82,2011-09-12,12,9,2011,37
2011-09-13,36.58,32.92,26.4,35.81,2011-09-13,13,9,2011,37
2011-09-14,36.58,32.92,30.36,35.81,2011-09-14,14,9,2011,37
2011-09-15,36.58,32.92,34.31,35.81,2011-09-15,15,9,2011,37
2011-09-16,36.58,32.92,38.27,35.8,2011-09-16,16,9,2011,37
2011-09-17,36.57,32.91,44.33,35.84,2011-09-17,17,9,2011,37
2011-09-18,36.56,32.9,50.39,35.88,2011-09-18,18,9,2011,37
2011-09-19,36.55,32.89,56.46,35.92,2011-09-19,19,9,2011,38
2011-09-20,36.54,32.88,62.52,35.96,2011-09-20,20,9,2011,38
2011-09-21,36.53,32.87,68.59,36.0,2011-09-21,21,9,2011,38
2011-09-22,36.52,32.87,74.65,36.04,2011-09-22,22,9,2011,38
2011-09-23,36.51,32.86,80.71,36.08,2011-09-23,23,9,2011,38
2011-09-24,36.48,32.84,87.28,36.19,2011-09-24,24,9,2011,38
2011-09-25,36.46,32.81,93.85,36.31,2011-09-25,25,9,2011,38
2011-09-26,36.44,32.79,100.42,36.43,2011-09-26,26,9,2011,39
2011-09-27,36.41,32.77,106.99,36.55,2011-09-27,27,9,2011,39
2011-09-28,36.39,32.75,113.56,36.66,2011-09-28,28,9,2011,39
2011-09-29,36.37,32.73,120.12,36.78,2011-09-29,29,9,2011,39
2011-09-30,36.34,32.71,126.69,36.9,2011-09-30,30,9,2011,39
2011-10-01,36.3,32.67,132.19,37.13,2011-10-01,1,10,2011,39
2011-10-02,36.26,32.63,137.69,37.36,2011-10-02,2,10,2011,39
2011-10-03,36.21,32.59,143.2,37.59,2011-10-03,3,10,2011,40
2011-10-04,36.17,32.55,148.7,37.82,2011-10-04,4,10,2011,40
2011-10-05,36.13,32.51,154.2,38.06,2011-10-05,5,10,2011,40
2011-10-06,36.08,32.48,159.7,38.29,2011-10-06,6,10,2011,40
2011-10-07,36.04,32.44,165.2,38.52,2011-10-07,7,10,2011,40
2011-10-08,35.97,32.38,168.11,38.9,2011-10-08,8,10,2011,40
2011-10-09,35.91,32.32,171.02,39.28,2011-10-09,9,10,2011,40
2011-10-10,35.84,32.26,173.93,39.66,2011-10-10,10,10,2011,41
2011-10-11,35.77,32.2,176.84,40.04,2011-10-11,11,10,2011,41
2011-10-12,35.71,32.14,179.75,40.41,2011-10-12,12,10,2011,41
2011-10-13,35.64,32.08,182.66,40.79,2011-10-13,13,10,2011,41
2011-10-14,35.57,32.02,185.56,41.17,2011-10-14,14,10,2011,41
2011-10-15,35.49,31.94,185.57,41.67,2011-10-15,15,10,2011,41
2011-10-16,35.41,31.87,185.57,42.18,2011-10-16,16,10,2011,41
2011-10-17,35.32,31.79,185.58,42.68,2011-10-17,17,10,2011,42
2011-10-18,35.24,31.71,185.58,43.18,2011-10-18,18,10,2011,42
2011-10-19,35.15,31.64,185.58,43.68,2011-10-19,19,10,2011,42
2011-10-20,35.07,31.56,185.59,44.18,2011-10-20,20,10,2011,42
2011-10-21,34.98,31.49,185.59,44.68,2011-10-21,21,10,2011,42
2011-10-22,34.9,31.41,183.66,45.22,2011-10-22,22,10,2011,42
2011-10-23,34.81,31.33,181.74,45.75,2011-10-23,23,10,2011,42
2011-10-24,34.73,31.25,179.81,46.29,2011-10-24,24,10,2011,43
2011-10-25,34.64,31.18,177.88,46.82,2011-10-25,25,10,2011,43
2011-10-26,34.56,31.1,175.95,47.35,2011-10-26,26,10,2011,43
2011-10-27,34.47,31.02,174.02,47.89,2011-10-27,27,10,2011,43
2011-10-28,34.39,30.95,172.1,48.42,2011-10-28,28,10,2011,43
2011-10-29,34.32,30.88,169.27,48.9,2011-10-29,29,10,2011,43
2011-10-30,34.25,30.82,166.45,49.37,2011-10-30,30,10,2011,43
2011-10-31,34.18,30.76,163.62,49.85,2011-10-31,31,10,2011,44
2011-11-01,34.11,30.7,160.8,50.33,2011-11-01,1,11,2011,44
2011-11-02,34.04,30.64,157.98,50.8,2011-11-02,2,11,2011,44
2011-11-03,33.97,30.57,155.15,51.28,2011-11-03,3,11,2011,44
2011-11-04,33.9,30.51,152.33,51.75,2011-11-04,4,11,2011,44
2011-11-05,33.87,30.48,149.65,52.08,2011-11-05,5,11,2011,44
2011-11-06,33.83,30.45,146.96,52.4,2011-11-06,6,11,2011,44
2011-11-07,33.8,30.42,144.28,52.73,2011-11-07,7,11,2011,45
2011-11-08,33.76,30.38,141.6,53.06,2011-11-08,8,11,2011,45
2011-11-09,33.72,30.35,138.92,53.38,2011-11-09,9,11,2011,45
2011-11-10,33.69,30.32,136.23,53.71,2011-11-10,10,11,2011,45
2011-11-11,33.65,30.29,133.55,54.03,2011-11-11,11,11,2011,45
2011-11-12,33.66,30.29,131.87,54.16,2011-11-12,12,11,2011,45
2011-11-13,33.67,30.3,130.19,54.28,2011-11-13,13,11,2011,45
2011-11-14,33.67,30.3,128.51,54.41,2011-11-14,14,11,2011,46
2011-11-15,33.68,30.31,126.82,54.53,2011-11-15,15,11,2011,46
2011-11-16,33.68,30.31,125.14,54.65,2011-11-16,16,11,2011,46
2011-11-17,33.69,30.32,123.46,54.78,2011-11-17,17,11,2011,46
2011-11-18,33.69,30.33,121.78,54.9,2011-11-18,18,11,2011,46
2011-11-19,33.72,30.35,121.47,54.89,2011-11-19,19,11,2011,46
2011-11-20,33.75,30.38,121.17,54.88,2011-11-20,20,11,2011,46
2011-11-21,33.78,30.4,120.86,54.87,2011-11-21,21,11,2011,47
2011-11-22,33.81,30.43,120.55,54.86,2011-11-22,22,11,2011,47
2011-11-23,33.84,30.45,120.25,54.85,2011-11-23,23,11,2011,47
2011-11-24,33.86,30.48,119.94,54.84,2011-11-24,24,11,2011,47
2011-11-25,33.89,30.5,119.63,54.83,2011-11-25,25,11,2011,47
2011-11-26,33.92,30.53,120.98,54.78,2011-11-26,26,11,2011,47
2011-11-27,33.95,30.55,122.34,54.72,2011-11-27,27,11,2011,47
2011-11-28,33.97,30.58,123.69,54.66,2011-11-28,28,11,2011,48
2011-11-29,34.0,30.6,125.05,54.6,2011-11-29,29,11,2011,48
2011-11-30,34.03,30.63,126.4,54.55,2011-11-30,30,11,2011,48
2011-12-01,34.06,30.65,127.75,54.49,2011-12-01,1,12,2011,48
2011-12-02,34.08,30.67,129.11,54.43,2011-12-02,2,12,2011,48
2011-12-03,34.08,30.68,132.41,54.41,2011-12-03,3,12,2011,48
2011-12-04,34.09,30.68,135.71,54.39,2011-12-04,4,12,2011,48
2011-12-05,34.09,30.68,139.01,54.37,2011-12-05,5,12,2011,49
2011-12-06,34.09,30.68,142.31,54.35,2011-12-06,6,12,2011,49
2011-12-07,34.09,30.68,145.62,54.33,2011-12-07,7,12,2011,49
2011-12-08,34.1,30.69,148.92,54.32,2011-12-08,8,12,2011,49
2011-12-09,34.1,30.69,152.22,54.3,2011-12-09,9,12,2011,49
2011-12-10,34.06,30.65,157.61,54.39,2011-12-10,10,12,2011,49
2011-12-11,34.01,30.61,163.0,54.48,2011-12-11,11,12,2011,49
2011-12-12,33.97,30.57,168.39,54.58,2011-12-12,12,12,2011,50
2011-12-13,33.93,30.54,173.78,54.67,2011-12-13,13,12,2011,50
2011-12-14,33.89,30.5,179.17,54.77,2011-12-14,14,12,2011,50
2011-12-15,33.84,30.46,184.56,54.86,2011-12-15,15,12,2011,50
2011-12-16,33.8,30.42,189.95,54.96,2011-12-16,16,12,2011,50
2011-12-17,33.73,30.36,196.35,55.14,2011-12-17,17,12,2011,50
2011-12-18,33.66,30.29,202.74,55.32,2011-12-18,18,12,2011,50
2011-12-19,33.59,30.23,209.14,55.5,2011-12-19,19,12,2011,51
2011-12-20,33.51,30.16,215.53,55.68,2011-12-20,20,12,2011,51
2011-12-21,33.44,30.1,221.93,55.87,2011-12-21,21,12,2011,51
2011-12-22,33.37,30.03,228.33,56.05,2011-12-22,22,12,2011,51
2011-12-23,33.3,29.97,234.72,56.23,2011-12-23,23,12,2011,51
2011-12-24,33.23,29.9,240.44,56.43,2011-12-24,24,12,2011,51
2011-12-25,33.16,29.84,246.15,56.62,2011-12-25,25,12,2011,51
2011-12-26,33.08,29.78,251.87,56.82,2011-12-26,26,12,2011,52
2011-12-27,33.01,29.71,257.58,57.01,2011-12-27,27,12,2011,52
2011-12-28,32.94,29.65,263.3,57.21,2011-12-28,28,12,2011,52
2011-12-29,32.87,29.59,269.01,57.41,2011-12-29,29,12,2011,52
2011-12-30,32.8,29.52,274.72,57.6,2011-12-30,30,12,2011,52
2011-12-31,32.76,29.49,278.07,57.74,2011-12-31,31,12,2011,52
2012-01-01,32.73,29.45,281.41,57.87,2012-01-01,1,1,2012,52
2012-01-02,32.69,29.42,284.75,58.01,2012-01-02,2,1,2012,1
2012-01-03,32.65,29.39,288.09,58.14,2012-01-03,3,1,2012,1
2012-01-04,32.61,29.35,291.43,58.28,2012-01-04,4,1,2012,1
2012-01-05,32.58,29.32,294.77,58.41,2012-01-05,5,1,2012,1
2012-01-06,32.54,29.28,298.11,58.54,2012-01-06,6,1,2012,1
2012-01-07,32.56,29.31,297.43,58.54,2012-01-07,7,1,2012,1
2012-01-08,32.59,29.33,296.74,58.55,2012-01-08,8,1,2012,1
2012-01-09,32.62,29.35,296.06,58.55,2012-01-09,9,1,2012,2
2012-01-10,32.64,29.38,295.38,58.55,2012-01-10,10,1,2012,2
2012-01-11,32.67,29.4,294.69,58.55,2012-01-11,11,1,2012,2
2012-01-12,32.69,29.42,294.01,58.55,2012-01-12,12,1,2012,2
2012-01-13,32.72,29.45,293.32,58.55,2012-01-13,13,1,2012,2
2012-01-14,32.81,29.53,288.47,58.4,2012-01-14,14,1,2012,2
2012-01-15,32.9,29.61,283.61,58.26,2012-01-15,15,1,2012,2
2012-01-16,33.0,29.7,278.75,58.12,2012-01-16,16,1,2012,3
2012-01-17,33.09,29.78,273.9,57.98,2012-01-17,17,1,2012,3
2012-01-18,33.18,29.86,269.04,57.83,2012-01-18,18,1,2012,3
2012-01-19,33.27,29.94,264.18,57.69,2012-01-19,19,1,2012,3
2012-01-20,33.36,30.03,259.32,57.55,2012-01-20,20,1,2012,3
2012-01-21,33.49,30.14,252.06,57.33,2012-01-21,21,1,2012,3
2012-01-22,33.61,30.25,244.8,57.12,2012-01-22,22,1,2012,3
2012-01-23,33.73,30.36,237.54,56.91,2012-01-23,23,1,2012,4
2012-01-24,33.86,30.47,230.28,56.69,2012-01-24,24,1,2012,4
2012-01-25,33.98,30.58,223.02,56.48,2012-01-25,25,1,2012,4
2012-01-26,34.1,30.69,215.76,56.27,2012-01-26,26,1,2012,4
2012-01-27,34.22,30.8,208.5,56.05,2012-01-27,27,1,2012,4
2012-01-28,34.34,30.91,200.73,55.85,2012-01-28,28,1,2012,4
2012-01-29,34.46,31.01,192.96,55.64,2012-01-29,29,1,2012,4
2012-01-30,34.58,31.12,185.19,55.43,2012-01-30,30,1,2012,5
2012-01-31,34.69,31.22,177.42,55.23,2012-01-31,31,1,2012,5
2012-02-01,34.81,31.33,169.65,55.02,2012-02-01,1,2,2012,5
2012-02-02,34.93,31.43,161.88,54.82,2012-02-02,2,2,2012,5
2012-02-03,35.04,31.54,154.11,54.61,2012-02-03,3,2,2012,5
2012-02-04,35.12,31.61,147.72,54.49,2012-02-04,4,2,2012,5
2012-02-05,35.19,31.67,141.33,54.37,2012-02-05,5,2,2012,5
2012-02-06,35.27,31.74,134.95,54.25,2012-02-06,6,2,2012,6
2012-02-07,35.34,31.81,128.56,54.13,2012-02-07,7,2,2012,6
2012-02-08,35.41,31.87,122.18,54.01,2012-02-08,8,2,2012,6
2012-02-09,35.49,31.94,115.79,53.89,2012-02-09,9,2,2012,6
2012-02-10,35.56,32.01,109.4,53.76,2012-02-10,10,2,2012,6
2012-02-11,35.57,32.01,105.79,53.78,2012-02-11,11,2,2012,6
2012-02-12,35.58,32.02,102.17,53.8,2012-02-12,12,2,2012,6
2012-02-13,35.58,32.02,98.55,53.82,2012-02-13,13,2,2012,7
2012-02-14,35.59,32.03,94.94,53.84,2012-02-14,14,2,2012,7
2012-02-15,35.59,32.04,91.32,53.86,2012-02-15,15,2,2012,7
2012-02-16,35.6,32.04,87.7,53.88,2012-02-16,16,2,2012,7
2012-02-17,35.61,32.05,84.09,53.9,2012-02-17,17,2,2012,7
2012-02-18,35.56,32.01,82.88,54.03,2012-02-18,18,2,2012,7
2012-02-19,35.52,31.97,81.68,54.16,2012-02-19,19,2,2012,7
2012-02-20,35.47,31.93,80.47,54.29,2012-02-20,20,2,2012,8
2012-02-21,35.43,31.89,79.26,54.42,2012-02-21,21,2,2012,8
2012-02-22,35.39,31.85,78.06,54.55,2012-02-22,22,2,2012,8
2012-02-23,35.34,31.81,76.85,54.68,2012-02-23,23,2,2012,8
2012-02-24,35.3,31.77,75.65,54.81,2012-02-24,24,2,2012,8
2012-02-25,35.23,31.71,76.12,55.0,2012-02-25,25,2,2012,8
2012-02-26,35.16,31.64,76.59,55.2,2012-02-26,26,2,2012,8
2012-02-27,35.09,31.58,77.06,55.39,2012-02-27,27,2,2012,9
2012-02-28,35.02,31.52,77.53,55.59,2012-02-28,28,2,2012,9
2012-02-29,34.95,31.46,78.0,55.78,2012-02-29,29,2,2012,9
2012-03-01,34.88,31.4,78.48,55.98,2012-03-01,1,3,2012,9
2012-03-02,34.81,31.33,78.95,56.17,2012-03-02,2,3,2012,9
2012-03-03,34.75,31.27,80.36,56.39,2012-03-03,3,3,2012,9
2012-03-04,34.68,31.21,81.78,56.6,2012-03-04,4,3,2012,9
2012-03-05,34.61,31.15,83.19,56.81,2012-03-05,5,3,2012,10
2012-03-06,34.55,31.09,84.61,57.03,2012-03-06,6,3,2012,10
2012-03-07,34.48,31.03,86.02,57.24,2012-03-07,7,3,2012,10
2012-03-08,34.41,30.97,87.44,57.46,2012-03-08,8,3,2012,10
2012-03-09,34.34,30.91,88.85,57.67,2012-03-09,9,3,2012,10
2012-03-10,34.3,30.87,90.51,57.86,2012-03-10,10,3,2012,10
2012-03-11,34.26,30.83,92.16,58.05,2012-03-11,11,3,2012,10
2012-03-12,34.22,30.8,93.81,58.24,2012-03-12,12,3,2012,11
2012-03-13,34.18,30.76,95.46,58.43,2012-03-13,13,3,2012,11
2012-03-14,34.13,30.72,97.11,58.62,2012-03-14,14,3,2012,11
2012-03-15,34.09,30.68,98.76,58.81,2012-03-15,15,3,2012,11
2012-03-16,34.05,30.64,100.41,59.0,2012-03-16,16,3,2012,11
2012-03-17,34.03,30.62,101.86,59.16,2012-03-17,17,3,2012,11
2012-03-18,34.01,30.61,103.31,59.31,2012-03-18,18,3,2012,11
2012-03-19,33.98,30.59,104.76,59.46,2012-03-19,19,3,2012,12
2012-03-20,33.96,30.57,106.21,59.62,2012-03-20,20,3,2012,12
2012-03-21,33.94,30.55,107.66,59.77,2012-03-21,21,3,2012,12
2012-03-22,33.92,30.53,109.11,59.92,2012-03-22,22,3,2012,12
2012-03-23,33.9,30.51,110.56,60.08,2012-03-23,23,3,2012,12
2012-03-24,33.88,30.49,111.53,60.2,2012-03-24,24,3,2012,12
2012-03-25,33.86,30.47,112.5,60.32,2012-03-25,25,3,2012,12
2012-03-26,33.83,30.45,113.46,60.44,2012-03-26,26,3,2012,13
2012-03-27,33.81,30.43,114.43,60.56,2012-03-27,27,3,2012,13
2012-03-28,33.79,30.41,115.4,60.69,2012-03-28,28,3,2012,13
2012-03-29,33.77,30.39,116.37,60.81,2012-03-29,29,3,2012,13
2012-03-30,33.75,30.37,117.34,60.93,2012-03-30,30,3,2012,13
2012-03-31,33.71,30.34,117.56,61.02,2012-03-31,31,3,2012,13
2012-04-01,33.66,30.3,117.77,61.12,2012-04-01,1,4,2012,13
2012-04-02,33.62,30.26,117.99,61.22,2012-04-02,2,4,2012,14
2012-04-03,33.58,30.22,118.2,61.31,2012-04-03,3,4,2012,14
2012-04-04,33.53,30.18,118.42,61.41,2012-04-04,4,4,2012,14
2012-04-05,33.49,30.14,118.63,61.5,2012-04-05,5,4,2012,14
2012-04-06,33.45,30.1,118.85,61.6,2012-04-06,6,4,2012,14
2012-04-07,33.36,30.03,118.04,61.67,2012-04-07,7,4,2012,14
2012-04-08,33.28,29.95,117.23,61.75,2012-04-08,8,4,2012,14
2012-04-09,33.19,29.87,116.42,61.82,2012-04-09,9,4,2012,15
2012-04-10,33.11,29.8,115.62,61.9,2012-04-10,10,4,2012,15
2012-04-11,33.02,29.72,114.81,61.97,2012-04-11,11,4,2012,15
2012-04-12,32.94,29.65,114.0,62.05,2012-04-12,12,4,2012,15
2012-04-13,32.85,29.57,113.19,62.12,2012-04-13,13,4,2012,15
2012-04-14,32.73,29.45,111.54,62.19,2012-04-14,14,4,2012,15
2012-04-15,32.6,29.34,109.88,62.25,2012-04-15,15,4,2012,15
2012-04-16,32.47,29.22,108.22,62.31,2012-04-16,16,4,2012,16
2012-04-17,32.34,29.1,106.56,62.38,2012-04-17,17,4,2012,16
2012-04-18,32.21,28.99,104.9,62.44,2012-04-18,18,4,2012,16
2012-04-19,32.08,28.87,103.25,62.5,2012-04-19,19,4,2012,16
2012-04-20,31.95,28.75,101.59,62.57,2012-04-20,20,4,2012,16
2012-04-21,31.8,28.62,99.92,62.63,2012-04-21,21,4,2012,16
2012-04-22,31.65,28.48,98.25,62.7,2012-04-22,22,4,2012,16
2012-04-23,31.5,28.35,96.59,62.76,2012-04-23,23,4,2012,17
2012-04-24,31.35,28.22,94.92,62.83,2012-04-24,24,4,2012,17
2012-04-25,31.2,28.08,93.25,62.9,2012-04-25,25,4,2012,17
2012-04-26,31.05,27.95,91.59,62.96,2012-04-26,26,4,2012,17
2012-04-27,30.9,27.81,89.92,63.03,2012-04-27,27,4,2012,17
2012-04-28,30.76,27.69,89.14,63.11,2012-04-28,28,4,2012,17
2012-04-29,30.62,27.56,88.37,63.19,2012-04-29,29,4,2012,17
2012-04-30,30.48,27.43,87.59,63.28,2012-04-30,30,4,2012,18
2012-05-01,30.34,27.31,86.81,63.36,2012-05-01,1,5,2012,18
2012-05-02,30.2,27.18,86.04,63.44,2012-05-02,2,5,2012,18
2012-05-03,30.06,27.05,85.26,63.52,2012-05-03,3,5,2012,18
2012-05-04,29.92,26.92,84.49,63.61,2012-05-04,4,5,2012,18
2012-05-05,29.81,26.83,85.5,63.72,2012-05-05,5,5,2012,18
2012-05-06,29.71,26.73,86.51,63.84,2012-05-06,6,5,2012,18
2012-05-07,29.6,26.64,87.53,63.95,2012-05-07,7,5,2012,19
2012-05-08,29.49,26.54,88.54,64.07,2012-05-08,8,5,2012,19
2012-05-09,29.39,26.45,89.55,64.18,2012-05-09,9,5,2012,19
2012-05-10,29.28,26.36,90.57,64.29,2012-05-10,10,5,2012,19
2012-05-11,29.18,26.26,91.58,64.41,2012-05-11,11,5,2012,19
2012-05-12,29.13,26.22,94.89,64.56,2012-05-12,12,5,2012,19
2012-05-13,29.08,26.17,98.21,64.71,2012-05-13,13,5,2012,19
2012-05-14,29.03,26.13,101.52,64.86,2012-05-14,14,5,2012,20
2012-05-15,28.98,26.08,104.84,65.01,2012-05-15,15,5,2012,20
2012-05-16,28.93,26.04,108.15,65.16,2012-05-16,16,5,2012,20
2012-05-17,28.89,26.0,111.46,65.31,2012-05-17,17,5,2012,20
2012-05-18,28.84,25.95,114.78,65.46,2012-05-18,18,5,2012,20
2012-05-19,28.84,25.95,119.27,65.6,2012-05-19,19,5,2012,20
2012-05-20,28.84,25.95,123.76,65.74,2012-05-20,20,5,2012,20
2012-05-21,28.84,25.95,128.25,65.88,2012-05-21,21,5,2012,21
2012-05-22,28.84,25.95,132.74,66.02,2012-05-22,22,5,2012,21
2012-05-23,28.84,25.96,137.23,66.16,2012-05-23,23,5,2012,21
2012-05-24,28.84,25.96,141.72,66.3,2012-05-24,24,5,2012,21
2012-05-25,28.84,25.96,146.21,66.44,2012-05-25,25,5,2012,21
2012-05-26,28.88,25.99,150.31,66.52,2012-05-26,26,5,2012,21
2012-05-27,28.91,26.02,154.42,66.59,2012-05-27,27,5,2012,21
2012-05-28,28.94,26.05,158.53,66.67,2012-05-28,28,5,2012,22
2012-05-29,28.98,26.08,162.64,66.74,2012-05-29,29,5,2012,22
2012-05-30,29.01,26.11,166.74,66.82,2012-05-30,30,5,2012,22
2012-05-31,29.05,26.14,170.85,66.89,2012-05-31,31,5,2012,22
2012-06-01,29.08,26.18,174.96,66.97,2012-06-01,1,6,2012,22
2012-06-02,29.14,26.22,177.13,66.92,2012-06-02,2,6,2012,22
2012-06-03,29.19,26.27,179.29,66.87,2012-06-03,3,6,2012,22
2012-06-04,29.25,26.32,181.46,66.83,2012-06-04,4,6,2012,23
2012-06-05,29.3,26.37,183.63,66.78,2012-06-05,5,6,2012,23
2012-06-06,29.36,26.42,185.79,66.73,2012-06-06,6,6,2012,23
2012-06-07,29.41,26.47,187.96,66.69,2012-06-07,7,6,2012,23
2012-06-08,29.46,26.52,190.13,66.64,2012-06-08,8,6,2012,23
2012-06-09,29.52,26.57,188.92,66.42,2012-06-09,9,6,2012,23
2012-06-10,29.58,26.63,187.71,66.2,2012-06-10,10,6,2012,23
2012-06-11,29.64,26.68,186.5,65.98,2012-06-11,11,6,2012,24
2012-06-12,29.7,26.73,185.29,65.76,2012-06-12,12,6,2012,24
2012-06-13,29.76,26.79,184.08,65.54,2012-06-13,13,6,2012,24
2012-06-14,29.82,26.84,182.87,65.32,2012-06-14,14,6,2012,24
2012-06-15,29.88,26.89,181.66,65.1,2012-06-15,15,6,2012,24
2012-06-16,29.93,26.94,177.3,64.73,2012-06-16,16,6,2012,24
2012-06-17,29.99,26.99,172.93,64.35,2012-06-17,17,6,2012,24
2012-06-18,30.04,27.04,168.56,63.98,2012-06-18,18,6,2012,25
2012-06-19,30.09,27.08,164.19,63.61,2012-06-19,19,6,2012,25
2012-06-20,30.15,27.13,159.83,63.23,2012-06-20,20,6,2012,25
2012-06-21,30.2,27.18,155.46,62.86,2012-06-21,21,6,2012,25
2012-06-22,30.25,27.23,151.09,62.49,2012-06-22,22,6,2012,25
2012-06-23,30.29,27.26,144.97,62.03,2012-06-23,23,6,2012,25
2012-06-24,30.33,27.3,138.86,61.57,2012-06-24,24,6,2012,25
2012-06-25,30.37,27.33,132.74,61.12,2012-06-25,25,6,2012,26
2012-06-26,30.41,27.37,126.62,60.66,2012-06-26,26,6,2012,26
2012-06-27,30.45,27.4,120.5,60.21,2012-06-27,27,6,2012,26
2012-06-28,30.49,27.44,114.39,59.75,2012-06-28,28,6,2012,26
2012-06-29,30.53,27.47,108.27,59.3,2012-06-29,29,6,2012,26
2012-06-30,30.54,27.49,101.84,58.83,2012-06-30,30,6,2012,26
2012-07-01,30.56,27.5,95.4,58.36,2012-07-01,1,7,2012,26
2012-07-02,30.57,27.52,88.97,57.9,2012-07-02,2,7,2012,27
2012-07-03,30.59,27.53,82.54,57.43,2012-07-03,3,7,2012,27
2012-07-04,30.61,27.55,76.1,56.97,2012-07-04,4,7,2012,27
2012-07-05,30.62,27.56,69.67,56.5,2012-07-05,5,7,2012,27
2012-07-06,30.64,27.57,63.24,56.04,2012-07-06,6,7,2012,27
2012-07-07,30.62,27.56,58.0,55.63,2012-07-07,7,7,2012,27
2012-07-08,30.61,27.55,52.77,55.23,2012-07-08,8,7,2012,27
2012-07-09,30.59,27.53,47.53,54.83,2012-07-09,9,7,2012,28
2012-07-10,30.58,27.52,42.29,54.42,2012-07-10,10,7,2012,28
2012-07-11,30.56,27.51,37.06,54.02,2012-07-11,11,7,2012,28
2012-07-12,30.55,27.49,31.82,53.61,2012-07-12,12,7,2012,28
2012-07-13,30.53,27.48,26.59,53.21,2012-07-13,13,7,2012,28
2012-07-14,30.49,27.44,24.64,52.9,2012-07-14,14,7,2012,28
2012-07-15,30.45,27.4,22.69,52.6,2012-07-15,15,7,2012,28
2012-07-16,30.41,27.37,20.74,52.29,2012-07-16,16,7,2012,29
2012-07-17,30.36,27.33,18.79,51.99,2012-07-17,17,7,2012,29
2012-07-18,30.32,27.29,16.84,51.68,2012-07-18,18,7,2012,29
2012-07-19,30.28,27.25,14.9,51.37,2012-07-19,19,7,2012,29
2012-07-20,30.24,27.21,12.95,51.07,2012-07-20,20,7,2012,29
2012-07-21,30.2,27.18,12.12,50.83,2012-07-21,21,7,2012,29
2012-07-22,30.16,27.14,11.3,50.58,2012-07-22,22,7,2012,29
2012-07-23,30.11,27.1,10.48,50.34,2012-07-23,23,7,2012,30
2012-07-24,30.07,27.07,9.66,50.1,2012-07-24,24,7,2012,30
2012-07-25,30.03,27.03,8.84,49.86,2012-07-25,25,7,2012,30
2012-07-26,29.99,26.99,8.01,49.62,2012-07-26,26,7,2012,30
2012-07-27,29.95,26.95,7.19,49.38,2012-07-27,27,7,2012,30
2012-07-28,29.94,26.95,6.7,49.17,2012-07-28,28,7,2012,30
2012-07-29,29.93,26.94,6.22,48.95,2012-07-29,29,7,2012,30
2012-07-30,29.92,26.93,5.73,48.74,2012-07-30,30,7,2012,31
2012-07-31,29.91,26.92,5.24,48.52,2012-07-31,31,7,2012,31
2012-08-01,29.9,26.91,4.75,48.31,2012-08-01,1,8,2012,31
2012-08-02,29.89,26.9,4.26,48.1,2012-08-02,2,8,2012,31
2012-08-03,29.88,26.89,3.78,47.88,2012-08-03,3,8,2012,31
2012-08-04,29.93,26.93,3.53,47.65,2012-08-04,4,8,2012,31
2012-08-05,29.98,26.98,3.28,47.43,2012-08-05,5,8,2012,31
2012-08-06,30.03,27.02,3.04,47.2,2012-08-06,6,8,2012,32
2012-08-07,30.08,27.07,2.79,46.97,2012-08-07,7,8,2012,32
2012-08-08,30.13,27.11,2.54,46.75,2012-08-08,8,8,2012,32
2012-08-09,30.18,27.16,2.3,46.52,2012-08-09,9,8,2012,32
2012-08-10,30.23,27.2,2.05,46.29,2012-08-10,10,8,2012,32
2012-08-11,30.36,27.32,4.14,46.03,2012-08-11,11,8,2012,32
2012-08-12,30.49,27.44,6.23,45.76,2012-08-12,12,8,2012,32
2012-08-13,30.62,27.56,8.32,45.49,2012-08-13,13,8,2012,33
2012-08-14,30.76,27.68,10.41,45.23,2012-08-14,14,8,2012,33
2012-08-15,30.89,27.8,12.5,44.96,2012-08-15,15,8,2012,33
2012-08-16,31.02,27.92,14.6,44.69,2012-08-16,16,8,2012,33
2012-08-17,31.16,28.04,16.69,44.42,2012-08-17,17,8,2012,33
2012-08-18,31.35,28.22,19.43,44.14,2012-08-18,18,8,2012,33
2012-08-19,31.55,28.39,22.18,43.87,2012-08-19,19,8,2012,33
2012-08-20,31.74,28.57,24.93,43.59,2012-08-20,20,8,2012,34
2012-08-21,31.94,28.74,27.67,43.31,2012-08-21,21,8,2012,34
2012-08-22,32.13,28.92,30.42,43.03,2012-08-22,22,8,2012,34
2012-08-23,32.33,29.09,33.17,42.75,2012-08-23,23,8,2012,34
2012-08-24,32.52,29.27,35.91,42.47,2012-08-24,24,8,2012,34
2012-08-25,32.75,29.47,38.66,42.23,2012-08-25,25,8,2012,34
2012-08-26,32.97,29.67,41.41,41.99,2012-08-26,26,8,2012,34
2012-08-27,33.2,29.88,44.16,41.74,2012-08-27,27,8,2012,35
2012-08-28,33.42,30.08,46.92,41.5,2012-08-28,28,8,2012,35
2012-08-29,33.64,30.28,49.67,41.26,2012-08-29,29,8,2012,35
2012-08-30,33.87,30.48,52.42,41.01,2012-08-30,30,8,2012,35
2012-08-31,34.09,30.68,55.17,40.77,2012-08-31,31,8,2012,35
2012-09-01,34.31,30.88,57.46,40.61,2012-09-01,1,9,2012,35
2012-09-02,34.53,31.08,59.75,40.45,2012-09-02,2,9,2012,35
2012-09-03,34.75,31.28,62.04,40.29,2012-09-03,3,9,2012,36
2012-09-04,34.97,31.48,64.33,40.13,2012-09-04,4,9,2012,36
2012-09-05,35.19,31.67,66.62,39.97,2012-09-05,5,9,2012,36
2012-09-06,35.41,31.87,68.91,39.81,2012-09-06,6,9,2012,36
2012-09-07,35.63,32.07,71.2,39.65,2012-09-07,7,9,2012,36
2012-09-08,35.82,32.23,72.58,39.62,2012-09-08,8,9,2012,36
2012-09-09,36.0,32.4,73.96,39.59,2012-09-09,9,9,2012,36
2012-09-10,36.18,32.56,75.34,39.55,2012-09-10,10,9,2012,37
2012-09-11,36.36,32.73,76.72,39.52,2012-09-11,11,9,2012,37
2012-09-12,36.55,32.89,78.1,39.49,2012-09-12,12,9,2012,37
2012-09-13,36.73,33.06,79.48,39.46,2012-09-13,13,9,2012,37
2012-09-14,36.91,33.22,80.86,39.43,2012-09-14,14,9,2012,37
2012-09-15,37.04,33.34,81.29,39.52,2012-09-15,15,9,2012,37
2012-09-16,37.17,33.45,81.73,39.62,2012-09-16,16,9,2012,37
2012-09-17,37.3,33.57,82.17,39.71,2012-09-17,17,9,2012,38
2012-09-18,37.43,33.68,82.61,39.81,2012-09-18,18,9,2012,38
2012-09-19,37.55,33.8,83.05,39.9,2012-09-19,19,9,2012,38
2012-09-20,37.68,33.91,83.49,40.0,2012-09-20,20,9,2012,38
2012-09-21,37.81,34.03,83.93,40.1,2012-09-21,21,9,2012,38
2012-09-22,37.88,34.09,83.8,40.28,2012-09-22,22,9,2012,38
2012-09-23,37.95,34.16,83.67,40.46,2012-09-23,23,9,2012,38
2012-09-24,38.02,34.22,83.54,40.65,2012-09-24,24,9,2012,39
2012-09-25,38.09,34.28,83.41,40.83,2012-09-25,25,9,2012,39
2012-09-26,38.16,34.34,83.28,41.01,2012-09-26,26,9,2012,39
2012-09-27,38.23,34.41,83.15,41.2,2012-09-27,27,9,2012,39
2012-09-28,38.3,34.47,83.02,41.38,2012-09-28,28,9,2012,39
2012-09-29,38.31,34.48,82.71,41.61,2012-09-29,29,9,2012,39
2012-09-30,38.31,34.48,82.39,41.84,2012-09-30,30,9,2012,39
2012-10-01,38.32,34.49,82.08,42.07,2012-10-01,1,10,2012,40
2012-10-02,38.33,34.5,81.77,42.3,2012-10-02,2,10,2012,40
2012-10-03,38.34,34.5,81.45,42.54,2012-10-03,3,10,2012,40
2012-10-04,38.34,34.51,81.14,42.77,2012-10-04,4,10,2012,40
2012-10-05,38.35,34.51,80.82,43.0,2012-10-05,5,10,2012,40
2012-10-06,38.29,34.46,80.71,43.23,2012-10-06,6,10,2012,40
2012-10-07,38.23,34.41,80.59,43.47,2012-10-07,7,10,2012,40
2012-10-08,38.17,34.36,80.48,43.71,2012-10-08,8,10,2012,41
2012-10-09,38.11,34.3,80.36,43.95,2012-10-09,9,10,2012,41
2012-10-10,38.06,34.25,80.24,44.18,2012-10-10,10,10,2012,41
2012-10-11,38.0,34.2,80.13,44.42,2012-10-11,11,10,2012,41
2012-10-12,37.94,34.14,80.01,44.66,2012-10-12,12,10,2012,41
2012-10-13,37.82,34.04,80.39,44.88,2012-10-13,13,10,2012,41
2012-10-14,37.7,33.93,80.78,45.1,2012-10-14,14,10,2012,41
2012-10-15,37.59,33.83,81.16,45.32,2012-10-15,15,10,2012,42
2012-10-16,37.47,33.72,81.54,45.54,2012-10-16,16,10,2012,42
2012-10-17,37.35,33.62,81.92,45.76,2012-10-17,17,10,2012,42
2012-10-18,37.24,33.51,82.3,45.97,2012-10-18,18,10,2012,42
2012-10-19,37.12,33.41,82.68,46.19,2012-10-19,19,10,2012,42
2012-10-20,36.98,33.28,83.67,46.41,2012-10-20,20,10,2012,42
2012-10-21,36.84,33.15,84.66,46.62,2012-10-21,21,10,2012,42
2012-10-22,36.7,33.03,85.65,46.83,2012-10-22,22,10,2012,43
2012-10-23,36.55,32.9,86.64,47.04,2012-10-23,23,10,2012,43
2012-10-24,36.41,32.77,87.63,47.26,2012-10-24,24,10,2012,43
2012-10-25,36.27,32.64,88.62,47.47,2012-10-25,25,10,2012,43
2012-10-26,36.13,32.52,89.61,47.68,2012-10-26,26,10,2012,43
2012-10-27,36.0,32.4,91.29,47.9,2012-10-27,27,10,2012,43
2012-10-28,35.87,32.28,92.97,48.13,2012-10-28,28,10,2012,43
2012-10-29,35.74,32.17,94.65,48.35,2012-10-29,29,10,2012,44
2012-10-30,35.61,32.05,96.33,48.57,2012-10-30,30,10,2012,44
2012-10-31,35.48,31.93,98.01,48.79,2012-10-31,31,10,2012,44
2012-11-01,35.35,31.81,99.69,49.01,2012-11-01,1,11,2012,44
2012-11-02,35.22,31.7,101.37,49.24,2012-11-02,2,11,2012,44
2012-11-03,35.14,31.63,103.83,49.48,2012-11-03,3,11,2012,44
2012-11-04,35.06,31.55,106.29,49.73,2012-11-04,4,11,2012,44
2012-11-05,34.98,31.48,108.74,49.98,2012-11-05,5,11,2012,45
2012-11-06,34.9,31.41,111.2,50.23,2012-11-06,6,11,2012,45
2012-11-07,34.82,31.33,113.66,50.47,2012-11-07,7,11,2012,45
2012-11-08,34.74,31.26,116.11,50.72,2012-11-08,8,11,2012,45
2012-11-09,34.65,31.19,118.57,50.97,2012-11-09,9,11,2012,45
2012-11-10,34.65,31.19,121.83,51.26,2012-11-10,10,11,2012,45
2012-11-11,34.65,31.18,125.09,51.54,2012-11-11,11,11,2012,45
2012-11-12,34.65,31.18,128.35,51.83,2012-11-12,12,11,2012,46
2012-11-13,34.64,31.18,131.61,52.11,2012-11-13,13,11,2012,46
2012-11-14,34.64,31.18,134.87,52.4,2012-11-14,14,11,2012,46
2012-11-15,34.64,31.17,138.13,52.69,2012-11-15,15,11,2012,46
2012-11-16,34.64,31.17,141.39,52.97,2012-11-16,16,11,2012,46
2012-11-17,34.69,31.22,145.12,53.28,2012-11-17,17,11,2012,46
2012-11-18,34.74,31.27,148.85,53.6,2012-11-18,18,11,2012,46
2012-11-19,34.8,31.32,152.58,53.91,2012-11-19,19,11,2012,47
2012-11-20,34.85,31.37,156.3,54.22,2012-11-20,20,11,2012,47
2012-11-21,34.91,31.42,160.03,54.54,2012-11-21,21,11,2012,47
2012-11-22,34.96,31.47,163.76,54.85,2012-11-22,22,11,2012,47
2012-11-23,35.02,31.51,167.48,55.16,2012-11-23,23,11,2012,47
2012-11-24,35.09,31.58,171.2,55.48,2012-11-24,24,11,2012,47
2012-11-25,35.16,31.64,174.91,55.8,2012-11-25,25,11,2012,47
2012-11-26,35.23,31.71,178.62,56.12,2012-11-26,26,11,2012,48
2012-11-27,35.3,31.77,182.33,56.44,2012-11-27,27,11,2012,48
2012-11-28,35.37,31.83,186.04,56.76,2012-11-28,28,11,2012,48
2012-11-29,35.44,31.9,189.75,57.08,2012-11-29,29,11,2012,48
2012-11-30,35.51,31.96,193.46,57.4,2012-11-30,30,11,2012,48
2012-12-01,35.56,32.0,196.68,57.71,2012-12-01,1,12,2012,48
2012-12-02,35.61,32.05,199.89,58.01,2012-12-02,2,12,2012,48
2012-12-03,35.65,32.09,203.11,58.32,2012-12-03,3,12,2012,49
2012-12-04,35.7,32.13,206.32,58.62,2012-12-04,4,12,2012,49
2012-12-05,35.75,32.17,209.53,58.93,2012-12-05,5,12,2012,49
2012-12-06,35.79,32.21,212.75,59.23,2012-12-06,6,12,2012,49
2012-12-07,35.84,32.26,215.96,59.54,2012-12-07,7,12,2012,49
2012-12-08,35.82,32.24,218.21,59.81,2012-12-08,8,12,2012,49
2012-12-09,35.81,32.23,220.46,60.08,2012-12-09,9,12,2012,49
2012-12-10,35.79,32.21,222.7,60.35,2012-12-10,10,12,2012,50
2012-12-11,35.77,32.2,224.95,60.62,2012-12-11,11,12,2012,50
2012-12-12,35.76,32.18,227.2,60.9,2012-12-12,12,12,2012,50
2012-12-13,35.74,32.17,229.44,61.17,2012-12-13,13,12,2012,50
2012-12-14,35.72,32.15,231.69,61.44,2012-12-14,14,12,2012,50
2012-12-15,35.64,32.08,232.81,61.67,2012-12-15,15,12,2012,50
2012-12-16,35.56,32.0,233.93,61.89,2012-12-16,16,12,2012,50
2012-12-17,35.47,31.93,235.06,62.12,2012-12-17,17,12,2012,51
2012-12-18,35.39,31.85,236.18,62.35,2012-12-18,18,12,2012,51
2012-12-19,35.31,31.78,237.3,62.58,2012-12-19,19,12,2012,51
2012-12-20,35.22,31.7,238.43,62.8,2012-12-20,20,12,2012,51
2012-12-21,35.14,31.63,239.55,63.03,2012-12-21,21,12,2012,51
2012-12-22,35.03,31.52,239.71,63.21,2012-12-22,22,12,2012,51
2012-12-23,34.91,31.42,239.88,63.4,2012-12-23,23,12,2012,51
2012-12-24,34.8,31.32,240.04,63.58,2012-12-24,24,12,2012,52
2012-12-25,34.68,31.21,240.21,63.77,2012-12-25,25,12,2012,52
2012-12-26,34.57,31.11,240.37,63.95,2012-12-26,26,12,2012,52
2012-12-27,34.45,31.01,240.54,64.13,2012-12-27,27,12,2012,52
2012-12-28,34.34,30.9,240.7,64.32,2012-12-28,28,12,2012,52
2012-12-29,34.23,30.8,240.09,64.46,2012-12-29,29,12,2012,52
2012-12-30,34.12,30.7,239.48,64.6,2012-12-30,30,12,2012,52
2012-12-31,34.01,30.61,238.87,64.74,2012-12-31,31,12,2012,1
2013-01-01,33.9,30.51,238.26,64.88,2013-01-01,1,1,2013,1
2013-01-02,33.78,30.41,237.64,65.03,2013-01-02,2,1,2013,1
2013-01-03,33.67,30.31,237.03,65.17,2013-01-03,3,1,2013,1
2013-01-04,33.56,30.21,236.42,65.31,2013-01-04,4,1,2013,1
2013-01-05,33.49,30.14,235.21,65.41,2013-01-05,5,1,2013,1
2013-01-06,33.42,30.08,234.0,65.51,2013-01-06,6,1,2013,1
2013-01-07,33.35,30.02,232.8,65.61,2013-01-07,7,1,2013,2
2013-01-08,33.29,29.96,231.59,65.71,2013-01-08,8,1,2013,2
2013-01-09,33.22,29.89,230.38,65.81,2013-01-09,9,1,2013,2
2013-01-10,33.15,29.83,229.18,65.92,2013-01-10,10,1,2013,2
2013-01-11,33.08,29.77,227.97,66.02,2013-01-11,11,1,2013,2
2013-01-12,33.07,29.76,226.38,66.08,2013-01-12,12,1,2013,2
2013-01-13,33.06,29.76,224.79,66.14,2013-01-13,13,1,2013,2
2013-01-14,33.06,29.75,223.2,66.2,2013-01-14,14,1,2013,3
2013-01-15,33.05,29.74,221.61,66.27,2013-01-15,15,1,2013,3
2013-01-16,33.04,29.74,220.03,66.33,2013-01-16,16,1,2013,3
2013-01-17,33.03,29.73,218.44,66.39,2013-01-17,17,1,2013,3
2013-01-18,33.03,29.72,216.85,66.45,2013-01-18,18,1,2013,3
2013-01-19,33.07,29.76,215.19,66.48,2013-01-19,19,1,2013,3
2013-01-20,33.11,29.8,213.52,66.51,2013-01-20,20,1,2013,3
2013-01-21,33.15,29.83,211.86,66.54,2013-01-21,21,1,2013,4
2013-01-22,33.19,29.87,210.2,66.57,2013-01-22,22,1,2013,4
2013-01-23,33.23,29.9,208.53,66.6,2013-01-23,23,1,2013,4
2013-01-24,33.27,29.94,206.87,66.63,2013-01-24,24,1,2013,4
2013-01-25,33.31,29.98,205.21,66.66,2013-01-25,25,1,2013,4
2013-01-26,33.37,30.03,203.79,66.66,2013-01-26,26,1,2013,4
2013-01-27,33.43,30.09,202.37,66.66,2013-01-27,27,1,2013,4
2013-01-28,33.5,30.15,200.96,66.66,2013-01-28,28,1,2013,5
2013-01-29,33.56,30.21,199.54,66.66,2013-01-29,29,1,2013,5
2013-01-30,33.63,30.26,198.12,66.66,2013-01-30,30,1,2013,5
2013-01-31,33.69,30.32,196.7,66.66,2013-01-31,31,1,2013,5
2013-02-01,33.75,30.38,195.29,66.66,2013-02-01,1,2,2013,5
2013-02-02,33.82,30.44,194.44,66.64,2013-02-02,2,2,2013,5
2013-02-03,33.88,30.5,193.59,66.62,2013-02-03,3,2,2013,5
2013-02-04,33.95,30.55,192.74,66.6,2013-02-04,4,2,2013,6
2013-02-05,34.02,30.61,191.89,66.58,2013-02-05,5,2,2013,6
2013-02-06,34.08,30.67,191.04,66.56,2013-02-06,6,2,2013,6
2013-02-07,34.15,30.73,190.19,66.53,2013-02-07,7,2,2013,6
2013-02-08,34.21,30.79,189.34,66.51,2013-02-08,8,2,2013,6
2013-02-09,34.26,30.83,189.31,66.47,2013-02-09,9,2,2013,6
2013-02-10,34.3,30.87,189.28,66.44,2013-02-10,10,2,2013,6
2013-02-11,34.35,30.92,189.25,66.4,2013-02-11,11,2,2013,7
2013-02-12,34.4,30.96,189.21,66.36,2013-02-12,12,2,2013,7
2013-02-13,34.44,31.0,189.18,66.32,2013-02-13,13,2,2013,7
2013-02-14,34.49,31.04,189.15,66.29,2013-02-14,14,2,2013,7
2013-02-15,34.54,31.08,189.12,66.25,2013-02-15,15,2,2013,7
2013-02-16,34.55,31.1,189.6,66.21,2013-02-16,16,2,2013,7
2013-02-17,34.57,31.12,190.07,66.17,2013-02-17,17,2,2013,7
2013-02-18,34.59,31.13,190.55,66.13,2013-02-18,18,2,2013,8
2013-02-19,34.61,31.15,191.02,66.09,2013-02-19,19,2,2013,8
2013-02-20,34.63,31.17,191.5,66.05,2013-02-20,20,2,2013,8
2013-02-21,34.65,31.18,191.97,66.01,2013-02-21,21,2,2013,8
2013-02-22,34.67,31.2,192.45,65.97,2013-02-22,22,2,2013,8
2013-02-23,34.66,31.19,192.84,65.95,2013-02-23,23,2,2013,8
2013-02-24,34.65,31.18,193.24,65.93,2013-02-24,24,2,2013,8
2013-02-25,34.64,31.18,193.64,65.91,2013-02-25,25,2,2013,9
2013-02-26,34.63,31.17,194.04,65.88,2013-02-26,26,2,2013,9
2013-02-27,34.62,31.16,194.44,65.86,2013-02-27,27,2,2013,9
2013-02-28,34.61,31.15,194.84,65.84,2013-02-28,28,2,2013,9
2013-03-01,34.6,31.14,195.24,65.81,2013-03-01,1,3,2013,9
2013-03-02,34.56,31.1,194.97,65.83,2013-03-02,2,3,2013,9
2013-03-03,34.52,31.07,194.71,65.84,2013-03-03,3,3,2013,9
2013-03-04,34.48,31.03,194.45,65.85,2013-03-04,4,3,2013,10
2013-03-05,34.44,31.0,194.19,65.86,2013-03-05,5,3,2013,10
2013-03-06,34.4,30.96,193.92,65.87,2013-03-06,6,3,2013,10
2013-03-07,34.36,30.93,193.66,65.88,2013-03-07,7,3,2013,10
2013-03-08,34.32,30.89,193.4,65.89,2013-03-08,8,3,2013,10
2013-03-09,34.25,30.83,191.9,65.96,2013-03-09,9,3,2013,10
2013-03-10,34.18,30.76,190.41,66.02,2013-03-10,10,3,2013,10
2013-03-11,34.11,30.7,188.92,66.08,2013-03-11,11,3,2013,11
2013-03-12,34.04,30.63,187.43,66.14,2013-03-12,12,3,2013,11
2013-03-13,33.97,30.57,185.93,66.21,2013-03-13,13,3,2013,11
2013-03-14,33.89,30.5,184.44,66.27,2013-03-14,14,3,2013,11
2013-03-15,33.82,30.44,182.95,66.33,2013-03-15,15,3,2013,11
2013-03-16,33.73,30.35,180.2,66.43,2013-03-16,16,3,2013,11
2013-03-17,33.63,30.27,177.45,66.53,2013-03-17,17,3,2013,11
2013-03-18,33.54,30.18,174.71,66.62,2013-03-18,18,3,2013,12
2013-03-19,33.44,30.1,171.96,66.72,2013-03-19,19,3,2013,12
2013-03-20,33.35,30.01,169.22,66.81,2013-03-20,20,3,2013,12
2013-03-21,33.25,29.92,166.47,66.91,2013-03-21,21,3,2013,12
2013-03-22,33.15,29.84,163.72,67.01,2013-03-22,22,3,2013,12
2013-03-23,33.05,29.75,160.38,67.08,2013-03-23,23,3,2013,12
2013-03-24,32.95,29.66,157.03,67.15,2013-03-24,24,3,2013,12
2013-03-25,32.85,29.56,153.69,67.21,2013-03-25,25,3,2013,13
2013-03-26,32.75,29.47,150.34,67.28,2013-03-26,26,3,2013,13
2013-03-27,32.64,29.38,147.0,67.35,2013-03-27,27,3,2013,13
2013-03-28,32.54,29.29,143.65,67.42,2013-03-28,28,3,2013,13
2013-03-29,32.44,29.2,140.31,67.49,2013-03-29,29,3,2013,13
2013-03-30,32.35,29.12,137.06,67.47,2013-03-30,30,3,2013,13
2013-03-31,32.26,29.04,133.81,67.45,2013-03-31,31,3,2013,13
2013-04-01,32.17,28.95,130.56,67.43,2013-04-01,1,4,2013,14
2013-04-02,32.08,28.87,127.32,67.4,2013-04-02,2,4,2013,14
2013-04-03,31.99,28.79,124.07,67.38,2013-04-03,3,4,2013,14
2013-04-04,31.9,28.71,120.82,67.36,2013-04-04,4,4,2013,14
2013-04-05,31.81,28.63,117.57,67.34,2013-04-05,5,4,2013,14
2013-04-06,31.75,28.58,115.12,67.16,2013-04-06,6,4,2013,14
2013-04-07,31.69,28.52,112.66,66.99,2013-04-07,7,4,2013,14
2013-04-08,31.63,28.47,110.21,66.81,2013-04-08,8,4,2013,15
2013-04-09,31.58,28.42,107.75,66.63,2013-04-09,9,4,2013,15
2013-04-10,31.52,28.36,105.3,66.46,2013-04-10,10,4,2013,15
2013-04-11,31.46,28.31,102.84,66.28,2013-04-11,11,4,2013,15
2013-04-12,31.4,28.26,100.38,66.11,2013-04-12,12,4,2013,15
2013-04-13,31.38,28.24,99.2,65.75,2013-04-13,13,4,2013,15
2013-04-14,31.36,28.22,98.01,65.4,2013-04-14,14,4,2013,15
2013-04-15,31.34,28.21,96.83,65.05,2013-04-15,15,4,2013,16
2013-04-16,31.32,28.19,95.64,64.69,2013-04-16,16,4,2013,16
2013-04-17,31.31,28.18,94.46,64.34,2013-04-17,17,4,2013,16
2013-04-18,31.29,28.16,93.27,63.98,2013-04-18,18,4,2013,16
2013-04-19,31.27,28.14,92.09,63.63,2013-04-19,19,4,2013,16
2013-04-20,31.28,28.15,91.93,63.21,2013-04-20,20,4,2013,16
2013-04-21,31.28,28.16,91.76,62.79,2013-04-21,21,4,2013,16
2013-04-22,31.29,28.16,91.6,62.37,2013-04-22,22,4,2013,17
2013-04-23,31.3,28.17,91.44,61.95,2013-04-23,23,4,2013,17
2013-04-24,31.3,28.17,91.27,61.53,2013-04-24,24,4,2013,17
2013-04-25,31.31,28.18,91.11,61.11,2013-04-25,25,4,2013,17
2013-04-26,31.32,28.19,90.94,60.69,2013-04-26,26,4,2013,17
2013-04-27,31.33,28.2,91.4,60.34,2013-04-27,27,4,2013,17
2013-04-28,31.34,28.21,91.86,59.99,2013-04-28,28,4,2013,17
2013-04-29,31.35,28.22,92.32,59.64,2013-04-29,29,4,2013,18
2013-04-30,31.36,28.22,92.78,59.29,2013-04-30,30,4,2013,18
2013-05-01,31.37,28.23,93.23,58.94,2013-05-01,1,5,2013,18
2013-05-02,31.38,28.24,93.69,58.59,2013-05-02,2,5,2013,18
2013-05-03,31.39,28.25,94.15,58.24,2013-05-03,3,5,2013,18
2013-05-04,31.39,28.25,94.83,58.1,2013-05-04,4,5,2013,18
2013-05-05,31.38,28.24,95.51,57.96,2013-05-05,5,5,2013,18
2013-05-06,31.37,28.24,96.19,57.82,2013-05-06,6,5,2013,19
2013-05-07,31.37,28.23,96.87,57.68,2013-05-07,7,5,2013,19
2013-05-08,31.36,28.22,97.55,57.54,2013-05-08,8,5,2013,19
2013-05-09,31.35,28.22,98.23,57.4,2013-05-09,9,5,2013,19
2013-05-10,31.35,28.21,98.91,57.26,2013-05-10,10,5,2013,19
2013-05-11,31.3,28.17,99.43,57.45,2013-05-11,11,5,2013,19
2013-05-12,31.26,28.13,99.95,57.64,2013-05-12,12,5,2013,19
2013-05-13,31.22,28.1,100.48,57.83,2013-05-13,13,5,2013,20
2013-05-14,31.17,28.06,101.0,58.02,2013-05-14,14,5,2013,20
2013-05-15,31.13,28.02,101.52,58.21,2013-05-15,15,5,2013,20
2013-05-16,31.09,27.98,102.04,58.4,2013-05-16,16,5,2013,20
2013-05-17,31.04,27.94,102.57,58.59,2013-05-17,17,5,2013,20
2013-05-18,30.97,27.87,102.78,59.04,2013-05-18,18,5,2013,20
2013-05-19,30.89,27.8,102.99,59.48,2013-05-19,19,5,2013,20
2013-05-20,30.82,27.74,103.2,59.93,2013-05-20,20,5,2013,21
2013-05-21,30.74,27.67,103.41,60.38,2013-05-21,21,5,2013,21
2013-05-22,30.67,27.6,103.62,60.83,2013-05-22,22,5,2013,21
2013-05-23,30.59,27.54,103.83,61.27,2013-05-23,23,5,2013,21
2013-05-24,30.52,27.47,104.04,61.72,2013-05-24,24,5,2013,21
2013-05-25,30.43,27.39,103.91,62.24,2013-05-25,25,5,2013,21
2013-05-26,30.34,27.31,103.78,62.76,2013-05-26,26,5,2013,21
2013-05-27,30.26,27.23,103.65,63.29,2013-05-27,27,5,2013,22
2013-05-28,30.17,27.15,103.52,63.81,2013-05-28,28,5,2013,22
2013-05-29,30.08,27.07,103.38,64.33,2013-05-29,29,5,2013,22
2013-05-30,29.99,26.99,103.25,64.85,2013-05-30,30,5,2013,22
2013-05-31,29.9,26.91,103.12,65.37,2013-05-31,31,5,2013,22
2013-06-01,29.82,26.84,102.63,65.78,2013-06-01,1,6,2013,22
2013-06-02,29.74,26.77,102.13,66.2,2013-06-02,2,6,2013,22
2013-06-03,29.66,26.69,101.63,66.61,2013-06-03,3,6,2013,23
2013-06-04,29.58,26.62,101.13,67.02,2013-06-04,4,6,2013,23
2013-06-05,29.49,26.54,100.63,67.43,2013-06-05,5,6,2013,23
2013-06-06,29.41,26.47,100.14,67.84,2013-06-06,6,6,2013,23
2013-06-07,29.33,26.4,99.64,68.25,2013-06-07,7,6,2013,23
2013-06-08,29.27,26.34,98.75,68.37,2013-06-08,8,6,2013,23
2013-06-09,29.21,26.29,97.86,68.49,2013-06-09,9,6,2013,23
2013-06-10,29.16,26.24,96.97,68.61,2013-06-10,10,6,2013,24
2013-06-11,29.1,26.19,96.08,68.73,2013-06-11,11,6,2013,24
2013-06-12,29.04,26.14,95.19,68.85,2013-06-12,12,6,2013,24
2013-06-13,28.98,26.08,94.29,68.97,2013-06-13,13,6,2013,24
2013-06-14,28.92,26.03,93.4,69.09,2013-06-14,14,6,2013,24
2013-06-15,28.9,26.01,92.13,68.85,2013-06-15,15,6,2013,24
2013-06-16,28.88,25.99,90.85,68.61,2013-06-16,16,6,2013,24
2013-06-17,28.86,25.97,89.58,68.38,2013-06-17,17,6,2013,25
2013-06-18,28.83,25.95,88.3,68.14,2013-06-18,18,6,2013,25
2013-06-19,28.81,25.93,87.03,67.9,2013-06-19,19,6,2013,25
2013-06-20,28.79,25.91,85.75,67.67,2013-06-20,20,6,2013,25
2013-06-21,28.76,25.89,84.47,67.43,2013-06-21,21,6,2013,25
2013-06-22,28.78,25.9,82.87,66.94,2013-06-22,22,6,2013,25
2013-06-23,28.79,25.91,81.26,66.46,2013-06-23,23,6,2013,25
2013-06-24,28.8,25.92,79.66,65.98,2013-06-24,24,6,2013,26
2013-06-25,28.81,25.93,78.06,65.49,2013-06-25,25,6,2013,26
2013-06-26,28.82,25.94,76.45,65.01,2013-06-26,26,6,2013,26
2013-06-27,28.83,25.94,74.85,64.52,2013-06-27,27,6,2013,26
2013-06-28,28.84,25.95,73.24,64.04,2013-06-28,28,6,2013,26
2013-06-29,28.88,25.99,71.37,63.43,2013-06-29,29,6,2013,26
2013-06-30,28.92,26.03,69.5,62.83,2013-06-30,30,6,2013,26
2013-07-01,28.96,26.06,67.63,62.22,2013-07-01,1,7,2013,27
2013-07-02,29.0,26.1,65.75,61.61,2013-07-02,2,7,2013,27
2013-07-03,29.04,26.14,63.88,61.01,2013-07-03,3,7,2013,27
2013-07-04,29.08,26.18,62.01,60.4,2013-07-04,4,7,2013,27
2013-07-05,29.13,26.21,60.14,59.79,2013-07-05,5,7,2013,27
2013-07-06,29.19,26.27,58.06,59.19,2013-07-06,6,7,2013,27
2013-07-07,29.26,26.34,55.98,58.58,2013-07-07,7,7,2013,27
2013-07-08,29.33,26.4,53.9,57.98,2013-07-08,8,7,2013,28
2013-07-09,29.4,26.46,51.82,57.37,2013-07-09,9,7,2013,28
2013-07-10,29.47,26.52,49.74,56.77,2013-07-10,10,7,2013,28
2013-07-11,29.54,26.59,47.66,56.16,2013-07-11,11,7,2013,28
2013-07-12,29.61,26.65,45.58,55.56,2013-07-12,12,7,2013,28
2013-07-13,29.7,26.73,43.41,55.05,2013-07-13,13,7,2013,28
2013-07-14,29.8,26.82,41.24,54.55,2013-07-14,14,7,2013,28
2013-07-15,29.89,26.9,39.06,54.05,2013-07-15,15,7,2013,29
2013-07-16,29.98,26.99,36.89,53.54,2013-07-16,16,7,2013,29
2013-07-17,30.08,27.07,34.72,53.04,2013-07-17,17,7,2013,29
2013-07-18,30.17,27.15,32.55,52.54,2013-07-18,18,7,2013,29
2013-07-19,30.26,27.24,30.38,52.03,2013-07-19,19,7,2013,29
2013-07-20,30.38,27.34,28.52,51.63,2013-07-20,20,7,2013,29
2013-07-21,30.49,27.44,26.66,51.23,2013-07-21,21,7,2013,29
2013-07-22,30.6,27.54,24.81,50.82,2013-07-22,22,7,2013,30
2013-07-23,30.71,27.64,22.95,50.42,2013-07-23,23,7,2013,30
2013-07-24,30.82,27.74,21.09,50.02,2013-07-24,24,7,2013,30
2013-07-25,30.93,27.84,19.23,49.61,2013-07-25,25,7,2013,30
2013-07-26,31.05,27.94,17.37,49.21,2013-07-26,26,7,2013,30
2013-07-27,31.17,28.05,16.12,48.88,2013-07-27,27,7,2013,30
2013-07-28,31.29,28.16,14.86,48.55,2013-07-28,28,7,2013,30
2013-07-29,31.41,28.27,13.6,48.22,2013-07-29,29,7,2013,31
2013-07-30,31.53,28.38,12.34,47.89,2013-07-30,30,7,2013,31
2013-07-31,31.66,28.49,11.08,47.56,2013-07-31,31,7,2013,31
2013-08-01,31.78,28.6,9.82,47.23,2013-08-01,1,8,2013,31
2013-08-02,31.9,28.71,8.56,46.9,2013-08-02,2,8,2013,31
2013-08-03,32.02,28.82,7.98,46.61,2013-08-03,3,8,2013,31
2013-08-04,32.15,28.93,7.39,46.33,2013-08-04,4,8,2013,31
2013-08-05,32.27,29.05,6.81,46.04,2013-08-05,5,8,2013,32
2013-08-06,32.4,29.16,6.22,45.76,2013-08-06,6,8,2013,32
2013-08-07,32.52,29.27,5.64,45.47,2013-08-07,7,8,2013,32
2013-08-08,32.65,29.38,5.06,45.19,2013-08-08,8,8,2013,32
2013-08-09,32.77,29.5,4.47,44.9,2013-08-09,9,8,2013,32
2013-08-10,32.89,29.61,5.12,44.64,2013-08-10,10,8,2013,32
2013-08-11,33.01,29.71,5.77,44.38,2013-08-11,11,8,2013,32
2013-08-12,33.14,29.82,6.41,44.12,2013-08-12,12,8,2013,33
2013-08-13,33.26,29.93,7.06,43.85,2013-08-13,13,8,2013,33
2013-08-14,33.38,30.04,7.71,43.59,2013-08-14,14,8,2013,33
2013-08-15,33.5,30.15,8.36,43.33,2013-08-15,15,8,2013,33
2013-08-16,33.62,30.25,9.0,43.07,2013-08-16,16,8,2013,33
2013-08-17,33.72,30.35,10.91,42.84,2013-08-17,17,8,2013,33
2013-08-18,33.83,30.45,12.82,42.62,2013-08-18,18,8,2013,33
2013-08-19,33.94,30.54,14.72,42.39,2013-08-19,19,8,2013,34
2013-08-20,34.05,30.64,16.63,42.17,2013-08-20,20,8,2013,34
2013-08-21,34.15,30.74,18.54,41.94,2013-08-21,21,8,2013,34
2013-08-22,34.26,30.83,20.44,41.72,2013-08-22,22,8,2013,34
2013-08-23,34.37,30.93,22.35,41.5,2013-08-23,23,8,2013,34
2013-08-24,34.45,31.01,24.92,41.35,2013-08-24,24,8,2013,34
2013-08-25,34.54,31.08,27.5,41.21,2013-08-25,25,8,2013,34
2013-08-26,34.62,31.16,30.07,41.07,2013-08-26,26,8,2013,35
2013-08-27,34.71,31.24,32.65,40.93,2013-08-27,27,8,2013,35
2013-08-28,34.79,31.31,35.22,40.79,2013-08-28,28,8,2013,35
2013-08-29,34.88,31.39,37.8,40.65,2013-08-29,29,8,2013,35
2013-08-30,34.96,31.47,40.37,40.51,2013-08-30,30,8,2013,35
2013-08-31,35.02,31.52,43.16,40.5,2013-08-31,31,8,2013,35
2013-09-01,35.07,31.57,45.95,40.48,2013-09-01,1,9,2013,35
2013-09-02,35.13,31.62,48.75,40.47,2013-09-02,2,9,2013,36
2013-09-03,35.18,31.66,51.54,40.46,2013-09-03,3,9,2013,36
2013-09-04,35.24,31.71,54.33,40.45,2013-09-04,4,9,2013,36
2013-09-05,35.29,31.76,57.12,40.44,2013-09-05,5,9,2013,36
2013-09-06,35.35,31.81,59.91,40.42,2013-09-06,6,9,2013,36
2013-09-07,35.36,31.82,62.47,40.58,2013-09-07,7,9,2013,36
2013-09-08,35.38,31.84,65.02,40.75,2013-09-08,8,9,2013,36
2013-09-09,35.39,31.85,67.57,40.91,2013-09-09,9,9,2013,37
2013-09-10,35.4,31.86,70.12,41.07,2013-09-10,10,9,2013,37
2013-09-11,35.42,31.88,72.68,41.23,2013-09-11,11,9,2013,37
2013-09-12,35.43,31.89,75.23,41.39,2013-09-12,12,9,2013,37
2013-09-13,35.45,31.9,77.78,41.55,2013-09-13,13,9,2013,37
2013-09-14,35.43,31.88,79.82,41.89,2013-09-14,14,9,2013,37
2013-09-15,35.4,31.86,81.86,42.22,2013-09-15,15,9,2013,37
2013-09-16,35.38,31.84,83.9,42.56,2013-09-16,16,9,2013,38
2013-09-17,35.35,31.82,85.94,42.89,2013-09-17,17,9,2013,38
2013-09-18,35.33,31.8,87.98,43.23,2013-09-18,18,9,2013,38
2013-09-19,35.3,31.77,90.01,43.56,2013-09-19,19,9,2013,38
2013-09-20,35.28,31.75,92.05,43.9,2013-09-20,20,9,2013,38
2013-09-21,35.24,31.71,93.63,44.32,2013-09-21,21,9,2013,38
2013-09-22,35.19,31.67,95.2,44.74,2013-09-22,22,9,2013,38
2013-09-23,35.15,31.63,96.78,45.17,2013-09-23,23,9,2013,39
2013-09-24,35.1,31.59,98.35,45.59,2013-09-24,24,9,2013,39
2013-09-25,35.06,31.55,99.93,46.02,2013-09-25,25,9,2013,39
2013-09-26,35.01,31.51,101.5,46.44,2013-09-26,26,9,2013,39
2013-09-27,34.97,31.47,103.07,46.86,2013-09-27,27,9,2013,39
2013-09-28,34.92,31.43,104.27,47.29,2013-09-28,28,9,2013,39
2013-09-29,34.88,31.39,105.46,47.71,2013-09-29,29,9,2013,39
2013-09-30,34.83,31.35,106.65,48.13,2013-09-30,30,9,2013,40
2013-10-01,34.79,31.31,107.85,48.55,2013-10-01,1,10,2013,40
2013-10-02,34.74,31.27,109.04,48.97,2013-10-02,2,10,2013,40
2013-10-03,34.7,31.23,110.23,49.39,2013-10-03,3,10,2013,40
2013-10-04,34.65,31.19,111.43,49.82,2013-10-04,4,10,2013,40
2013-10-05,34.63,31.17,112.32,50.14,2013-10-05,5,10,2013,40
2013-10-06,34.6,31.14,113.21,50.47,2013-10-06,6,10,2013,40
2013-10-07,34.58,31.12,114.11,50.8,2013-10-07,7,10,2013,41
2013-10-08,34.55,31.1,115.0,51.13,2013-10-08,8,10,2013,41
2013-10-09,34.53,31.08,115.9,51.45,2013-10-09,9,10,2013,41
2013-10-10,34.5,31.05,116.79,51.78,2013-10-10,10,10,2013,41
2013-10-11,34.48,31.03,117.69,52.11,2013-10-11,11,10,2013,41
2013-10-12,34.49,31.04,118.36,52.27,2013-10-12,12,10,2013,41
2013-10-13,34.5,31.05,119.04,52.43,2013-10-13,13,10,2013,41
2013-10-14,34.51,31.06,119.71,52.59,2013-10-14,14,10,2013,42
2013-10-15,34.52,31.07,120.39,52.76,2013-10-15,15,10,2013,42
2013-10-16,34.53,31.08,121.07,52.92,2013-10-16,16,10,2013,42
2013-10-17,34.54,31.08,121.74,53.08,2013-10-17,17,10,2013,42
2013-10-18,34.55,31.09,122.42,53.24,2013-10-18,18,10,2013,42
2013-10-19,34.59,31.13,122.94,53.28,2013-10-19,19,10,2013,42
2013-10-20,34.62,31.16,123.45,53.31,2013-10-20,20,10,2013,42
2013-10-21,34.66,31.2,123.97,53.34,2013-10-21,21,10,2013,43
2013-10-22,34.7,31.23,124.49,53.37,2013-10-22,22,10,2013,43
2013-10-23,34.74,31.26,125.01,53.4,2013-10-23,23,10,2013,43
2013-10-24,34.78,31.3,125.53,53.44,2013-10-24,24,10,2013,43
2013-10-25,34.81,31.33,126.05,53.47,2013-10-25,25,10,2013,43
2013-10-26,34.87,31.38,126.47,53.44,2013-10-26,26,10,2013,43
2013-10-27,34.92,31.43,126.89,53.4,2013-10-27,27,10,2013,43
2013-10-28,34.97,31.47,127.31,53.37,2013-10-28,28,10,2013,44
2013-10-29,35.02,31.52,127.73,53.34,2013-10-29,29,10,2013,44
2013-10-30,35.07,31.56,128.14,53.31,2013-10-30,30,10,2013,44
2013-10-31,35.12,31.61,128.56,53.28,2013-10-31,31,10,2013,44
2013-11-01,35.17,31.66,128.98,53.25,2013-11-01,1,11,2013,44
2013-11-02,35.22,31.7,129.36,53.22,2013-11-02,2,11,2013,44
2013-11-03,35.27,31.75,129.73,53.19,2013-11-03,3,11,2013,44
2013-11-04,35.32,31.79,130.11,53.16,2013-11-04,4,11,2013,45
2013-11-05,35.37,31.83,130.49,53.14,2013-11-05,5,11,2013,45
2013-11-06,35.42,31.88,130.86,53.11,2013-11-06,6,11,2013,45
2013-11-07,35.47,31.92,131.24,53.08,2013-11-07,7,11,2013,45
2013-11-08,35.52,31.97,131.61,53.05,2013-11-08,8,11,2013,45
2013-11-09,35.56,32.0,132.0,53.1,2013-11-09,9,11,2013,45
2013-11-10,35.59,32.03,132.39,53.14,2013-11-10,10,11,2013,45
2013-11-11,35.62,32.06,132.77,53.18,2013-11-11,11,11,2013,46
2013-11-12,35.66,32.09,133.16,53.22,2013-11-12,12,11,2013,46
2013-11-13,35.69,32.12,133.54,53.26,2013-11-13,13,11,2013,46
2013-11-14,35.73,32.15,133.93,53.3,2013-11-14,14,11,2013,46
2013-11-15,35.76,32.18,134.32,53.34,2013-11-15,15,11,2013,46
2013-11-16,35.77,32.2,134.7,53.46,2013-11-16,16,11,2013,46
2013-11-17,35.79,32.21,135.08,53.57,2013-11-17,17,11,2013,46
2013-11-18,35.8,32.22,135.47,53.69,2013-11-18,18,11,2013,47
2013-11-19,35.82,32.24,135.85,53.8,2013-11-19,19,11,2013,47
2013-11-20,35.83,32.25,136.24,53.92,2013-11-20,20,11,2013,47
2013-11-21,35.85,32.26,136.62,54.04,2013-11-21,21,11,2013,47
2013-11-22,35.86,32.27,137.0,54.15,2013-11-22,22,11,2013,47
2013-11-23,35.86,32.27,137.32,54.3,2013-11-23,23,11,2013,47
2013-11-24,35.86,32.27,137.63,54.45,2013-11-24,24,11,2013,47
2013-11-25,35.85,32.27,137.94,54.61,2013-11-25,25,11,2013,48
2013-11-26,35.85,32.27,138.26,54.76,2013-11-26,26,11,2013,48
2013-11-27,35.85,32.26,138.57,54.91,2013-11-27,27,11,2013,48
2013-11-28,35.85,32.26,138.88,55.06,2013-11-28,28,11,2013,48
2013-11-29,35.84,32.26,139.2,55.21,2013-11-29,29,11,2013,48
2013-11-30,35.83,32.25,139.37,55.35,2013-11-30,30,11,2013,48
2013-12-01,35.82,32.23,139.55,55.49,2013-12-01,1,12,2013,48
2013-12-02,35.8,32.22,139.72,55.64,2013-12-02,2,12,2013,49
2013-12-03,35.79,32.21,139.9,55.78,2013-12-03,3,12,2013,49
2013-12-04,35.77,32.19,140.07,55.92,2013-12-04,4,12,2013,49
2013-12-05,35.76,32.18,140.25,56.07,2013-12-05,5,12,2013,49
2013-12-06,35.74,32.17,140.42,56.21,2013-12-06,6,12,2013,49
2013-12-07,35.72,32.15,140.39,56.3,2013-12-07,7,12,2013,49
2013-12-08,35.7,32.13,140.35,56.4,2013-12-08,8,12,2013,49
2013-12-09,35.67,32.1,140.32,56.49,2013-12-09,9,12,2013,50
2013-12-10,35.65,32.08,140.29,56.58,2013-12-10,10,12,2013,50
2013-12-11,35.63,32.06,140.25,56.68,2013-12-11,11,12,2013,50
2013-12-12,35.6,32.04,140.22,56.77,2013-12-12,12,12,2013,50
2013-12-13,35.58,32.02,140.19,56.86,2013-12-13,13,12,2013,50
2013-12-14,35.55,32.0,139.9,56.88,2013-12-14,14,12,2013,50
2013-12-15,35.53,31.97,139.62,56.89,2013-12-15,15,12,2013,50
2013-12-16,35.5,31.95,139.34,56.9,2013-12-16,16,12,2013,51
2013-12-17,35.47,31.93,139.06,56.92,2013-12-17,17,12,2013,51
2013-12-18,35.45,31.9,138.78,56.93,2013-12-18,18,12,2013,51
2013-12-19,35.42,31.88,138.5,56.94,2013-12-19,19,12,2013,51
2013-12-20,35.4,31.86,138.22,56.96,2013-12-20,20,12,2013,51
2013-12-21,35.38,31.84,137.72,56.88,2013-12-21,21,12,2013,51
2013-12-22,35.36,31.82,137.22,56.81,2013-12-22,22,12,2013,51
2013-12-23,35.34,31.8,136.71,56.74,2013-12-23,23,12,2013,52
2013-12-24,35.32,31.78,136.21,56.67,2013-12-24,24,12,2013,52
2013-12-25,35.3,31.77,135.71,56.59,2013-12-25,25,12,2013,52
2013-12-26,35.28,31.75,135.21,56.52,2013-12-26,26,12,2013,52
2013-12-27,35.26,31.73,134.71,56.45,2013-12-27,27,12,2013,52
2013-12-28,35.25,31.73,134.02,56.29,2013-12-28,28,12,2013,52
2013-12-29,35.25,31.72,133.33,56.13,2013-12-29,29,12,2013,52
2013-12-30,35.24,31.72,132.64,55.97,2013-12-30,30,12,2013,1
2013-12-31,35.24,31.71,131.95,55.81,2013-12-31,31,12,2013,1
2014-01-01,35.23,31.71,131.26,55.65,2014-01-01,1,1,2014,1
2014-01-02,35.23,31.71,130.57,55.49,2014-01-02,2,1,2014,1
2014-01-03,35.23,31.7,129.88,55.33,2014-01-03,3,1,2014,1
2014-01-04,35.25,31.72,129.04,55.09,2014-01-04,4,1,2014,1
2014-01-05,35.27,31.74,128.2,54.84,2014-01-05,5,1,2014,1
2014-01-06,35.29,31.76,127.36,54.59,2014-01-06,6,1,2014,2
2014-01-07,35.31,31.78,126.52,54.34,2014-01-07,7,1,2014,2
2014-01-08,35.33,31.8,125.67,54.09,2014-01-08,8,1,2014,2
2014-01-09,35.35,31.82,124.83,53.85,2014-01-09,9,1,2014,2
2014-01-10,35.37,31.84,123.99,53.6,2014-01-10,10,1,2014,2
2014-01-11,35.43,31.88,123.06,53.27,2014-01-11,11,1,2014,2
2014-01-12,35.48,31.93,122.12,52.94,2014-01-12,12,1,2014,2
2014-01-13,35.53,31.98,121.18,52.61,2014-01-13,13,1,2014,3
2014-01-14,35.58,32.03,120.25,52.28,2014-01-14,14,1,2014,3
2014-01-15,35.64,32.07,119.31,51.96,2014-01-15,15,1,2014,3
2014-01-16,35.69,32.12,118.38,51.63,2014-01-16,16,1,2014,3
2014-01-17,35.74,32.17,117.44,51.3,2014-01-17,17,1,2014,3
2014-01-18,35.81,32.23,116.62,50.97,2014-01-18,18,1,2014,3
2014-01-19,35.88,32.29,115.79,50.63,2014-01-19,19,1,2014,3
2014-01-20,35.95,32.35,114.97,50.3,2014-01-20,20,1,2014,4
2014-01-21,36.01,32.41,114.14,49.97,2014-01-21,21,1,2014,4
2014-01-22,36.08,32.47,113.32,49.63,2014-01-22,22,1,2014,4
2014-01-23,36.15,32.53,112.49,49.3,2014-01-23,23,1,2014,4
2014-01-24,36.22,32.6,111.67,48.97,2014-01-24,24,1,2014,4
2014-01-25,36.28,32.65,111.22,48.73,2014-01-25,25,1,2014,4
2014-01-26,36.33,32.7,110.77,48.49,2014-01-26,26,1,2014,4
2014-01-27,36.39,32.75,110.32,48.25,2014-01-27,27,1,2014,5
2014-01-28,36.45,32.8,109.87,48.01,2014-01-28,28,1,2014,5
2014-01-29,36.51,32.86,109.42,47.78,2014-01-29,29,1,2014,5
2014-01-30,36.57,32.91,108.97,47.54,2014-01-30,30,1,2014,5
2014-01-31,36.62,32.96,108.52,47.3,2014-01-31,31,1,2014,5
2014-02-01,36.65,32.98,108.71,47.26,2014-02-01,1,2,2014,5
2014-02-02,36.67,33.0,108.9,47.22,2014-02-02,2,2,2014,5
2014-02-03,36.7,33.03,109.09,47.17,2014-02-03,3,2,2014,6
2014-02-04,36.72,33.05,109.28,47.13,2014-02-04,4,2,2014,6
2014-02-05,36.74,33.07,109.47,47.09,2014-02-05,5,2,2014,6
2014-02-06,36.77,33.09,109.65,47.05,2014-02-06,6,2,2014,6
2014-02-07,36.79,33.11,109.84,47.01,2014-02-07,7,2,2014,6
2014-02-08,36.76,33.08,110.91,47.26,2014-02-08,8,2,2014,6
2014-02-09,36.72,33.05,111.98,47.51,2014-02-09,9,2,2014,6
2014-02-10,36.69,33.02,113.06,47.76,2014-02-10,10,2,2014,7
2014-02-11,36.65,32.99,114.13,48.01,2014-02-11,11,2,2014,7
2014-02-12,36.62,32.96,115.2,48.25,2014-02-12,12,2,2014,7
2014-02-13,36.58,32.93,116.27,48.5,2014-02-13,13,2,2014,7
2014-02-14,36.55,32.89,117.34,48.75,2014-02-14,14,2,2014,7
2014-02-15,36.46,32.81,119.1,49.27,2014-02-15,15,2,2014,7
2014-02-16,36.37,32.73,120.87,49.79,2014-02-16,16,2,2014,7
2014-02-17,36.28,32.65,122.63,50.31,2014-02-17,17,2,2014,8
2014-02-18,36.19,32.57,124.39,50.82,2014-02-18,18,2,2014,8
2014-02-19,36.1,32.49,126.16,51.34,2014-02-19,19,2,2014,8
2014-02-20,36.0,32.4,127.92,51.86,2014-02-20,20,2,2014,8
2014-02-21,35.91,32.32,129.69,52.37,2014-02-21,21,2,2014,8
2014-02-22,35.8,32.22,131.52,53.02,2014-02-22,22,2,2014,8
2014-02-23,35.68,32.11,133.35,53.66,2014-02-23,23,2,2014,8
2014-02-24,35.56,32.0,135.18,54.3,2014-02-24,24,2,2014,9
2014-02-25,35.44,31.89,137.02,54.94,2014-02-25,25,2,2014,9
2014-02-26,35.32,31.79,138.85,55.58,2014-02-26,26,2,2014,9
2014-02-27,35.2,31.68,140.68,56.23,2014-02-27,27,2,2014,9
2014-02-28,35.08,31.57,142.51,56.87,2014-02-28,28,2,2014,9
2014-03-01,34.96,31.47,143.77,57.49,2014-03-01,1,3,2014,9
2014-03-02,34.85,31.36,145.03,58.1,2014-03-02,2,3,2014,9
2014-03-03,34.73,31.26,146.29,58.72,2014-03-03,3,3,2014,10
2014-03-04,34.61,31.15,147.55,59.34,2014-03-04,4,3,2014,10
2014-03-05,34.49,31.04,148.8,59.96,2014-03-05,5,3,2014,10
2014-03-06,34.37,30.94,150.06,60.58,2014-03-06,6,3,2014,10
2014-03-07,34.26,30.83,151.32,61.19,2014-03-07,7,3,2014,10
2014-03-08,34.17,30.75,151.36,61.64,2014-03-08,8,3,2014,10
2014-03-09,34.08,30.67,151.4,62.09,2014-03-09,9,3,2014,10
2014-03-10,33.99,30.59,151.44,62.53,2014-03-10,10,3,2014,11
2014-03-11,33.9,30.51,151.48,62.98,2014-03-11,11,3,2014,11
2014-03-12,33.82,30.44,151.52,63.42,2014-03-12,12,3,2014,11
2014-03-13,33.73,30.36,151.56,63.87,2014-03-13,13,3,2014,11
2014-03-14,33.64,30.28,151.6,64.31,2014-03-14,14,3,2014,11
2014-03-15,33.6,30.24,150.09,64.5,2014-03-15,15,3,2014,11
2014-03-16,33.56,30.2,148.59,64.68,2014-03-16,16,3,2014,11
2014-03-17,33.52,30.17,147.08,64.86,2014-03-17,17,3,2014,12
2014-03-18,33.48,30.13,145.58,65.04,2014-03-18,18,3,2014,12
2014-03-19,33.43,30.09,144.07,65.22,2014-03-19,19,3,2014,12
2014-03-20,33.39,30.05,142.57,65.41,2014-03-20,20,3,2014,12
2014-03-21,33.35,30.02,141.06,65.59,2014-03-21,21,3,2014,12
2014-03-22,33.34,30.01,138.51,65.56,2014-03-22,22,3,2014,12
2014-03-23,33.33,29.99,135.97,65.54,2014-03-23,23,3,2014,12
2014-03-24,33.32,29.98,133.42,65.52,2014-03-24,24,3,2014,13
2014-03-25,33.3,29.97,130.88,65.49,2014-03-25,25,3,2014,13
2014-03-26,33.29,29.96,128.33,65.47,2014-03-26,26,3,2014,13
2014-03-27,33.28,29.95,125.79,65.45,2014-03-27,27,3,2014,13
2014-03-28,33.27,29.94,123.24,65.42,2014-03-28,28,3,2014,13
2014-03-29,33.26,29.93,120.3,65.27,2014-03-29,29,3,2014,13
2014-03-30,33.25,29.93,117.35,65.13,2014-03-30,30,3,2014,13
2014-03-31,33.25,29.92,114.4,64.98,2014-03-31,31,3,2014,14
2014-04-01,33.24,29.92,111.46,64.83,2014-04-01,1,4,2014,14
2014-04-02,33.24,29.91,108.51,64.68,2014-04-02,2,4,2014,14
2014-04-03,33.23,29.91,105.56,64.53,2014-04-03,3,4,2014,14
2014-04-04,33.23,29.9,102.62,64.39,2014-04-04,4,4,2014,14
2014-04-05,33.2,29.88,99.91,64.2,2014-04-05,5,4,2014,14
2014-04-06,33.18,29.86,97.2,64.01,2014-04-06,6,4,2014,14
2014-04-07,33.16,29.84,94.5,63.82,2014-04-07,7,4,2014,15
2014-04-08,33.14,29.82,91.79,63.63,2014-04-08,8,4,2014,15
2014-04-09,33.11,29.8,89.08,63.44,2014-04-09,9,4,2014,15
2014-04-10,33.09,29.78,86.38,63.25,2014-04-10,10,4,2014,15
2014-04-11,33.07,29.76,83.67,63.06,2014-04-11,11,4,2014,15
2014-04-12,33.01,29.71,81.76,62.9,2014-04-12,12,4,2014,15
2014-04-13,32.95,29.66,79.85,62.74,2014-04-13,13,4,2014,15
2014-04-14,32.9,29.61,77.94,62.59,2014-04-14,14,4,2014,16
2014-04-15,32.84,29.55,76.04,62.43,2014-04-15,15,4,2014,16
2014-04-16,32.78,29.5,74.13,62.27,2014-04-16,16,4,2014,16
2014-04-17,32.72,29.45,72.22,62.12,2014-04-17,17,4,2014,16
2014-04-18,32.66,29.4,70.31,61.96,2014-04-18,18,4,2014,16
2014-04-19,32.58,29.32,69.13,61.85,2014-04-19,19,4,2014,16
2014-04-20,32.49,29.24,67.95,61.75,2014-04-20,20,4,2014,16
2014-04-21,32.41,29.17,66.78,61.64,2014-04-21,21,4,2014,17
2014-04-22,32.32,29.09,65.6,61.53,2014-04-22,22,4,2014,17
2014-04-23,32.23,29.01,64.42,61.43,2014-04-23,23,4,2014,17
2014-04-24,32.15,28.93,63.24,61.32,2014-04-24,24,4,2014,17
2014-04-25,32.06,28.85,62.06,61.22,2014-04-25,25,4,2014,17
2014-04-26,31.97,28.77,61.26,61.15,2014-04-26,26,4,2014,17
2014-04-27,31.87,28.68,60.45,61.09,2014-04-27,27,4,2014,17
2014-04-28,31.78,28.6,59.64,61.02,2014-04-28,28,4,2014,18
2014-04-29,31.68,28.51,58.83,60.96,2014-04-29,29,4,2014,18
2014-04-30,31.59,28.43,58.03,60.89,2014-04-30,30,4,2014,18
2014-05-01,31.49,28.34,57.22,60.83,2014-05-01,1,5,2014,18
2014-05-02,31.4,28.26,56.41,60.76,2014-05-02,2,5,2014,18
2014-05-03,31.31,28.18,55.61,60.73,2014-05-03,3,5,2014,18
2014-05-04,31.23,28.11,54.81,60.69,2014-05-04,4,5,2014,18
2014-05-05,31.14,28.03,54.01,60.66,2014-05-05,5,5,2014,19
2014-05-06,31.06,27.95,53.22,60.63,2014-05-06,6,5,2014,19
2014-05-07,30.98,27.88,52.42,60.6,2014-05-07,7,5,2014,19
2014-05-08,30.89,27.8,51.62,60.56,2014-05-08,8,5,2014,19
2014-05-09,30.81,27.73,50.82,60.53,2014-05-09,9,5,2014,19
2014-05-10,30.76,27.68,49.7,60.52,2014-05-10,10,5,2014,19
2014-05-11,30.7,27.63,48.57,60.51,2014-05-11,11,5,2014,19
2014-05-12,30.65,27.58,47.45,60.5,2014-05-12,12,5,2014,20
2014-05-13,30.6,27.54,46.33,60.49,2014-05-13,13,5,2014,20
2014-05-14,30.54,27.49,45.2,60.48,2014-05-14,14,5,2014,20
2014-05-15,30.49,27.44,44.08,60.47,2014-05-15,15,5,2014,20
2014-05-16,30.44,27.39,42.96,60.46,2014-05-16,16,5,2014,20
2014-05-17,30.42,27.38,41.54,60.46,2014-05-17,17,5,2014,20
2014-05-18,30.4,27.36,40.11,60.46,2014-05-18,18,5,2014,20
2014-05-19,30.38,27.35,38.69,60.46,2014-05-19,19,5,2014,21
2014-05-20,30.37,27.33,37.27,60.46,2014-05-20,20,5,2014,21
2014-05-21,30.35,27.31,35.84,60.46,2014-05-21,21,5,2014,21
2014-05-22,30.33,27.3,34.42,60.46,2014-05-22,22,5,2014,21
2014-05-23,30.31,27.28,33.0,60.46,2014-05-23,23,5,2014,21
2014-05-24,30.32,27.29,31.59,60.46,2014-05-24,24,5,2014,21
2014-05-25,30.33,27.29,30.18,60.45,2014-05-25,25,5,2014,21
2014-05-26,30.33,27.3,28.77,60.45,2014-05-26,26,5,2014,22
2014-05-27,30.34,27.3,27.36,60.44,2014-05-27,27,5,2014,22
2014-05-28,30.34,27.31,25.95,60.44,2014-05-28,28,5,2014,22
2014-05-29,30.35,27.31,24.54,60.44,2014-05-29,29,5,2014,22
2014-05-30,30.36,27.32,23.13,60.43,2014-05-30,30,5,2014,22
2014-05-31,30.37,27.33,22.12,60.41,2014-05-31,31,5,2014,22
2014-06-01,30.39,27.35,21.12,60.38,2014-06-01,1,6,2014,22
2014-06-02,30.4,27.36,20.11,60.36,2014-06-02,2,6,2014,23
2014-06-03,30.42,27.38,19.11,60.33,2014-06-03,3,6,2014,23
2014-06-04,30.44,27.39,18.1,60.31,2014-06-04,4,6,2014,23
2014-06-05,30.45,27.41,17.1,60.28,2014-06-05,5,6,2014,23
2014-06-06,30.47,27.42,16.09,60.26,2014-06-06,6,6,2014,23
2014-06-07,30.48,27.43,15.94,60.2,2014-06-07,7,6,2014,23
2014-06-08,30.5,27.45,15.79,60.13,2014-06-08,8,6,2014,23
2014-06-09,30.51,27.46,15.64,60.07,2014-06-09,9,6,2014,24
2014-06-10,30.52,27.47,15.49,60.01,2014-06-10,10,6,2014,24
2014-06-11,30.54,27.48,15.34,59.95,2014-06-11,11,6,2014,24
2014-06-12,30.55,27.49,15.19,59.89,2014-06-12,12,6,2014,24
2014-06-13,30.56,27.51,15.04,59.83,2014-06-13,13,6,2014,24
2014-06-14,30.57,27.51,16.07,59.71,2014-06-14,14,6,2014,24
2014-06-15,30.57,27.51,17.1,59.6,2014-06-15,15,6,2014,24
2014-06-16,30.57,27.52,18.14,59.49,2014-06-16,16,6,2014,25
2014-06-17,30.58,27.52,19.17,59.38,2014-06-17,17,6,2014,25
2014-06-18,30.58,27.52,20.2,59.26,2014-06-18,18,6,2014,25
2014-06-19,30.58,27.53,21.24,59.15,2014-06-19,19,6,2014,25
2014-06-20,30.59,27.53,22.27,59.04,2014-06-20,20,6,2014,25
2014-06-21,30.59,27.53,23.85,58.86,2014-06-21,21,6,2014,25
2014-06-22,30.6,27.54,25.44,58.68,2014-06-22,22,6,2014,25
2014-06-23,30.6,27.54,27.02,58.5,2014-06-23,23,6,2014,26
2014-06-24,30.61,27.55,28.61,58.32,2014-06-24,24,6,2014,26
2014-06-25,30.61,27.55,30.19,58.14,2014-06-25,25,6,2014,26
2014-06-26,30.62,27.55,31.77,57.96,2014-06-26,26,6,2014,26
2014-06-27,30.62,27.56,33.36,57.78,2014-06-27,27,6,2014,26
2014-06-28,30.64,27.58,34.79,57.52,2014-06-28,28,6,2014,26
2014-06-29,30.66,27.6,36.23,57.26,2014-06-29,29,6,2014,26
2014-06-30,30.68,27.62,37.66,57.0,2014-06-30,30,6,2014,27
2014-07-01,30.71,27.63,39.1,56.74,2014-07-01,1,7,2014,27
2014-07-02,30.73,27.65,40.54,56.48,2014-07-02,2,7,2014,27
2014-07-03,30.75,27.67,41.97,56.22,2014-07-03,3,7,2014,27
2014-07-04,30.77,27.69,43.41,55.96,2014-07-04,4,7,2014,27
2014-07-05,30.82,27.74,44.0,55.6,2014-07-05,5,7,2014,27
2014-07-06,30.88,27.79,44.59,55.25,2014-07-06,6,7,2014,27
2014-07-07,30.93,27.84,45.18,54.89,2014-07-07,7,7,2014,28
2014-07-08,30.98,27.88,45.78,54.53,2014-07-08,8,7,2014,28
2014-07-09,31.03,27.93,46.37,54.18,2014-07-09,9,7,2014,28
2014-07-10,31.09,27.98,46.96,53.82,2014-07-10,10,7,2014,28
2014-07-11,31.14,28.03,47.55,53.47,2014-07-11,11,7,2014,28
2014-07-12,31.24,28.11,46.7,53.01,2014-07-12,12,7,2014,28
2014-07-13,31.34,28.2,45.86,52.55,2014-07-13,13,7,2014,28
2014-07-14,31.43,28.29,45.01,52.09,2014-07-14,14,7,2014,29
2014-07-15,31.53,28.38,44.17,51.63,2014-07-15,15,7,2014,29
2014-07-16,31.63,28.46,43.32,51.17,2014-07-16,16,7,2014,29
2014-07-17,31.73,28.55,42.47,50.71,2014-07-17,17,7,2014,29
2014-07-18,31.82,28.64,41.63,50.25,2014-07-18,18,7,2014,29
2014-07-19,31.95,28.76,39.77,49.73,2014-07-19,19,7,2014,29
2014-07-20,32.08,28.87,37.91,49.21,2014-07-20,20,7,2014,29
2014-07-21,32.21,28.99,36.06,48.69,2014-07-21,21,7,2014,30
2014-07-22,32.34,29.11,34.2,48.17,2014-07-22,22,7,2014,30
2014-07-23,32.47,29.22,32.35,47.65,2014-07-23,23,7,2014,30
2014-07-24,32.6,29.34,30.49,47.12,2014-07-24,24,7,2014,30
2014-07-25,32.73,29.45,28.63,46.6,2014-07-25,25,7,2014,30
2014-07-26,32.86,29.57,26.79,46.09,2014-07-26,26,7,2014,30
2014-07-27,32.99,29.7,24.95,45.59,2014-07-27,27,7,2014,30
2014-07-28,33.13,29.82,23.1,45.08,2014-07-28,28,7,2014,31
2014-07-29,33.26,29.94,21.26,44.57,2014-07-29,29,7,2014,31
2014-07-30,33.4,30.06,19.41,44.06,2014-07-30,30,7,2014,31
2014-07-31,33.53,30.18,17.57,43.55,2014-07-31,31,7,2014,31
2014-08-01,33.66,30.3,15.73,43.04,2014-08-01,1,8,2014,31
2014-08-02,33.78,30.4,14.94,42.62,2014-08-02,2,8,2014,31
2014-08-03,33.89,30.5,14.16,42.19,2014-08-03,3,8,2014,31
2014-08-04,34.0,30.6,13.38,41.77,2014-08-04,4,8,2014,32
2014-08-05,34.11,30.7,12.59,41.34,2014-08-05,5,8,2014,32
2014-08-06,34.22,30.8,11.81,40.92,2014-08-06,6,8,2014,32
2014-08-07,34.33,30.9,11.03,40.49,2014-08-07,7,8,2014,32
2014-08-08,34.44,31.0,10.24,40.07,2014-08-08,8,8,2014,32
2014-08-09,34.51,31.06,11.29,39.8,2014-08-09,9,8,2014,32
2014-08-10,34.57,31.11,12.33,39.54,2014-08-10,10,8,2014,32
2014-08-11,34.63,31.17,13.37,39.27,2014-08-11,11,8,2014,33
2014-08-12,34.69,31.23,14.41,39.0,2014-08-12,12,8,2014,33
2014-08-13,34.76,31.28,15.45,38.73,2014-08-13,13,8,2014,33
2014-08-14,34.82,31.34,16.49,38.47,2014-08-14,14,8,2014,33
2014-08-15,34.88,31.39,17.53,38.2,2014-08-15,15,8,2014,33
2014-08-16,34.89,31.4,20.73,38.11,2014-08-16,16,8,2014,33
2014-08-17,34.9,31.41,23.93,38.01,2014-08-17,17,8,2014,33
2014-08-18,34.92,31.42,27.13,37.92,2014-08-18,18,8,2014,34
2014-08-19,34.93,31.43,30.33,37.83,2014-08-19,19,8,2014,34
2014-08-20,34.94,31.44,33.53,37.73,2014-08-20,20,8,2014,34
2014-08-21,34.95,31.45,36.73,37.64,2014-08-21,21,8,2014,34
2014-08-22,34.96,31.46,39.93,37.55,2014-08-22,22,8,2014,34
2014-08-23,34.95,31.46,43.93,37.56,2014-08-23,23,8,2014,34
2014-08-24,34.94,31.45,47.94,37.58,2014-08-24,24,8,2014,34
2014-08-25,34.93,31.44,51.94,37.6,2014-08-25,25,8,2014,35
2014-08-26,34.93,31.43,55.95,37.62,2014-08-26,26,8,2014,35
2014-08-27,34.92,31.43,59.95,37.64,2014-08-27,27,8,2014,35
2014-08-28,34.91,31.42,63.96,37.66,2014-08-28,28,8,2014,35
2014-08-29,34.9,31.41,67.96,37.68,2014-08-29,29,8,2014,35
2014-08-30,34.91,31.42,71.41,37.74,2014-08-30,30,8,2014,35
2014-08-31,34.91,31.42,74.86,37.81,2014-08-31,31,8,2014,35
2014-09-01,34.92,31.43,78.31,37.87,2014-09-01,1,9,2014,36
2014-09-02,34.93,31.44,81.76,37.93,2014-09-02,2,9,2014,36
2014-09-03,34.94,31.44,85.21,38.0,2014-09-03,3,9,2014,36
2014-09-04,34.94,31.45,88.66,38.06,2014-09-04,4,9,2014,36
2014-09-05,34.95,31.45,92.1,38.13,2014-09-05,5,9,2014,36
2014-09-06,35.01,31.51,93.63,38.17,2014-09-06,6,9,2014,36
2014-09-07,35.06,31.56,95.16,38.21,2014-09-07,7,9,2014,36
2014-09-08,35.12,31.61,96.69,38.25,2014-09-08,8,9,2014,37
2014-09-09,35.18,31.66,98.22,38.29,2014-09-09,9,9,2014,37
2014-09-10,35.24,31.71,99.75,38.33,2014-09-10,10,9,2014,37
2014-09-11,35.29,31.76,101.27,38.37,2014-09-11,11,9,2014,37
2014-09-12,35.35,31.82,102.8,38.41,2014-09-12,12,9,2014,37
2014-09-13,35.48,31.93,101.54,38.38,2014-09-13,13,9,2014,37
2014-09-14,35.61,32.05,100.28,38.35,2014-09-14,14,9,2014,37
2014-09-15,35.73,32.16,99.02,38.32,2014-09-15,15,9,2014,38
2014-09-16,35.86,32.28,97.76,38.29,2014-09-16,16,9,2014,38
2014-09-17,35.99,32.39,96.49,38.26,2014-09-17,17,9,2014,38
2014-09-18,36.12,32.51,95.23,38.24,2014-09-18,18,9,2014,38
2014-09-19,36.25,32.62,93.97,38.21,2014-09-19,19,9,2014,38
2014-09-20,36.41,32.77,91.0,38.15,2014-09-20,20,9,2014,38
2014-09-21,36.57,32.91,88.04,38.09,2014-09-21,21,9,2014,38
2014-09-22,36.73,33.06,85.07,38.03,2014-09-22,22,9,2014,39
2014-09-23,36.89,33.2,82.11,37.97,2014-09-23,23,9,2014,39
2014-09-24,37.05,33.35,79.14,37.91,2014-09-24,24,9,2014,39
2014-09-25,37.21,33.49,76.17,37.85,2014-09-25,25,9,2014,39
2014-09-26,37.37,33.64,73.21,37.8,2014-09-26,26,9,2014,39
2014-09-27,37.51,33.76,70.1,37.77,2014-09-27,27,9,2014,39
2014-09-28,37.66,33.89,67.0,37.74,2014-09-28,28,9,2014,39
2014-09-29,37.8,34.02,63.89,37.71,2014-09-29,29,9,2014,40
2014-09-30,37.94,34.15,60.79,37.69,2014-09-30,30,9,2014,40
2014-10-01,38.08,34.27,57.69,37.66,2014-10-01,1,10,2014,40
2014-10-02,38.22,34.4,54.58,37.63,2014-10-02,2,10,2014,40
2014-10-03,38.36,34.53,51.48,37.6,2014-10-03,3,10,2014,40
2014-10-04,38.43,34.59,49.81,37.67,2014-10-04,4,10,2014,40
2014-10-05,38.51,34.65,48.13,37.73,2014-10-05,5,10,2014,40
2014-10-06,38.58,34.72,46.46,37.8,2014-10-06,6,10,2014,41
2014-10-07,38.65,34.78,44.79,37.86,2014-10-07,7,10,2014,41
2014-10-08,38.72,34.84,43.11,37.93,2014-10-08,8,10,2014,41
2014-10-09,38.79,34.91,41.44,37.99,2014-10-09,9,10,2014,41
2014-10-10,38.86,34.97,39.77,38.06,2014-10-10,10,10,2014,41
2014-10-11,38.81,34.93,40.97,38.27,2014-10-11,11,10,2014,41
2014-10-12,38.76,34.89,42.17,38.48,2014-10-12,12,10,2014,41
2014-10-13,38.71,34.84,43.36,38.69,2014-10-13,13,10,2014,42
2014-10-14,38.67,34.8,44.56,38.91,2014-10-14,14,10,2014,42
2014-10-15,38.62,34.76,45.76,39.12,2014-10-15,15,10,2014,42
2014-10-16,38.57,34.71,46.96,39.33,2014-10-16,16,10,2014,42
2014-10-17,38.52,34.67,48.16,39.54,2014-10-17,17,10,2014,42
2014-10-18,38.37,34.53,52.08,39.9,2014-10-18,18,10,2014,42
2014-10-19,38.21,34.39,56.0,40.25,2014-10-19,19,10,2014,42
2014-10-20,38.06,34.26,59.93,40.6,2014-10-20,20,10,2014,43
2014-10-21,37.91,34.12,63.85,40.96,2014-10-21,21,10,2014,43
2014-10-22,37.76,33.98,67.77,41.31,2014-10-22,22,10,2014,43
2014-10-23,37.6,33.84,71.7,41.66,2014-10-23,23,10,2014,43
2014-10-24,37.45,33.7,75.62,42.02,2014-10-24,24,10,2014,43
2014-10-25,37.25,33.52,81.04,42.46,2014-10-25,25,10,2014,43
2014-10-26,37.04,33.34,86.47,42.91,2014-10-26,26,10,2014,43
2014-10-27,36.84,33.15,91.89,43.35,2014-10-27,27,10,2014,44
2014-10-28,36.63,32.97,97.31,43.8,2014-10-28,28,10,2014,44
2014-10-29,36.43,32.79,102.74,44.24,2014-10-29,29,10,2014,44
2014-10-30,36.23,32.6,108.16,44.69,2014-10-30,30,10,2014,44
2014-10-31,36.02,32.42,113.58,45.13,2014-10-31,31,10,2014,44
2014-11-01,35.82,32.24,119.26,45.62,2014-11-01,1,11,2014,44
2014-11-02,35.62,32.06,124.93,46.1,2014-11-02,2,11,2014,44
2014-11-03,35.43,31.88,130.61,46.59,2014-11-03,3,11,2014,45
2014-11-04,35.23,31.7,136.29,47.07,2014-11-04,4,11,2014,45
2014-11-05,35.03,31.52,141.96,47.56,2014-11-05,5,11,2014,45
2014-11-06,34.83,31.35,147.64,48.05,2014-11-06,6,11,2014,45
2014-11-07,34.63,31.17,153.32,48.53,2014-11-07,7,11,2014,45
2014-11-08,34.49,31.04,158.01,49.01,2014-11-08,8,11,2014,45
2014-11-09,34.35,30.91,162.7,49.48,2014-11-09,9,11,2014,45
2014-11-10,34.21,30.79,167.39,49.96,2014-11-10,10,11,2014,46
2014-11-11,34.07,30.66,172.08,50.44,2014-11-11,11,11,2014,46
2014-11-12,33.93,30.54,176.77,50.91,2014-11-12,12,11,2014,46
2014-11-13,33.79,30.41,181.46,51.39,2014-11-13,13,11,2014,46
2014-11-14,33.65,30.29,186.15,51.86,2014-11-14,14,11,2014,46
2014-11-15,33.6,30.24,189.1,52.28,2014-11-15,15,11,2014,46
2014-11-16,33.55,30.2,192.06,52.7,2014-11-16,16,11,2014,46
2014-11-17,33.5,30.15,195.01,53.12,2014-11-17,17,11,2014,47
2014-11-18,33.45,30.1,197.97,53.54,2014-11-18,18,11,2014,47
2014-11-19,33.4,30.06,200.92,53.96,2014-11-19,19,11,2014,47
2014-11-20,33.35,30.01,203.87,54.38,2014-11-20,20,11,2014,47
2014-11-21,33.3,29.97,206.83,54.8,2014-11-21,21,11,2014,47
2014-11-22,33.32,29.99,208.15,55.13,2014-11-22,22,11,2014,47
2014-11-23,33.34,30.01,209.47,55.46,2014-11-23,23,11,2014,47
2014-11-24,33.37,30.03,210.78,55.78,2014-11-24,24,11,2014,48
2014-11-25,33.39,30.05,212.1,56.11,2014-11-25,25,11,2014,48
2014-11-26,33.41,30.07,213.42,56.43,2014-11-26,26,11,2014,48
2014-11-27,33.44,30.09,214.74,56.76,2014-11-27,27,11,2014,48
2014-11-28,33.46,30.11,216.06,57.08,2014-11-28,28,11,2014,48
2014-11-29,33.54,30.18,215.93,57.27,2014-11-29,29,11,2014,48
2014-11-30,33.61,30.25,215.8,57.47,2014-11-30,30,11,2014,48
2014-12-01,33.69,30.32,215.67,57.66,2014-12-01,1,12,2014,49
2014-12-02,33.77,30.39,215.54,57.85,2014-12-02,2,12,2014,49
2014-12-03,33.84,30.46,215.41,58.04,2014-12-03,3,12,2014,49
2014-12-04,33.92,30.53,215.27,58.23,2014-12-04,4,12,2014,49
2014-12-05,34.0,30.6,215.14,58.43,2014-12-05,5,12,2014,49
2014-12-06,34.11,30.7,213.75,58.45,2014-12-06,6,12,2014,49
2014-12-07,34.22,30.8,212.35,58.47,2014-12-07,7,12,2014,49
2014-12-08,34.33,30.9,210.96,58.49,2014-12-08,8,12,2014,50
2014-12-09,34.44,31.0,209.56,58.51,2014-12-09,9,12,2014,50
2014-12-10,34.56,31.1,208.17,58.53,2014-12-10,10,12,2014,50
2014-12-11,34.67,31.2,206.78,58.55,2014-12-11,11,12,2014,50
2014-12-12,34.78,31.3,205.38,58.57,2014-12-12,12,12,2014,50
2014-12-13,34.9,31.41,202.98,58.41,2014-12-13,13,12,2014,50
2014-12-14,35.03,31.53,200.58,58.24,2014-12-14,14,12,2014,50
2014-12-15,35.15,31.64,198.18,58.07,2014-12-15,15,12,2014,51
2014-12-16,35.28,31.75,195.77,57.9,2014-12-16,16,12,2014,51
2014-12-17,35.41,31.87,193.37,57.74,2014-12-17,17,12,2014,51
2014-12-18,35.53,31.98,190.97,57.57,2014-12-18,18,12,2014,51
2014-12-19,35.66,32.09,188.57,57.4,2014-12-19,19,12,2014,51
2014-12-20,35.78,32.2,185.76,57.14,2014-12-20,20,12,2014,51
2014-12-21,35.89,32.31,182.96,56.87,2014-12-21,21,12,2014,51
2014-12-22,36.01,32.41,180.15,56.61,2014-12-22,22,12,2014,52
2014-12-23,36.13,32.52,177.35,56.34,2014-12-23,23,12,2014,52
2014-12-24,36.25,32.63,174.54,56.08,2014-12-24,24,12,2014,52
2014-12-25,36.37,32.73,171.73,55.81,2014-12-25,25,12,2014,52
2014-12-26,36.49,32.84,168.93,55.55,2014-12-26,26,12,2014,52
2014-12-27,36.58,32.92,166.42,55.31,2014-12-27,27,12,2014,52
2014-12-28,36.67,33.0,163.92,55.07,2014-12-28,28,12,2014,52
2014-12-29,36.76,33.08,161.42,54.83,2014-12-29,29,12,2014,1
2014-12-30,36.85,33.16,158.92,54.58,2014-12-30,30,12,2014,1
2014-12-31,36.94,33.24,156.41,54.34,2014-12-31,31,12,2014,1
2015-01-01,37.03,33.33,153.91,54.1,2015-01-01,1,1,2015,1
2015-01-02,37.12,33.41,151.41,53.86,2015-01-02,2,1,2015,1
2015-01-03,37.16,33.44,149.92,53.76,2015-01-03,3,1,2015,1
2015-01-04,37.2,33.48,148.42,53.67,2015-01-04,4,1,2015,1
2015-01-05,37.24,33.51,146.93,53.57,2015-01-05,5,1,2015,2
2015-01-06,37.28,33.55,145.44,53.48,2015-01-06,6,1,2015,2
2015-01-07,37.32,33.59,143.95,53.38,2015-01-07,7,1,2015,2
2015-01-08,37.36,33.62,142.46,53.29,2015-01-08,8,1,2015,2
2015-01-09,37.4,33.66,140.97,53.19,2015-01-09,9,1,2015,2
2015-01-10,37.37,33.63,141.15,53.36,2015-01-10,10,1,2015,2
2015-01-11,37.34,33.6,141.33,53.52,2015-01-11,11,1,2015,2
2015-01-12,37.31,33.58,141.51,53.69,2015-01-12,12,1,2015,3
2015-01-13,37.28,33.55,141.7,53.85,2015-01-13,13,1,2015,3
2015-01-14,37.25,33.52,141.88,54.01,2015-01-14,14,1,2015,3
2015-01-15,37.21,33.49,142.06,54.18,2015-01-15,15,1,2015,3
2015-01-16,37.18,33.47,142.25,54.34,2015-01-16,16,1,2015,3
2015-01-17,37.09,33.38,144.04,54.75,2015-01-17,17,1,2015,3
2015-01-18,37.0,33.3,145.84,55.16,2015-01-18,18,1,2015,3
2015-01-19,36.9,33.21,147.64,55.57,2015-01-19,19,1,2015,4
2015-01-20,36.81,33.13,149.44,55.98,2015-01-20,20,1,2015,4
2015-01-21,36.71,33.04,151.24,56.39,2015-01-21,21,1,2015,4
2015-01-22,36.62,32.96,153.04,56.8,2015-01-22,22,1,2015,4
2015-01-23,36.52,32.87,154.84,57.21,2015-01-23,23,1,2015,4
2015-01-24,36.39,32.75,157.61,57.75,2015-01-24,24,1,2015,4
2015-01-25,36.26,32.64,160.38,58.28,2015-01-25,25,1,2015,4
2015-01-26,36.13,32.52,163.15,58.82,2015-01-26,26,1,2015,5
2015-01-27,36.0,32.4,165.92,59.35,2015-01-27,27,1,2015,5
2015-01-28,35.87,32.28,168.69,59.89,2015-01-28,28,1,2015,5
2015-01-29,35.74,32.17,171.45,60.42,2015-01-29,29,1,2015,5
2015-01-30,35.61,32.05,174.22,60.96,2015-01-30,30,1,2015,5
2015-01-31,35.47,31.92,177.3,61.5,2015-01-31,31,1,2015,5
2015-02-01,35.33,31.8,180.38,62.04,2015-02-01,1,2,2015,5
2015-02-02,35.19,31.67,183.45,62.57,2015-02-02,2,2,2015,6
2015-02-03,35.05,31.55,186.53,63.11,2015-02-03,3,2,2015,6
2015-02-04,34.92,31.42,189.6,63.65,2015-02-04,4,2,2015,6
2015-02-05,34.78,31.3,192.68,64.19,2015-02-05,5,2,2015,6
2015-02-06,34.64,31.17,195.75,64.73,2015-02-06,6,2,2015,6
2015-02-07,34.52,31.07,198.47,65.15,2015-02-07,7,2,2015,6
2015-02-08,34.4,30.96,201.19,65.56,2015-02-08,8,2,2015,6
2015-02-09,34.28,30.86,203.91,65.98,2015-02-09,9,2,2015,7
2015-02-10,34.17,30.75,206.63,66.4,2015-02-10,10,2,2015,7
2015-02-11,34.05,30.64,209.35,66.82,2015-02-11,11,2,2015,7
2015-02-12,33.93,30.54,212.07,67.24,2015-02-12,12,2,2015,7
2015-02-13,33.81,30.43,214.79,67.66,2015-02-13,13,2,2015,7
2015-02-14,33.73,30.36,216.61,67.89,2015-02-14,14,2,2015,7
2015-02-15,33.65,30.28,218.42,68.12,2015-02-15,15,2,2015,7
2015-02-16,33.57,30.21,220.23,68.34,2015-02-16,16,2,2015,8
2015-02-17,33.49,30.14,222.05,68.57,2015-02-17,17,2,2015,8
2015-02-18,33.41,30.07,223.86,68.8,2015-02-18,18,2,2015,8
2015-02-19,33.33,29.99,225.67,69.03,2015-02-19,19,2,2015,8
2015-02-20,33.24,29.92,227.49,69.26,2015-02-20,20,2,2015,8
2015-02-21,33.2,29.88,228.08,69.33,2015-02-21,21,2,2015,8
2015-02-22,33.15,29.83,228.68,69.41,2015-02-22,22,2,2015,8
2015-02-23,33.1,29.79,229.27,69.48,2015-02-23,23,2,2015,9
2015-02-24,33.05,29.74,229.87,69.56,2015-02-24,24,2,2015,9
2015-02-25,33.0,29.7,230.46,69.63,2015-02-25,25,2,2015,9
2015-02-26,32.95,29.65,231.06,69.7,2015-02-26,26,2,2015,9
2015-02-27,32.9,29.61,231.66,69.78,2015-02-27,27,2,2015,9
2015-02-28,32.87,29.58,230.75,69.75,2015-02-28,28,2,2015,9
2015-03-01,32.84,29.56,229.84,69.72,2015-03-01,1,3,2015,9
2015-03-02,32.81,29.53,228.94,69.69,2015-03-02,2,3,2015,10
2015-03-03,32.78,29.5,228.03,69.66,2015-03-03,3,3,2015,10
2015-03-04,32.75,29.48,227.13,69.63,2015-03-04,4,3,2015,10
2015-03-05,32.73,29.45,226.22,69.6,2015-03-05,5,3,2015,10
2015-03-06,32.7,29.43,225.32,69.57,2015-03-06,6,3,2015,10
2015-03-07,32.68,29.41,222.63,69.49,2015-03-07,7,3,2015,10
2015-03-08,32.66,29.4,219.94,69.41,2015-03-08,8,3,2015,10
2015-03-09,32.65,29.38,217.25,69.32,2015-03-09,9,3,2015,11
2015-03-10,32.63,29.37,214.57,69.24,2015-03-10,10,3,2015,11
2015-03-11,32.61,29.35,211.88,69.15,2015-03-11,11,3,2015,11
2015-03-12,32.6,29.34,209.19,69.07,2015-03-12,12,3,2015,11
2015-03-13,32.58,29.32,206.5,68.99,2015-03-13,13,3,2015,11
2015-03-14,32.57,29.31,201.91,68.9,2015-03-14,14,3,2015,11
2015-03-15,32.56,29.3,197.32,68.8,2015-03-15,15,3,2015,11
2015-03-16,32.54,29.29,192.73,68.71,2015-03-16,16,3,2015,12
2015-03-17,32.53,29.28,188.14,68.62,2015-03-17,17,3,2015,12
2015-03-18,32.51,29.26,183.55,68.53,2015-03-18,18,3,2015,12
2015-03-19,32.5,29.25,178.96,68.44,2015-03-19,19,3,2015,12
2015-03-20,32.49,29.24,174.38,68.35,2015-03-20,20,3,2015,12
2015-03-21,32.47,29.23,168.75,68.27,2015-03-21,21,3,2015,12
2015-03-22,32.46,29.21,163.13,68.2,2015-03-22,22,3,2015,12
2015-03-23,32.44,29.2,157.51,68.12,2015-03-23,23,3,2015,13
2015-03-24,32.43,29.18,151.88,68.05,2015-03-24,24,3,2015,13
2015-03-25,32.41,29.17,146.26,67.97,2015-03-25,25,3,2015,13
2015-03-26,32.39,29.15,140.64,67.9,2015-03-26,26,3,2015,13
2015-03-27,32.38,29.14,135.01,67.82,2015-03-27,27,3,2015,13
2015-03-28,32.36,29.12,129.59,67.78,2015-03-28,28,3,2015,13
2015-03-29,32.33,29.1,124.17,67.73,2015-03-29,29,3,2015,13
2015-03-30,32.31,29.08,118.75,67.69,2015-03-30,30,3,2015,14
2015-03-31,32.29,29.06,113.32,67.65,2015-03-31,31,3,2015,14
2015-04-01,32.27,29.04,107.9,67.6,2015-04-01,1,4,2015,14
2015-04-02,32.25,29.02,102.48,67.56,2015-04-02,2,4,2015,14
2015-04-03,32.22,29.0,97.06,67.52,2015-04-03,3,4,2015,14
2015-04-04,32.19,28.97,93.07,67.52,2015-04-04,4,4,2015,14
2015-04-05,32.16,28.94,89.08,67.52,2015-04-05,5,4,2015,14
2015-04-06,32.12,28.91,85.1,67.53,2015-04-06,6,4,2015,15
2015-04-07,32.09,28.88,81.11,67.53,2015-04-07,7,4,2015,15
2015-04-08,32.06,28.85,77.12,67.53,2015-04-08,8,4,2015,15
2015-04-09,32.03,28.82,73.14,67.54,2015-04-09,9,4,2015,15
2015-04-10,31.99,28.79,69.15,67.54,2015-04-10,10,4,2015,15
2015-04-11,31.95,28.75,67.78,67.61,2015-04-11,11,4,2015,15
2015-04-12,31.9,28.71,66.41,67.67,2015-04-12,12,4,2015,15
2015-04-13,31.85,28.67,65.03,67.74,2015-04-13,13,4,2015,16
2015-04-14,31.8,28.62,63.66,67.8,2015-04-14,14,4,2015,16
2015-04-15,31.76,28.58,62.29,67.87,2015-04-15,15,4,2015,16
2015-04-16,31.71,28.54,60.92,67.93,2015-04-16,16,4,2015,16
2015-04-17,31.66,28.5,59.54,68.0,2015-04-17,17,4,2015,16
2015-04-18,31.6,28.44,60.68,68.11,2015-04-18,18,4,2015,16
2015-04-19,31.54,28.39,61.82,68.22,2015-04-19,19,4,2015,16
2015-04-20,31.48,28.34,62.96,68.33,2015-04-20,20,4,2015,17
2015-04-21,31.42,28.28,64.1,68.45,2015-04-21,21,4,2015,17
2015-04-22,31.37,28.23,65.24,68.56,2015-04-22,22,4,2015,17
2015-04-23,31.31,28.18,66.38,68.67,2015-04-23,23,4,2015,17
2015-04-24,31.25,28.12,67.52,68.78,2015-04-24,24,4,2015,17
2015-04-25,31.18,28.06,69.82,68.9,2015-04-25,25,4,2015,17
2015-04-26,31.12,28.01,72.12,69.02,2015-04-26,26,4,2015,17
2015-04-27,31.06,27.95,74.42,69.14,2015-04-27,27,4,2015,18
2015-04-28,30.99,27.89,76.72,69.25,2015-04-28,28,4,2015,18
2015-04-29,30.93,27.84,79.02,69.37,2015-04-29,29,4,2015,18
2015-04-30,30.87,27.78,81.33,69.49,2015-04-30,30,4,2015,18
2015-05-01,30.8,27.72,83.63,69.61,2015-05-01,1,5,2015,18
2015-05-02,30.74,27.67,85.69,69.69,2015-05-02,2,5,2015,18
2015-05-03,30.68,27.62,87.75,69.77,2015-05-03,3,5,2015,18
2015-05-04,30.62,27.56,89.81,69.85,2015-05-04,4,5,2015,19
2015-05-05,30.57,27.51,91.88,69.93,2015-05-05,5,5,2015,19
2015-05-06,30.51,27.46,93.94,70.01,2015-05-06,6,5,2015,19
2015-05-07,30.45,27.4,96.0,70.09,2015-05-07,7,5,2015,19
2015-05-08,30.39,27.35,98.06,70.17,2015-05-08,8,5,2015,19
2015-05-09,30.34,27.31,98.48,70.16,2015-05-09,9,5,2015,19
2015-05-10,30.3,27.27,98.91,70.16,2015-05-10,10,5,2015,19
2015-05-11,30.25,27.23,99.33,70.16,2015-05-11,11,5,2015,20
2015-05-12,30.2,27.18,99.75,70.16,2015-05-12,12,5,2015,20
2015-05-13,30.16,27.14,100.17,70.16,2015-05-13,13,5,2015,20
2015-05-14,30.11,27.1,100.59,70.16,2015-05-14,14,5,2015,20
2015-05-15,30.07,27.06,101.02,70.16,2015-05-15,15,5,2015,20
2015-05-16,30.04,27.03,99.08,70.05,2015-05-16,16,5,2015,20
2015-05-17,30.01,27.01,97.15,69.95,2015-05-17,17,5,2015,20
2015-05-18,29.98,26.98,95.22,69.84,2015-05-18,18,5,2015,21
2015-05-19,29.95,26.96,93.29,69.74,2015-05-19,19,5,2015,21
2015-05-20,29.93,26.93,91.36,69.63,2015-05-20,20,5,2015,21
2015-05-21,29.9,26.91,89.43,69.53,2015-05-21,21,5,2015,21
2015-05-22,29.87,26.88,87.49,69.42,2015-05-22,22,5,2015,21
2015-05-23,29.86,26.87,84.24,69.23,2015-05-23,23,5,2015,21
2015-05-24,29.84,26.86,80.99,69.05,2015-05-24,24,5,2015,21
2015-05-25,29.83,26.84,77.74,68.86,2015-05-25,25,5,2015,22
2015-05-26,29.81,26.83,74.49,68.68,2015-05-26,26,5,2015,22
2015-05-27,29.8,26.82,71.24,68.49,2015-05-27,27,5,2015,22
2015-05-28,29.79,26.81,67.99,68.31,2015-05-28,28,5,2015,22
2015-05-29,29.77,26.79,64.74,68.12,2015-05-29,29,5,2015,22
2015-05-30,29.77,26.79,61.49,67.89,2015-05-30,30,5,2015,22
2015-05-31,29.76,26.78,58.23,67.66,2015-05-31,31,5,2015,22
2015-06-01,29.76,26.78,54.97,67.42,2015-06-01,1,6,2015,23
2015-06-02,29.75,26.78,51.72,67.19,2015-06-02,2,6,2015,23
2015-06-03,29.74,26.77,48.46,66.96,2015-06-03,3,6,2015,23
2015-06-04,29.74,26.77,45.2,66.72,2015-06-04,4,6,2015,23
2015-06-05,29.73,26.76,41.95,66.49,2015-06-05,5,6,2015,23
2015-06-06,29.73,26.76,39.99,66.24,2015-06-06,6,6,2015,23
2015-06-07,29.73,26.76,38.04,65.99,2015-06-07,7,6,2015,23
2015-06-08,29.73,26.76,36.09,65.75,2015-06-08,8,6,2015,24
2015-06-09,29.73,26.75,34.13,65.5,2015-06-09,9,6,2015,24
2015-06-10,29.73,26.75,32.18,65.25,2015-06-10,10,6,2015,24
2015-06-11,29.72,26.75,30.23,65.0,2015-06-11,11,6,2015,24
2015-06-12,29.72,26.75,28.27,64.75,2015-06-12,12,6,2015,24
2015-06-13,29.72,26.75,28.71,64.52,2015-06-13,13,6,2015,24
2015-06-14,29.72,26.75,29.15,64.28,2015-06-14,14,6,2015,24
2015-06-15,29.72,26.74,29.59,64.05,2015-06-15,15,6,2015,25
2015-06-16,29.71,26.74,30.02,63.82,2015-06-16,16,6,2015,25
2015-06-17,29.71,26.74,30.46,63.58,2015-06-17,17,6,2015,25
2015-06-18,29.71,26.74,30.9,63.35,2015-06-18,18,6,2015,25
2015-06-19,29.71,26.74,31.34,63.11,2015-06-19,19,6,2015,25
2015-06-20,29.71,26.74,33.58,62.89,2015-06-20,20,6,2015,25
2015-06-21,29.71,26.74,35.82,62.67,2015-06-21,21,6,2015,25
2015-06-22,29.72,26.75,38.07,62.46,2015-06-22,22,6,2015,26
2015-06-23,29.72,26.75,40.31,62.24,2015-06-23,23,6,2015,26
2015-06-24,29.72,26.75,42.55,62.02,2015-06-24,24,6,2015,26
2015-06-25,29.73,26.75,44.79,61.8,2015-06-25,25,6,2015,26
2015-06-26,29.73,26.76,47.04,61.58,2015-06-26,26,6,2015,26
2015-06-27,29.75,26.77,49.74,61.36,2015-06-27,27,6,2015,26
2015-06-28,29.77,26.79,52.45,61.15,2015-06-28,28,6,2015,26
2015-06-29,29.79,26.81,55.16,60.94,2015-06-29,29,6,2015,27
2015-06-30,29.81,26.83,57.86,60.72,2015-06-30,30,6,2015,27
2015-07-01,29.82,26.84,60.57,60.51,2015-07-01,1,7,2015,27
2015-07-02,29.84,26.86,63.27,60.29,2015-07-02,2,7,2015,27
2015-07-03,29.86,26.88,65.98,60.08,2015-07-03,3,7,2015,27
2015-07-04,29.91,26.92,67.8,59.86,2015-07-04,4,7,2015,27
2015-07-05,29.95,26.96,69.62,59.64,2015-07-05,5,7,2015,27
2015-07-06,30.0,27.0,71.44,59.42,2015-07-06,6,7,2015,28
2015-07-07,30.04,27.04,73.27,59.19,2015-07-07,7,7,2015,28
2015-07-08,30.08,27.08,75.09,58.97,2015-07-08,8,7,2015,28
2015-07-09,30.13,27.12,76.91,58.75,2015-07-09,9,7,2015,28
2015-07-10,30.17,27.16,78.73,58.53,2015-07-10,10,7,2015,28
2015-07-11,30.25,27.23,78.37,58.29,2015-07-11,11,7,2015,28
2015-07-12,30.33,27.3,78.0,58.06,2015-07-12,12,7,2015,28
2015-07-13,30.41,27.37,77.63,57.82,2015-07-13,13,7,2015,29
2015-07-14,30.49,27.44,77.27,57.58,2015-07-14,14,7,2015,29
2015-07-15,30.57,27.52,76.9,57.34,2015-07-15,15,7,2015,29
2015-07-16,30.65,27.59,76.53,57.11,2015-07-16,16,7,2015,29
2015-07-17,30.73,27.66,76.17,56.87,2015-07-17,17,7,2015,29
2015-07-18,30.85,27.76,73.61,56.61,2015-07-18,18,7,2015,29
2015-07-19,30.96,27.87,71.06,56.35,2015-07-19,19,7,2015,29
2015-07-20,31.08,27.97,68.51,56.09,2015-07-20,20,7,2015,30
2015-07-21,31.19,28.07,65.95,55.83,2015-07-21,21,7,2015,30
2015-07-22,31.31,28.18,63.4,55.57,2015-07-22,22,7,2015,30
2015-07-23,31.42,28.28,60.85,55.31,2015-07-23,23,7,2015,30
2015-07-24,31.53,28.38,58.3,55.05,2015-07-24,24,7,2015,30
2015-07-25,31.67,28.5,55.1,54.77,2015-07-25,25,7,2015,30
2015-07-26,31.8,28.62,51.9,54.49,2015-07-26,26,7,2015,30
2015-07-27,31.94,28.75,48.7,54.21,2015-07-27,27,7,2015,31
2015-07-28,32.07,28.87,45.49,53.93,2015-07-28,28,7,2015,31
2015-07-29,32.21,28.99,42.29,53.65,2015-07-29,29,7,2015,31
2015-07-30,32.34,29.11,39.09,53.37,2015-07-30,30,7,2015,31
2015-07-31,32.48,29.23,35.89,53.09,2015-07-31,31,7,2015,31
2015-08-01,32.62,29.36,33.54,52.79,2015-08-01,1,8,2015,31
2015-08-02,32.76,29.48,31.19,52.49,2015-08-02,2,8,2015,31
2015-08-03,32.9,29.61,28.84,52.19,2015-08-03,3,8,2015,32
2015-08-04,33.04,29.74,26.48,51.89,2015-08-04,4,8,2015,32
2015-08-05,33.18,29.86,24.13,51.59,2015-08-05,5,8,2015,32
2015-08-06,33.32,29.99,21.78,51.29,2015-08-06,6,8,2015,32
2015-08-07,33.46,30.12,19.42,50.99,2015-08-07,7,8,2015,32
2015-08-08,33.59,30.24,19.46,50.68,2015-08-08,8,8,2015,32
2015-08-09,33.73,30.35,19.49,50.36,2015-08-09,9,8,2015,32
2015-08-10,33.86,30.47,19.52,50.04,2015-08-10,10,8,2015,33
2015-08-11,33.99,30.59,19.56,49.73,2015-08-11,11,8,2015,33
2015-08-12,34.12,30.71,19.59,49.41,2015-08-12,12,8,2015,33
2015-08-13,34.25,30.83,19.63,49.09,2015-08-13,13,8,2015,33
2015-08-14,34.38,30.95,19.66,48.78,2015-08-14,14,8,2015,33
2015-08-15,34.5,31.05,23.13,48.45,2015-08-15,15,8,2015,33
2015-08-16,34.61,31.15,26.61,48.13,2015-08-16,16,8,2015,33
2015-08-17,34.72,31.25,30.08,47.8,2015-08-17,17,8,2015,34
2015-08-18,34.83,31.35,33.56,47.48,2015-08-18,18,8,2015,34
2015-08-19,34.94,31.45,37.03,47.15,2015-08-19,19,8,2015,34
2015-08-20,35.06,31.55,40.51,46.83,2015-08-20,20,8,2015,34
2015-08-21,35.17,31.65,43.98,46.5,2015-08-21,21,8,2015,34
2015-08-22,35.26,31.74,49.44,46.2,2015-08-22,22,8,2015,34
2015-08-23,35.36,31.82,54.89,45.89,2015-08-23,23,8,2015,34
2015-08-24,35.45,31.9,60.35,45.58,2015-08-24,24,8,2015,35
2015-08-25,35.54,31.99,65.81,45.28,2015-08-25,25,8,2015,35
2015-08-26,35.64,32.07,71.26,44.97,2015-08-26,26,8,2015,35
2015-08-27,35.73,32.16,76.72,44.67,2015-08-27,27,8,2015,35
2015-08-28,35.82,32.24,82.18,44.36,2015-08-28,28,8,2015,35
2015-08-29,35.9,32.31,87.81,44.11,2015-08-29,29,8,2015,35
2015-08-30,35.98,32.39,93.44,43.86,2015-08-30,30,8,2015,35
2015-08-31,36.06,32.46,99.07,43.6,2015-08-31,31,8,2015,36
2015-09-01,36.14,32.53,104.7,43.35,2015-09-01,1,9,2015,36
2015-09-02,36.22,32.6,110.34,43.1,2015-09-02,2,9,2015,36
2015-09-03,36.3,32.67,115.97,42.85,2015-09-03,3,9,2015,36
2015-09-04,36.38,32.75,121.6,42.59,2015-09-04,4,9,2015,36
2015-09-05,36.45,32.81,125.6,42.43,2015-09-05,5,9,2015,36
2015-09-06,36.52,32.87,129.6,42.26,2015-09-06,6,9,2015,36
2015-09-07,36.59,32.93,133.6,42.09,2015-09-07,7,9,2015,37
2015-09-08,36.66,33.0,137.59,41.93,2015-09-08,8,9,2015,37
2015-09-09,36.73,33.06,141.59,41.76,2015-09-09,9,9,2015,37
2015-09-10,36.8,33.12,145.59,41.59,2015-09-10,10,9,2015,37
2015-09-11,36.87,33.19,149.59,41.43,2015-09-11,11,9,2015,37
2015-09-12,36.94,33.24,150.38,41.38,2015-09-12,12,9,2015,37
2015-09-13,37.0,33.3,151.17,41.33,2015-09-13,13,9,2015,37
2015-09-14,37.06,33.36,151.96,41.28,2015-09-14,14,9,2015,38
2015-09-15,37.13,33.41,152.76,41.23,2015-09-15,15,9,2015,38
2015-09-16,37.19,33.47,153.55,41.18,2015-09-16,16,9,2015,38
2015-09-17,37.25,33.53,154.34,41.13,2015-09-17,17,9,2015,38
2015-09-18,37.32,33.58,155.13,41.08,2015-09-18,18,9,2015,38
2015-09-19,37.37,33.63,153.33,41.16,2015-09-19,19,9,2015,38
2015-09-20,37.42,33.68,151.54,41.24,2015-09-20,20,9,2015,38
2015-09-21,37.47,33.72,149.74,41.32,2015-09-21,21,9,2015,39
2015-09-22,37.52,33.77,147.94,41.41,2015-09-22,22,9,2015,39
2015-09-23,37.57,33.81,146.15,41.49,2015-09-23,23,9,2015,39
2015-09-24,37.62,33.86,144.35,41.57,2015-09-24,24,9,2015,39
2015-09-25,37.67,33.9,142.55,41.65,2015-09-25,25,9,2015,39
2015-09-26,37.7,33.93,139.99,41.88,2015-09-26,26,9,2015,39
2015-09-27,37.73,33.96,137.43,42.1,2015-09-27,27,9,2015,39
2015-09-28,37.76,33.98,134.87,42.32,2015-09-28,28,9,2015,40
2015-09-29,37.78,34.01,132.31,42.55,2015-09-29,29,9,2015,40
2015-09-30,37.81,34.03,129.74,42.77,2015-09-30,30,9,2015,40
2015-10-01,37.84,34.06,127.18,42.99,2015-10-01,1,10,2015,40
2015-10-02,37.87,34.08,124.62,43.22,2015-10-02,2,10,2015,40
2015-10-03,37.86,34.08,123.13,43.59,2015-10-03,3,10,2015,40
2015-10-04,37.86,34.07,121.63,43.96,2015-10-04,4,10,2015,40
2015-10-05,37.85,34.07,120.14,44.33,2015-10-05,5,10,2015,41
2015-10-06,37.85,34.06,118.64,44.7,2015-10-06,6,10,2015,41
2015-10-07,37.84,34.06,117.15,45.07,2015-10-07,7,10,2015,41
2015-10-08,37.84,34.05,115.66,45.44,2015-10-08,8,10,2015,41
2015-10-09,37.83,34.05,114.16,45.81,2015-10-09,9,10,2015,41
2015-10-10,37.78,34.01,115.54,46.34,2015-10-10,10,10,2015,41
2015-10-11,37.74,33.96,116.92,46.86,2015-10-11,11,10,2015,41
2015-10-12,37.69,33.92,118.3,47.39,2015-10-12,12,10,2015,42
2015-10-13,37.64,33.88,119.67,47.91,2015-10-13,13,10,2015,42
2015-10-14,37.59,33.83,121.05,48.44,2015-10-14,14,10,2015,42
2015-10-15,37.54,33.79,122.43,48.96,2015-10-15,15,10,2015,42
2015-10-16,37.49,33.74,123.81,49.49,2015-10-16,16,10,2015,42
2015-10-17,37.41,33.66,128.42,50.13,2015-10-17,17,10,2015,42
2015-10-18,37.32,33.58,133.02,50.78,2015-10-18,18,10,2015,42
2015-10-19,37.23,33.5,137.63,51.42,2015-10-19,19,10,2015,43
2015-10-20,37.14,33.42,142.24,52.06,2015-10-20,20,10,2015,43
2015-10-21,37.05,33.34,146.85,52.71,2015-10-21,21,10,2015,43
2015-10-22,36.96,33.26,151.46,53.35,2015-10-22,22,10,2015,43
2015-10-23,36.87,33.18,156.06,54.0,2015-10-23,23,10,2015,43
2015-10-24,36.76,33.09,162.23,54.67,2015-10-24,24,10,2015,43
2015-10-25,36.65,32.99,168.4,55.34,2015-10-25,25,10,2015,43
2015-10-26,36.54,32.89,174.57,56.01,2015-10-26,26,10,2015,44
2015-10-27,36.44,32.79,180.74,56.68,2015-10-27,27,10,2015,44
2015-10-28,36.33,32.69,186.91,57.35,2015-10-28,28,10,2015,44
2015-10-29,36.22,32.6,193.08,58.02,2015-10-29,29,10,2015,44
2015-10-30,36.11,32.5,199.25,58.69,2015-10-30,30,10,2015,44
2015-10-31,36.0,32.4,205.16,59.29,2015-10-31,31,10,2015,44
2015-11-01,35.9,32.31,211.07,59.88,2015-11-01,1,11,2015,44
2015-11-02,35.79,32.21,216.98,60.48,2015-11-02,2,11,2015,45
2015-11-03,35.68,32.11,222.9,61.08,2015-11-03,3,11,2015,45
2015-11-04,35.57,32.02,228.81,61.68,2015-11-04,4,11,2015,45
2015-11-05,35.47,31.92,234.72,62.27,2015-11-05,5,11,2015,45
2015-11-06,35.36,31.83,240.63,62.87,2015-11-06,6,11,2015,45
2015-11-07,35.28,31.75,244.46,63.3,2015-11-07,7,11,2015,45
2015-11-08,35.2,31.68,248.29,63.73,2015-11-08,8,11,2015,45
2015-11-09,35.11,31.6,252.13,64.16,2015-11-09,9,11,2015,46
2015-11-10,35.03,31.53,255.96,64.58,2015-11-10,10,11,2015,46
2015-11-11,34.95,31.45,259.79,65.01,2015-11-11,11,11,2015,46
2015-11-12,34.87,31.38,263.63,65.44,2015-11-12,12,11,2015,46
2015-11-13,34.78,31.3,267.46,65.87,2015-11-13,13,11,2015,46
2015-11-14,34.74,31.27,267.98,66.06,2015-11-14,14,11,2015,46
2015-11-15,34.7,31.23,268.51,66.25,2015-11-15,15,11,2015,46
2015-11-16,34.66,31.19,269.03,66.43,2015-11-16,16,11,2015,47
2015-11-17,34.61,31.15,269.56,66.62,2015-11-17,17,11,2015,47
2015-11-18,34.57,31.11,270.08,66.81,2015-11-18,18,11,2015,47
2015-11-19,34.53,31.07,270.61,67.0,2015-11-19,19,11,2015,47
2015-11-20,34.48,31.04,271.13,67.19,2015-11-20,20,11,2015,47
2015-11-21,34.47,31.03,269.38,67.19,2015-11-21,21,11,2015,47
2015-11-22,34.46,31.02,267.63,67.18,2015-11-22,22,11,2015,47
2015-11-23,34.45,31.01,265.88,67.17,2015-11-23,23,11,2015,48
2015-11-24,34.44,31.0,264.13,67.17,2015-11-24,24,11,2015,48
2015-11-25,34.43,30.99,262.38,67.16,2015-11-25,25,11,2015,48
2015-11-26,34.42,30.97,260.62,67.16,2015-11-26,26,11,2015,48
2015-11-27,34.41,30.96,258.87,67.15,2015-11-27,27,11,2015,48
2015-11-28,34.41,30.97,256.42,67.02,2015-11-28,28,11,2015,48
2015-11-29,34.42,30.97,253.96,66.89,2015-11-29,29,11,2015,48
2015-11-30,34.42,30.98,251.51,66.76,2015-11-30,30,11,2015,49
2015-12-01,34.43,30.98,249.05,66.63,2015-12-01,1,12,2015,49
2015-12-02,34.43,30.99,246.6,66.5,2015-12-02,2,12,2015,49
2015-12-03,34.44,31.0,244.15,66.37,2015-12-03,3,12,2015,49
2015-12-04,34.44,31.0,241.69,66.24,2015-12-04,4,12,2015,49
2015-12-05,34.45,31.01,240.11,66.06,2015-12-05,5,12,2015,49
2015-12-06,34.46,31.01,238.52,65.88,2015-12-06,6,12,2015,49
2015-12-07,34.47,31.02,236.94,65.69,2015-12-07,7,12,2015,50
2015-12-08,34.48,31.03,235.35,65.51,2015-12-08,8,12,2015,50
2015-12-09,34.49,31.04,233.77,65.33,2015-12-09,9,12,2015,50
2015-12-10,34.49,31.04,232.18,65.14,2015-12-10,10,12,2015,50
2015-12-11,34.5,31.05,230.6,64.96,2015-12-11,11,12,2015,50
2015-12-12,34.5,31.05,231.32,64.79,2015-12-12,12,12,2015,50
2015-12-13,34.5,31.05,232.03,64.62,2015-12-13,13,12,2015,50
2015-12-14,34.49,31.04,232.75,64.45,2015-12-14,14,12,2015,51
2015-12-15,34.49,31.04,233.47,64.28,2015-12-15,15,12,2015,51
2015-12-16,34.49,31.04,234.19,64.11,2015-12-16,16,12,2015,51
2015-12-17,34.49,31.04,234.9,63.94,2015-12-17,17,12,2015,51
2015-12-18,34.48,31.04,235.62,63.77,2015-12-18,18,12,2015,51
2015-12-19,34.47,31.02,238.39,63.64,2015-12-19,19,12,2015,51
2015-12-20,34.46,31.01,241.16,63.5,2015-12-20,20,12,2015,51
2015-12-21,34.45,31.0,243.93,63.37,2015-12-21,21,12,2015,52
2015-12-22,34.43,30.99,246.69,63.24,2015-12-22,22,12,2015,52
2015-12-23,34.42,30.98,249.46,63.11,2015-12-23,23,12,2015,52
2015-12-24,34.41,30.97,252.23,62.97,2015-12-24,24,12,2015,52
2015-12-25,34.39,30.96,255.0,62.84,2015-12-25,25,12,2015,52
2015-12-26,34.38,30.94,258.45,62.74,2015-12-26,26,12,2015,52
2015-12-27,34.37,30.93,261.91,62.63,2015-12-27,27,12,2015,52
2015-12-28,34.35,30.92,265.37,62.53,2015-12-28,28,12,2015,53
2015-12-29,34.34,30.91,268.82,62.43,2015-12-29,29,12,2015,53
2015-12-30,34.33,30.89,272.28,62.33,2015-12-30,30,12,2015,53
2015-12-31,34.31,30.88,275.73,62.22,2015-12-31,31,12,2015,53
2016-01-01,34.3,30.87,279.19,62.12,2016-01-01,1,1,2016,53
2016-01-02,34.29,30.87,281.95,62.04,2016-01-02,2,1,2016,53
2016-01-03,34.29,30.86,284.71,61.97,2016-01-03,3,1,2016,53
2016-01-04,34.28,30.86,287.47,61.89,2016-01-04,4,1,2016,1
2016-01-05,34.28,30.85,290.23,61.81,2016-01-05,5,1,2016,1
2016-01-06,34.28,30.85,293.0,61.73,2016-01-06,6,1,2016,1
2016-01-07,34.27,30.84,295.76,61.65,2016-01-07,7,1,2016,1
2016-01-08,34.27,30.84,298.52,61.57,2016-01-08,8,1,2016,1
2016-01-09,34.28,30.85,299.21,61.51,2016-01-09,9,1,2016,1
2016-01-10,34.29,30.86,299.91,61.45,2016-01-10,10,1,2016,1
2016-01-11,34.31,30.87,300.6,61.39,2016-01-11,11,1,2016,2
2016-01-12,34.32,30.89,301.3,61.33,2016-01-12,12,1,2016,2
2016-01-13,34.33,30.9,301.99,61.27,2016-01-13,13,1,2016,2
2016-01-14,34.35,30.91,302.69,61.21,2016-01-14,14,1,2016,2
2016-01-15,34.36,30.92,303.38,61.15,2016-01-15,15,1,2016,2
2016-01-16,34.39,30.95,301.5,61.11,2016-01-16,16,1,2016,2
2016-01-17,34.42,30.98,299.61,61.07,2016-01-17,17,1,2016,2
2016-01-18,34.46,31.01,297.72,61.03,2016-01-18,18,1,2016,3
2016-01-19,34.49,31.04,295.84,60.99,2016-01-19,19,1,2016,3
2016-01-20,34.52,31.07,293.95,60.95,2016-01-20,20,1,2016,3
2016-01-21,34.55,31.1,292.07,60.91,2016-01-21,21,1,2016,3
2016-01-22,34.58,31.13,290.18,60.87,2016-01-22,22,1,2016,3
2016-01-23,34.62,31.16,286.65,60.87,2016-01-23,23,1,2016,3
2016-01-24,34.66,31.19,283.12,60.86,2016-01-24,24,1,2016,3
2016-01-25,34.69,31.22,279.58,60.86,2016-01-25,25,1,2016,4
2016-01-26,34.73,31.26,276.05,60.85,2016-01-26,26,1,2016,4
2016-01-27,34.77,31.29,272.52,60.85,2016-01-27,27,1,2016,4
2016-01-28,34.8,31.32,268.98,60.84,2016-01-28,28,1,2016,4
2016-01-29,34.84,31.36,265.45,60.84,2016-01-29,29,1,2016,4
2016-01-30,34.87,31.38,261.34,60.88,2016-01-30,30,1,2016,4
2016-01-31,34.89,31.4,257.23,60.93,2016-01-31,31,1,2016,4
2016-02-01,34.92,31.42,253.12,60.97,2016-02-01,1,2,2016,5
2016-02-02,34.94,31.45,249.01,61.02,2016-02-02,2,2,2016,5
2016-02-03,34.97,31.47,244.9,61.07,2016-02-03,3,2,2016,5
2016-02-04,34.99,31.49,240.79,61.11,2016-02-04,4,2,2016,5
2016-02-05,35.02,31.52,236.68,61.16,2016-02-05,5,2,2016,5
2016-02-06,35.02,31.51,233.06,61.27,2016-02-06,6,2,2016,5
2016-02-07,35.01,31.51,229.45,61.39,2016-02-07,7,2,2016,5
2016-02-08,35.01,31.51,225.83,61.5,2016-02-08,8,2,2016,6
2016-02-09,35.01,31.51,222.22,61.62,2016-02-09,9,2,2016,6
2016-02-10,35.01,31.51,218.6,61.73,2016-02-10,10,2,2016,6
2016-02-11,35.01,31.51,214.99,61.84,2016-02-11,11,2,2016,6
2016-02-12,35.01,31.5,211.37,61.96,2016-02-12,12,2,2016,6
2016-02-13,34.97,31.47,209.06,62.15,2016-02-13,13,2,2016,6
2016-02-14,34.93,31.43,206.75,62.33,2016-02-14,14,2,2016,6
2016-02-15,34.89,31.4,204.44,62.52,2016-02-15,15,2,2016,7
2016-02-16,34.85,31.36,202.13,62.71,2016-02-16,16,2,2016,7
2016-02-17,34.81,31.33,199.82,62.89,2016-02-17,17,2,2016,7
2016-02-18,34.77,31.29,197.5,63.08,2016-02-18,18,2,2016,7
2016-02-19,34.73,31.26,195.19,63.27,2016-02-19,19,2,2016,7
2016-02-20,34.67,31.2,193.76,63.47,2016-02-20,20,2,2016,7
2016-02-21,34.61,31.15,192.32,63.68,2016-02-21,21,2,2016,7
2016-02-22,34.55,31.09,190.89,63.88,2016-02-22,22,2,2016,8
2016-02-23,34.49,31.04,189.45,64.09,2016-02-23,23,2,2016,8
2016-02-24,34.43,30.98,188.01,64.29,2016-02-24,24,2,2016,8
2016-02-25,34.37,30.93,186.58,64.5,2016-02-25,25,2,2016,8
2016-02-26,34.3,30.87,185.14,64.71,2016-02-26,26,2,2016,8
2016-02-27,34.25,30.82,183.79,64.86,2016-02-27,27,2,2016,8
2016-02-28,34.19,30.77,182.44,65.02,2016-02-28,28,2,2016,8
2016-02-29,34.13,30.71,181.08,65.17,2016-02-29,29,2,2016,9
2016-03-01,34.07,30.66,179.73,65.33,2016-03-01,1,3,2016,9
2016-03-02,34.01,30.61,178.38,65.48,2016-03-02,2,3,2016,9
2016-03-03,33.95,30.55,177.03,65.64,2016-03-03,3,3,2016,9
2016-03-04,33.89,30.5,175.67,65.79,2016-03-04,4,3,2016,9
2016-03-05,33.85,30.47,173.61,65.83,2016-03-05,5,3,2016,9
2016-03-06,33.82,30.44,171.55,65.86,2016-03-06,6,3,2016,9
2016-03-07,33.78,30.41,169.49,65.9,2016-03-07,7,3,2016,10
2016-03-08,33.75,30.38,167.42,65.93,2016-03-08,8,3,2016,10
2016-03-09,33.72,30.34,165.36,65.97,2016-03-09,9,3,2016,10
2016-03-10,33.68,30.31,163.3,66.0,2016-03-10,10,3,2016,10
2016-03-11,33.65,30.28,161.24,66.03,2016-03-11,11,3,2016,10
2016-03-12,33.66,30.29,157.74,65.88,2016-03-12,12,3,2016,10
2016-03-13,33.67,30.3,154.24,65.73,2016-03-13,13,3,2016,10
2016-03-14,33.68,30.31,150.74,65.58,2016-03-14,14,3,2016,11
2016-03-15,33.69,30.32,147.24,65.43,2016-03-15,15,3,2016,11
2016-03-16,33.7,30.33,143.74,65.28,2016-03-16,16,3,2016,11
2016-03-17,33.72,30.34,140.24,65.13,2016-03-17,17,3,2016,11
2016-03-18,33.73,30.35,136.74,64.98,2016-03-18,18,3,2016,11
2016-03-19,33.78,30.4,132.08,64.67,2016-03-19,19,3,2016,11
2016-03-20,33.83,30.44,127.42,64.36,2016-03-20,20,3,2016,11
2016-03-21,33.88,30.49,122.76,64.05,2016-03-21,21,3,2016,12
2016-03-22,33.93,30.53,118.1,63.74,2016-03-22,22,3,2016,12
2016-03-23,33.98,30.58,113.45,63.43,2016-03-23,23,3,2016,12
2016-03-24,34.03,30.62,108.79,63.12,2016-03-24,24,3,2016,12
2016-03-25,34.07,30.67,104.13,62.82,2016-03-25,25,3,2016,12
2016-03-26,34.13,30.72,99.39,62.44,2016-03-26,26,3,2016,12
2016-03-27,34.19,30.77,94.65,62.07,2016-03-27,27,3,2016,12
2016-03-28,34.24,30.82,89.91,61.7,2016-03-28,28,3,2016,13
2016-03-29,34.3,30.87,85.17,61.33,2016-03-29,29,3,2016,13
2016-03-30,34.36,30.92,80.43,60.96,2016-03-30,30,3,2016,13
2016-03-31,34.41,30.97,75.69,60.59,2016-03-31,31,3,2016,13
2016-04-01,34.47,31.02,70.95,60.22,2016-04-01,1,4,2016,13
2016-04-02,34.5,31.05,67.22,59.88,2016-04-02,2,4,2016,13
2016-04-03,34.53,31.08,63.5,59.55,2016-04-03,3,4,2016,13
2016-04-04,34.56,31.1,59.78,59.21,2016-04-04,4,4,2016,14
2016-04-05,34.59,31.13,56.05,58.88,2016-04-05,5,4,2016,14
2016-04-06,34.62,31.16,52.33,58.55,2016-04-06,6,4,2016,14
2016-04-07,34.65,31.19,48.61,58.21,2016-04-07,7,4,2016,14
2016-04-08,34.68,31.22,44.88,57.88,2016-04-08,8,4,2016,14
2016-04-09,34.66,31.19,43.29,57.68,2016-04-09,9,4,2016,14
2016-04-10,34.63,31.17,41.7,57.48,2016-04-10,10,4,2016,14
2016-04-11,34.6,31.14,40.11,57.28,2016-04-11,11,4,2016,15
2016-04-12,34.58,31.12,38.52,57.08,2016-04-12,12,4,2016,15
2016-04-13,34.55,31.09,36.93,56.89,2016-04-13,13,4,2016,15
2016-04-14,34.52,31.07,35.34,56.69,2016-04-14,14,4,2016,15
2016-04-15,34.5,31.05,33.75,56.49,2016-04-15,15,4,2016,15
2016-04-16,34.4,30.96,34.9,56.48,2016-04-16,16,4,2016,15
2016-04-17,34.3,30.87,36.05,56.46,2016-04-17,17,4,2016,15
2016-04-18,34.2,30.78,37.19,56.45,2016-04-18,18,4,2016,16
2016-04-19,34.1,30.69,38.34,56.44,2016-04-19,19,4,2016,16
2016-04-20,34.0,30.6,39.49,56.42,2016-04-20,20,4,2016,16
2016-04-21,33.9,30.51,40.63,56.41,2016-04-21,21,4,2016,16
2016-04-22,33.8,30.42,41.78,56.4,2016-04-22,22,4,2016,16
2016-04-23,33.66,30.29,44.43,56.51,2016-04-23,23,4,2016,16
2016-04-24,33.51,30.16,47.07,56.63,2016-04-24,24,4,2016,16
2016-04-25,33.36,30.02,49.72,56.75,2016-04-25,25,4,2016,17
2016-04-26,33.21,29.89,52.37,56.86,2016-04-26,26,4,2016,17
2016-04-27,33.06,29.75,55.01,56.98,2016-04-27,27,4,2016,17
2016-04-28,32.91,29.62,57.66,57.1,2016-04-28,28,4,2016,17
2016-04-29,32.76,29.48,60.31,57.21,2016-04-29,29,4,2016,17
2016-04-30,32.58,29.33,63.78,57.39,2016-04-30,30,4,2016,17
2016-05-01,32.41,29.17,67.26,57.57,2016-05-01,1,5,2016,17
2016-05-02,32.24,29.01,70.73,57.75,2016-05-02,2,5,2016,18
2016-05-03,32.06,28.85,74.21,57.93,2016-05-03,3,5,2016,18
2016-05-04,31.89,28.7,77.68,58.11,2016-05-04,4,5,2016,18
2016-05-05,31.71,28.54,81.16,58.3,2016-05-05,5,5,2016,18
2016-05-06,31.54,28.38,84.63,58.48,2016-05-06,6,5,2016,18
2016-05-07,31.36,28.23,88.04,58.65,2016-05-07,7,5,2016,18
2016-05-08,31.19,28.07,91.44,58.83,2016-05-08,8,5,2016,18
2016-05-09,31.01,27.91,94.84,59.01,2016-05-09,9,5,2016,19
2016-05-10,30.84,27.76,98.25,59.18,2016-05-10,10,5,2016,19
2016-05-11,30.67,27.6,101.65,59.36,2016-05-11,11,5,2016,19
2016-05-12,30.49,27.44,105.06,59.54,2016-05-12,12,5,2016,19
2016-05-13,30.32,27.29,108.46,59.72,2016-05-13,13,5,2016,19
2016-05-14,30.17,27.15,110.88,59.83,2016-05-14,14,5,2016,19
2016-05-15,30.02,27.02,113.3,59.95,2016-05-15,15,5,2016,19
2016-05-16,29.87,26.88,115.72,60.06,2016-05-16,16,5,2016,20
2016-05-17,29.72,26.75,118.14,60.18,2016-05-17,17,5,2016,20
2016-05-18,29.57,26.61,120.56,60.29,2016-05-18,18,5,2016,20
2016-05-19,29.42,26.48,122.98,60.41,2016-05-19,19,5,2016,20
2016-05-20,29.27,26.34,125.4,60.52,2016-05-20,20,5,2016,20
2016-05-21,29.16,26.24,126.54,60.56,2016-05-21,21,5,2016,20
2016-05-22,29.04,26.14,127.68,60.6,2016-05-22,22,5,2016,20
2016-05-23,28.93,26.04,128.82,60.64,2016-05-23,23,5,2016,21
2016-05-24,28.82,25.93,129.95,60.67,2016-05-24,24,5,2016,21
2016-05-25,28.7,25.83,131.09,60.71,2016-05-25,25,5,2016,21
2016-05-26,28.59,25.73,132.23,60.75,2016-05-26,26,5,2016,21
2016-05-27,28.47,25.63,133.37,60.79,2016-05-27,27,5,2016,21
2016-05-28,28.41,25.57,133.15,60.75,2016-05-28,28,5,2016,21
2016-05-29,28.34,25.5,132.93,60.72,2016-05-29,29,5,2016,21
2016-05-30,28.27,25.44,132.71,60.68,2016-05-30,30,5,2016,22
2016-05-31,28.2,25.38,132.49,60.64,2016-05-31,31,5,2016,22
2016-06-01,28.13,25.32,132.28,60.61,2016-06-01,1,6,2016,22
2016-06-02,28.06,25.25,132.06,60.57,2016-06-02,2,6,2016,22
2016-06-03,27.99,25.19,131.84,60.53,2016-06-03,3,6,2016,22
2016-06-04,27.97,25.18,130.19,60.42,2016-06-04,4,6,2016,22
2016-06-05,27.96,25.16,128.54,60.31,2016-06-05,5,6,2016,22
2016-06-06,27.94,25.15,126.9,60.2,2016-06-06,6,6,2016,23
2016-06-07,27.92,25.13,125.25,60.09,2016-06-07,7,6,2016,23
2016-06-08,27.91,25.12,123.6,59.98,2016-06-08,8,6,2016,23
2016-06-09,27.89,25.1,121.95,59.87,2016-06-09,9,6,2016,23
2016-06-10,27.88,25.09,120.31,59.76,2016-06-10,10,6,2016,23
2016-06-11,27.92,25.13,117.18,59.58,2016-06-11,11,6,2016,23
2016-06-12,27.96,25.17,114.06,59.4,2016-06-12,12,6,2016,23
2016-06-13,28.01,25.2,110.93,59.22,2016-06-13,13,6,2016,24
2016-06-14,28.05,25.24,107.81,59.04,2016-06-14,14,6,2016,24
2016-06-15,28.09,25.28,104.68,58.86,2016-06-15,15,6,2016,24
2016-06-16,28.14,25.32,101.56,58.68,2016-06-16,16,6,2016,24
2016-06-17,28.18,25.36,98.43,58.5,2016-06-17,17,6,2016,24
2016-06-18,28.28,25.45,94.3,58.27,2016-06-18,18,6,2016,24
2016-06-19,28.37,25.53,90.17,58.03,2016-06-19,19,6,2016,24
2016-06-20,28.47,25.62,86.04,57.8,2016-06-20,20,6,2016,25
2016-06-21,28.56,25.71,81.91,57.56,2016-06-21,21,6,2016,25
2016-06-22,28.66,25.79,77.78,57.33,2016-06-22,22,6,2016,25
2016-06-23,28.76,25.88,73.65,57.1,2016-06-23,23,6,2016,25
2016-06-24,28.85,25.97,69.52,56.86,2016-06-24,24,6,2016,25
2016-06-25,28.98,26.08,65.36,56.61,2016-06-25,25,6,2016,25
2016-06-26,29.11,26.2,61.19,56.35,2016-06-26,26,6,2016,25
2016-06-27,29.24,26.31,57.02,56.1,2016-06-27,27,6,2016,26
2016-06-28,29.36,26.43,52.85,55.84,2016-06-28,28,6,2016,26
2016-06-29,29.49,26.54,48.68,55.59,2016-06-29,29,6,2016,26
2016-06-30,29.62,26.66,44.52,55.33,2016-06-30,30,6,2016,26
2016-07-01,29.75,26.77,40.35,55.08,2016-07-01,1,7,2016,26
2016-07-02,29.88,26.9,37.13,54.83,2016-07-02,2,7,2016,26
2016-07-03,30.02,27.02,33.91,54.59,2016-07-03,3,7,2016,26
2016-07-04,30.16,27.14,30.69,54.35,2016-07-04,4,7,2016,27
2016-07-05,30.3,27.27,27.47,54.1,2016-07-05,5,7,2016,27
2016-07-06,30.43,27.39,24.25,53.86,2016-07-06,6,7,2016,27
2016-07-07,30.57,27.52,21.03,53.61,2016-07-07,7,7,2016,27
2016-07-08,30.71,27.64,17.81,53.37,2016-07-08,8,7,2016,27
2016-07-09,30.84,27.75,16.54,53.17,2016-07-09,9,7,2016,27
2016-07-10,30.96,27.87,15.27,52.97,2016-07-10,10,7,2016,27
2016-07-11,31.09,27.98,14.01,52.77,2016-07-11,11,7,2016,28
2016-07-12,31.21,28.09,12.74,52.57,2016-07-12,12,7,2016,28
2016-07-13,31.34,28.21,11.47,52.37,2016-07-13,13,7,2016,28
2016-07-14,31.47,28.32,10.21,52.17,2016-07-14,14,7,2016,28
2016-07-15,31.59,28.43,8.94,51.97,2016-07-15,15,7,2016,28
2016-07-16,31.69,28.52,10.07,51.83,2016-07-16,16,7,2016,28
2016-07-17,31.79,28.61,11.2,51.68,2016-07-17,17,7,2016,28
2016-07-18,31.89,28.7,12.33,51.54,2016-07-18,18,7,2016,29
2016-07-19,31.99,28.79,13.46,51.4,2016-07-19,19,7,2016,29
2016-07-20,32.09,28.88,14.59,51.25,2016-07-20,20,7,2016,29
2016-07-21,32.19,28.97,15.71,51.11,2016-07-21,21,7,2016,29
2016-07-22,32.29,29.06,16.84,50.97,2016-07-22,22,7,2016,29
2016-07-23,32.37,29.13,19.26,50.85,2016-07-23,23,7,2016,29
2016-07-24,32.44,29.2,21.69,50.73,2016-07-24,24,7,2016,29
2016-07-25,32.52,29.27,24.11,50.61,2016-07-25,25,7,2016,30
2016-07-26,32.6,29.34,26.53,50.49,2016-07-26,26,7,2016,30
2016-07-27,32.67,29.41,28.95,50.37,2016-07-27,27,7,2016,30
2016-07-28,32.75,29.48,31.37,50.25,2016-07-28,28,7,2016,30
2016-07-29,32.83,29.54,33.8,50.13,2016-07-29,29,7,2016,30
2016-07-30,32.89,29.6,36.54,49.99,2016-07-30,30,7,2016,30
2016-07-31,32.94,29.65,39.28,49.85,2016-07-31,31,7,2016,30
2016-08-01,33.0,29.7,42.02,49.71,2016-08-01,1,8,2016,31
2016-08-02,33.06,29.75,44.76,49.58,2016-08-02,2,8,2016,31
2016-08-03,33.12,29.81,47.5,49.44,2016-08-03,3,8,2016,31
2016-08-04,33.18,29.86,50.25,49.3,2016-08-04,4,8,2016,31
2016-08-05,33.24,29.91,52.99,49.16,2016-08-05,5,8,2016,31
2016-08-06,33.28,29.95,54.84,48.96,2016-08-06,6,8,2016,31
2016-08-07,33.33,30.0,56.7,48.77,2016-08-07,7,8,2016,31
2016-08-08,33.38,30.04,58.55,48.57,2016-08-08,8,8,2016,32
2016-08-09,33.42,30.08,60.41,48.37,2016-08-09,9,8,2016,32
2016-08-10,33.47,30.12,62.27,48.17,2016-08-10,10,8,2016,32
2016-08-11,33.51,30.16,64.12,47.97,2016-08-11,11,8,2016,32
2016-08-12,33.56,30.2,65.98,47.78,2016-08-12,12,8,2016,32
2016-08-13,33.6,30.24,65.98,47.49,2016-08-13,13,8,2016,32
2016-08-14,33.64,30.27,65.98,47.2,2016-08-14,14,8,2016,32
2016-08-15,33.68,30.31,65.98,46.92,2016-08-15,15,8,2016,33
2016-08-16,33.72,30.35,65.98,46.63,2016-08-16,16,8,2016,33
2016-08-17,33.76,30.38,65.98,46.34,2016-08-17,17,8,2016,33
2016-08-18,33.8,30.42,65.98,46.05,2016-08-18,18,8,2016,33
2016-08-19,33.84,30.45,65.98,45.77,2016-08-19,19,8,2016,33
2016-08-20,33.87,30.49,64.56,45.44,2016-08-20,20,8,2016,33
2016-08-21,33.91,30.52,63.14,45.11,2016-08-21,21,8,2016,33
2016-08-22,33.95,30.56,61.73,44.79,2016-08-22,22,8,2016,34
2016-08-23,33.99,30.59,60.31,44.46,2016-08-23,23,8,2016,34
2016-08-24,34.03,30.63,58.89,44.14,2016-08-24,24,8,2016,34
2016-08-25,34.07,30.66,57.48,43.81,2016-08-25,25,8,2016,34
2016-08-26,34.11,30.7,56.06,43.48,2016-08-26,26,8,2016,34
2016-08-27,34.15,30.74,54.28,43.21,2016-08-27,27,8,2016,34
2016-08-28,34.2,30.78,52.5,42.93,2016-08-28,28,8,2016,34
2016-08-29,34.25,30.82,50.72,42.65,2016-08-29,29,8,2016,35
2016-08-30,34.29,30.86,48.94,42.37,2016-08-30,30,8,2016,35
2016-08-31,34.34,30.9,47.16,42.09,2016-08-31,31,8,2016,35
2016-09-01,34.38,30.94,45.38,41.81,2016-09-01,1,9,2016,35
2016-09-02,34.43,30.99,43.6,41.54,2016-09-02,2,9,2016,35
2016-09-03,34.49,31.04,42.51,41.39,2016-09-03,3,9,2016,35
2016-09-04,34.55,31.09,41.42,41.25,2016-09-04,4,9,2016,35
2016-09-05,34.6,31.14,40.33,41.1,2016-09-05,5,9,2016,36
2016-09-06,34.66,31.2,39.25,40.96,2016-09-06,6,9,2016,36
2016-09-07,34.72,31.25,38.16,40.82,2016-09-07,7,9,2016,36
2016-09-08,34.78,31.3,37.07,40.67,2016-09-08,8,9,2016,36
2016-09-09,34.84,31.36,35.98,40.53,2016-09-09,9,9,2016,36
2016-09-10,34.92,31.43,36.61,40.6,2016-09-10,10,9,2016,36
2016-09-11,35.0,31.5,37.23,40.67,2016-09-11,11,9,2016,36
2016-09-12,35.08,31.57,37.86,40.75,2016-09-12,12,9,2016,37
2016-09-13,35.16,31.64,38.48,40.82,2016-09-13,13,9,2016,37
2016-09-14,35.23,31.71,39.11,40.9,2016-09-14,14,9,2016,37
2016-09-15,35.31,31.78,39.73,40.97,2016-09-15,15,9,2016,37
2016-09-16,35.39,31.85,40.36,41.04,2016-09-16,16,9,2016,37
2016-09-17,35.48,31.93,42.83,41.34,2016-09-17,17,9,2016,37
2016-09-18,35.57,32.02,45.31,41.63,2016-09-18,18,9,2016,37
2016-09-19,35.67,32.1,47.78,41.92,2016-09-19,19,9,2016,38
2016-09-20,35.76,32.18,50.26,42.21,2016-09-20,20,9,2016,38
2016-09-21,35.85,32.27,52.73,42.5,2016-09-21,21,9,2016,38
2016-09-22,35.94,32.35,55.21,42.8,2016-09-22,22,9,2016,38
2016-09-23,36.03,32.43,57.68,43.09,2016-09-23,23,9,2016,38
2016-09-24,36.12,32.5,61.12,43.5,2016-09-24,24,9,2016,38
2016-09-25,36.2,32.58,64.55,43.92,2016-09-25,25,9,2016,38
2016-09-26,36.28,32.65,67.99,44.34,2016-09-26,26,9,2016,39
2016-09-27,36.37,32.73,71.43,44.75,2016-09-27,27,9,2016,39
2016-09-28,36.45,32.8,74.86,45.17,2016-09-28,28,9,2016,39
2016-09-29,36.53,32.88,78.3,45.59,2016-09-29,29,9,2016,39
2016-09-30,36.61,32.95,81.74,46.0,2016-09-30,30,9,2016,39
2016-10-01,36.67,33.0,85.2,46.44,2016-10-01,1,10,2016,39
2016-10-02,36.72,33.05,88.65,46.89,2016-10-02,2,10,2016,39
2016-10-03,36.77,33.09,92.11,47.33,2016-10-03,3,10,2016,40
2016-10-04,36.82,33.14,95.57,47.77,2016-10-04,4,10,2016,40
2016-10-05,36.87,33.18,99.03,48.21,2016-10-05,5,10,2016,40
2016-10-06,36.92,33.23,102.49,48.65,2016-10-06,6,10,2016,40
2016-10-07,36.98,33.28,105.95,49.09,2016-10-07,7,10,2016,40
2016-10-08,36.97,33.28,108.48,49.46,2016-10-08,8,10,2016,40
2016-10-09,36.97,33.27,111.02,49.83,2016-10-09,9,10,2016,40
2016-10-10,36.97,33.27,113.56,50.2,2016-10-10,10,10,2016,41
2016-10-11,36.97,33.27,116.1,50.57,2016-10-11,11,10,2016,41
2016-10-12,36.96,33.27,118.64,50.93,2016-10-12,12,10,2016,41
2016-10-13,36.96,33.26,121.18,51.3,2016-10-13,13,10,2016,41
2016-10-14,36.96,33.26,123.72,51.67,2016-10-14,14,10,2016,41
2016-10-15,36.89,33.2,124.74,51.9,2016-10-15,15,10,2016,41
2016-10-16,36.82,33.14,125.75,52.12,2016-10-16,16,10,2016,41
2016-10-17,36.76,33.08,126.76,52.35,2016-10-17,17,10,2016,42
2016-10-18,36.69,33.02,127.77,52.58,2016-10-18,18,10,2016,42
2016-10-19,36.62,32.96,128.79,52.81,2016-10-19,19,10,2016,42
2016-10-20,36.56,32.9,129.8,53.04,2016-10-20,20,10,2016,42
2016-10-21,36.49,32.84,130.81,53.26,2016-10-21,21,10,2016,42
2016-10-22,36.38,32.75,130.7,53.38,2016-10-22,22,10,2016,42
2016-10-23,36.28,32.65,130.58,53.51,2016-10-23,23,10,2016,42
2016-10-24,36.17,32.56,130.46,53.63,2016-10-24,24,10,2016,43
2016-10-25,36.07,32.46,130.34,53.75,2016-10-25,25,10,2016,43
2016-10-26,35.96,32.36,130.22,53.87,2016-10-26,26,10,2016,43
2016-10-27,35.85,32.27,130.1,53.99,2016-10-27,27,10,2016,43
2016-10-28,35.75,32.17,129.99,54.11,2016-10-28,28,10,2016,43
2016-10-29,35.64,32.07,129.32,54.18,2016-10-29,29,10,2016,43
2016-10-30,35.52,31.97,128.65,54.25,2016-10-30,30,10,2016,43
2016-10-31,35.41,31.87,127.99,54.31,2016-10-31,31,10,2016,44
2016-11-01,35.3,31.77,127.32,54.38,2016-11-01,1,11,2016,44
2016-11-02,35.19,31.67,126.66,54.45,2016-11-02,2,11,2016,44
2016-11-03,35.07,31.57,125.99,54.51,2016-11-03,3,11,2016,44
2016-11-04,34.96,31.47,125.33,54.58,2016-11-04,4,11,2016,44
2016-11-05,34.88,31.39,124.7,54.65,2016-11-05,5,11,2016,44
2016-11-06,34.79,31.31,124.07,54.71,2016-11-06,6,11,2016,44
2016-11-07,34.7,31.23,123.44,54.78,2016-11-07,7,11,2016,45
2016-11-08,34.62,31.15,122.81,54.84,2016-11-08,8,11,2016,45
2016-11-09,34.53,31.08,122.18,54.91,2016-11-09,9,11,2016,45
2016-11-10,34.44,31.0,121.55,54.97,2016-11-10,10,11,2016,45
2016-11-11,34.36,30.92,120.92,55.04,2016-11-11,11,11,2016,45
2016-11-12,34.32,30.89,120.89,55.15,2016-11-12,12,11,2016,45
2016-11-13,34.29,30.86,120.85,55.26,2016-11-13,13,11,2016,45
2016-11-14,34.26,30.83,120.82,55.37,2016-11-14,14,11,2016,46
2016-11-15,34.23,30.8,120.79,55.49,2016-11-15,15,11,2016,46
2016-11-16,34.19,30.78,120.75,55.6,2016-11-16,16,11,2016,46
2016-11-17,34.16,30.75,120.72,55.71,2016-11-17,17,11,2016,46
2016-11-18,34.13,30.72,120.68,55.82,2016-11-18,18,11,2016,46
2016-11-19,34.15,30.73,121.57,55.99,2016-11-19,19,11,2016,46
2016-11-20,34.16,30.75,122.46,56.16,2016-11-20,20,11,2016,46
2016-11-21,34.18,30.76,123.36,56.33,2016-11-21,21,11,2016,47
2016-11-22,34.2,30.78,124.25,56.49,2016-11-22,22,11,2016,47
2016-11-23,34.22,30.79,125.14,56.66,2016-11-23,23,11,2016,47
2016-11-24,34.23,30.81,126.03,56.83,2016-11-24,24,11,2016,47
2016-11-25,34.25,30.83,126.92,57.0,2016-11-25,25,11,2016,47
2016-11-26,34.29,30.86,128.95,57.21,2016-11-26,26,11,2016,47
2016-11-27,34.34,30.9,130.97,57.43,2016-11-27,27,11,2016,47
2016-11-28,34.38,30.94,133.0,57.64,2016-11-28,28,11,2016,48
2016-11-29,34.42,30.98,135.02,57.86,2016-11-29,29,11,2016,48
2016-11-30,34.47,31.02,137.05,58.07,2016-11-30,30,11,2016,48
2016-12-01,34.51,31.06,139.07,58.28,2016-12-01,1,12,2016,48
2016-12-02,34.55,31.1,141.1,58.5,2016-12-02,2,12,2016,48
2016-12-03,34.6,31.14,144.47,58.75,2016-12-03,3,12,2016,48
2016-12-04,34.64,31.18,147.83,59.0,2016-12-04,4,12,2016,48
2016-12-05,34.69,31.22,151.2,59.25,2016-12-05,5,12,2016,49
2016-12-06,34.73,31.26,154.57,59.5,2016-12-06,6,12,2016,49
2016-12-07,34.78,31.3,157.93,59.75,2016-12-07,7,12,2016,49
2016-12-08,34.83,31.34,161.3,60.0,2016-12-08,8,12,2016,49
2016-12-09,34.87,31.38,164.67,60.25,2016-12-09,9,12,2016,49
2016-12-10,34.9,31.41,169.57,60.52,2016-12-10,10,12,2016,49
2016-12-11,34.92,31.43,174.47,60.8,2016-12-11,11,12,2016,49
2016-12-12,34.95,31.45,179.37,61.07,2016-12-12,12,12,2016,50
2016-12-13,34.97,31.48,184.27,61.35,2016-12-13,13,12,2016,50
2016-12-14,35.0,31.5,189.17,61.62,2016-12-14,14,12,2016,50
2016-12-15,35.02,31.52,194.07,61.9,2016-12-15,15,12,2016,50
2016-12-16,35.05,31.54,198.97,62.17,2016-12-16,16,12,2016,50
2016-12-17,35.04,31.54,204.89,62.45,2016-12-17,17,12,2016,50
2016-12-18,35.04,31.54,210.82,62.72,2016-12-18,18,12,2016,50
2016-12-19,35.04,31.53,216.74,63.0,2016-12-19,19,12,2016,51
2016-12-20,35.03,31.53,222.66,63.27,2016-12-20,20,12,2016,51
2016-12-21,35.03,31.53,228.58,63.55,2016-12-21,21,12,2016,51
2016-12-22,35.02,31.52,234.5,63.82,2016-12-22,22,12,2016,51
2016-12-23,35.02,31.52,240.42,64.1,2016-12-23,23,12,2016,51
2016-12-24,35.0,31.5,245.89,64.33,2016-12-24,24,12,2016,51
2016-12-25,34.98,31.48,251.36,64.56,2016-12-25,25,12,2016,51
2016-12-26,34.96,31.46,256.83,64.78,2016-12-26,26,12,2016,52
2016-12-27,34.93,31.44,262.3,65.01,2016-12-27,27,12,2016,52
2016-12-28,34.91,31.42,267.76,65.24,2016-12-28,28,12,2016,52
2016-12-29,34.89,31.4,273.23,65.47,2016-12-29,29,12,2016,52
2016-12-30,34.87,31.38,278.7,65.7,2016-12-30,30,12,2016,52
2016-12-31,34.84,31.36,282.18,65.83,2016-12-31,31,12,2016,52
2017-01-01,34.81,31.33,285.65,65.97,2017-01-01,1,1,2017,52
2017-01-02,34.79,31.31,289.13,66.1,2017-01-02,2,1,2017,1
2017-01-03,34.76,31.28,292.6,66.24,2017-01-03,3,1,2017,1
2017-01-04,34.73,31.26,296.08,66.37,2017-01-04,4,1,2017,1
2017-01-05,34.7,31.23,299.55,66.51,2017-01-05,5,1,2017,1
2017-01-06,34.68,31.21,303.03,66.64,2017-01-06,6,1,2017,1
2017-01-07,34.66,31.19,302.97,66.64,2017-01-07,7,1,2017,1
2017-01-08,34.64,31.17,302.91,66.63,2017-01-08,8,1,2017,1
2017-01-09,34.62,31.15,302.85,66.63,2017-01-09,9,1,2017,2
2017-01-10,34.59,31.14,302.79,66.62,2017-01-10,10,1,2017,2
2017-01-11,34.57,31.12,302.73,66.62,2017-01-11,11,1,2017,2
2017-01-12,34.55,31.1,302.67,66.61,2017-01-12,12,1,2017,2
2017-01-13,34.53,31.08,302.61,66.61,2017-01-13,13,1,2017,2
2017-01-14,34.53,31.08,298.13,66.44,2017-01-14,14,1,2017,2
2017-01-15,34.53,31.07,293.66,66.27,2017-01-15,15,1,2017,2
2017-01-16,34.52,31.07,289.19,66.1,2017-01-16,16,1,2017,3
2017-01-17,34.52,31.06,284.72,65.93,2017-01-17,17,1,2017,3
2017-01-18,34.51,31.06,280.24,65.76,2017-01-18,18,1,2017,3
2017-01-19,34.51,31.06,275.77,65.59,2017-01-19,19,1,2017,3
2017-01-20,34.5,31.05,271.3,65.42,2017-01-20,20,1,2017,3
2017-01-21,34.51,31.06,264.0,65.16,2017-01-21,21,1,2017,3
2017-01-22,34.52,31.07,256.69,64.9,2017-01-22,22,1,2017,3
2017-01-23,34.52,31.07,249.39,64.63,2017-01-23,23,1,2017,4
2017-01-24,34.53,31.08,242.09,64.37,2017-01-24,24,1,2017,4
2017-01-25,34.54,31.08,234.79,64.11,2017-01-25,25,1,2017,4
2017-01-26,34.55,31.09,227.49,63.84,2017-01-26,26,1,2017,4
2017-01-27,34.55,31.1,220.19,63.58,2017-01-27,27,1,2017,4
2017-01-28,34.56,31.11,212.21,63.31,2017-01-28,28,1,2017,4
2017-01-29,34.57,31.12,204.23,63.04,2017-01-29,29,1,2017,4
2017-01-30,34.59,31.13,196.26,62.77,2017-01-30,30,1,2017,5
2017-01-31,34.6,31.14,188.28,62.5,2017-01-31,31,1,2017,5
2017-02-01,34.61,31.15,180.3,62.24,2017-02-01,1,2,2017,5
2017-02-02,34.62,31.16,172.33,61.97,2017-02-02,2,2,2017,5
2017-02-03,34.63,31.17,164.35,61.7,2017-02-03,3,2,2017,5
2017-02-04,34.64,31.17,157.85,61.51,2017-02-04,4,2,2017,5
2017-02-05,34.64,31.18,151.36,61.33,2017-02-05,5,2,2017,5
2017-02-06,34.65,31.19,144.86,61.15,2017-02-06,6,2,2017,6
2017-02-07,34.66,31.19,138.36,60.96,2017-02-07,7,2,2017,6
2017-02-08,34.66,31.2,131.87,60.78,2017-02-08,8,2,2017,6
2017-02-09,34.67,31.2,125.37,60.59,2017-02-09,9,2,2017,6
2017-02-10,34.68,31.21,118.87,60.41,2017-02-10,10,2,2017,6
2017-02-11,34.67,31.21,115.83,60.39,2017-02-11,11,2,2017,6
2017-02-12,34.67,31.2,112.78,60.37,2017-02-12,12,2,2017,6
2017-02-13,34.67,31.2,109.73,60.35,2017-02-13,13,2,2017,7
2017-02-14,34.66,31.2,106.69,60.33,2017-02-14,14,2,2017,7
2017-02-15,34.66,31.19,103.64,60.31,2017-02-15,15,2,2017,7
2017-02-16,34.66,31.19,100.6,60.29,2017-02-16,16,2,2017,7
2017-02-17,34.65,31.19,97.55,60.28,2017-02-17,17,2,2017,7
2017-02-18,34.64,31.17,97.83,60.4,2017-02-18,18,2,2017,7
2017-02-19,34.62,31.16,98.12,60.53,2017-02-19,19,2,2017,7
2017-02-20,34.6,31.14,98.4,60.66,2017-02-20,20,2,2017,8
2017-02-21,34.59,31.13,98.68,60.78,2017-02-21,21,2,2017,8
2017-02-22,34.57,31.11,98.97,60.91,2017-02-22,22,2,2017,8
2017-02-23,34.56,31.1,99.25,61.04,2017-02-23,23,2,2017,8
2017-02-24,34.54,31.09,99.53,61.17,2017-02-24,24,2,2017,8
2017-02-25,34.51,31.06,101.68,61.36,2017-02-25,25,2,2017,8
2017-02-26,34.49,31.04,103.83,61.55,2017-02-26,26,2,2017,8
2017-02-27,34.46,31.02,105.97,61.74,2017-02-27,27,2,2017,9
2017-02-28,34.44,30.99,108.12,61.93,2017-02-28,28,2,2017,9
2017-03-01,34.41,30.97,110.26,62.12,2017-03-01,1,3,2017,9
2017-03-02,34.39,30.95,112.41,62.3,2017-03-02,2,3,2017,9
2017-03-03,34.36,30.92,114.56,62.49,2017-03-03,3,3,2017,9
2017-03-04,34.33,30.9,117.08,62.66,2017-03-04,4,3,2017,9
2017-03-05,34.3,30.87,119.6,62.83,2017-03-05,5,3,2017,9
2017-03-06,34.26,30.84,122.13,63.0,2017-03-06,6,3,2017,10
2017-03-07,34.23,30.81,124.65,63.17,2017-03-07,7,3,2017,10
2017-03-08,34.2,30.78,127.17,63.34,2017-03-08,8,3,2017,10
2017-03-09,34.16,30.75,129.69,63.5,2017-03-09,9,3,2017,10
2017-03-10,34.13,30.72,132.22,63.67,2017-03-10,10,3,2017,10
2017-03-11,34.1,30.69,133.64,63.73,2017-03-11,11,3,2017,10
2017-03-12,34.06,30.65,135.06,63.8,2017-03-12,12,3,2017,10
2017-03-13,34.02,30.62,136.49,63.86,2017-03-13,13,3,2017,11
2017-03-14,33.98,30.59,137.91,63.92,2017-03-14,14,3,2017,11
2017-03-15,33.95,30.55,139.33,63.98,2017-03-15,15,3,2017,11
2017-03-16,33.91,30.52,140.76,64.05,2017-03-16,16,3,2017,11
2017-03-17,33.87,30.49,142.18,64.11,2017-03-17,17,3,2017,11
2017-03-18,33.83,30.45,141.87,64.04,2017-03-18,18,3,2017,11
2017-03-19,33.79,30.41,141.56,63.97,2017-03-19,19,3,2017,11
2017-03-20,33.75,30.38,141.25,63.9,2017-03-20,20,3,2017,12
2017-03-21,33.71,30.34,140.94,63.84,2017-03-21,21,3,2017,12
2017-03-22,33.67,30.3,140.63,63.77,2017-03-22,22,3,2017,12
2017-03-23,33.63,30.26,140.32,63.7,2017-03-23,23,3,2017,12
2017-03-24,33.59,30.23,140.01,63.63,2017-03-24,24,3,2017,12
2017-03-25,33.54,30.18,138.71,63.5,2017-03-25,25,3,2017,12
2017-03-26,33.49,30.14,137.41,63.37,2017-03-26,26,3,2017,12
2017-03-27,33.44,30.1,136.11,63.24,2017-03-27,27,3,2017,13
2017-03-28,33.39,30.06,134.81,63.11,2017-03-28,28,3,2017,13
2017-03-29,33.35,30.01,133.51,62.98,2017-03-29,29,3,2017,13
2017-03-30,33.3,29.97,132.21,62.85,2017-03-30,30,3,2017,13
2017-03-31,33.25,29.93,130.92,62.72,2017-03-31,31,3,2017,13
2017-04-01,33.19,29.87,129.5,62.6,2017-04-01,1,4,2017,13
2017-04-02,33.13,29.82,128.08,62.49,2017-04-02,2,4,2017,13
2017-04-03,33.08,29.77,126.67,62.37,2017-04-03,3,4,2017,14
2017-04-04,33.02,29.72,125.25,62.26,2017-04-04,4,4,2017,14
2017-04-05,32.96,29.66,123.83,62.14,2017-04-05,5,4,2017,14
2017-04-06,32.9,29.61,122.42,62.03,2017-04-06,6,4,2017,14
2017-04-07,32.84,29.56,121.0,61.92,2017-04-07,7,4,2017,14
2017-04-08,32.77,29.49,120.34,61.9,2017-04-08,8,4,2017,14
2017-04-09,32.7,29.43,119.68,61.87,2017-04-09,9,4,2017,14
2017-04-10,32.62,29.36,119.02,61.85,2017-04-10,10,4,2017,15
2017-04-11,32.55,29.3,118.35,61.83,2017-04-11,11,4,2017,15
2017-04-12,32.48,29.23,117.69,61.81,2017-04-12,12,4,2017,15
2017-04-13,32.41,29.17,117.03,61.79,2017-04-13,13,4,2017,15
2017-04-14,32.33,29.1,116.37,61.77,2017-04-14,14,4,2017,15
2017-04-15,32.25,29.02,117.08,61.9,2017-04-15,15,4,2017,15
2017-04-16,32.16,28.94,117.8,62.03,2017-04-16,16,4,2017,15
2017-04-17,32.07,28.87,118.51,62.16,2017-04-17,17,4,2017,16
2017-04-18,31.99,28.79,119.22,62.29,2017-04-18,18,4,2017,16
2017-04-19,31.9,28.71,119.94,62.41,2017-04-19,19,4,2017,16
2017-04-20,31.81,28.63,120.65,62.54,2017-04-20,20,4,2017,16
2017-04-21,31.73,28.55,121.37,62.67,2017-04-21,21,4,2017,16
2017-04-22,31.63,28.47,122.93,62.9,2017-04-22,22,4,2017,16
2017-04-23,31.54,28.39,124.5,63.13,2017-04-23,23,4,2017,16
2017-04-24,31.45,28.31,126.07,63.36,2017-04-24,24,4,2017,17
2017-04-25,31.36,28.23,127.64,63.59,2017-04-25,25,4,2017,17
2017-04-26,31.27,28.14,129.21,63.82,2017-04-26,26,4,2017,17
2017-04-27,31.18,28.06,130.78,64.05,2017-04-27,27,4,2017,17
2017-04-28,31.09,27.98,132.34,64.28,2017-04-28,28,4,2017,17
2017-04-29,31.01,27.91,133.92,64.54,2017-04-29,29,4,2017,17
2017-04-30,30.93,27.84,135.5,64.79,2017-04-30,30,4,2017,17
2017-05-01,30.85,27.77,137.07,65.05,2017-05-01,1,5,2017,18
2017-05-02,30.77,27.69,138.65,65.3,2017-05-02,2,5,2017,18
2017-05-03,30.69,27.62,140.23,65.56,2017-05-03,3,5,2017,18
2017-05-04,30.61,27.55,141.8,65.81,2017-05-04,4,5,2017,18
2017-05-05,30.53,27.48,143.38,66.06,2017-05-05,5,5,2017,18
2017-05-06,30.48,27.43,144.11,66.27,2017-05-06,6,5,2017,18
2017-05-07,30.42,27.38,144.85,66.47,2017-05-07,7,5,2017,18
2017-05-08,30.37,27.33,145.59,66.67,2017-05-08,8,5,2017,19
2017-05-09,30.31,27.28,146.32,66.87,2017-05-09,9,5,2017,19
2017-05-10,30.26,27.23,147.06,67.07,2017-05-10,10,5,2017,19
2017-05-11,30.2,27.18,147.8,67.27,2017-05-11,11,5,2017,19
2017-05-12,30.15,27.14,148.53,67.48,2017-05-12,12,5,2017,19
2017-05-13,30.13,27.12,147.64,67.55,2017-05-13,13,5,2017,19
2017-05-14,30.12,27.11,146.74,67.63,2017-05-14,14,5,2017,19
2017-05-15,30.1,27.09,145.85,67.7,2017-05-15,15,5,2017,20
2017-05-16,30.09,27.08,144.95,67.78,2017-05-16,16,5,2017,20
2017-05-17,30.07,27.06,144.05,67.85,2017-05-17,17,5,2017,20
2017-05-18,30.05,27.05,143.16,67.93,2017-05-18,18,5,2017,20
2017-05-19,30.04,27.03,142.26,68.0,2017-05-19,19,5,2017,20
2017-05-20,30.05,27.05,139.73,67.93,2017-05-20,20,5,2017,20
2017-05-21,30.07,27.06,137.19,67.86,2017-05-21,21,5,2017,20
2017-05-22,30.08,27.07,134.66,67.79,2017-05-22,22,5,2017,21
2017-05-23,30.1,27.09,132.12,67.72,2017-05-23,23,5,2017,21
2017-05-24,30.11,27.1,129.59,67.64,2017-05-24,24,5,2017,21
2017-05-25,30.13,27.11,127.06,67.57,2017-05-25,25,5,2017,21
2017-05-26,30.14,27.13,124.52,67.5,2017-05-26,26,5,2017,21
2017-05-27,30.16,27.15,120.96,67.3,2017-05-27,27,5,2017,21
2017-05-28,30.18,27.17,117.39,67.11,2017-05-28,28,5,2017,21
2017-05-29,30.21,27.19,113.82,66.91,2017-05-29,29,5,2017,22
2017-05-30,30.23,27.21,110.26,66.71,2017-05-30,30,5,2017,22
2017-05-31,30.25,27.23,106.69,66.51,2017-05-31,31,5,2017,22
2017-06-01,30.27,27.25,103.12,66.32,2017-06-01,1,6,2017,22
2017-06-02,30.29,27.27,99.56,66.12,2017-06-02,2,6,2017,22
2017-06-03,30.3,27.27,95.58,65.82,2017-06-03,3,6,2017,22
2017-06-04,30.31,27.27,91.6,65.52,2017-06-04,4,6,2017,22
2017-06-05,30.31,27.28,87.62,65.22,2017-06-05,5,6,2017,23
2017-06-06,30.32,27.28,83.64,64.92,2017-06-06,6,6,2017,23
2017-06-07,30.32,27.29,79.66,64.61,2017-06-07,7,6,2017,23
2017-06-08,30.33,27.29,75.68,64.31,2017-06-08,8,6,2017,23
2017-06-09,30.33,27.3,71.7,64.01,2017-06-09,9,6,2017,23
2017-06-10,30.3,27.27,67.96,63.63,2017-06-10,10,6,2017,23
2017-06-11,30.26,27.24,64.23,63.24,2017-06-11,11,6,2017,23
2017-06-12,30.23,27.2,60.49,62.86,2017-06-12,12,6,2017,24
2017-06-13,30.19,27.17,56.75,62.48,2017-06-13,13,6,2017,24
2017-06-14,30.16,27.14,53.01,62.09,2017-06-14,14,6,2017,24
2017-06-15,30.12,27.11,49.28,61.71,2017-06-15,15,6,2017,24
2017-06-16,30.09,27.08,45.54,61.33,2017-06-16,16,6,2017,24
2017-06-17,30.01,27.01,42.94,60.89,2017-06-17,17,6,2017,24
2017-06-18,29.93,26.93,40.34,60.45,2017-06-18,18,6,2017,24
2017-06-19,29.85,26.86,37.75,60.02,2017-06-19,19,6,2017,25
2017-06-20,29.77,26.79,35.15,59.58,2017-06-20,20,6,2017,25
2017-06-21,29.69,26.72,32.55,59.14,2017-06-21,21,6,2017,25
2017-06-22,29.61,26.65,29.96,58.71,2017-06-22,22,6,2017,25
2017-06-23,29.53,26.58,27.36,58.27,2017-06-23,23,6,2017,25
2017-06-24,29.44,26.5,25.53,57.82,2017-06-24,24,6,2017,25
2017-06-25,29.35,26.41,23.71,57.37,2017-06-25,25,6,2017,25
2017-06-26,29.26,26.33,21.88,56.92,2017-06-26,26,6,2017,26
2017-06-27,29.17,26.25,20.05,56.47,2017-06-27,27,6,2017,26
2017-06-28,29.08,26.17,18.22,56.02,2017-06-28,28,6,2017,26
2017-06-29,28.99,26.09,16.4,55.57,2017-06-29,29,6,2017,26
2017-06-30,28.9,26.01,14.57,55.12,2017-06-30,30,6,2017,26
2017-07-01,28.84,25.96,13.43,54.71,2017-07-01,1,7,2017,26
2017-07-02,28.78,25.91,12.3,54.29,2017-07-02,2,7,2017,26
2017-07-03,28.73,25.85,11.17,53.87,2017-07-03,3,7,2017,27
2017-07-04,28.67,25.8,10.03,53.45,2017-07-04,4,7,2017,27
2017-07-05,28.61,25.75,8.9,53.03,2017-07-05,5,7,2017,27
2017-07-06,28.55,25.69,7.76,52.61,2017-07-06,6,7,2017,27
2017-07-07,28.49,25.64,6.63,52.19,2017-07-07,7,7,2017,27
2017-07-08,28.5,25.65,6.17,51.85,2017-07-08,8,7,2017,27
2017-07-09,28.51,25.66,5.72,51.5,2017-07-09,9,7,2017,27
2017-07-10,28.52,25.67,5.26,51.16,2017-07-10,10,7,2017,28
2017-07-11,28.53,25.68,4.8,50.81,2017-07-11,11,7,2017,28
2017-07-12,28.54,25.69,4.35,50.47,2017-07-12,12,7,2017,28
2017-07-13,28.55,25.69,3.89,50.12,2017-07-13,13,7,2017,28
2017-07-14,28.56,25.7,3.43,49.78,2017-07-14,14,7,2017,28
2017-07-15,28.67,25.8,4.92,49.54,2017-07-15,15,7,2017,28
2017-07-16,28.78,25.9,6.41,49.3,2017-07-16,16,7,2017,28
2017-07-17,28.89,26.0,7.9,49.06,2017-07-17,17,7,2017,29
2017-07-18,29.0,26.1,9.39,48.82,2017-07-18,18,7,2017,29
2017-07-19,29.11,26.2,10.88,48.58,2017-07-19,19,7,2017,29
2017-07-20,29.22,26.29,12.36,48.34,2017-07-20,20,7,2017,29
2017-07-21,29.33,26.39,13.85,48.1,2017-07-21,21,7,2017,29
2017-07-22,29.51,26.56,16.21,47.94,2017-07-22,22,7,2017,29
2017-07-23,29.69,26.72,18.57,47.77,2017-07-23,23,7,2017,29
2017-07-24,29.87,26.88,20.93,47.61,2017-07-24,24,7,2017,30
2017-07-25,30.05,27.05,23.28,47.44,2017-07-25,25,7,2017,30
2017-07-26,30.23,27.21,25.64,47.28,2017-07-26,26,7,2017,30
2017-07-27,30.42,27.37,28.0,47.11,2017-07-27,27,7,2017,30
2017-07-28,30.6,27.54,30.36,46.95,2017-07-28,28,7,2017,30
2017-07-29,30.8,27.72,32.65,46.8,2017-07-29,29,7,2017,30
2017-07-30,31.01,27.91,34.93,46.66,2017-07-30,30,7,2017,30
2017-07-31,31.22,28.1,37.22,46.51,2017-07-31,31,7,2017,31
2017-08-01,31.43,28.28,39.51,46.37,2017-08-01,1,8,2017,31
2017-08-02,31.63,28.47,41.79,46.23,2017-08-02,2,8,2017,31
2017-08-03,31.84,28.66,44.08,46.08,2017-08-03,3,8,2017,31
2017-08-04,32.05,28.84,46.37,45.94,2017-08-04,4,8,2017,31
2017-08-05,32.24,29.01,47.75,45.76,2017-08-05,5,8,2017,31
2017-08-06,32.42,29.18,49.13,45.59,2017-08-06,6,8,2017,31
2017-08-07,32.61,29.35,50.5,45.41,2017-08-07,7,8,2017,32
2017-08-08,32.8,29.52,51.88,45.24,2017-08-08,8,8,2017,32
2017-08-09,32.98,29.68,53.26,45.06,2017-08-09,9,8,2017,32
2017-08-10,33.17,29.85,54.64,44.88,2017-08-10,10,8,2017,32
2017-08-11,33.36,30.02,56.01,44.71,2017-08-11,11,8,2017,32
2017-08-12,33.48,30.13,55.7,44.45,2017-08-12,12,8,2017,32
2017-08-13,33.6,30.24,55.38,44.2,2017-08-13,13,8,2017,32
2017-08-14,33.72,30.35,55.06,43.94,2017-08-14,14,8,2017,33
2017-08-15,33.84,30.46,54.75,43.68,2017-08-15,15,8,2017,33
2017-08-16,33.97,30.57,54.43,43.43,2017-08-16,16,8,2017,33
2017-08-17,34.09,30.68,54.11,43.17,2017-08-17,17,8,2017,33
2017-08-18,34.21,30.79,53.8,42.91,2017-08-18,18,8,2017,33
2017-08-19,34.26,30.83,51.99,42.59,2017-08-19,19,8,2017,33
2017-08-20,34.31,30.88,50.17,42.26,2017-08-20,20,8,2017,33
2017-08-21,34.36,30.93,48.36,41.94,2017-08-21,21,8,2017,34
2017-08-22,34.41,30.97,46.55,41.62,2017-08-22,22,8,2017,34
2017-08-23,34.47,31.02,44.74,41.29,2017-08-23,23,8,2017,34
2017-08-24,34.52,31.07,42.93,40.97,2017-08-24,24,8,2017,34
2017-08-25,34.57,31.11,41.11,40.65,2017-08-25,25,8,2017,34
2017-08-26,34.58,31.12,38.93,40.33,2017-08-26,26,8,2017,34
2017-08-27,34.59,31.13,36.75,40.01,2017-08-27,27,8,2017,34
2017-08-28,34.61,31.14,34.56,39.7,2017-08-28,28,8,2017,35
2017-08-29,34.62,31.16,32.38,39.38,2017-08-29,29,8,2017,35
2017-08-30,34.63,31.17,30.2,39.06,2017-08-30,30,8,2017,35
2017-08-31,34.64,31.18,28.02,38.75,2017-08-31,31,8,2017,35
2017-09-01,34.65,31.19,25.83,38.43,2017-09-01,1,9,2017,35
2017-09-02,34.66,31.19,24.39,38.2,2017-09-02,2,9,2017,35
2017-09-03,34.67,31.2,22.95,37.96,2017-09-03,3,9,2017,35
2017-09-04,34.67,31.2,21.51,37.73,2017-09-04,4,9,2017,36
2017-09-05,34.68,31.21,20.07,37.49,2017-09-05,5,9,2017,36
2017-09-06,34.68,31.21,18.63,37.26,2017-09-06,6,9,2017,36
2017-09-07,34.69,31.22,17.19,37.02,2017-09-07,7,9,2017,36
2017-09-08,34.69,31.22,15.75,36.79,2017-09-08,8,9,2017,36
2017-09-09,34.73,31.25,16.09,36.72,2017-09-09,9,9,2017,36
2017-09-10,34.76,31.28,16.42,36.64,2017-09-10,10,9,2017,36
2017-09-11,34.79,31.31,16.76,36.56,2017-09-11,11,9,2017,37
2017-09-12,34.82,31.34,17.09,36.49,2017-09-12,12,9,2017,37
2017-09-13,34.85,31.37,17.42,36.41,2017-09-13,13,9,2017,37
2017-09-14,34.88,31.39,17.76,36.34,2017-09-14,14,9,2017,37
2017-09-15,34.91,31.42,18.09,36.26,2017-09-15,15,9,2017,37
2017-09-16,34.99,31.49,20.96,36.38,2017-09-16,16,9,2017,37
2017-09-17,35.06,31.55,23.83,36.5,2017-09-17,17,9,2017,37
2017-09-18,35.13,31.62,26.7,36.61,2017-09-18,18,9,2017,38
2017-09-19,35.21,31.69,29.57,36.73,2017-09-19,19,9,2017,38
2017-09-20,35.28,31.75,32.44,36.85,2017-09-20,20,9,2017,38
2017-09-21,35.35,31.82,35.31,36.96,2017-09-21,21,9,2017,38
2017-09-22,35.43,31.88,38.18,37.08,2017-09-22,22,9,2017,38
2017-09-23,35.52,31.97,42.76,37.32,2017-09-23,23,9,2017,38
2017-09-24,35.61,32.05,47.35,37.57,2017-09-24,24,9,2017,38
2017-09-25,35.7,32.13,51.93,37.81,2017-09-25,25,9,2017,39
2017-09-26,35.79,32.21,56.52,38.06,2017-09-26,26,9,2017,39
2017-09-27,35.88,32.29,61.1,38.3,2017-09-27,27,9,2017,39
2017-09-28,35.97,32.38,65.69,38.55,2017-09-28,28,9,2017,39
2017-09-29,36.06,32.46,70.27,38.79,2017-09-29,29,9,2017,39
2017-09-30,36.14,32.53,75.63,39.08,2017-09-30,30,9,2017,39
2017-10-01,36.22,32.6,80.99,39.38,2017-10-01,1,10,2017,39
2017-10-02,36.3,32.67,86.35,39.67,2017-10-02,2,10,2017,40
2017-10-03,36.38,32.74,91.71,39.96,2017-10-03,3,10,2017,40
2017-10-04,36.46,32.82,97.07,40.25,2017-10-04,4,10,2017,40
2017-10-05,36.54,32.89,102.43,40.54,2017-10-05,5,10,2017,40
2017-10-06,36.62,32.96,107.79,40.84,2017-10-06,6,10,2017,40
2017-10-07,36.66,32.99,112.98,41.1,2017-10-07,7,10,2017,40
2017-10-08,36.7,33.03,118.18,41.36,2017-10-08,8,10,2017,40
2017-10-09,36.74,33.06,123.37,41.62,2017-10-09,9,10,2017,41
2017-10-10,36.77,33.1,128.56,41.88,2017-10-10,10,10,2017,41
2017-10-11,36.81,33.13,133.76,42.13,2017-10-11,11,10,2017,41
2017-10-12,36.85,33.17,138.95,42.39,2017-10-12,12,10,2017,41
2017-10-13,36.89,33.2,144.14,42.65,2017-10-13,13,10,2017,41
2017-10-14,36.86,33.18,148.32,42.82,2017-10-14,14,10,2017,41
2017-10-15,36.84,33.15,152.5,42.98,2017-10-15,15,10,2017,41
2017-10-16,36.81,33.13,156.68,43.14,2017-10-16,16,10,2017,42
2017-10-17,36.78,33.1,160.86,43.3,2017-10-17,17,10,2017,42
2017-10-18,36.75,33.08,165.04,43.46,2017-10-18,18,10,2017,42
2017-10-19,36.73,33.05,169.22,43.62,2017-10-19,19,10,2017,42
2017-10-20,36.7,33.03,173.4,43.78,2017-10-20,20,10,2017,42
2017-10-21,36.62,32.96,176.36,43.87,2017-10-21,21,10,2017,42
2017-10-22,36.54,32.88,179.33,43.96,2017-10-22,22,10,2017,42
2017-10-23,36.46,32.81,182.29,44.04,2017-10-23,23,10,2017,43
2017-10-24,36.38,32.74,185.26,44.13,2017-10-24,24,10,2017,43
2017-10-25,36.3,32.67,188.23,44.22,2017-10-25,25,10,2017,43
2017-10-26,36.22,32.59,191.19,44.3,2017-10-26,26,10,2017,43
2017-10-27,36.14,32.52,194.16,44.39,2017-10-27,27,10,2017,43
2017-10-28,36.03,32.43,195.98,44.47,2017-10-28,28,10,2017,43
2017-10-29,35.92,32.33,197.81,44.55,2017-10-29,29,10,2017,43
2017-10-30,35.81,32.23,199.64,44.63,2017-10-30,30,10,2017,44
2017-10-31,35.71,32.14,201.47,44.71,2017-10-31,31,10,2017,44
2017-11-01,35.6,32.04,203.3,44.78,2017-11-01,1,11,2017,44
2017-11-02,35.49,31.94,205.13,44.86,2017-11-02,2,11,2017,44
2017-11-03,35.39,31.85,206.96,44.94,2017-11-03,3,11,2017,44
2017-11-04,35.28,31.75,207.72,45.07,2017-11-04,4,11,2017,44
2017-11-05,35.18,31.66,208.49,45.21,2017-11-05,5,11,2017,44
2017-11-06,35.07,31.56,209.26,45.34,2017-11-06,6,11,2017,45
2017-11-07,34.97,31.47,210.03,45.48,2017-11-07,7,11,2017,45
2017-11-08,34.86,31.37,210.8,45.61,2017-11-08,8,11,2017,45
2017-11-09,34.75,31.28,211.57,45.74,2017-11-09,9,11,2017,45
2017-11-10,34.65,31.18,212.34,45.88,2017-11-10,10,11,2017,45
2017-11-11,34.57,31.11,212.14,46.13,2017-11-11,11,11,2017,45
2017-11-12,34.49,31.04,211.93,46.38,2017-11-12,12,11,2017,45
2017-11-13,34.42,30.97,211.73,46.63,2017-11-13,13,11,2017,46
2017-11-14,34.34,30.9,211.53,46.88,2017-11-14,14,11,2017,46
2017-11-15,34.26,30.84,211.32,47.14,2017-11-15,15,11,2017,46
2017-11-16,34.18,30.77,211.12,47.39,2017-11-16,16,11,2017,46
2017-11-17,34.11,30.7,210.92,47.64,2017-11-17,17,11,2017,46
2017-11-18,34.07,30.66,210.1,48.02,2017-11-18,18,11,2017,46
2017-11-19,34.03,30.63,209.28,48.39,2017-11-19,19,11,2017,46
2017-11-20,33.99,30.59,208.45,48.77,2017-11-20,20,11,2017,47
2017-11-21,33.95,30.56,207.63,49.14,2017-11-21,21,11,2017,47
2017-11-22,33.91,30.52,206.81,49.52,2017-11-22,22,11,2017,47
2017-11-23,33.87,30.49,205.99,49.89,2017-11-23,23,11,2017,47
2017-11-24,33.84,30.45,205.17,50.27,2017-11-24,24,11,2017,47
2017-11-25,33.83,30.44,204.39,50.71,2017-11-25,25,11,2017,47
2017-11-26,33.82,30.44,203.6,51.15,2017-11-26,26,11,2017,47
2017-11-27,33.81,30.43,202.82,51.59,2017-11-27,27,11,2017,48
2017-11-28,33.8,30.42,202.03,52.03,2017-11-28,28,11,2017,48
2017-11-29,33.8,30.42,201.24,52.47,2017-11-29,29,11,2017,48
2017-11-30,33.79,30.41,200.46,52.92,2017-11-30,30,11,2017,48
2017-12-01,33.78,30.4,199.67,53.36,2017-12-01,1,12,2017,48
2017-12-02,33.8,30.42,199.59,53.8,2017-12-02,2,12,2017,48
2017-12-03,33.81,30.43,199.5,54.25,2017-12-03,3,12,2017,48
2017-12-04,33.83,30.44,199.41,54.69,2017-12-04,4,12,2017,49
2017-12-05,33.84,30.46,199.33,55.14,2017-12-05,5,12,2017,49
2017-12-06,33.85,30.47,199.24,55.59,2017-12-06,6,12,2017,49
2017-12-07,33.87,30.48,199.16,56.03,2017-12-07,7,12,2017,49
2017-12-08,33.88,30.5,199.07,56.48,2017-12-08,8,12,2017,49
2017-12-09,33.91,30.52,200.35,56.87,2017-12-09,9,12,2017,49
2017-12-10,33.94,30.55,201.63,57.26,2017-12-10,10,12,2017,49
2017-12-11,33.97,30.57,202.92,57.64,2017-12-11,11,12,2017,50
2017-12-12,34.0,30.6,204.2,58.03,2017-12-12,12,12,2017,50
2017-12-13,34.03,30.62,205.48,58.42,2017-12-13,13,12,2017,50
2017-12-14,34.06,30.65,206.76,58.81,2017-12-14,14,12,2017,50
2017-12-15,34.08,30.68,208.04,59.2,2017-12-15,15,12,2017,50
2017-12-16,34.12,30.71,210.92,59.49,2017-12-16,16,12,2017,50
2017-12-17,34.15,30.74,213.79,59.77,2017-12-17,17,12,2017,50
2017-12-18,34.19,30.77,216.66,60.06,2017-12-18,18,12,2017,51
2017-12-19,34.22,30.8,219.54,60.35,2017-12-19,19,12,2017,51
2017-12-20,34.25,30.83,222.41,60.63,2017-12-20,20,12,2017,51
2017-12-21,34.29,30.86,225.29,60.92,2017-12-21,21,12,2017,51
2017-12-22,34.32,30.89,228.16,61.2,2017-12-22,22,12,2017,51
2017-12-23,34.35,30.92,231.57,61.38,2017-12-23,23,12,2017,51
2017-12-24,34.38,30.95,234.97,61.56,2017-12-24,24,12,2017,51
2017-12-25,34.42,30.97,238.38,61.74,2017-12-25,25,12,2017,52
2017-12-26,34.45,31.0,241.79,61.92,2017-12-26,26,12,2017,52
2017-12-27,34.48,31.03,245.19,62.11,2017-12-27,27,12,2017,52
2017-12-28,34.51,31.06,248.6,62.29,2017-12-28,28,12,2017,52
2017-12-29,34.54,31.09,252.01,62.47,2017-12-29,29,12,2017,52
2017-12-30,34.56,31.11,254.65,62.55,2017-12-30,30,12,2017,52
2017-12-31,34.58,31.12,257.3,62.62,2017-12-31,31,12,2017,52
2018-01-01,34.6,31.14,259.94,62.7,2018-01-01,1,1,2018,1
2018-01-02,34.62,31.16,262.59,62.78,2018-01-02,2,1,2018,1
2018-01-03,34.64,31.18,265.23,62.86,2018-01-03,3,1,2018,1
2018-01-04,34.66,31.2,267.88,62.94,2018-01-04,4,1,2018,1
2018-01-05,34.69,31.22,270.52,63.02,2018-01-05,5,1,2018,1
2018-01-06,34.69,31.22,271.11,63.0,2018-01-06,6,1,2018,1
2018-01-07,34.69,31.22,271.7,62.99,2018-01-07,7,1,2018,1
2018-01-08,34.69,31.22,272.29,62.97,2018-01-08,8,1,2018,2
2018-01-09,34.69,31.22,272.88,62.95,2018-01-09,9,1,2018,2
2018-01-10,34.69,31.22,273.47,62.94,2018-01-10,10,1,2018,2
2018-01-11,34.7,31.23,274.06,62.92,2018-01-11,11,1,2018,2
2018-01-12,34.7,31.23,274.65,62.9,2018-01-12,12,1,2018,2
2018-01-13,34.67,31.21,272.09,62.8,2018-01-13,13,1,2018,2
2018-01-14,34.65,31.19,269.53,62.69,2018-01-14,14,1,2018,2
2018-01-15,34.63,31.16,266.97,62.59,2018-01-15,15,1,2018,3
2018-01-16,34.6,31.14,264.41,62.49,2018-01-16,16,1,2018,3
2018-01-17,34.58,31.12,261.85,62.38,2018-01-17,17,1,2018,3
2018-01-18,34.56,31.1,259.29,62.28,2018-01-18,18,1,2018,3
2018-01-19,34.53,31.08,256.74,62.17,2018-01-19,19,1,2018,3
2018-01-20,34.49,31.04,251.71,62.03,2018-01-20,20,1,2018,3
2018-01-21,34.45,31.01,246.68,61.88,2018-01-21,21,1,2018,3
2018-01-22,34.41,30.97,241.65,61.73,2018-01-22,22,1,2018,4
2018-01-23,34.37,30.94,236.62,61.59,2018-01-23,23,1,2018,4
2018-01-24,34.33,30.9,231.59,61.44,2018-01-24,24,1,2018,4
2018-01-25,34.29,30.86,226.56,61.29,2018-01-25,25,1,2018,4
2018-01-26,34.25,30.83,221.53,61.15,2018-01-26,26,1,2018,4
2018-01-27,34.21,30.79,215.62,61.02,2018-01-27,27,1,2018,4
2018-01-28,34.17,30.76,209.71,60.89,2018-01-28,28,1,2018,4
2018-01-29,34.13,30.72,203.8,60.77,2018-01-29,29,1,2018,5
2018-01-30,34.09,30.68,197.89,60.64,2018-01-30,30,1,2018,5
2018-01-31,34.05,30.65,191.98,60.51,2018-01-31,31,1,2018,5
2018-02-01,34.01,30.61,186.07,60.39,2018-02-01,1,2,2018,5
2018-02-02,33.97,30.57,180.16,60.26,2018-02-02,2,2,2018,5
2018-02-03,33.95,30.55,174.97,60.22,2018-02-03,3,2,2018,5
2018-02-04,33.92,30.53,169.77,60.17,2018-02-04,4,2,2018,5
2018-02-05,33.9,30.51,164.58,60.13,2018-02-05,5,2,2018,6
2018-02-06,33.88,30.49,159.39,60.08,2018-02-06,6,2,2018,6
2018-02-07,33.85,30.47,154.19,60.04,2018-02-07,7,2,2018,6
2018-02-08,33.83,30.45,149.0,60.0,2018-02-08,8,2,2018,6
2018-02-09,33.81,30.43,143.8,59.95,2018-02-09,9,2,2018,6
2018-02-10,33.82,30.43,140.9,60.05,2018-02-10,10,2,2018,6
2018-02-11,33.82,30.44,137.99,60.15,2018-02-11,11,2,2018,6
2018-02-12,33.83,30.45,135.08,60.26,2018-02-12,12,2,2018,7
2018-02-13,33.84,30.46,132.17,60.36,2018-02-13,13,2,2018,7
2018-02-14,33.85,30.47,129.26,60.46,2018-02-14,14,2,2018,7
2018-02-15,33.86,30.47,126.35,60.56,2018-02-15,15,2,2018,7
2018-02-16,33.87,30.48,123.44,60.66,2018-02-16,16,2,2018,7
2018-02-17,33.91,30.52,123.18,60.9,2018-02-17,17,2,2018,7
2018-02-18,33.95,30.55,122.92,61.14,2018-02-18,18,2,2018,7
2018-02-19,33.99,30.59,122.66,61.38,2018-02-19,19,2,2018,8
2018-02-20,34.03,30.63,122.4,61.62,2018-02-20,20,2,2018,8
2018-02-21,34.07,30.66,122.14,61.86,2018-02-21,21,2,2018,8
2018-02-22,34.11,30.7,121.88,62.1,2018-02-22,22,2,2018,8
2018-02-23,34.15,30.74,121.62,62.34,2018-02-23,23,2,2018,8
2018-02-24,34.2,30.78,122.79,62.62,2018-02-24,24,2,2018,8
2018-02-25,34.25,30.82,123.95,62.91,2018-02-25,25,2,2018,8
2018-02-26,34.3,30.87,125.12,63.2,2018-02-26,26,2,2018,9
2018-02-27,34.34,30.91,126.29,63.48,2018-02-27,27,2,2018,9
2018-02-28,34.39,30.95,127.45,63.77,2018-02-28,28,2,2018,9
2018-03-01,34.44,30.99,128.62,64.06,2018-03-01,1,3,2018,9
2018-03-02,34.49,31.04,129.79,64.35,2018-03-02,2,3,2018,9
2018-03-03,34.52,31.06,131.04,64.58,2018-03-03,3,3,2018,9
2018-03-04,34.55,31.09,132.3,64.82,2018-03-04,4,3,2018,9
2018-03-05,34.58,31.12,133.56,65.05,2018-03-05,5,3,2018,10
2018-03-06,34.61,31.14,134.82,65.29,2018-03-06,6,3,2018,10
2018-03-07,34.64,31.17,136.08,65.52,2018-03-07,7,3,2018,10
2018-03-08,34.66,31.2,137.34,65.76,2018-03-08,8,3,2018,10
2018-03-09,34.69,31.23,138.59,65.99,2018-03-09,9,3,2018,10
2018-03-10,34.68,31.21,138.61,66.08,2018-03-10,10,3,2018,10
2018-03-11,34.67,31.2,138.63,66.16,2018-03-11,11,3,2018,10
2018-03-12,34.65,31.19,138.64,66.25,2018-03-12,12,3,2018,11
2018-03-13,34.64,31.18,138.66,66.34,2018-03-13,13,3,2018,11
2018-03-14,34.63,31.16,138.68,66.42,2018-03-14,14,3,2018,11
2018-03-15,34.61,31.15,138.69,66.51,2018-03-15,15,3,2018,11
2018-03-16,34.6,31.14,138.71,66.59,2018-03-16,16,3,2018,11
2018-03-17,34.52,31.07,136.58,66.46,2018-03-17,17,3,2018,11
2018-03-18,34.45,31.01,134.44,66.34,2018-03-18,18,3,2018,11
2018-03-19,34.38,30.94,132.31,66.21,2018-03-19,19,3,2018,12
2018-03-20,34.31,30.88,130.18,66.08,2018-03-20,20,3,2018,12
2018-03-21,34.23,30.81,128.05,65.95,2018-03-21,21,3,2018,12
2018-03-22,34.16,30.74,125.92,65.83,2018-03-22,22,3,2018,12
2018-03-23,34.09,30.68,123.78,65.7,2018-03-23,23,3,2018,12
2018-03-24,33.98,30.58,120.13,65.42,2018-03-24,24,3,2018,12
2018-03-25,33.87,30.48,116.48,65.14,2018-03-25,25,3,2018,12
2018-03-26,33.76,30.38,112.84,64.87,2018-03-26,26,3,2018,13
2018-03-27,33.65,30.29,109.19,64.59,2018-03-27,27,3,2018,13
2018-03-28,33.54,30.19,105.54,64.31,2018-03-28,28,3,2018,13
2018-03-29,33.43,30.09,101.89,64.03,2018-03-29,29,3,2018,13
2018-03-30,33.32,29.99,98.24,63.76,2018-03-30,30,3,2018,13
2018-03-31,33.21,29.88,94.04,63.42,2018-03-31,31,3,2018,13
2018-04-01,33.09,29.78,89.85,63.09,2018-04-01,1,4,2018,13
2018-04-02,32.97,29.68,85.66,62.75,2018-04-02,2,4,2018,14
2018-04-03,32.86,29.57,81.46,62.42,2018-04-03,3,4,2018,14
2018-04-04,32.74,29.47,77.27,62.08,2018-04-04,4,4,2018,14
2018-04-05,32.63,29.36,73.08,61.75,2018-04-05,5,4,2018,14
2018-04-06,32.51,29.26,68.89,61.41,2018-04-06,6,4,2018,14
2018-04-07,32.42,29.17,65.12,61.11,2018-04-07,7,4,2018,14
2018-04-08,32.32,29.09,61.36,60.81,2018-04-08,8,4,2018,14
2018-04-09,32.23,29.01,57.6,60.51,2018-04-09,9,4,2018,15
2018-04-10,32.14,28.93,53.84,60.21,2018-04-10,10,4,2018,15
2018-04-11,32.05,28.84,50.08,59.91,2018-04-11,11,4,2018,15
2018-04-12,31.96,28.76,46.31,59.6,2018-04-12,12,4,2018,15
2018-04-13,31.86,28.68,42.55,59.3,2018-04-13,13,4,2018,15
2018-04-14,31.82,28.64,40.14,59.12,2018-04-14,14,4,2018,15
2018-04-15,31.78,28.6,37.73,58.94,2018-04-15,15,4,2018,15
2018-04-16,31.74,28.57,35.32,58.75,2018-04-16,16,4,2018,16
2018-04-17,31.7,28.53,32.91,58.57,2018-04-17,17,4,2018,16
2018-04-18,31.66,28.49,30.5,58.39,2018-04-18,18,4,2018,16
2018-04-19,31.62,28.45,28.09,58.2,2018-04-19,19,4,2018,16
2018-04-20,31.58,28.42,25.68,58.02,2018-04-20,20,4,2018,16
2018-04-21,31.58,28.42,24.68,57.95,2018-04-21,21,4,2018,16
2018-04-22,31.59,28.43,23.68,57.89,2018-04-22,22,4,2018,16
2018-04-23,31.59,28.43,22.69,57.82,2018-04-23,23,4,2018,17
2018-04-24,31.6,28.44,21.69,57.75,2018-04-24,24,4,2018,17
2018-04-25,31.61,28.45,20.69,57.68,2018-04-25,25,4,2018,17
2018-04-26,31.61,28.45,19.7,57.62,2018-04-26,26,4,2018,17
2018-04-27,31.62,28.46,18.7,57.55,2018-04-27,27,4,2018,17
2018-04-28,31.65,28.48,18.54,57.54,2018-04-28,28,4,2018,17
2018-04-29,31.68,28.51,18.38,57.53,2018-04-29,29,4,2018,17
2018-04-30,31.71,28.54,18.22,57.52,2018-04-30,30,4,2018,18
2018-05-01,31.74,28.56,18.06,57.51,2018-05-01,1,5,2018,18
2018-05-02,31.77,28.59,17.91,57.5,2018-05-02,2,5,2018,18
2018-05-03,31.8,28.62,17.75,57.5,2018-05-03,3,5,2018,18
2018-05-04,31.83,28.64,17.59,57.49,2018-05-04,4,5,2018,18
2018-05-05,31.86,28.67,17.92,57.48,2018-05-05,5,5,2018,18
2018-05-06,31.89,28.7,18.26,57.47,2018-05-06,6,5,2018,18
2018-05-07,31.92,28.72,18.6,57.47,2018-05-07,7,5,2018,19
2018-05-08,31.95,28.75,18.93,57.46,2018-05-08,8,5,2018,19
2018-05-09,31.98,28.78,19.27,57.45,2018-05-09,9,5,2018,19
2018-05-10,32.01,28.8,19.6,57.44,2018-05-10,10,5,2018,19
2018-05-11,32.03,28.83,19.94,57.44,2018-05-11,11,5,2018,19
2018-05-12,32.04,28.84,20.29,57.37,2018-05-12,12,5,2018,19
2018-05-13,32.05,28.84,20.64,57.31,2018-05-13,13,5,2018,19
2018-05-14,32.05,28.85,20.99,57.25,2018-05-14,14,5,2018,20
2018-05-15,32.06,28.85,21.34,57.19,2018-05-15,15,5,2018,20
2018-05-16,32.06,28.86,21.69,57.13,2018-05-16,16,5,2018,20
2018-05-17,32.07,28.86,22.04,57.06,2018-05-17,17,5,2018,20
2018-05-18,32.08,28.87,22.39,57.0,2018-05-18,18,5,2018,20
2018-05-19,32.05,28.84,22.49,56.86,2018-05-19,19,5,2018,20
2018-05-20,32.02,28.82,22.59,56.72,2018-05-20,20,5,2018,20
2018-05-21,32.0,28.8,22.69,56.57,2018-05-21,21,5,2018,21
2018-05-22,31.97,28.77,22.79,56.43,2018-05-22,22,5,2018,21
2018-05-23,31.94,28.75,22.89,56.29,2018-05-23,23,5,2018,21
2018-05-24,31.92,28.72,22.99,56.15,2018-05-24,24,5,2018,21
2018-05-25,31.89,28.7,23.09,56.01,2018-05-25,25,5,2018,21
2018-05-26,31.84,28.66,22.95,55.81,2018-05-26,26,5,2018,21
2018-05-27,31.8,28.62,22.81,55.62,2018-05-27,27,5,2018,21
2018-05-28,31.75,28.58,22.66,55.42,2018-05-28,28,5,2018,22
2018-05-29,31.71,28.54,22.52,55.23,2018-05-29,29,5,2018,22
2018-05-30,31.67,28.5,22.38,55.03,2018-05-30,30,5,2018,22
2018-05-31,31.62,28.46,22.24,54.84,2018-05-31,31,5,2018,22
2018-06-01,31.58,28.42,22.09,54.64,2018-06-01,1,6,2018,22
2018-06-02,31.53,28.38,21.71,54.43,2018-06-02,2,6,2018,22
2018-06-03,31.48,28.34,21.33,54.21,2018-06-03,3,6,2018,22
2018-06-04,31.44,28.29,20.95,54.0,2018-06-04,4,6,2018,23
2018-06-05,31.39,28.25,20.57,53.78,2018-06-05,5,6,2018,23
2018-06-06,31.35,28.21,20.18,53.57,2018-06-06,6,6,2018,23
2018-06-07,31.3,28.17,19.8,53.35,2018-06-07,7,6,2018,23
2018-06-08,31.25,28.13,19.42,53.14,2018-06-08,8,6,2018,23
2018-06-09,31.22,28.1,18.84,52.93,2018-06-09,9,6,2018,23
2018-06-10,31.19,28.07,18.26,52.73,2018-06-10,10,6,2018,23
2018-06-11,31.16,28.05,17.68,52.52,2018-06-11,11,6,2018,24
2018-06-12,31.13,28.02,17.1,52.32,2018-06-12,12,6,2018,24
2018-06-13,31.1,27.99,16.52,52.11,2018-06-13,13,6,2018,24
2018-06-14,31.07,27.96,15.94,51.91,2018-06-14,14,6,2018,24
2018-06-15,31.04,27.94,15.36,51.7,2018-06-15,15,6,2018,24
2018-06-16,31.04,27.93,14.87,51.53,2018-06-16,16,6,2018,24
2018-06-17,31.04,27.93,14.39,51.36,2018-06-17,17,6,2018,24
2018-06-18,31.03,27.93,13.9,51.2,2018-06-18,18,6,2018,25
2018-06-19,31.03,27.93,13.42,51.03,2018-06-19,19,6,2018,25
2018-06-20,31.03,27.93,12.94,50.86,2018-06-20,20,6,2018,25
2018-06-21,31.03,27.92,12.45,50.69,2018-06-21,21,6,2018,25
2018-06-22,31.02,27.92,11.97,50.52,2018-06-22,22,6,2018,25
2018-06-23,31.04,27.94,11.78,50.4,2018-06-23,23,6,2018,25
2018-06-24,31.07,27.96,11.58,50.27,2018-06-24,24,6,2018,25
2018-06-25,31.09,27.98,11.39,50.14,2018-06-25,25,6,2018,26
2018-06-26,31.11,28.0,11.2,50.01,2018-06-26,26,6,2018,26
2018-06-27,31.13,28.01,11.01,49.89,2018-06-27,27,6,2018,26
2018-06-28,31.15,28.03,10.82,49.76,2018-06-28,28,6,2018,26
2018-06-29,31.17,28.05,10.63,49.63,2018-06-29,29,6,2018,26
2018-06-30,31.2,28.08,10.67,49.54,2018-06-30,30,6,2018,26
2018-07-01,31.24,28.11,10.72,49.45,2018-07-01,1,7,2018,26
2018-07-02,31.27,28.14,10.77,49.36,2018-07-02,2,7,2018,27
2018-07-03,31.3,28.17,10.82,49.27,2018-07-03,3,7,2018,27
2018-07-04,31.34,28.2,10.87,49.18,2018-07-04,4,7,2018,27
2018-07-05,31.37,28.23,10.92,49.09,2018-07-05,5,7,2018,27
2018-07-06,31.4,28.26,10.96,49.0,2018-07-06,6,7,2018,27
2018-07-07,31.44,28.29,11.22,48.95,2018-07-07,7,7,2018,27
2018-07-08,31.47,28.33,11.48,48.89,2018-07-08,8,7,2018,27
2018-07-09,31.51,28.36,11.73,48.84,2018-07-09,9,7,2018,28
2018-07-10,31.55,28.39,11.99,48.78,2018-07-10,10,7,2018,28
2018-07-11,31.58,28.42,12.25,48.73,2018-07-11,11,7,2018,28
2018-07-12,31.62,28.46,12.5,48.67,2018-07-12,12,7,2018,28
2018-07-13,31.65,28.49,12.76,48.62,2018-07-13,13,7,2018,28
2018-07-14,31.68,28.52,13.99,48.59,2018-07-14,14,7,2018,28
2018-07-15,31.71,28.54,15.23,48.57,2018-07-15,15,7,2018,28
2018-07-16,31.74,28.57,16.46,48.55,2018-07-16,16,7,2018,29
2018-07-17,31.77,28.59,17.69,48.52,2018-07-17,17,7,2018,29
2018-07-18,31.8,28.62,18.93,48.5,2018-07-18,18,7,2018,29
2018-07-19,31.83,28.65,20.16,48.47,2018-07-19,19,7,2018,29
2018-07-20,31.86,28.67,21.39,48.45,2018-07-20,20,7,2018,29
2018-07-21,31.88,28.7,23.43,48.44,2018-07-21,21,7,2018,29
2018-07-22,31.91,28.72,25.46,48.43,2018-07-22,22,7,2018,29
2018-07-23,31.93,28.74,27.5,48.42,2018-07-23,23,7,2018,30
2018-07-24,31.96,28.76,29.54,48.41,2018-07-24,24,7,2018,30
2018-07-25,31.98,28.79,31.57,48.39,2018-07-25,25,7,2018,30
2018-07-26,32.01,28.81,33.61,48.38,2018-07-26,26,7,2018,30
2018-07-27,32.03,28.83,35.64,48.37,2018-07-27,27,7,2018,30
2018-07-28,32.06,28.86,37.83,48.35,2018-07-28,28,7,2018,30
2018-07-29,32.1,28.89,40.02,48.32,2018-07-29,29,7,2018,30
2018-07-30,32.13,28.91,42.22,48.3,2018-07-30,30,7,2018,31
2018-07-31,32.16,28.94,44.41,48.27,2018-07-31,31,7,2018,31
2018-08-01,32.19,28.97,46.6,48.25,2018-08-01,1,8,2018,31
2018-08-02,32.22,29.0,48.79,48.22,2018-08-02,2,8,2018,31
2018-08-03,32.25,29.03,50.98,48.2,2018-08-03,3,8,2018,31
2018-08-04,32.3,29.07,52.84,48.13,2018-08-04,4,8,2018,31
2018-08-05,32.35,29.11,54.69,48.06,2018-08-05,5,8,2018,31
2018-08-06,32.39,29.16,56.55,48.0,2018-08-06,6,8,2018,32
2018-08-07,32.44,29.2,58.41,47.93,2018-08-07,7,8,2018,32
2018-08-08,32.49,29.24,60.26,47.86,2018-08-08,8,8,2018,32
2018-08-09,32.54,29.29,62.12,47.79,2018-08-09,9,8,2018,32
2018-08-10,32.59,29.33,63.97,47.73,2018-08-10,10,8,2018,32
2018-08-11,32.66,29.4,65.0,47.59,2018-08-11,11,8,2018,32
2018-08-12,32.74,29.47,66.03,47.45,2018-08-12,12,8,2018,32
2018-08-13,32.82,29.53,67.06,47.32,2018-08-13,13,8,2018,33
2018-08-14,32.89,29.6,68.09,47.18,2018-08-14,14,8,2018,33
2018-08-15,32.97,29.67,69.12,47.04,2018-08-15,15,8,2018,33
2018-08-16,33.04,29.74,70.15,46.9,2018-08-16,16,8,2018,33
2018-08-17,33.12,29.81,71.18,46.77,2018-08-17,17,8,2018,33
2018-08-18,33.22,29.9,71.26,46.57,2018-08-18,18,8,2018,33
2018-08-19,33.33,30.0,71.35,46.37,2018-08-19,19,8,2018,33
2018-08-20,33.43,30.09,71.44,46.17,2018-08-20,20,8,2018,34
2018-08-21,33.54,30.18,71.52,45.98,2018-08-21,21,8,2018,34
2018-08-22,33.64,30.28,71.61,45.78,2018-08-22,22,8,2018,34
2018-08-23,33.75,30.37,71.7,45.58,2018-08-23,23,8,2018,34
2018-08-24,33.85,30.47,71.78,45.38,2018-08-24,24,8,2018,34
2018-08-25,33.96,30.57,71.52,45.21,2018-08-25,25,8,2018,34
2018-08-26,34.08,30.67,71.27,45.03,2018-08-26,26,8,2018,34
2018-08-27,34.19,30.77,71.01,44.85,2018-08-27,27,8,2018,35
2018-08-28,34.3,30.87,70.75,44.67,2018-08-28,28,8,2018,35
2018-08-29,34.42,30.98,70.5,44.5,2018-08-29,29,8,2018,35
2018-08-30,34.53,31.08,70.24,44.32,2018-08-30,30,8,2018,35
2018-08-31,34.64,31.18,69.98,44.14,2018-08-31,31,8,2018,35
2018-09-01,34.74,31.27,70.07,44.07,2018-09-01,1,9,2018,35
2018-09-02,34.84,31.36,70.15,44.0,2018-09-02,2,9,2018,35
2018-09-03,34.94,31.45,70.23,43.94,2018-09-03,3,9,2018,36
2018-09-04,35.04,31.54,70.31,43.87,2018-09-04,4,9,2018,36
2018-09-05,35.14,31.63,70.39,43.8,2018-09-05,5,9,2018,36
2018-09-06,35.24,31.72,70.47,43.73,2018-09-06,6,9,2018,36
2018-09-07,35.34,31.81,70.56,43.66,2018-09-07,7,9,2018,36
2018-09-08,35.41,31.87,71.66,43.79,2018-09-08,8,9,2018,36
2018-09-09,35.47,31.93,72.76,43.92,2018-09-09,9,9,2018,36
2018-09-10,35.54,31.98,73.86,44.05,2018-09-10,10,9,2018,37
2018-09-11,35.6,32.04,74.96,44.18,2018-09-11,11,9,2018,37
2018-09-12,35.67,32.1,76.06,44.31,2018-09-12,12,9,2018,37
2018-09-13,35.73,32.16,77.17,44.44,2018-09-13,13,9,2018,37
2018-09-14,35.8,32.22,78.27,44.57,2018-09-14,14,9,2018,37
2018-09-15,35.81,32.23,80.9,44.96,2018-09-15,15,9,2018,37
2018-09-16,35.82,32.24,83.52,45.36,2018-09-16,16,9,2018,37
2018-09-17,35.84,32.25,86.15,45.75,2018-09-17,17,9,2018,38
2018-09-18,35.85,32.26,88.78,46.14,2018-09-18,18,9,2018,38
2018-09-19,35.86,32.27,91.41,46.53,2018-09-19,19,9,2018,38
2018-09-20,35.87,32.29,94.04,46.92,2018-09-20,20,9,2018,38
2018-09-21,35.89,32.3,96.67,47.31,2018-09-21,21,9,2018,38
2018-09-22,35.85,32.27,100.38,47.89,2018-09-22,22,9,2018,38
2018-09-23,35.82,32.24,104.09,48.47,2018-09-23,23,9,2018,38
2018-09-24,35.79,32.21,107.8,49.04,2018-09-24,24,9,2018,39
2018-09-25,35.76,32.19,111.51,49.62,2018-09-25,25,9,2018,39
2018-09-26,35.73,32.16,115.23,50.2,2018-09-26,26,9,2018,39
2018-09-27,35.7,32.13,118.94,50.77,2018-09-27,27,9,2018,39
2018-09-28,35.67,32.1,122.65,51.35,2018-09-28,28,9,2018,39
2018-09-29,35.61,32.05,126.68,51.99,2018-09-29,29,9,2018,39
2018-09-30,35.56,32.0,130.71,52.63,2018-09-30,30,9,2018,39
2018-10-01,35.5,31.95,134.74,53.27,2018-10-01,1,10,2018,40
2018-10-02,35.44,31.9,138.77,53.91,2018-10-02,2,10,2018,40
2018-10-03,35.39,31.85,142.8,54.55,2018-10-03,3,10,2018,40
2018-10-04,35.33,31.8,146.83,55.19,2018-10-04,4,10,2018,40
2018-10-05,35.27,31.75,150.86,55.83,2018-10-05,5,10,2018,40
2018-10-06,35.21,31.69,154.44,56.41,2018-10-06,6,10,2018,40
2018-10-07,35.14,31.63,158.03,56.99,2018-10-07,7,10,2018,40
2018-10-08,35.08,31.57,161.61,57.58,2018-10-08,8,10,2018,41
2018-10-09,35.01,31.51,165.19,58.16,2018-10-09,9,10,2018,41
2018-10-10,34.95,31.45,168.78,58.74,2018-10-10,10,10,2018,41
2018-10-11,34.88,31.4,172.36,59.32,2018-10-11,11,10,2018,41
2018-10-12,34.82,31.34,175.94,59.9,2018-10-12,12,10,2018,41
2018-10-13,34.76,31.29,178.34,60.3,2018-10-13,13,10,2018,41
2018-10-14,34.71,31.24,180.74,60.71,2018-10-14,14,10,2018,41
2018-10-15,34.65,31.19,183.14,61.11,2018-10-15,15,10,2018,42
2018-10-16,34.6,31.14,185.54,61.51,2018-10-16,16,10,2018,42
2018-10-17,34.54,31.09,187.94,61.91,2018-10-17,17,10,2018,42
2018-10-18,34.49,31.04,190.34,62.32,2018-10-18,18,10,2018,42
2018-10-19,34.43,30.99,192.74,62.72,2018-10-19,19,10,2018,42
2018-10-20,34.39,30.95,193.75,62.91,2018-10-20,20,10,2018,42
2018-10-21,34.36,30.92,194.76,63.1,2018-10-21,21,10,2018,42
2018-10-22,34.32,30.89,195.76,63.29,2018-10-22,22,10,2018,43
2018-10-23,34.28,30.85,196.77,63.48,2018-10-23,23,10,2018,43
2018-10-24,34.24,30.82,197.78,63.67,2018-10-24,24,10,2018,43
2018-10-25,34.21,30.79,198.79,63.86,2018-10-25,25,10,2018,43
2018-10-26,34.17,30.75,199.79,64.05,2018-10-26,26,10,2018,43
2018-10-27,34.15,30.74,199.68,64.06,2018-10-27,27,10,2018,43
2018-10-28,34.14,30.72,199.56,64.08,2018-10-28,28,10,2018,43
2018-10-29,34.12,30.71,199.44,64.09,2018-10-29,29,10,2018,44
2018-10-30,34.1,30.69,199.32,64.11,2018-10-30,30,10,2018,44
2018-10-31,34.09,30.68,199.2,64.12,2018-10-31,31,10,2018,44
2018-11-01,34.07,30.66,199.09,64.14,2018-11-01,1,11,2018,44
2018-11-02,34.05,30.65,198.97,64.15,2018-11-02,2,11,2018,44
2018-11-03,34.06,30.65,198.01,64.03,2018-11-03,3,11,2018,44
2018-11-04,34.06,30.66,197.05,63.92,2018-11-04,4,11,2018,44
2018-11-05,34.07,30.66,196.08,63.8,2018-11-05,5,11,2018,45
2018-11-06,34.07,30.67,195.12,63.68,2018-11-06,6,11,2018,45
2018-11-07,34.08,30.67,194.16,63.56,2018-11-07,7,11,2018,45
2018-11-08,34.08,30.67,193.2,63.44,2018-11-08,8,11,2018,45
2018-11-09,34.09,30.68,192.24,63.32,2018-11-09,9,11,2018,45
2018-11-10,34.12,30.71,190.72,63.11,2018-11-10,10,11,2018,45
2018-11-11,34.15,30.73,189.2,62.9,2018-11-11,11,11,2018,45
2018-11-12,34.17,30.76,187.68,62.68,2018-11-12,12,11,2018,46
2018-11-13,34.2,30.78,186.16,62.47,2018-11-13,13,11,2018,46
2018-11-14,34.23,30.81,184.64,62.26,2018-11-14,14,11,2018,46
2018-11-15,34.26,30.83,183.12,62.05,2018-11-15,15,11,2018,46
2018-11-16,34.29,30.86,181.6,61.84,2018-11-16,16,11,2018,46
2018-11-17,34.34,30.91,179.78,61.58,2018-11-17,17,11,2018,46
2018-11-18,34.39,30.95,177.96,61.31,2018-11-18,18,11,2018,46
2018-11-19,34.44,31.0,176.15,61.05,2018-11-19,19,11,2018,47
2018-11-20,34.49,31.04,174.33,60.79,2018-11-20,20,11,2018,47
2018-11-21,34.54,31.09,172.51,60.53,2018-11-21,21,11,2018,47
2018-11-22,34.59,31.13,170.69,60.26,2018-11-22,22,11,2018,47
2018-11-23,34.64,31.18,168.88,60.0,2018-11-23,23,11,2018,47
2018-11-24,34.71,31.24,166.97,59.73,2018-11-24,24,11,2018,47
2018-11-25,34.77,31.29,165.07,59.47,2018-11-25,25,11,2018,47
2018-11-26,34.83,31.35,163.17,59.2,2018-11-26,26,11,2018,48
2018-11-27,34.9,31.41,161.27,58.93,2018-11-27,27,11,2018,48
2018-11-28,34.96,31.46,159.37,58.66,2018-11-28,28,11,2018,48
2018-11-29,35.02,31.52,157.46,58.4,2018-11-29,29,11,2018,48
2018-11-30,35.08,31.58,155.56,58.13,2018-11-30,30,11,2018,48
2018-12-01,35.15,31.63,153.78,57.9,2018-12-01,1,12,2018,48
2018-12-02,35.21,31.69,152.0,57.67,2018-12-02,2,12,2018,48
2018-12-03,35.27,31.75,150.22,57.44,2018-12-03,3,12,2018,49
2018-12-04,35.34,31.8,148.44,57.22,2018-12-04,4,12,2018,49
2018-12-05,35.4,31.86,146.66,56.99,2018-12-05,5,12,2018,49
2018-12-06,35.46,31.92,144.88,56.76,2018-12-06,6,12,2018,49
2018-12-07,35.53,31.98,143.1,56.53,2018-12-07,7,12,2018,49
2018-12-08,35.58,32.02,141.65,56.39,2018-12-08,8,12,2018,49
2018-12-09,35.63,32.07,140.2,56.25,2018-12-09,9,12,2018,49
2018-12-10,35.69,32.12,138.74,56.1,2018-12-10,10,12,2018,50
2018-12-11,35.74,32.17,137.29,55.96,2018-12-11,11,12,2018,50
2018-12-12,35.79,32.21,135.84,55.82,2018-12-12,12,12,2018,50
2018-12-13,35.85,32.26,134.39,55.68,2018-12-13,13,12,2018,50
2018-12-14,35.9,32.31,132.93,55.53,2018-12-14,14,12,2018,50
2018-12-15,35.93,32.34,132.01,55.51,2018-12-15,15,12,2018,50
2018-12-16,35.97,32.37,131.08,55.49,2018-12-16,16,12,2018,50
2018-12-17,36.0,32.4,130.15,55.47,2018-12-17,17,12,2018,51
2018-12-18,36.04,32.43,129.22,55.44,2018-12-18,18,12,2018,51
2018-12-19,36.07,32.46,128.29,55.42,2018-12-19,19,12,2018,51
2018-12-20,36.1,32.49,127.36,55.4,2018-12-20,20,12,2018,51
2018-12-21,36.14,32.52,126.43,55.38,2018-12-21,21,12,2018,51
2018-12-22,36.16,32.54,126.15,55.44,2018-12-22,22,12,2018,51
2018-12-23,36.18,32.56,125.86,55.51,2018-12-23,23,12,2018,51
2018-12-24,36.19,32.57,125.58,55.58,2018-12-24,24,12,2018,52
2018-12-25,36.21,32.59,125.29,55.65,2018-12-25,25,12,2018,52
2018-12-26,36.23,32.61,125.01,55.71,2018-12-26,26,12,2018,52
2018-12-27,36.25,32.63,124.72,55.78,2018-12-27,27,12,2018,52
2018-12-28,36.27,32.64,124.44,55.85,2018-12-28,28,12,2018,52
2018-12-29,36.29,32.66,124.89,55.94,2018-12-29,29,12,2018,52
2018-12-30,36.3,32.67,125.34,56.04,2018-12-30,30,12,2018,52
2018-12-31,36.31,32.68,125.79,56.14,2018-12-31,31,12,2018,1
2019-01-01,36.33,32.7,126.24,56.23,2019-01-01,1,1,2019,1
2019-01-02,36.34,32.71,126.69,56.33,2019-01-02,2,1,2019,1
2019-01-03,36.36,32.72,127.14,56.43,2019-01-03,3,1,2019,1
2019-01-04,36.37,32.74,127.59,56.52,2019-01-04,4,1,2019,1
2019-01-05,36.39,32.75,128.87,56.59,2019-01-05,5,1,2019,1
2019-01-06,36.41,32.77,130.14,56.66,2019-01-06,6,1,2019,1
2019-01-07,36.43,32.79,131.42,56.73,2019-01-07,7,1,2019,2
2019-01-08,36.45,32.81,132.7,56.79,2019-01-08,8,1,2019,2
2019-01-09,36.47,32.83,133.97,56.86,2019-01-09,9,1,2019,2
2019-01-10,36.5,32.85,135.25,56.93,2019-01-10,10,1,2019,2
2019-01-11,36.52,32.86,136.53,56.99,2019-01-11,11,1,2019,2
2019-01-12,36.55,32.9,138.71,56.98,2019-01-12,12,1,2019,2
2019-01-13,36.59,32.93,140.89,56.96,2019-01-13,13,1,2019,2
2019-01-14,36.62,32.96,143.07,56.94,2019-01-14,14,1,2019,3
2019-01-15,36.66,32.99,145.25,56.92,2019-01-15,15,1,2019,3
2019-01-16,36.7,33.03,147.43,56.9,2019-01-16,16,1,2019,3
2019-01-17,36.73,33.06,149.61,56.88,2019-01-17,17,1,2019,3
2019-01-18,36.77,33.09,151.79,56.86,2019-01-18,18,1,2019,3
2019-01-19,36.82,33.13,154.62,56.76,2019-01-19,19,1,2019,3
2019-01-20,36.86,33.18,157.45,56.66,2019-01-20,20,1,2019,3
2019-01-21,36.91,33.22,160.28,56.56,2019-01-21,21,1,2019,4
2019-01-22,36.96,33.26,163.1,56.46,2019-01-22,22,1,2019,4
2019-01-23,37.0,33.3,165.93,56.36,2019-01-23,23,1,2019,4
2019-01-24,37.05,33.35,168.76,56.26,2019-01-24,24,1,2019,4
2019-01-25,37.1,33.39,171.59,56.16,2019-01-25,25,1,2019,4
2019-01-26,37.13,33.42,174.46,56.05,2019-01-26,26,1,2019,4
2019-01-27,37.17,33.46,177.33,55.94,2019-01-27,27,1,2019,4
2019-01-28,37.21,33.49,180.2,55.83,2019-01-28,28,1,2019,5
2019-01-29,37.25,33.52,183.07,55.72,2019-01-29,29,1,2019,5
2019-01-30,37.29,33.56,185.93,55.61,2019-01-30,30,1,2019,5
2019-01-31,37.32,33.59,188.8,55.5,2019-01-31,31,1,2019,5
2019-02-01,37.36,33.62,191.67,55.4,2019-02-01,1,2,2019,5
2019-02-02,37.37,33.63,193.95,55.35,2019-02-02,2,2,2019,5
2019-02-03,37.38,33.64,196.23,55.31,2019-02-03,3,2,2019,5
2019-02-04,37.38,33.65,198.5,55.26,2019-02-04,4,2,2019,6
2019-02-05,37.39,33.65,200.78,55.22,2019-02-05,5,2,2019,6
2019-02-06,37.4,33.66,203.06,55.18,2019-02-06,6,2,2019,6
2019-02-07,37.41,33.67,205.34,55.13,2019-02-07,7,2,2019,6
2019-02-08,37.41,33.67,207.62,55.09,2019-02-08,8,2,2019,6
2019-02-09,37.37,33.63,208.68,55.18,2019-02-09,9,2,2019,6
2019-02-10,37.33,33.59,209.74,55.28,2019-02-10,10,2,2019,6
2019-02-11,37.28,33.55,210.8,55.38,2019-02-11,11,2,2019,7
2019-02-12,37.24,33.51,211.86,55.47,2019-02-12,12,2,2019,7
2019-02-13,37.19,33.48,212.92,55.57,2019-02-13,13,2,2019,7
2019-02-14,37.15,33.44,213.98,55.67,2019-02-14,14,2,2019,7
2019-02-15,37.11,33.4,215.04,55.76,2019-02-15,15,2,2019,7
2019-02-16,37.0,33.3,214.52,56.04,2019-02-16,16,2,2019,7
2019-02-17,36.9,33.21,214.01,56.31,2019-02-17,17,2,2019,7
2019-02-18,36.8,33.12,213.49,56.58,2019-02-18,18,2,2019,8
2019-02-19,36.69,33.02,212.98,56.86,2019-02-19,19,2,2019,8
2019-02-20,36.59,32.93,212.46,57.13,2019-02-20,20,2,2019,8
2019-02-21,36.48,32.83,211.95,57.4,2019-02-21,21,2,2019,8
2019-02-22,36.38,32.74,211.43,57.68,2019-02-22,22,2,2019,8
2019-02-23,36.24,32.61,209.75,58.05,2019-02-23,23,2,2019,8
2019-02-24,36.1,32.49,208.07,58.42,2019-02-24,24,2,2019,8
2019-02-25,35.96,32.36,206.39,58.8,2019-02-25,25,2,2019,9
2019-02-26,35.82,32.24,204.71,59.17,2019-02-26,26,2,2019,9
2019-02-27,35.68,32.11,203.03,59.55,2019-02-27,27,2,2019,9
2019-02-28,35.54,31.98,201.35,59.92,2019-02-28,28,2,2019,9
2019-03-01,35.4,31.86,199.67,60.29,2019-03-01,1,3,2019,9
2019-03-02,35.25,31.73,197.37,60.67,2019-03-02,2,3,2019,9
2019-03-03,35.11,31.6,195.07,61.06,2019-03-03,3,3,2019,9
2019-03-04,34.96,31.46,192.77,61.44,2019-03-04,4,3,2019,10
2019-03-05,34.81,31.33,190.47,61.82,2019-03-05,5,3,2019,10
2019-03-06,34.67,31.2,188.17,62.2,2019-03-06,6,3,2019,10
2019-03-07,34.52,31.07,185.87,62.58,2019-03-07,7,3,2019,10
2019-03-08,34.38,30.94,183.57,62.96,2019-03-08,8,3,2019,10
2019-03-09,34.25,30.83,181.2,63.25,2019-03-09,9,3,2019,10
2019-03-10,34.13,30.72,178.82,63.54,2019-03-10,10,3,2019,10
2019-03-11,34.01,30.61,176.45,63.84,2019-03-11,11,3,2019,11
2019-03-12,33.89,30.5,174.07,64.13,2019-03-12,12,3,2019,11
2019-03-13,33.77,30.39,171.7,64.42,2019-03-13,13,3,2019,11
2019-03-14,33.65,30.28,169.32,64.71,2019-03-14,14,3,2019,11
2019-03-15,33.52,30.17,166.95,65.0,2019-03-15,15,3,2019,11
2019-03-16,33.45,30.11,164.98,65.13,2019-03-16,16,3,2019,11
2019-03-17,33.38,30.04,163.02,65.25,2019-03-17,17,3,2019,11
2019-03-18,33.31,29.98,161.06,65.37,2019-03-18,18,3,2019,12
2019-03-19,33.24,29.92,159.1,65.49,2019-03-19,19,3,2019,12
2019-03-20,33.17,29.85,157.14,65.61,2019-03-20,20,3,2019,12
2019-03-21,33.1,29.79,155.17,65.73,2019-03-21,21,3,2019,12
2019-03-22,33.03,29.73,153.21,65.85,2019-03-22,22,3,2019,12
2019-03-23,33.0,29.7,151.67,65.82,2019-03-23,23,3,2019,12
2019-03-24,32.98,29.68,150.12,65.79,2019-03-24,24,3,2019,12
2019-03-25,32.95,29.66,148.58,65.76,2019-03-25,25,3,2019,13
2019-03-26,32.93,29.64,147.04,65.72,2019-03-26,26,3,2019,13
2019-03-27,32.9,29.61,145.49,65.69,2019-03-27,27,3,2019,13
2019-03-28,32.88,29.59,143.95,65.66,2019-03-28,28,3,2019,13
2019-03-29,32.85,29.57,142.41,65.62,2019-03-29,29,3,2019,13
2019-03-30,32.85,29.57,141.04,65.51,2019-03-30,30,3,2019,13
2019-03-31,32.85,29.57,139.68,65.39,2019-03-31,31,3,2019,13
2019-04-01,32.85,29.57,138.32,65.27,2019-04-01,1,4,2019,14
2019-04-02,32.85,29.57,136.96,65.15,2019-04-02,2,4,2019,14
2019-04-03,32.85,29.57,135.6,65.03,2019-04-03,3,4,2019,14
2019-04-04,32.86,29.57,134.24,64.91,2019-04-04,4,4,2019,14
2019-04-05,32.86,29.57,132.88,64.79,2019-04-05,5,4,2019,14
2019-04-06,32.86,29.57,131.46,64.65,2019-04-06,6,4,2019,14
2019-04-07,32.87,29.58,130.04,64.51,2019-04-07,7,4,2019,14
2019-04-08,32.87,29.58,128.63,64.38,2019-04-08,8,4,2019,15
2019-04-09,32.88,29.59,127.21,64.24,2019-04-09,9,4,2019,15
2019-04-10,32.88,29.59,125.79,64.1,2019-04-10,10,4,2019,15
2019-04-11,32.89,29.6,124.37,63.96,2019-04-11,11,4,2019,15
2019-04-12,32.89,29.6,122.96,63.82,2019-04-12,12,4,2019,15
2019-04-13,32.88,29.59,121.25,63.73,2019-04-13,13,4,2019,15
2019-04-14,32.87,29.58,119.54,63.64,2019-04-14,14,4,2019,15
2019-04-15,32.86,29.57,117.84,63.55,2019-04-15,15,4,2019,16
2019-04-16,32.85,29.56,116.13,63.46,2019-04-16,16,4,2019,16
2019-04-17,32.84,29.56,114.43,63.37,2019-04-17,17,4,2019,16
2019-04-18,32.83,29.55,112.72,63.28,2019-04-18,18,4,2019,16
2019-04-19,32.82,29.54,111.01,63.19,2019-04-19,19,4,2019,16
2019-04-20,32.78,29.51,108.97,63.17,2019-04-20,20,4,2019,16
2019-04-21,32.75,29.48,106.92,63.15,2019-04-21,21,4,2019,16
2019-04-22,32.72,29.44,104.87,63.13,2019-04-22,22,4,2019,17
2019-04-23,32.68,29.41,102.82,63.11,2019-04-23,23,4,2019,17
2019-04-24,32.65,29.38,100.78,63.09,2019-04-24,24,4,2019,17
2019-04-25,32.61,29.35,98.73,63.06,2019-04-25,25,4,2019,17
2019-04-26,32.58,29.32,96.68,63.04,2019-04-26,26,4,2019,17
2019-04-27,32.53,29.28,94.47,63.06,2019-04-27,27,4,2019,17
2019-04-28,32.48,29.23,92.27,63.07,2019-04-28,28,4,2019,17
2019-04-29,32.43,29.19,90.06,63.09,2019-04-29,29,4,2019,18
2019-04-30,32.38,29.15,87.85,63.1,2019-04-30,30,4,2019,18
2019-05-01,32.33,29.1,85.64,63.12,2019-05-01,1,5,2019,18
2019-05-02,32.28,29.06,83.43,63.13,2019-05-02,2,5,2019,18
2019-05-03,32.24,29.01,81.23,63.15,2019-05-03,3,5,2019,18
2019-05-04,32.18,28.96,79.05,63.16,2019-05-04,4,5,2019,18
2019-05-05,32.12,28.91,76.88,63.17,2019-05-05,5,5,2019,18
2019-05-06,32.07,28.86,74.71,63.18,2019-05-06,6,5,2019,19
2019-05-07,32.01,28.81,72.54,63.19,2019-05-07,7,5,2019,19
2019-05-08,31.96,28.76,70.36,63.2,2019-05-08,8,5,2019,19
2019-05-09,31.9,28.71,68.19,63.21,2019-05-09,9,5,2019,19
2019-05-10,31.85,28.66,66.02,63.22,2019-05-10,10,5,2019,19
2019-05-11,31.79,28.61,64.08,63.19,2019-05-11,11,5,2019,19
2019-05-12,31.74,28.57,62.14,63.16,2019-05-12,12,5,2019,19
2019-05-13,31.69,28.52,60.2,63.13,2019-05-13,13,5,2019,20
2019-05-14,31.63,28.47,58.26,63.1,2019-05-14,14,5,2019,20
2019-05-15,31.58,28.42,56.32,63.07,2019-05-15,15,5,2019,20
2019-05-16,31.53,28.37,54.38,63.04,2019-05-16,16,5,2019,20
2019-05-17,31.47,28.33,52.44,63.01,2019-05-17,17,5,2019,20
2019-05-18,31.43,28.29,50.9,62.91,2019-05-18,18,5,2019,20
2019-05-19,31.39,28.25,49.37,62.81,2019-05-19,19,5,2019,20
2019-05-20,31.34,28.21,47.83,62.71,2019-05-20,20,5,2019,21
2019-05-21,31.3,28.17,46.3,62.61,2019-05-21,21,5,2019,21
2019-05-22,31.26,28.13,44.76,62.52,2019-05-22,22,5,2019,21
2019-05-23,31.21,28.09,43.23,62.42,2019-05-23,23,5,2019,21
2019-05-24,31.17,28.05,41.69,62.32,2019-05-24,24,5,2019,21
2019-05-25,31.13,28.02,40.61,62.16,2019-05-25,25,5,2019,21
2019-05-26,31.1,27.99,39.54,62.01,2019-05-26,26,5,2019,21
2019-05-27,31.06,27.95,38.46,61.86,2019-05-27,27,5,2019,22
2019-05-28,31.02,27.92,37.38,61.7,2019-05-28,28,5,2019,22
2019-05-29,30.99,27.89,36.3,61.55,2019-05-29,29,5,2019,22
2019-05-30,30.95,27.86,35.22,61.4,2019-05-30,30,5,2019,22
2019-05-31,30.92,27.82,34.14,61.24,2019-05-31,31,5,2019,22
2019-06-01,30.88,27.79,33.52,61.06,2019-06-01,1,6,2019,22
2019-06-02,30.85,27.76,32.89,60.87,2019-06-02,2,6,2019,22
2019-06-03,30.82,27.74,32.26,60.69,2019-06-03,3,6,2019,23
2019-06-04,30.78,27.71,31.63,60.51,2019-06-04,4,6,2019,23
2019-06-05,30.75,27.68,31.0,60.32,2019-06-05,5,6,2019,23
2019-06-06,30.72,27.65,30.37,60.14,2019-06-06,6,6,2019,23
2019-06-07,30.69,27.62,29.75,59.95,2019-06-07,7,6,2019,23
2019-06-08,30.65,27.59,29.65,59.76,2019-06-08,8,6,2019,23
2019-06-09,30.62,27.56,29.55,59.57,2019-06-09,9,6,2019,23
2019-06-10,30.59,27.53,29.45,59.37,2019-06-10,10,6,2019,24
2019-06-11,30.55,27.5,29.35,59.18,2019-06-11,11,6,2019,24
2019-06-12,30.52,27.47,29.25,58.99,2019-06-12,12,6,2019,24
2019-06-13,30.49,27.44,29.15,58.79,2019-06-13,13,6,2019,24
2019-06-14,30.45,27.41,29.05,58.6,2019-06-14,14,6,2019,24
2019-06-15,30.42,27.38,29.48,58.42,2019-06-15,15,6,2019,24
2019-06-16,30.38,27.34,29.91,58.24,2019-06-16,16,6,2019,24
2019-06-17,30.34,27.31,30.34,58.06,2019-06-17,17,6,2019,25
2019-06-18,30.31,27.28,30.77,57.88,2019-06-18,18,6,2019,25
2019-06-19,30.27,27.24,31.2,57.7,2019-06-19,19,6,2019,25
2019-06-20,30.24,27.21,31.63,57.52,2019-06-20,20,6,2019,25
2019-06-21,30.2,27.18,32.06,57.34,2019-06-21,21,6,2019,25
2019-06-22,30.17,27.15,32.81,57.18,2019-06-22,22,6,2019,25
2019-06-23,30.14,27.12,33.56,57.01,2019-06-23,23,6,2019,25
2019-06-24,30.1,27.09,34.31,56.85,2019-06-24,24,6,2019,26
2019-06-25,30.07,27.07,35.06,56.69,2019-06-25,25,6,2019,26
2019-06-26,30.04,27.04,35.81,56.52,2019-06-26,26,6,2019,26
2019-06-27,30.01,27.01,36.57,56.36,2019-06-27,27,6,2019,26
2019-06-28,29.98,26.98,37.32,56.2,2019-06-28,28,6,2019,26
2019-06-29,29.97,26.97,38.05,56.04,2019-06-29,29,6,2019,26
2019-06-30,29.96,26.96,38.78,55.89,2019-06-30,30,6,2019,26
2019-07-01,29.95,26.95,39.51,55.74,2019-07-01,1,7,2019,27
2019-07-02,29.94,26.94,40.25,55.58,2019-07-02,2,7,2019,27
2019-07-03,29.92,26.93,40.98,55.43,2019-07-03,3,7,2019,27
2019-07-04,29.91,26.92,41.71,55.28,2019-07-04,4,7,2019,27
2019-07-05,29.9,26.91,42.45,55.12,2019-07-05,5,7,2019,27
2019-07-06,29.93,26.93,42.82,54.97,2019-07-06,6,7,2019,27
2019-07-07,29.95,26.95,43.2,54.82,2019-07-07,7,7,2019,27
2019-07-08,29.97,26.98,43.58,54.67,2019-07-08,8,7,2019,28
2019-07-09,30.0,27.0,43.96,54.52,2019-07-09,9,7,2019,28
2019-07-10,30.02,27.02,44.33,54.37,2019-07-10,10,7,2019,28
2019-07-11,30.05,27.04,44.71,54.22,2019-07-11,11,7,2019,28
2019-07-12,30.07,27.06,45.09,54.06,2019-07-12,12,7,2019,28
2019-07-13,30.14,27.13,44.77,53.91,2019-07-13,13,7,2019,28
2019-07-14,30.22,27.2,44.46,53.75,2019-07-14,14,7,2019,28
2019-07-15,30.29,27.26,44.15,53.6,2019-07-15,15,7,2019,29
2019-07-16,30.37,27.33,43.84,53.44,2019-07-16,16,7,2019,29
2019-07-17,30.44,27.4,43.52,53.29,2019-07-17,17,7,2019,29
2019-07-18,30.51,27.46,43.21,53.13,2019-07-18,18,7,2019,29
2019-07-19,30.59,27.53,42.9,52.98,2019-07-19,19,7,2019,29
2019-07-20,30.71,27.64,41.88,52.81,2019-07-20,20,7,2019,29
2019-07-21,30.84,27.75,40.87,52.64,2019-07-21,21,7,2019,29
2019-07-22,30.96,27.87,39.85,52.47,2019-07-22,22,7,2019,30
2019-07-23,31.09,27.98,38.84,52.3,2019-07-23,23,7,2019,30
2019-07-24,31.22,28.09,37.82,52.13,2019-07-24,24,7,2019,30
2019-07-25,31.34,28.21,36.81,51.96,2019-07-25,25,7,2019,30
2019-07-26,31.47,28.32,35.79,51.79,2019-07-26,26,7,2019,30
2019-07-27,31.63,28.46,34.56,51.6,2019-07-27,27,7,2019,30
2019-07-28,31.79,28.61,33.33,51.41,2019-07-28,28,7,2019,30
2019-07-29,31.94,28.75,32.09,51.21,2019-07-29,29,7,2019,31
2019-07-30,32.1,28.89,30.86,51.02,2019-07-30,30,7,2019,31
2019-07-31,32.26,29.04,29.63,50.83,2019-07-31,31,7,2019,31
2019-08-01,32.42,29.18,28.4,50.63,2019-08-01,1,8,2019,31
2019-08-02,32.58,29.32,27.16,50.44,2019-08-02,2,8,2019,31
2019-08-03,32.75,29.48,26.24,50.21,2019-08-03,3,8,2019,31
2019-08-04,32.93,29.63,25.31,49.98,2019-08-04,4,8,2019,31
2019-08-05,33.1,29.79,24.39,49.75,2019-08-05,5,8,2019,32
2019-08-06,33.27,29.94,23.46,49.52,2019-08-06,6,8,2019,32
2019-08-07,33.44,30.1,22.54,49.29,2019-08-07,7,8,2019,32
2019-08-08,33.62,30.25,21.61,49.06,2019-08-08,8,8,2019,32
2019-08-09,33.79,30.41,20.69,48.83,2019-08-09,9,8,2019,32
2019-08-10,33.95,30.56,20.6,48.56,2019-08-10,10,8,2019,32
2019-08-11,34.12,30.71,20.51,48.28,2019-08-11,11,8,2019,32
2019-08-12,34.28,30.86,20.41,48.01,2019-08-12,12,8,2019,33
2019-08-13,34.45,31.01,20.32,47.73,2019-08-13,13,8,2019,33
2019-08-14,34.62,31.15,20.23,47.45,2019-08-14,14,8,2019,33
2019-08-15,34.78,31.3,20.14,47.18,2019-08-15,15,8,2019,33
2019-08-16,34.95,31.45,20.05,46.9,2019-08-16,16,8,2019,33
2019-08-17,35.09,31.58,21.14,46.57,2019-08-17,17,8,2019,33
2019-08-18,35.23,31.71,22.23,46.25,2019-08-18,18,8,2019,33
2019-08-19,35.37,31.83,23.32,45.92,2019-08-19,19,8,2019,34
2019-08-20,35.51,31.96,24.41,45.6,2019-08-20,20,8,2019,34
2019-08-21,35.65,32.09,25.5,45.27,2019-08-21,21,8,2019,34
2019-08-22,35.8,32.22,26.59,44.95,2019-08-22,22,8,2019,34
2019-08-23,35.94,32.34,27.68,44.62,2019-08-23,23,8,2019,34
2019-08-24,36.05,32.44,29.53,44.29,2019-08-24,24,8,2019,34
2019-08-25,36.16,32.54,31.39,43.96,2019-08-25,25,8,2019,34
2019-08-26,36.27,32.65,33.24,43.63,2019-08-26,26,8,2019,35
2019-08-27,36.38,32.75,35.09,43.3,2019-08-27,27,8,2019,35
2019-08-28,36.5,32.85,36.95,42.97,2019-08-28,28,8,2019,35
2019-08-29,36.61,32.95,38.8,42.64,2019-08-29,29,8,2019,35
2019-08-30,36.72,33.05,40.66,42.3,2019-08-30,30,8,2019,35
2019-08-31,36.8,33.12,42.66,42.02,2019-08-31,31,8,2019,35
2019-09-01,36.88,33.19,44.66,41.74,2019-09-01,1,9,2019,35
2019-09-02,36.96,33.26,46.65,41.45,2019-09-02,2,9,2019,36
2019-09-03,37.04,33.33,48.65,41.17,2019-09-03,3,9,2019,36
2019-09-04,37.12,33.41,50.65,40.88,2019-09-04,4,9,2019,36
2019-09-05,37.2,33.48,52.65,40.6,2019-09-05,5,9,2019,36
2019-09-06,37.28,33.55,54.65,40.32,2019-09-06,6,9,2019,36
2019-09-07,37.32,33.59,56.17,40.13,2019-09-07,7,9,2019,36
2019-09-08,37.37,33.63,57.69,39.95,2019-09-08,8,9,2019,36
2019-09-09,37.41,33.67,59.21,39.77,2019-09-09,9,9,2019,37
2019-09-10,37.46,33.71,60.73,39.58,2019-09-10,10,9,2019,37
2019-09-11,37.5,33.75,62.25,39.4,2019-09-11,11,9,2019,37
2019-09-12,37.55,33.79,63.78,39.22,2019-09-12,12,9,2019,37
2019-09-13,37.59,33.83,65.3,39.03,2019-09-13,13,9,2019,37
2019-09-14,37.6,33.84,65.77,39.0,2019-09-14,14,9,2019,37
2019-09-15,37.61,33.85,66.25,38.97,2019-09-15,15,9,2019,37
2019-09-16,37.62,33.86,66.72,38.94,2019-09-16,16,9,2019,38
2019-09-17,37.63,33.86,67.2,38.91,2019-09-17,17,9,2019,38
2019-09-18,37.64,33.87,67.68,38.87,2019-09-18,18,9,2019,38
2019-09-19,37.64,33.88,68.15,38.84,2019-09-19,19,9,2019,38
2019-09-20,37.65,33.89,68.63,38.81,2019-09-20,20,9,2019,38
2019-09-21,37.63,33.87,68.2,38.92,2019-09-21,21,9,2019,38
2019-09-22,37.61,33.85,67.77,39.04,2019-09-22,22,9,2019,38
2019-09-23,37.59,33.84,67.35,39.15,2019-09-23,23,9,2019,39
2019-09-24,37.57,33.82,66.92,39.27,2019-09-24,24,9,2019,39
2019-09-25,37.56,33.8,66.5,39.38,2019-09-25,25,9,2019,39
2019-09-26,37.54,33.78,66.07,39.5,2019-09-26,26,9,2019,39
2019-09-27,37.52,33.76,65.64,39.61,2019-09-27,27,9,2019,39
2019-09-28,37.48,33.73,64.98,39.83,2019-09-28,28,9,2019,39
2019-09-29,37.45,33.7,64.31,40.06,2019-09-29,29,9,2019,39
2019-09-30,37.41,33.67,63.65,40.28,2019-09-30,30,9,2019,40
2019-10-01,37.38,33.64,62.98,40.5,2019-10-01,1,10,2019,40
2019-10-02,37.35,33.61,62.31,40.72,2019-10-02,2,10,2019,40
2019-10-03,37.31,33.58,61.65,40.94,2019-10-03,3,10,2019,40
2019-10-04,37.28,33.55,60.98,41.16,2019-10-04,4,10,2019,40
2019-10-05,37.25,33.52,60.75,41.44,2019-10-05,5,10,2019,40
2019-10-06,37.21,33.49,60.52,41.72,2019-10-06,6,10,2019,40
2019-10-07,37.18,33.46,60.29,42.0,2019-10-07,7,10,2019,41
2019-10-08,37.15,33.43,60.05,42.28,2019-10-08,8,10,2019,41
2019-10-09,37.11,33.4,59.82,42.57,2019-10-09,9,10,2019,41
2019-10-10,37.08,33.37,59.59,42.85,2019-10-10,10,10,2019,41
2019-10-11,37.05,33.34,59.36,43.13,2019-10-11,11,10,2019,41
2019-10-12,37.03,33.32,60.23,43.43,2019-10-12,12,10,2019,41
2019-10-13,37.01,33.31,61.1,43.73,2019-10-13,13,10,2019,41
2019-10-14,36.99,33.29,61.97,44.03,2019-10-14,14,10,2019,42
2019-10-15,36.97,33.28,62.84,44.33,2019-10-15,15,10,2019,42
2019-10-16,36.95,33.26,63.71,44.64,2019-10-16,16,10,2019,42
2019-10-17,36.94,33.24,64.58,44.94,2019-10-17,17,10,2019,42
2019-10-18,36.92,33.23,65.46,45.24,2019-10-18,18,10,2019,42
2019-10-19,36.92,33.23,67.69,45.53,2019-10-19,19,10,2019,42
2019-10-20,36.92,33.23,69.92,45.82,2019-10-20,20,10,2019,42
2019-10-21,36.92,33.23,72.15,46.11,2019-10-21,21,10,2019,43
2019-10-22,36.92,33.23,74.39,46.4,2019-10-22,22,10,2019,43
2019-10-23,36.92,33.23,76.62,46.7,2019-10-23,23,10,2019,43
2019-10-24,36.92,33.23,78.85,46.99,2019-10-24,24,10,2019,43
2019-10-25,36.93,33.23,81.08,47.28,2019-10-25,25,10,2019,43
2019-10-26,36.93,33.24,84.17,47.56,2019-10-26,26,10,2019,43
2019-10-27,36.94,33.25,87.25,47.84,2019-10-27,27,10,2019,43
2019-10-28,36.95,33.25,90.34,48.13,2019-10-28,28,10,2019,44
2019-10-29,36.95,33.26,93.42,48.41,2019-10-29,29,10,2019,44
2019-10-30,36.96,33.26,96.51,48.69,2019-10-30,30,10,2019,44
2019-10-31,36.97,33.27,99.59,48.97,2019-10-31,31,10,2019,44
2019-11-01,36.97,33.28,102.68,49.25,2019-11-01,1,11,2019,44
2019-11-02,36.97,33.27,106.02,49.53,2019-11-02,2,11,2019,44
2019-11-03,36.96,33.27,109.37,49.8,2019-11-03,3,11,2019,44
2019-11-04,36.96,33.26,112.71,50.08,2019-11-04,4,11,2019,45
2019-11-05,36.96,33.26,116.05,50.35,2019-11-05,5,11,2019,45
2019-11-06,36.95,33.26,119.4,50.63,2019-11-06,6,11,2019,45
2019-11-07,36.95,33.25,122.74,50.9,2019-11-07,7,11,2019,45
2019-11-08,36.94,33.25,126.09,51.18,2019-11-08,8,11,2019,45
2019-11-09,36.91,33.22,129.1,51.45,2019-11-09,9,11,2019,45
2019-11-10,36.88,33.19,132.11,51.72,2019-11-10,10,11,2019,45
2019-11-11,36.85,33.16,135.12,51.99,2019-11-11,11,11,2019,46
2019-11-12,36.82,33.14,138.13,52.26,2019-11-12,12,11,2019,46
2019-11-13,36.79,33.11,141.14,52.53,2019-11-13,13,11,2019,46
2019-11-14,36.76,33.08,144.15,52.8,2019-11-14,14,11,2019,46
2019-11-15,36.72,33.05,147.16,53.08,2019-11-15,15,11,2019,46
2019-11-16,36.65,32.99,149.35,53.34,2019-11-16,16,11,2019,46
2019-11-17,36.59,32.93,151.54,53.6,2019-11-17,17,11,2019,46
2019-11-18,36.52,32.86,153.72,53.87,2019-11-18,18,11,2019,47
2019-11-19,36.45,32.8,155.91,54.13,2019-11-19,19,11,2019,47
2019-11-20,36.38,32.74,158.1,54.4,2019-11-20,20,11,2019,47
2019-11-21,36.31,32.68,160.29,54.66,2019-11-21,21,11,2019,47
2019-11-22,36.24,32.61,162.47,54.93,2019-11-22,22,11,2019,47
2019-11-23,36.15,32.53,163.89,55.16,2019-11-23,23,11,2019,47
2019-11-24,36.05,32.45,165.3,55.39,2019-11-24,24,11,2019,47
2019-11-25,35.96,32.36,166.72,55.63,2019-11-25,25,11,2019,48
2019-11-26,35.87,32.28,168.13,55.86,2019-11-26,26,11,2019,48
2019-11-27,35.78,32.2,169.55,56.09,2019-11-27,27,11,2019,48
2019-11-28,35.68,32.11,170.96,56.32,2019-11-28,28,11,2019,48
2019-11-29,35.59,32.03,172.38,56.56,2019-11-29,29,11,2019,48
2019-11-30,35.5,31.95,173.25,56.72,2019-11-30,30,11,2019,48
2019-12-01,35.41,31.87,174.12,56.89,2019-12-01,1,12,2019,48
2019-12-02,35.32,31.78,174.99,57.06,2019-12-02,2,12,2019,49
2019-12-03,35.22,31.7,175.86,57.23,2019-12-03,3,12,2019,49
2019-12-04,35.13,31.62,176.73,57.4,2019-12-04,4,12,2019,49
2019-12-05,35.04,31.54,177.6,57.56,2019-12-05,5,12,2019,49
2019-12-06,34.95,31.46,178.47,57.73,2019-12-06,6,12,2019,49
2019-12-07,34.88,31.4,179.02,57.8,2019-12-07,7,12,2019,49
2019-12-08,34.82,31.34,179.58,57.87,2019-12-08,8,12,2019,49
2019-12-09,34.75,31.28,180.13,57.94,2019-12-09,9,12,2019,50
2019-12-10,34.68,31.22,180.68,58.01,2019-12-10,10,12,2019,50
2019-12-11,34.62,31.16,181.24,58.08,2019-12-11,11,12,2019,50
2019-12-12,34.55,31.1,181.79,58.15,2019-12-12,12,12,2019,50
2019-12-13,34.48,31.04,182.35,58.22,2019-12-13,13,12,2019,50
2019-12-14,34.46,31.02,182.81,58.16,2019-12-14,14,12,2019,50
2019-12-15,34.45,31.0,183.28,58.1,2019-12-15,15,12,2019,50
2019-12-16,34.43,30.98,183.74,58.04,2019-12-16,16,12,2019,51
2019-12-17,34.41,30.97,184.21,57.98,2019-12-17,17,12,2019,51
2019-12-18,34.39,30.95,184.68,57.92,2019-12-18,18,12,2019,51
2019-12-19,34.37,30.93,185.14,57.86,2019-12-19,19,12,2019,51
2019-12-20,34.35,30.91,185.61,57.8,2019-12-20,20,12,2019,51
2019-12-21,34.38,30.94,186.22,57.65,2019-12-21,21,12,2019,51
2019-12-22,34.4,30.96,186.84,57.5,2019-12-22,22,12,2019,51
2019-12-23,34.43,30.99,187.45,57.35,2019-12-23,23,12,2019,52
2019-12-24,34.45,31.01,188.06,57.2,2019-12-24,24,12,2019,52
2019-12-25,34.48,31.03,188.68,57.05,2019-12-25,25,12,2019,52
2019-12-26,34.51,31.06,189.29,56.9,2019-12-26,26,12,2019,52
2019-12-27,34.53,31.08,189.9,56.75,2019-12-27,27,12,2019,52
2019-12-28,34.58,31.12,190.91,56.6,2019-12-28,28,12,2019,52
2019-12-29,34.63,31.17,191.91,56.46,2019-12-29,29,12,2019,52
2019-12-30,34.68,31.21,192.92,56.31,2019-12-30,30,12,2019,1
2019-12-31,34.73,31.25,193.92,56.17,2019-12-31,31,12,2019,1
2020-01-01,34.78,31.3,194.92,56.02,2020-01-01,1,1,2020,1
2020-01-02,34.82,31.34,195.93,55.87,2020-01-02,2,1,2020,1
2020-01-03,34.87,31.38,196.93,55.73,2020-01-03,3,1,2020,1
2020-01-04,34.92,31.43,198.57,55.68,2020-01-04,4,1,2020,1
2020-01-05,34.96,31.47,200.2,55.64,2020-01-05,5,1,2020,1
2020-01-06,35.01,31.51,201.84,55.59,2020-01-06,6,1,2020,2
2020-01-07,35.06,31.55,203.47,55.55,2020-01-07,7,1,2020,2
2020-01-08,35.1,31.59,205.11,55.5,2020-01-08,8,1,2020,2
2020-01-09,35.15,31.63,206.74,55.46,2020-01-09,9,1,2020,2
2020-01-10,35.19,31.68,208.38,55.41,2020-01-10,10,1,2020,2
2020-01-11,35.21,31.69,210.89,55.56,2020-01-11,11,1,2020,2
2020-01-12,35.23,31.71,213.39,55.72,2020-01-12,12,1,2020,2
2020-01-13,35.25,31.73,215.9,55.87,2020-01-13,13,1,2020,3
2020-01-14,35.27,31.75,218.41,56.02,2020-01-14,14,1,2020,3
2020-01-15,35.29,31.76,220.92,56.17,2020-01-15,15,1,2020,3
2020-01-16,35.31,31.78,223.43,56.33,2020-01-16,16,1,2020,3
2020-01-17,35.33,31.8,225.93,56.48,2020-01-17,17,1,2020,3
2020-01-18,35.31,31.78,229.19,56.86,2020-01-18,18,1,2020,3
2020-01-19,35.3,31.77,232.44,57.24,2020-01-19,19,1,2020,3
2020-01-20,35.28,31.75,235.69,57.62,2020-01-20,20,1,2020,4
2020-01-21,35.26,31.73,238.95,58.0,2020-01-21,21,1,2020,4
2020-01-22,35.24,31.71,242.2,58.38,2020-01-22,22,1,2020,4
2020-01-23,35.22,31.7,245.45,58.77,2020-01-23,23,1,2020,4
2020-01-24,35.2,31.68,248.71,59.15,2020-01-24,24,1,2020,4
2020-01-25,35.15,31.64,251.75,59.64,2020-01-25,25,1,2020,4
2020-01-26,35.11,31.6,254.79,60.13,2020-01-26,26,1,2020,4
2020-01-27,35.06,31.56,257.84,60.62,2020-01-27,27,1,2020,5
2020-01-28,35.02,31.52,260.88,61.11,2020-01-28,28,1,2020,5
2020-01-29,34.97,31.48,263.93,61.6,2020-01-29,29,1,2020,5
2020-01-30,34.93,31.43,266.97,62.1,2020-01-30,30,1,2020,5
2020-01-31,34.88,31.39,270.01,62.59,2020-01-31,31,1,2020,5
2020-02-01,34.83,31.34,271.78,63.05,2020-02-01,1,2,2020,5
2020-02-02,34.77,31.29,273.54,63.51,2020-02-02,2,2,2020,5
2020-02-03,34.72,31.24,275.31,63.98,2020-02-03,3,2,2020,6
2020-02-04,34.66,31.19,277.07,64.44,2020-02-04,4,2,2020,6
2020-02-05,34.61,31.14,278.84,64.9,2020-02-05,5,2,2020,6
2020-02-06,34.55,31.1,280.61,65.37,2020-02-06,6,2,2020,6
2020-02-07,34.49,31.05,282.37,65.83,2020-02-07,7,2,2020,6
2020-02-08,34.45,31.0,281.79,66.13,2020-02-08,8,2,2020,6
2020-02-09,34.4,30.96,281.21,66.43,2020-02-09,9,2,2020,6
2020-02-10,34.35,30.91,280.63,66.72,2020-02-10,10,2,2020,7
2020-02-11,34.3,30.87,280.05,67.02,2020-02-11,11,2,2020,7
2020-02-12,34.25,30.82,279.46,67.32,2020-02-12,12,2,2020,7
2020-02-13,34.2,30.78,278.88,67.61,2020-02-13,13,2,2020,7
2020-02-14,34.15,30.74,278.3,67.91,2020-02-14,14,2,2020,7
2020-02-15,34.12,30.71,274.55,67.93,2020-02-15,15,2,2020,7
2020-02-16,34.09,30.68,270.79,67.94,2020-02-16,16,2,2020,7
2020-02-17,34.06,30.66,267.03,67.96,2020-02-17,17,2,2020,8
2020-02-18,34.04,30.63,263.28,67.98,2020-02-18,18,2,2020,8
2020-02-19,34.01,30.61,259.52,67.99,2020-02-19,19,2,2020,8
2020-02-20,33.98,30.58,255.77,68.01,2020-02-20,20,2,2020,8
2020-02-21,33.95,30.55,252.01,68.02,2020-02-21,21,2,2020,8
2020-02-22,33.94,30.55,245.82,67.81,2020-02-22,22,2,2020,8
2020-02-23,33.93,30.54,239.63,67.59,2020-02-23,23,2,2020,8
2020-02-24,33.92,30.53,233.44,67.38,2020-02-24,24,2,2020,9
2020-02-25,33.91,30.52,227.25,67.16,2020-02-25,25,2,2020,9
2020-02-26,33.9,30.51,221.07,66.95,2020-02-26,26,2,2020,9
2020-02-27,33.89,30.5,214.88,66.73,2020-02-27,27,2,2020,9
2020-02-28,33.88,30.5,208.69,66.51,2020-02-28,28,2,2020,9
2020-02-29,33.89,30.5,201.43,66.18,2020-02-29,29,2,2020,9
2020-03-01,33.89,30.5,194.18,65.84,2020-03-01,1,3,2020,9
2020-03-02,33.89,30.51,186.93,65.51,2020-03-02,2,3,2020,10
2020-03-03,33.9,30.51,179.67,65.17,2020-03-03,3,3,2020,10
2020-03-04,33.9,30.51,172.42,64.84,2020-03-04,4,3,2020,10
2020-03-05,33.91,30.52,165.16,64.5,2020-03-05,5,3,2020,10
2020-03-06,33.91,30.52,157.91,64.17,2020-03-06,6,3,2020,10
2020-03-07,33.92,30.53,150.96,63.83,2020-03-07,7,3,2020,10
2020-03-08,33.93,30.54,144.01,63.48,2020-03-08,8,3,2020,10
2020-03-09,33.94,30.55,137.07,63.14,2020-03-09,9,3,2020,11
2020-03-10,33.95,30.55,130.12,62.8,2020-03-10,10,3,2020,11
2020-03-11,33.96,30.56,123.17,62.46,2020-03-11,11,3,2020,11
2020-03-12,33.97,30.57,116.22,62.12,2020-03-12,12,3,2020,11
2020-03-13,33.98,30.58,109.27,61.77,2020-03-13,13,3,2020,11
2020-03-14,33.99,30.59,103.96,61.54,2020-03-14,14,3,2020,11
2020-03-15,34.0,30.6,98.65,61.3,2020-03-15,15,3,2020,11
2020-03-16,34.01,30.61,93.35,61.06,2020-03-16,16,3,2020,12
2020-03-17,34.02,30.62,88.04,60.82,2020-03-17,17,3,2020,12
2020-03-18,34.03,30.63,82.73,60.58,2020-03-18,18,3,2020,12
2020-03-19,34.04,30.63,77.42,60.34,2020-03-19,19,3,2020,12
2020-03-20,34.05,30.64,72.11,60.11,2020-03-20,20,3,2020,12
2020-03-21,34.05,30.65,68.89,60.0,2020-03-21,21,3,2020,12
2020-03-22,34.05,30.65,65.67,59.9,2020-03-22,22,3,2020,12
2020-03-23,34.06,30.65,62.45,59.79,2020-03-23,23,3,2020,13
2020-03-24,34.06,30.65,59.23,59.69,2020-03-24,24,3,2020,13
2020-03-25,34.06,30.66,56.0,59.58,2020-03-25,25,3,2020,13
2020-03-26,34.06,30.66,52.78,59.48,2020-03-26,26,3,2020,13
2020-03-27,34.07,30.66,49.56,59.37,2020-03-27,27,3,2020,13
2020-03-28,34.06,30.65,47.84,59.35,2020-03-28,28,3,2020,13
2020-03-29,34.04,30.64,46.12,59.32,2020-03-29,29,3,2020,13
2020-03-30,34.03,30.63,44.39,59.3,2020-03-30,30,3,2020,14
2020-03-31,34.02,30.62,42.67,59.27,2020-03-31,31,3,2020,14
2020-04-01,34.01,30.61,40.95,59.25,2020-04-01,1,4,2020,14
2020-04-02,34.0,30.6,39.22,59.22,2020-04-02,2,4,2020,14
2020-04-03,33.98,30.59,37.5,59.2,2020-04-03,3,4,2020,14
2020-04-04,33.95,30.56,36.69,59.2,2020-04-04,4,4,2020,14
2020-04-05,33.92,30.53,35.89,59.2,2020-04-05,5,4,2020,14
2020-04-06,33.88,30.5,35.08,59.2,2020-04-06,6,4,2020,15
2020-04-07,33.85,30.47,34.27,59.2,2020-04-07,7,4,2020,15
2020-04-08,33.82,30.44,33.47,59.2,2020-04-08,8,4,2020,15
2020-04-09,33.78,30.41,32.66,59.2,2020-04-09,9,4,2020,15
2020-04-10,33.75,30.38,31.86,59.2,2020-04-10,10,4,2020,15
2020-04-11,33.69,30.32,31.44,59.17,2020-04-11,11,4,2020,15
2020-04-12,33.63,30.26,31.02,59.13,2020-04-12,12,4,2020,15
2020-04-13,33.56,30.21,30.6,59.1,2020-04-13,13,4,2020,16
2020-04-14,33.5,30.15,30.18,59.07,2020-04-14,14,4,2020,16
2020-04-15,33.44,30.09,29.76,59.03,2020-04-15,15,4,2020,16
2020-04-16,33.38,30.04,29.34,59.0,2020-04-16,16,4,2020,16
2020-04-17,33.31,29.98,28.92,58.97,2020-04-17,17,4,2020,16
2020-04-18,33.22,29.9,28.5,58.87,2020-04-18,18,4,2020,16
2020-04-19,33.13,29.82,28.07,58.77,2020-04-19,19,4,2020,16
2020-04-20,33.04,29.73,27.65,58.67,2020-04-20,20,4,2020,17
2020-04-21,32.94,29.65,27.23,58.57,2020-04-21,21,4,2020,17
2020-04-22,32.85,29.57,26.81,58.48,2020-04-22,22,4,2020,17
2020-04-23,32.76,29.48,26.39,58.38,2020-04-23,23,4,2020,17
2020-04-24,32.67,29.4,25.96,58.28,2020-04-24,24,4,2020,17
2020-04-25,32.56,29.31,25.71,58.15,2020-04-25,25,4,2020,17
2020-04-26,32.46,29.21,25.45,58.02,2020-04-26,26,4,2020,17
2020-04-27,32.35,29.12,25.19,57.89,2020-04-27,27,4,2020,18
2020-04-28,32.24,29.02,24.94,57.75,2020-04-28,28,4,2020,18
2020-04-29,32.14,28.93,24.68,57.62,2020-04-29,29,4,2020,18
2020-04-30,32.03,28.83,24.43,57.49,2020-04-30,30,4,2020,18
2020-05-01,31.93,28.73,24.17,57.36,2020-05-01,1,5,2020,18
2020-05-02,31.83,28.65,24.19,57.24,2020-05-02,2,5,2020,18
2020-05-03,31.73,28.56,24.22,57.12,2020-05-03,3,5,2020,18
2020-05-04,31.63,28.47,24.24,57.0,2020-05-04,4,5,2020,19
2020-05-05,31.53,28.38,24.26,56.88,2020-05-05,5,5,2020,19
2020-05-06,31.43,28.29,24.29,56.76,2020-05-06,6,5,2020,19
2020-05-07,31.33,28.2,24.31,56.64,2020-05-07,7,5,2020,19
2020-05-08,31.23,28.11,24.34,56.52,2020-05-08,8,5,2020,19
2020-05-09,31.16,28.04,24.92,56.46,2020-05-09,9,5,2020,19
2020-05-10,31.08,27.97,25.51,56.39,2020-05-10,10,5,2020,19
2020-05-11,31.01,27.91,26.09,56.33,2020-05-11,11,5,2020,20
2020-05-12,30.93,27.84,26.68,56.26,2020-05-12,12,5,2020,20
2020-05-13,30.86,27.77,27.26,56.2,2020-05-13,13,5,2020,20
2020-05-14,30.79,27.71,27.84,56.13,2020-05-14,14,5,2020,20
2020-05-15,30.71,27.64,28.43,56.07,2020-05-15,15,5,2020,20
2020-05-16,30.68,27.61,29.82,56.09,2020-05-16,16,5,2020,20
2020-05-17,30.65,27.58,31.2,56.12,2020-05-17,17,5,2020,20
2020-05-18,30.61,27.55,32.59,56.15,2020-05-18,18,5,2020,21
2020-05-19,30.58,27.52,33.98,56.17,2020-05-19,19,5,2020,21
2020-05-20,30.55,27.5,35.37,56.2,2020-05-20,20,5,2020,21
2020-05-21,30.52,27.47,36.76,56.23,2020-05-21,21,5,2020,21
2020-05-22,30.49,27.44,38.14,56.25,2020-05-22,22,5,2020,21
2020-05-23,30.49,27.44,39.94,56.34,2020-05-23,23,5,2020,21
2020-05-24,30.49,27.45,41.73,56.44,2020-05-24,24,5,2020,21
2020-05-25,30.5,27.45,43.53,56.53,2020-05-25,25,5,2020,22
2020-05-26,30.5,27.45,45.33,56.62,2020-05-26,26,5,2020,22
2020-05-27,30.51,27.46,47.12,56.72,2020-05-27,27,5,2020,22
2020-05-28,30.51,27.46,48.92,56.81,2020-05-28,28,5,2020,22
2020-05-29,30.52,27.46,50.71,56.9,2020-05-29,29,5,2020,22
2020-05-30,30.54,27.49,52.32,57.0,2020-05-30,30,5,2020,22
2020-05-31,30.56,27.51,53.92,57.11,2020-05-31,31,5,2020,22
2020-06-01,30.59,27.53,55.53,57.21,2020-06-01,1,6,2020,23
2020-06-02,30.61,27.55,57.13,57.32,2020-06-02,2,6,2020,23
2020-06-03,30.63,27.57,58.74,57.42,2020-06-03,3,6,2020,23
2020-06-04,30.66,27.59,60.34,57.52,2020-06-04,4,6,2020,23
2020-06-05,30.68,27.61,61.95,57.63,2020-06-05,5,6,2020,23
2020-06-06,30.71,27.64,62.76,57.69,2020-06-06,6,6,2020,23
2020-06-07,30.73,27.66,63.57,57.75,2020-06-07,7,6,2020,23
2020-06-08,30.76,27.68,64.38,57.8,2020-06-08,8,6,2020,24
2020-06-09,30.79,27.71,65.19,57.86,2020-06-09,9,6,2020,24
2020-06-10,30.81,27.73,66.01,57.92,2020-06-10,10,6,2020,24
2020-06-11,30.84,27.76,66.82,57.98,2020-06-11,11,6,2020,24
2020-06-12,30.87,27.78,67.63,58.04,2020-06-12,12,6,2020,24
2020-06-13,30.88,27.79,67.07,58.0,2020-06-13,13,6,2020,24
2020-06-14,30.89,27.8,66.51,57.96,2020-06-14,14,6,2020,24
2020-06-15,30.9,27.81,65.94,57.92,2020-06-15,15,6,2020,25
2020-06-16,30.91,27.82,65.38,57.89,2020-06-16,16,6,2020,25
2020-06-17,30.93,27.83,64.82,57.85,2020-06-17,17,6,2020,25
2020-06-18,30.94,27.84,64.26,57.81,2020-06-18,18,6,2020,25
2020-06-19,30.95,27.86,63.69,57.77,2020-06-19,19,6,2020,25
2020-06-20,30.95,27.85,61.79,57.62,2020-06-20,20,6,2020,25
2020-06-21,30.94,27.85,59.89,57.47,2020-06-21,21,6,2020,25
2020-06-22,30.94,27.84,57.99,57.32,2020-06-22,22,6,2020,26
2020-06-23,30.93,27.84,56.09,57.17,2020-06-23,23,6,2020,26
2020-06-24,30.92,27.83,54.19,57.01,2020-06-24,24,6,2020,26
2020-06-25,30.92,27.83,52.29,56.86,2020-06-25,25,6,2020,26
2020-06-26,30.91,27.82,50.39,56.71,2020-06-26,26,6,2020,26
2020-06-27,30.9,27.81,47.94,56.49,2020-06-27,27,6,2020,26
2020-06-28,30.89,27.8,45.48,56.26,2020-06-28,28,6,2020,26
2020-06-29,30.88,27.8,43.02,56.04,2020-06-29,29,6,2020,27
2020-06-30,30.87,27.79,40.56,55.82,2020-06-30,30,6,2020,27
2020-07-01,30.86,27.78,38.1,55.59,2020-07-01,1,7,2020,27
2020-07-02,30.85,27.77,35.64,55.37,2020-07-02,2,7,2020,27
2020-07-03,30.84,27.76,33.18,55.14,2020-07-03,3,7,2020,27
2020-07-04,30.84,27.76,31.01,54.88,2020-07-04,4,7,2020,27
2020-07-05,30.84,27.76,28.84,54.63,2020-07-05,5,7,2020,27
2020-07-06,30.84,27.76,26.66,54.37,2020-07-06,6,7,2020,28
2020-07-07,30.84,27.76,24.49,54.11,2020-07-07,7,7,2020,28
2020-07-08,30.84,27.75,22.32,53.86,2020-07-08,8,7,2020,28
2020-07-09,30.84,27.75,20.14,53.6,2020-07-09,9,7,2020,28
2020-07-10,30.84,27.75,17.97,53.34,2020-07-10,10,7,2020,28
2020-07-11,30.86,27.77,16.93,53.09,2020-07-11,11,7,2020,28
2020-07-12,30.88,27.79,15.89,52.85,2020-07-12,12,7,2020,28
2020-07-13,30.9,27.81,14.85,52.6,2020-07-13,13,7,2020,29
2020-07-14,30.92,27.83,13.81,52.35,2020-07-14,14,7,2020,29
2020-07-15,30.94,27.85,12.77,52.1,2020-07-15,15,7,2020,29
2020-07-16,30.97,27.87,11.72,51.85,2020-07-16,16,7,2020,29
2020-07-17,30.99,27.89,10.68,51.6,2020-07-17,17,7,2020,29
2020-07-18,31.04,27.94,11.32,51.39,2020-07-18,18,7,2020,29
2020-07-19,31.1,27.99,11.97,51.18,2020-07-19,19,7,2020,29
2020-07-20,31.15,28.04,12.61,50.97,2020-07-20,20,7,2020,30
2020-07-21,31.21,28.08,13.25,50.75,2020-07-21,21,7,2020,30
2020-07-22,31.26,28.13,13.89,50.54,2020-07-22,22,7,2020,30
2020-07-23,31.31,28.18,14.53,50.33,2020-07-23,23,7,2020,30
2020-07-24,31.37,28.23,15.17,50.12,2020-07-24,24,7,2020,30
2020-07-25,31.46,28.31,16.82,49.92,2020-07-25,25,7,2020,30
2020-07-26,31.54,28.39,18.47,49.73,2020-07-26,26,7,2020,30
2020-07-27,31.63,28.47,20.12,49.53,2020-07-27,27,7,2020,31
2020-07-28,31.72,28.55,21.77,49.34,2020-07-28,28,7,2020,31
2020-07-29,31.81,28.62,23.42,49.14,2020-07-29,29,7,2020,31
2020-07-30,31.89,28.7,25.06,48.95,2020-07-30,30,7,2020,31
2020-07-31,31.98,28.78,26.71,48.75,2020-07-31,31,7,2020,31
2020-08-01,32.1,28.89,28.56,48.55,2020-08-01,1,8,2020,31
2020-08-02,32.21,28.99,30.4,48.34,2020-08-02,2,8,2020,31
2020-08-03,32.33,29.1,32.25,48.14,2020-08-03,3,8,2020,32
2020-08-04,32.45,29.2,34.09,47.93,2020-08-04,4,8,2020,32
2020-08-05,32.56,29.31,35.94,47.73,2020-08-05,5,8,2020,32
2020-08-06,32.68,29.41,37.78,47.52,2020-08-06,6,8,2020,32
2020-08-07,32.8,29.52,39.63,47.31,2020-08-07,7,8,2020,32
2020-08-08,32.94,29.65,40.83,47.07,2020-08-08,8,8,2020,32
2020-08-09,33.09,29.78,42.03,46.82,2020-08-09,9,8,2020,32
2020-08-10,33.23,29.91,43.24,46.58,2020-08-10,10,8,2020,33
2020-08-11,33.37,30.04,44.44,46.33,2020-08-11,11,8,2020,33
2020-08-12,33.52,30.17,45.64,46.09,2020-08-12,12,8,2020,33
2020-08-13,33.66,30.29,46.84,45.84,2020-08-13,13,8,2020,33
2020-08-14,33.8,30.42,48.04,45.6,2020-08-14,14,8,2020,33
2020-08-15,33.97,30.57,47.88,45.29,2020-08-15,15,8,2020,33
2020-08-16,34.14,30.73,47.71,44.98,2020-08-16,16,8,2020,33
2020-08-17,34.31,30.88,47.54,44.67,2020-08-17,17,8,2020,34
2020-08-18,34.47,31.03,47.38,44.36,2020-08-18,18,8,2020,34
2020-08-19,34.64,31.18,47.21,44.05,2020-08-19,19,8,2020,34
2020-08-20,34.81,31.33,47.05,43.75,2020-08-20,20,8,2020,34
2020-08-21,34.98,31.48,46.88,43.44,2020-08-21,21,8,2020,34
2020-08-22,35.16,31.64,45.69,43.08,2020-08-22,22,8,2020,34
2020-08-23,35.34,31.8,44.49,42.73,2020-08-23,23,8,2020,34
2020-08-24,35.52,31.97,43.3,42.38,2020-08-24,24,8,2020,35
2020-08-25,35.7,32.13,42.11,42.03,2020-08-25,25,8,2020,35
2020-08-26,35.88,32.29,40.92,41.67,2020-08-26,26,8,2020,35
2020-08-27,36.06,32.45,39.72,41.32,2020-08-27,27,8,2020,35
2020-08-28,36.24,32.62,38.53,40.97,2020-08-28,28,8,2020,35
2020-08-29,36.42,32.78,36.94,40.62,2020-08-29,29,8,2020,35
2020-08-30,36.6,32.94,35.35,40.27,2020-08-30,30,8,2020,35
2020-08-31,36.78,33.1,33.76,39.92,2020-08-31,31,8,2020,36
2020-09-01,36.96,33.26,32.17,39.57,2020-09-01,1,9,2020,36
2020-09-02,37.14,33.43,30.58,39.22,2020-09-02,2,9,2020,36
2020-09-03,37.32,33.59,28.99,38.87,2020-09-03,3,9,2020,36
2020-09-04,37.5,33.75,27.4,38.52,2020-09-04,4,9,2020,36
2020-09-05,37.66,33.9,26.09,38.21,2020-09-05,5,9,2020,36
2020-09-06,37.83,34.05,24.78,37.91,2020-09-06,6,9,2020,36
2020-09-07,37.99,34.2,23.46,37.61,2020-09-07,7,9,2020,37
2020-09-08,38.16,34.34,22.15,37.31,2020-09-08,8,9,2020,37
2020-09-09,38.33,34.49,20.84,37.0,2020-09-09,9,9,2020,37
2020-09-10,38.49,34.64,19.53,36.7,2020-09-10,10,9,2020,37
2020-09-11,38.66,34.79,18.21,36.4,2020-09-11,11,9,2020,37
2020-09-12,38.79,34.91,18.2,36.19,2020-09-12,12,9,2020,37
2020-09-13,38.93,35.04,18.19,35.98,2020-09-13,13,9,2020,37
2020-09-14,39.06,35.16,18.18,35.77,2020-09-14,14,9,2020,38
2020-09-15,39.2,35.28,18.17,35.56,2020-09-15,15,9,2020,38
2020-09-16,39.34,35.4,18.15,35.35,2020-09-16,16,9,2020,38
2020-09-17,39.47,35.53,18.14,35.14,2020-09-17,17,9,2020,38
2020-09-18,39.61,35.65,18.13,34.93,2020-09-18,18,9,2020,38
2020-09-19,39.71,35.74,19.77,34.83,2020-09-19,19,9,2020,38
2020-09-20,39.8,35.82,21.41,34.73,2020-09-20,20,9,2020,38
2020-09-21,39.9,35.91,23.05,34.63,2020-09-21,21,9,2020,39
2020-09-22,40.0,36.0,24.68,34.53,2020-09-22,22,9,2020,39
2020-09-23,40.1,36.09,26.32,34.43,2020-09-23,23,9,2020,39
2020-09-24,40.19,36.17,27.96,34.33,2020-09-24,24,9,2020,39
2020-09-25,40.29,36.26,29.6,34.23,2020-09-25,25,9,2020,39
2020-09-26,40.35,36.31,32.03,34.22,2020-09-26,26,9,2020,39
2020-09-27,40.4,36.36,34.45,34.2,2020-09-27,27,9,2020,39
2020-09-28,40.45,36.41,36.88,34.18,2020-09-28,28,9,2020,40
2020-09-29,40.51,36.46,39.3,34.17,2020-09-29,29,9,2020,40
2020-09-30,40.56,36.51,41.73,34.15,2020-09-30,30,9,2020,40
2020-10-01,40.62,36.56,44.16,34.14,2020-10-01,1,10,2020,40
2020-10-02,40.67,36.6,46.58,34.12,2020-10-02,2,10,2020,40
2020-10-03,40.68,36.61,49.01,34.16,2020-10-03,3,10,2020,40
2020-10-04,40.69,36.62,51.43,34.2,2020-10-04,4,10,2020,40
2020-10-05,40.69,36.62,53.86,34.23,2020-10-05,5,10,2020,41
2020-10-06,40.7,36.63,56.28,34.27,2020-10-06,6,10,2020,41
2020-10-07,40.71,36.64,58.71,34.31,2020-10-07,7,10,2020,41
2020-10-08,40.71,36.64,61.13,34.35,2020-10-08,8,10,2020,41
2020-10-09,40.72,36.65,63.55,34.39,2020-10-09,9,10,2020,41
2020-10-10,40.68,36.61,65.18,34.45,2020-10-10,10,10,2020,41
2020-10-11,40.63,36.57,66.8,34.51,2020-10-11,11,10,2020,41
2020-10-12,40.59,36.53,68.43,34.58,2020-10-12,12,10,2020,42
2020-10-13,40.55,36.49,70.05,34.64,2020-10-13,13,10,2020,42
2020-10-14,40.5,36.45,71.68,34.7,2020-10-14,14,10,2020,42
2020-10-15,40.46,36.41,73.3,34.76,2020-10-15,15,10,2020,42
2020-10-16,40.41,36.37,74.93,34.83,2020-10-16,16,10,2020,42
2020-10-17,40.32,36.29,75.25,34.9,2020-10-17,17,10,2020,42
2020-10-18,40.22,36.2,75.56,34.97,2020-10-18,18,10,2020,42
2020-10-19,40.13,36.12,75.88,35.04,2020-10-19,19,10,2020,43
2020-10-20,40.04,36.03,76.2,35.11,2020-10-20,20,10,2020,43
2020-10-21,39.94,35.95,76.51,35.18,2020-10-21,21,10,2020,43
2020-10-22,39.85,35.86,76.83,35.26,2020-10-22,22,10,2020,43
2020-10-23,39.75,35.78,77.15,35.33,2020-10-23,23,10,2020,43
2020-10-24,39.62,35.66,76.84,35.45,2020-10-24,24,10,2020,43
2020-10-25,39.5,35.55,76.53,35.57,2020-10-25,25,10,2020,43
2020-10-26,39.37,35.43,76.22,35.7,2020-10-26,26,10,2020,44
2020-10-27,39.24,35.31,75.91,35.82,2020-10-27,27,10,2020,44
2020-10-28,39.11,35.2,75.6,35.94,2020-10-28,28,10,2020,44
2020-10-29,38.98,35.08,75.29,36.07,2020-10-29,29,10,2020,44
2020-10-30,38.85,34.97,74.98,36.19,2020-10-30,30,10,2020,44
2020-10-31,38.71,34.84,75.03,36.42,2020-10-31,31,10,2020,44
2020-11-01,38.57,34.72,75.08,36.65,2020-11-01,1,11,2020,44
2020-11-02,38.43,34.59,75.13,36.88,2020-11-02,2,11,2020,45
2020-11-03,38.29,34.46,75.18,37.12,2020-11-03,3,11,2020,45
2020-11-04,38.15,34.34,75.23,37.35,2020-11-04,4,11,2020,45
2020-11-05,38.01,34.21,75.28,37.58,2020-11-05,5,11,2020,45
2020-11-06,37.87,34.08,75.33,37.81,2020-11-06,6,11,2020,45
2020-11-07,37.74,33.97,76.73,38.21,2020-11-07,7,11,2020,45
2020-11-08,37.61,33.85,78.13,38.61,2020-11-08,8,11,2020,45
2020-11-09,37.48,33.73,79.53,39.01,2020-11-09,9,11,2020,46
2020-11-10,37.35,33.61,80.92,39.41,2020-11-10,10,11,2020,46
2020-11-11,37.21,33.49,82.32,39.8,2020-11-11,11,11,2020,46
2020-11-12,37.08,33.37,83.72,40.2,2020-11-12,12,11,2020,46
2020-11-13,36.95,33.26,85.12,40.6,2020-11-13,13,11,2020,46
2020-11-14,36.85,33.16,88.76,41.22,2020-11-14,14,11,2020,46
2020-11-15,36.75,33.07,92.4,41.83,2020-11-15,15,11,2020,46
2020-11-16,36.65,32.98,96.03,42.44,2020-11-16,16,11,2020,47
2020-11-17,36.54,32.89,99.67,43.06,2020-11-17,17,11,2020,47
2020-11-18,36.44,32.8,103.31,43.67,2020-11-18,18,11,2020,47
2020-11-19,36.34,32.7,106.95,44.29,2020-11-19,19,11,2020,47
2020-11-20,36.24,32.61,110.59,44.9,2020-11-20,20,11,2020,47
2020-11-21,36.17,32.55,116.07,45.68,2020-11-21,21,11,2020,47
2020-11-22,36.1,32.49,121.56,46.46,2020-11-22,22,11,2020,47
2020-11-23,36.03,32.42,127.05,47.24,2020-11-23,23,11,2020,48
2020-11-24,35.96,32.36,132.54,48.02,2020-11-24,24,11,2020,48
2020-11-25,35.89,32.3,138.02,48.8,2020-11-25,25,11,2020,48
2020-11-26,35.82,32.23,143.51,49.58,2020-11-26,26,11,2020,48
2020-11-27,35.75,32.17,149.0,50.36,2020-11-27,27,11,2020,48
2020-11-28,35.7,32.13,155.04,51.18,2020-11-28,28,11,2020,48
2020-11-29,35.65,32.09,161.08,52.0,2020-11-29,29,11,2020,48
2020-11-30,35.6,32.04,167.12,52.82,2020-11-30,30,11,2020,49
2020-12-01,35.56,32.0,173.17,53.65,2020-12-01,1,12,2020,49
2020-12-02,35.51,31.96,179.21,54.47,2020-12-02,2,12,2020,49
2020-12-03,35.46,31.91,185.25,55.29,2020-12-03,3,12,2020,49
2020-12-04,35.41,31.87,191.29,56.11,2020-12-04,4,12,2020,49
2020-12-05,35.38,31.84,196.58,56.85,2020-12-05,5,12,2020,49
2020-12-06,35.34,31.81,201.86,57.59,2020-12-06,6,12,2020,49
2020-12-07,35.31,31.78,207.15,58.33,2020-12-07,7,12,2020,50
2020-12-08,35.28,31.75,212.43,59.07,2020-12-08,8,12,2020,50
2020-12-09,35.24,31.72,217.72,59.81,2020-12-09,9,12,2020,50
2020-12-10,35.21,31.69,223.0,60.55,2020-12-10,10,12,2020,50
2020-12-11,35.17,31.65,228.28,61.29,2020-12-11,11,12,2020,50
2020-12-12,35.14,31.63,231.5,61.83,2020-12-12,12,12,2020,50
2020-12-13,35.11,31.6,234.72,62.36,2020-12-13,13,12,2020,50
2020-12-14,35.08,31.57,237.94,62.9,2020-12-14,14,12,2020,51
2020-12-15,35.05,31.54,241.16,63.43,2020-12-15,15,12,2020,51
2020-12-16,35.02,31.51,244.38,63.96,2020-12-16,16,12,2020,51
2020-12-17,34.98,31.49,247.6,64.5,2020-12-17,17,12,2020,51
2020-12-18,34.95,31.46,250.82,65.03,2020-12-18,18,12,2020,51
2020-12-19,34.92,31.43,251.36,65.3,2020-12-19,19,12,2020,51
2020-12-20,34.89,31.4,251.9,65.57,2020-12-20,20,12,2020,51
2020-12-21,34.85,31.37,252.43,65.83,2020-12-21,21,12,2020,52
2020-12-22,34.82,31.34,252.97,66.1,2020-12-22,22,12,2020,52
2020-12-23,34.79,31.31,253.5,66.37,2020-12-23,23,12,2020,52
2020-12-24,34.75,31.28,254.04,66.63,2020-12-24,24,12,2020,52
2020-12-25,34.72,31.25,254.58,66.9,2020-12-25,25,12,2020,52
2020-12-26,34.69,31.22,253.05,66.94,2020-12-26,26,12,2020,52
2020-12-27,34.66,31.19,251.52,66.99,2020-12-27,27,12,2020,52
2020-12-28,34.63,31.16,249.99,67.03,2020-12-28,28,12,2020,53
2020-12-29,34.6,31.14,248.46,67.08,2020-12-29,29,12,2020,53
2020-12-30,34.56,31.11,246.93,67.12,2020-12-30,30,12,2020,53
2020-12-31,34.53,31.08,245.4,67.17,2020-12-31,31,12,2020,53
2021-01-01,34.5,31.05,243.87,67.21,2021-01-01,1,1,2021,53
2021-01-02,34.48,31.03,241.03,67.09,2021-01-02,2,1,2021,53
2021-01-03,34.45,31.01,238.19,66.97,2021-01-03,3,1,2021,53
2021-01-04,34.43,30.98,235.34,66.86,2021-01-04,4,1,2021,1
2021-01-05,34.4,30.96,232.5,66.74,2021-01-05,5,1,2021,1
2021-01-06,34.37,30.94,229.65,66.62,2021-01-06,6,1,2021,1
2021-01-07,34.35,30.91,226.81,66.5,2021-01-07,7,1,2021,1
2021-01-08,34.32,30.89,223.96,66.38,2021-01-08,8,1,2021,1
2021-01-09,34.31,30.88,220.55,66.16,2021-01-09,9,1,2021,1
2021-01-10,34.29,30.86,217.14,65.94,2021-01-10,10,1,2021,1
2021-01-11,34.28,30.85,213.73,65.71,2021-01-11,11,1,2021,2
2021-01-12,34.26,30.83,210.32,65.49,2021-01-12,12,1,2021,2
2021-01-13,34.25,30.82,206.91,65.26,2021-01-13,13,1,2021,2
2021-01-14,34.23,30.81,203.5,65.04,2021-01-14,14,1,2021,2
2021-01-15,34.21,30.79,200.09,64.82,2021-01-15,15,1,2021,2
2021-01-16,34.21,30.79,196.79,64.55,2021-01-16,16,1,2021,2
2021-01-17,34.21,30.79,193.49,64.27,2021-01-17,17,1,2021,2
2021-01-18,34.21,30.79,190.2,64.0,2021-01-18,18,1,2021,3
2021-01-19,34.2,30.78,186.9,63.73,2021-01-19,19,1,2021,3
2021-01-20,34.2,30.78,183.6,63.46,2021-01-20,20,1,2021,3
2021-01-21,34.2,30.78,180.3,63.19,2021-01-21,21,1,2021,3
2021-01-22,34.2,30.78,177.0,62.92,2021-01-22,22,1,2021,3
2021-01-23,34.2,30.78,174.12,62.65,2021-01-23,23,1,2021,3
2021-01-24,34.21,30.79,171.25,62.38,2021-01-24,24,1,2021,3
2021-01-25,34.22,30.8,168.37,62.12,2021-01-25,25,1,2021,4
2021-01-26,34.23,30.81,165.49,61.85,2021-01-26,26,1,2021,4
2021-01-27,34.24,30.81,162.62,61.59,2021-01-27,27,1,2021,4
2021-01-28,34.24,30.82,159.74,61.32,2021-01-28,28,1,2021,4
2021-01-29,34.25,30.83,156.86,61.05,2021-01-29,29,1,2021,4
2021-01-30,34.27,30.84,154.6,60.84,2021-01-30,30,1,2021,4
2021-01-31,34.28,30.85,152.34,60.63,2021-01-31,31,1,2021,4
2021-02-01,34.29,30.86,150.08,60.42,2021-02-01,1,2,2021,5
2021-02-02,34.31,30.88,147.82,60.22,2021-02-02,2,2,2021,5
2021-02-03,34.32,30.89,145.56,60.01,2021-02-03,3,2,2021,5
2021-02-04,34.34,30.9,143.3,59.8,2021-02-04,4,2,2021,5
2021-02-05,34.35,30.91,141.04,59.59,2021-02-05,5,2,2021,5
2021-02-06,34.36,30.93,139.58,59.49,2021-02-06,6,2,2021,5
2021-02-07,34.38,30.94,138.13,59.39,2021-02-07,7,2,2021,5
2021-02-08,34.39,30.96,136.68,59.29,2021-02-08,8,2,2021,6
2021-02-09,34.41,30.97,135.23,59.18,2021-02-09,9,2,2021,6
2021-02-10,34.43,30.98,133.78,59.08,2021-02-10,10,2,2021,6
2021-02-11,34.44,31.0,132.33,58.98,2021-02-11,11,2,2021,6
2021-02-12,34.46,31.01,130.88,58.88,2021-02-12,12,2,2021,6
2021-02-13,34.47,31.02,130.4,58.94,2021-02-13,13,2,2021,6
2021-02-14,34.48,31.03,129.93,58.99,2021-02-14,14,2,2021,6
2021-02-15,34.49,31.04,129.46,59.05,2021-02-15,15,2,2021,7
2021-02-16,34.5,31.05,128.99,59.1,2021-02-16,16,2,2021,7
2021-02-17,34.52,31.07,128.52,59.16,2021-02-17,17,2,2021,7
2021-02-18,34.53,31.08,128.05,59.21,2021-02-18,18,2,2021,7
2021-02-19,34.54,31.09,127.57,59.27,2021-02-19,19,2,2021,7
2021-02-20,34.55,31.09,127.83,59.45,2021-02-20,20,2,2021,7
2021-02-21,34.55,31.1,128.09,59.64,2021-02-21,21,2,2021,7
2021-02-22,34.56,31.1,128.35,59.83,2021-02-22,22,2,2021,8
2021-02-23,34.56,31.11,128.6,60.01,2021-02-23,23,2,2021,8
2021-02-24,34.57,31.11,128.86,60.2,2021-02-24,24,2,2021,8
2021-02-25,34.57,31.11,129.12,60.39,2021-02-25,25,2,2021,8
2021-02-26,34.58,31.12,129.38,60.57,2021-02-26,26,2,2021,8
2021-02-27,34.57,31.11,129.76,60.8,2021-02-27,27,2,2021,8
2021-02-28,34.57,31.11,130.14,61.03,2021-02-28,28,2,2021,8
2021-03-01,34.56,31.1,130.52,61.27,2021-03-01,1,3,2021,9
2021-03-02,34.56,31.1,130.9,61.5,2021-03-02,2,3,2021,9
2021-03-03,34.55,31.09,131.28,61.73,2021-03-03,3,3,2021,9
2021-03-04,34.54,31.09,131.66,61.96,2021-03-04,4,3,2021,9
2021-03-05,34.54,31.08,132.05,62.19,2021-03-05,5,3,2021,9
2021-03-06,34.52,31.07,131.93,62.38,2021-03-06,6,3,2021,9
2021-03-07,34.5,31.05,131.82,62.57,2021-03-07,7,3,2021,9
2021-03-08,34.48,31.03,131.71,62.75,2021-03-08,8,3,2021,10
2021-03-09,34.46,31.01,131.6,62.94,2021-03-09,9,3,2021,10
2021-03-10,34.44,31.0,131.49,63.13,2021-03-10,10,3,2021,10
2021-03-11,34.42,30.98,131.38,63.32,2021-03-11,11,3,2021,10
2021-03-12,34.4,30.96,131.26,63.51,2021-03-12,12,3,2021,10
2021-03-13,34.36,30.93,130.04,63.56,2021-03-13,13,3,2021,10
2021-03-14,34.32,30.89,128.82,63.62,2021-03-14,14,3,2021,10
2021-03-15,34.29,30.86,127.61,63.68,2021-03-15,15,3,2021,11
2021-03-16,34.25,30.82,126.39,63.73,2021-03-16,16,3,2021,11
2021-03-17,34.21,30.79,125.17,63.79,2021-03-17,17,3,2021,11
2021-03-18,34.17,30.76,123.95,63.85,2021-03-18,18,3,2021,11
2021-03-19,34.14,30.72,122.73,63.9,2021-03-19,19,3,2021,11
2021-03-20,34.08,30.67,120.16,63.78,2021-03-20,20,3,2021,11
2021-03-21,34.02,30.62,117.59,63.66,2021-03-21,21,3,2021,11
2021-03-22,33.97,30.57,115.02,63.54,2021-03-22,22,3,2021,12
2021-03-23,33.91,30.52,112.45,63.42,2021-03-23,23,3,2021,12
2021-03-24,33.86,30.47,109.88,63.3,2021-03-24,24,3,2021,12
2021-03-25,33.8,30.42,107.31,63.18,2021-03-25,25,3,2021,12
2021-03-26,33.75,30.37,104.74,63.06,2021-03-26,26,3,2021,12
2021-03-27,33.68,30.31,101.39,62.81,2021-03-27,27,3,2021,12
2021-03-28,33.61,30.25,98.04,62.56,2021-03-28,28,3,2021,12
2021-03-29,33.55,30.19,94.69,62.31,2021-03-29,29,3,2021,13
2021-03-30,33.48,30.13,91.34,62.05,2021-03-30,30,3,2021,13
2021-03-31,33.42,30.08,87.99,61.8,2021-03-31,31,3,2021,13
2021-04-01,33.35,30.02,84.64,61.55,2021-04-01,1,4,2021,13
2021-04-02,33.29,29.96,81.28,61.3,2021-04-02,2,4,2021,13
2021-04-03,33.22,29.9,77.83,60.97,2021-04-03,3,4,2021,13
2021-04-04,33.15,29.84,74.38,60.64,2021-04-04,4,4,2021,13
2021-04-05,33.09,29.78,70.93,60.31,2021-04-05,5,4,2021,14
2021-04-06,33.02,29.72,67.48,59.99,2021-04-06,6,4,2021,14
2021-04-07,32.95,29.66,64.03,59.66,2021-04-07,7,4,2021,14
2021-04-08,32.89,29.6,60.57,59.33,2021-04-08,8,4,2021,14
2021-04-09,32.82,29.54,57.12,59.0,2021-04-09,9,4,2021,14
2021-04-10,32.76,29.48,54.25,58.66,2021-04-10,10,4,2021,14
2021-04-11,32.7,29.43,51.37,58.31,2021-04-11,11,4,2021,14
2021-04-12,32.64,29.38,48.49,57.97,2021-04-12,12,4,2021,15
2021-04-13,32.58,29.33,45.62,57.62,2021-04-13,13,4,2021,15
2021-04-14,32.53,29.27,42.74,57.28,2021-04-14,14,4,2021,15
2021-04-15,32.47,29.22,39.87,56.93,2021-04-15,15,4,2021,15
2021-04-16,32.41,29.17,36.99,56.59,2021-04-16,16,4,2021,15
2021-04-17,32.36,29.13,35.42,56.28,2021-04-17,17,4,2021,15
2021-04-18,32.32,29.09,33.84,55.97,2021-04-18,18,4,2021,15
2021-04-19,32.28,29.05,32.27,55.66,2021-04-19,19,4,2021,16
2021-04-20,32.23,29.01,30.69,55.35,2021-04-20,20,4,2021,16
2021-04-21,32.19,28.97,29.12,55.04,2021-04-21,21,4,2021,16
2021-04-22,32.15,28.93,27.54,54.73,2021-04-22,22,4,2021,16
2021-04-23,32.1,28.89,25.97,54.42,2021-04-23,23,4,2021,16
2021-04-24,32.07,28.87,25.42,54.18,2021-04-24,24,4,2021,16
2021-04-25,32.04,28.84,24.87,53.94,2021-04-25,25,4,2021,16
2021-04-26,32.01,28.81,24.32,53.7,2021-04-26,26,4,2021,17
2021-04-27,31.98,28.78,23.78,53.46,2021-04-27,27,4,2021,17
2021-04-28,31.95,28.76,23.23,53.22,2021-04-28,28,4,2021,17
2021-04-29,31.92,28.73,22.68,52.98,2021-04-29,29,4,2021,17
2021-04-30,31.89,28.7,22.13,52.74,2021-04-30,30,4,2021,17
2021-05-01,31.87,28.68,22.17,52.6,2021-05-01,1,5,2021,17
2021-05-02,31.85,28.66,22.21,52.45,2021-05-02,2,5,2021,17
2021-05-03,31.82,28.64,22.24,52.31,2021-05-03,3,5,2021,18
2021-05-04,31.8,28.62,22.28,52.17,2021-05-04,4,5,2021,18
2021-05-05,31.78,28.6,22.32,52.02,2021-05-05,5,5,2021,18
2021-05-06,31.75,28.58,22.35,51.88,2021-05-06,6,5,2021,18
2021-05-07,31.73,28.56,22.39,51.73,2021-05-07,7,5,2021,18
2021-05-08,31.71,28.54,22.79,51.71,2021-05-08,8,5,2021,18
2021-05-09,31.69,28.52,23.2,51.69,2021-05-09,9,5,2021,18
2021-05-10,31.67,28.5,23.6,51.66,2021-05-10,10,5,2021,19
2021-05-11,31.64,28.48,24.01,51.64,2021-05-11,11,5,2021,19
2021-05-12,31.62,28.46,24.41,51.62,2021-05-12,12,5,2021,19
2021-05-13,31.6,28.44,24.82,51.59,2021-05-13,13,5,2021,19
2021-05-14,31.58,28.42,25.22,51.57,2021-05-14,14,5,2021,19
2021-05-15,31.55,28.4,25.9,51.69,2021-05-15,15,5,2021,19
2021-05-16,31.52,28.37,26.58,51.81,2021-05-16,16,5,2021,19
2021-05-17,31.5,28.35,27.26,51.93,2021-05-17,17,5,2021,20
2021-05-18,31.47,28.32,27.93,52.05,2021-05-18,18,5,2021,20
2021-05-19,31.45,28.3,28.61,52.17,2021-05-19,19,5,2021,20
2021-05-20,31.42,28.28,29.29,52.29,2021-05-20,20,5,2021,20
2021-05-21,31.39,28.25,29.97,52.41,2021-05-21,21,5,2021,20
2021-05-22,31.36,28.22,30.56,52.63,2021-05-22,22,5,2021,20
2021-05-23,31.33,28.2,31.16,52.85,2021-05-23,23,5,2021,20
2021-05-24,31.3,28.17,31.75,53.07,2021-05-24,24,5,2021,21
2021-05-25,31.26,28.14,32.34,53.29,2021-05-25,25,5,2021,21
2021-05-26,31.23,28.11,32.93,53.52,2021-05-26,26,5,2021,21
2021-05-27,31.2,28.08,33.53,53.74,2021-05-27,27,5,2021,21
2021-05-28,31.17,28.05,34.12,53.96,2021-05-28,28,5,2021,21
2021-05-29,31.13,28.02,34.51,54.17,2021-05-29,29,5,2021,21
2021-05-30,31.1,27.99,34.91,54.39,2021-05-30,30,5,2021,21
2021-05-31,31.06,27.96,35.3,54.61,2021-05-31,31,5,2021,22
2021-06-01,31.03,27.93,35.7,54.82,2021-06-01,1,6,2021,22
2021-06-02,30.99,27.89,36.09,55.04,2021-06-02,2,6,2021,22
2021-06-03,30.96,27.86,36.49,55.25,2021-06-03,3,6,2021,22
2021-06-04,30.92,27.83,36.88,55.47,2021-06-04,4,6,2021,22
2021-06-05,30.89,27.8,36.98,55.56,2021-06-05,5,6,2021,22
2021-06-06,30.86,27.77,37.07,55.66,2021-06-06,6,6,2021,22
2021-06-07,30.83,27.74,37.17,55.76,2021-06-07,7,6,2021,23
2021-06-08,30.79,27.71,37.26,55.86,2021-06-08,8,6,2021,23
2021-06-09,30.76,27.68,37.35,55.95,2021-06-09,9,6,2021,23
2021-06-10,30.73,27.65,37.45,56.05,2021-06-10,10,6,2021,23
2021-06-11,30.69,27.62,37.54,56.15,2021-06-11,11,6,2021,23
2021-06-12,30.67,27.6,37.23,56.02,2021-06-12,12,6,2021,23
2021-06-13,30.64,27.57,36.92,55.89,2021-06-13,13,6,2021,23
2021-06-14,30.61,27.55,36.61,55.76,2021-06-14,14,6,2021,24
2021-06-15,30.58,27.52,36.3,55.63,2021-06-15,15,6,2021,24
2021-06-16,30.56,27.5,35.99,55.5,2021-06-16,16,6,2021,24
2021-06-17,30.53,27.47,35.68,55.37,2021-06-17,17,6,2021,24
2021-06-18,30.5,27.45,35.37,55.24,2021-06-18,18,6,2021,24
2021-06-19,30.48,27.43,34.64,54.83,2021-06-19,19,6,2021,24
2021-06-20,30.46,27.42,33.92,54.42,2021-06-20,20,6,2021,24
2021-06-21,30.45,27.4,33.19,54.01,2021-06-21,21,6,2021,25
2021-06-22,30.43,27.39,32.46,53.59,2021-06-22,22,6,2021,25
2021-06-23,30.41,27.37,31.73,53.18,2021-06-23,23,6,2021,25
2021-06-24,30.39,27.35,31.0,52.77,2021-06-24,24,6,2021,25
2021-06-25,30.37,27.34,30.27,52.36,2021-06-25,25,6,2021,25
2021-06-26,30.37,27.34,29.34,51.78,2021-06-26,26,6,2021,25
2021-06-27,30.37,27.34,28.41,51.2,2021-06-27,27,6,2021,25
2021-06-28,30.37,27.33,27.49,50.61,2021-06-28,28,6,2021,26
2021-06-29,30.37,27.33,26.56,50.03,2021-06-29,29,6,2021,26
2021-06-30,30.37,27.33,25.63,49.45,2021-06-30,30,6,2021,26
2021-07-01,30.37,27.33,24.7,48.86,2021-07-01,1,7,2021,26
2021-07-02,30.37,27.33,23.77,48.28,2021-07-02,2,7,2021,26
2021-07-03,30.39,27.35,22.9,47.66,2021-07-03,3,7,2021,26
2021-07-04,30.41,27.37,22.03,47.03,2021-07-04,4,7,2021,26
2021-07-05,30.43,27.39,21.16,46.41,2021-07-05,5,7,2021,27
2021-07-06,30.46,27.41,20.29,45.79,2021-07-06,6,7,2021,27
2021-07-07,30.48,27.43,19.42,45.16,2021-07-07,7,7,2021,27
2021-07-08,30.5,27.45,18.55,44.54,2021-07-08,8,7,2021,27
2021-07-09,30.52,27.47,17.68,43.91,2021-07-09,9,7,2021,27
2021-07-10,30.58,27.52,17.12,43.38,2021-07-10,10,7,2021,27
2021-07-11,30.63,27.57,16.57,42.85,2021-07-11,11,7,2021,27
2021-07-12,30.68,27.62,16.01,42.32,2021-07-12,12,7,2021,28
2021-07-13,30.74,27.66,15.45,41.79,2021-07-13,13,7,2021,28
2021-07-14,30.79,27.71,14.89,41.26,2021-07-14,14,7,2021,28
2021-07-15,30.84,27.76,14.33,40.72,2021-07-15,15,7,2021,28
2021-07-16,30.9,27.81,13.78,40.19,2021-07-16,16,7,2021,28
2021-07-17,30.99,27.89,13.79,39.87,2021-07-17,17,7,2021,28
2021-07-18,31.08,27.97,13.8,39.54,2021-07-18,18,7,2021,28
2021-07-19,31.17,28.05,13.81,39.22,2021-07-19,19,7,2021,29
2021-07-20,31.26,28.13,13.83,38.9,2021-07-20,20,7,2021,29
2021-07-21,31.35,28.21,13.84,38.57,2021-07-21,21,7,2021,29
2021-07-22,31.44,28.3,13.85,38.25,2021-07-22,22,7,2021,29
2021-07-23,31.53,28.38,13.87,37.92,2021-07-23,23,7,2021,29
2021-07-24,31.65,28.49,14.19,37.79,2021-07-24,24,7,2021,29
2021-07-25,31.78,28.6,14.51,37.65,2021-07-25,25,7,2021,29
2021-07-26,31.9,28.71,14.84,37.52,2021-07-26,26,7,2021,30
2021-07-27,32.02,28.82,15.16,37.38,2021-07-27,27,7,2021,30
2021-07-28,32.15,28.93,15.48,37.25,2021-07-28,28,7,2021,30
2021-07-29,32.27,29.04,15.81,37.12,2021-07-29,29,7,2021,30
2021-07-30,32.39,29.16,16.13,36.98,2021-07-30,30,7,2021,30
2021-07-31,32.54,29.29,16.46,36.95,2021-07-31,31,7,2021,30
2021-08-01,32.69,29.42,16.79,36.93,2021-08-01,1,8,2021,30
2021-08-02,32.84,29.56,17.11,36.9,2021-08-02,2,8,2021,31
2021-08-03,32.99,29.69,17.44,36.88,2021-08-03,3,8,2021,31
2021-08-04,33.14,29.83,17.77,36.85,2021-08-04,4,8,2021,31
2021-08-05,33.29,29.96,18.1,36.82,2021-08-05,5,8,2021,31
2021-08-06,33.44,30.1,18.42,36.8,2021-08-06,6,8,2021,31
2021-08-07,33.61,30.25,18.46,36.8,2021-08-07,7,8,2021,31
2021-08-08,33.78,30.4,18.49,36.8,2021-08-08,8,8,2021,31
2021-08-09,33.94,30.55,18.53,36.8,2021-08-09,9,8,2021,32
2021-08-10,34.11,30.7,18.56,36.8,2021-08-10,10,8,2021,32
2021-08-11,34.28,30.85,18.6,36.8,2021-08-11,11,8,2021,32
2021-08-12,34.45,31.0,18.63,36.8,2021-08-12,12,8,2021,32
2021-08-13,34.62,31.15,18.66,36.81,2021-08-13,13,8,2021,32
2021-08-14,34.79,31.31,18.17,36.75,2021-08-14,14,8,2021,32
2021-08-15,34.97,31.47,17.67,36.7,2021-08-15,15,8,2021,32
2021-08-16,35.15,31.63,17.17,36.65,2021-08-16,16,8,2021,33
2021-08-17,35.33,31.79,16.67,36.6,2021-08-17,17,8,2021,33
2021-08-18,35.51,31.95,16.18,36.55,2021-08-18,18,8,2021,33
2021-08-19,35.68,32.12,15.68,36.5,2021-08-19,19,8,2021,33
2021-08-20,35.86,32.28,15.18,36.45,2021-08-20,20,8,2021,33
2021-08-21,36.03,32.43,14.58,36.34,2021-08-21,21,8,2021,33
2021-08-22,36.21,32.59,13.98,36.23,2021-08-22,22,8,2021,33
2021-08-23,36.38,32.74,13.38,36.12,2021-08-23,23,8,2021,34
2021-08-24,36.55,32.9,12.78,36.01,2021-08-24,24,8,2021,34
2021-08-25,36.73,33.06,12.18,35.9,2021-08-25,25,8,2021,34
2021-08-26,36.9,33.21,11.58,35.79,2021-08-26,26,8,2021,34
2021-08-27,37.08,33.37,10.98,35.68,2021-08-27,27,8,2021,34
2021-08-28,37.22,33.5,10.68,35.59,2021-08-28,28,8,2021,34
2021-08-29,37.37,33.63,10.37,35.51,2021-08-29,29,8,2021,34
2021-08-30,37.51,33.76,10.07,35.42,2021-08-30,30,8,2021,35
2021-08-31,37.66,33.89,9.77,35.34,2021-08-31,31,8,2021,35
2021-09-01,37.8,34.02,9.47,35.25,2021-09-01,1,9,2021,35
2021-09-02,37.95,34.15,9.17,35.17,2021-09-02,2,9,2021,35
2021-09-03,38.09,34.28,8.87,35.08,2021-09-03,3,9,2021,35
2021-09-04,38.19,34.37,9.23,35.11,2021-09-04,4,9,2021,35
2021-09-05,38.28,34.45,9.59,35.14,2021-09-05,5,9,2021,35
2021-09-06,38.37,34.54,9.94,35.16,2021-09-06,6,9,2021,36
2021-09-07,38.47,34.62,10.3,35.19,2021-09-07,7,9,2021,36
2021-09-08,38.56,34.71,10.66,35.22,2021-09-08,8,9,2021,36
2021-09-09,38.66,34.79,11.02,35.24,2021-09-09,9,9,2021,36
2021-09-10,38.75,34.87,11.37,35.27,2021-09-10,10,9,2021,36
2021-09-11,38.77,34.89,13.78,35.5,2021-09-11,11,9,2021,36
2021-09-12,38.79,34.91,16.19,35.73,2021-09-12,12,9,2021,36
2021-09-13,38.8,34.92,18.6,35.96,2021-09-13,13,9,2021,37
2021-09-14,38.82,34.94,21.01,36.18,2021-09-14,14,9,2021,37
2021-09-15,38.84,34.96,23.42,36.41,2021-09-15,15,9,2021,37
2021-09-16,38.86,34.97,25.83,36.64,2021-09-16,16,9,2021,37
2021-09-17,38.88,34.99,28.24,36.87,2021-09-17,17,9,2021,37
2021-09-18,38.81,34.93,33.68,37.33,2021-09-18,18,9,2021,37
2021-09-19,38.74,34.87,39.11,37.8,2021-09-19,19,9,2021,37
2021-09-20,38.67,34.8,44.55,38.27,2021-09-20,20,9,2021,38
2021-09-21,38.6,34.74,49.98,38.73,2021-09-21,21,9,2021,38
2021-09-22,38.53,34.68,55.42,39.2,2021-09-22,22,9,2021,38
2021-09-23,38.47,34.62,60.86,39.67,2021-09-23,23,9,2021,38
2021-09-24,38.4,34.56,66.29,40.13,2021-09-24,24,9,2021,38
2021-09-25,38.27,34.45,72.99,40.72,2021-09-25,25,9,2021,38
2021-09-26,38.15,34.33,79.69,41.3,2021-09-26,26,9,2021,38
2021-09-27,38.02,34.22,86.39,41.88,2021-09-27,27,9,2021,39
2021-09-28,37.9,34.11,93.08,42.46,2021-09-28,28,9,2021,39
2021-09-29,37.77,34.0,99.78,43.04,2021-09-29,29,9,2021,39
2021-09-30,37.65,33.88,106.48,43.62,2021-09-30,30,9,2021,39
2021-10-01,37.52,33.77,113.17,44.2,2021-10-01,1,10,2021,39
2021-10-02,37.38,33.64,119.5,44.74,2021-10-02,2,10,2021,39
2021-10-03,37.24,33.52,125.82,45.28,2021-10-03,3,10,2021,39
2021-10-04,37.1,33.39,132.15,45.82,2021-10-04,4,10,2021,40
2021-10-05,36.95,33.26,138.47,46.35,2021-10-05,5,10,2021,40
2021-10-06,36.81,33.13,144.8,46.89,2021-10-06,6,10,2021,40
2021-10-07,36.67,33.0,151.12,47.43,2021-10-07,7,10,2021,40
2021-10-08,36.53,32.88,157.45,47.97,2021-10-08,8,10,2021,40
2021-10-09,36.41,32.77,161.77,48.3,2021-10-09,9,10,2021,40
2021-10-10,36.29,32.66,166.09,48.64,2021-10-10,10,10,2021,40
2021-10-11,36.17,32.55,170.41,48.98,2021-10-11,11,10,2021,41
2021-10-12,36.04,32.44,174.73,49.31,2021-10-12,12,10,2021,41
2021-10-13,35.92,32.33,179.05,49.65,2021-10-13,13,10,2021,41
2021-10-14,35.8,32.22,183.37,49.99,2021-10-14,14,10,2021,41
2021-10-15,35.68,32.11,187.69,50.32,2021-10-15,15,10,2021,41
2021-10-16,35.62,32.06,188.57,50.32,2021-10-16,16,10,2021,41
2021-10-17,35.55,32.0,189.44,50.32,2021-10-17,17,10,2021,41
2021-10-18,35.49,31.94,190.32,50.32,2021-10-18,18,10,2021,42
2021-10-19,35.43,31.88,191.2,50.32,2021-10-19,19,10,2021,42
2021-10-20,35.36,31.82,192.07,50.32,2021-10-20,20,10,2021,42
2021-10-21,35.3,31.77,192.95,50.31,2021-10-21,21,10,2021,42
2021-10-22,35.23,31.71,193.83,50.31,2021-10-22,22,10,2021,42
2021-10-23,35.22,31.7,191.73,50.03,2021-10-23,23,10,2021,42
2021-10-24,35.21,31.69,189.64,49.75,2021-10-24,24,10,2021,42
2021-10-25,35.2,31.68,187.55,49.46,2021-10-25,25,10,2021,43
2021-10-26,35.19,31.67,185.45,49.18,2021-10-26,26,10,2021,43
2021-10-27,35.18,31.66,183.36,48.9,2021-10-27,27,10,2021,43
2021-10-28,35.17,31.65,181.26,48.61,2021-10-28,28,10,2021,43
2021-10-29,35.16,31.64,179.17,48.33,2021-10-29,29,10,2021,43
2021-10-30,35.18,31.66,175.67,47.94,2021-10-30,30,10,2021,43
2021-10-31,35.2,31.68,172.17,47.54,2021-10-31,31,10,2021,43
2021-11-01,35.22,31.7,168.67,47.14,2021-11-01,1,11,2021,44
2021-11-02,35.24,31.72,165.18,46.75,2021-11-02,2,11,2021,44
2021-11-03,35.26,31.74,161.68,46.35,2021-11-03,3,11,2021,44
2021-11-04,35.28,31.76,158.18,45.96,2021-11-04,4,11,2021,44
2021-11-05,35.3,31.77,154.68,45.56,2021-11-05,5,11,2021,44
2021-11-06,35.33,31.8,151.35,45.22,2021-11-06,6,11,2021,44
2021-11-07,35.36,31.82,148.03,44.88,2021-11-07,7,11,2021,44
2021-11-08,35.39,31.85,144.7,44.54,2021-11-08,8,11,2021,45
2021-11-09,35.41,31.87,141.38,44.21,2021-11-09,9,11,2021,45
2021-11-10,35.44,31.9,138.05,43.87,2021-11-10,10,11,2021,45
2021-11-11,35.47,31.92,134.72,43.53,2021-11-11,11,11,2021,45
2021-11-12,35.49,31.94,131.4,43.19,2021-11-12,12,11,2021,45
2021-11-13,35.5,31.95,129.8,43.08,2021-11-13,13,11,2021,45
2021-11-14,35.51,31.96,128.2,42.96,2021-11-14,14,11,2021,45
2021-11-15,35.52,31.97,126.61,42.85,2021-11-15,15,11,2021,46
2021-11-16,35.53,31.98,125.01,42.73,2021-11-16,16,11,2021,46
2021-11-17,35.54,31.99,123.41,42.62,2021-11-17,17,11,2021,46
2021-11-18,35.56,32.0,121.82,42.51,2021-11-18,18,11,2021,46
2021-11-19,35.57,32.01,120.22,42.39,2021-11-19,19,11,2021,46
2021-11-20,35.55,32.0,120.86,42.55,2021-11-20,20,11,2021,46
2021-11-21,35.53,31.98,121.5,42.71,2021-11-21,21,11,2021,46
2021-11-22,35.52,31.97,122.15,42.86,2021-11-22,22,11,2021,47
2021-11-23,35.5,31.95,122.79,43.02,2021-11-23,23,11,2021,47
2021-11-24,35.49,31.94,123.43,43.17,2021-11-24,24,11,2021,47
2021-11-25,35.47,31.93,124.08,43.33,2021-11-25,25,11,2021,47
2021-11-26,35.46,31.91,124.72,43.49,2021-11-26,26,11,2021,47
2021-11-27,35.43,31.89,126.59,43.78,2021-11-27,27,11,2021,47
2021-11-28,35.4,31.86,128.45,44.07,2021-11-28,28,11,2021,47
2021-11-29,35.37,31.83,130.32,44.37,2021-11-29,29,11,2021,48
2021-11-30,35.34,31.81,132.18,44.66,2021-11-30,30,11,2021,48
2021-12-01,35.31,31.78,134.05,44.95,2021-12-01,1,12,2021,48
2021-12-02,35.29,31.76,135.92,45.24,2021-12-02,2,12,2021,48
2021-12-03,35.26,31.73,137.78,45.54,2021-12-03,3,12,2021,48
2021-12-04,35.23,31.71,139.74,45.82,2021-12-04,4,12,2021,48
2021-12-05,35.2,31.68,141.69,46.11,2021-12-05,5,12,2021,48
2021-12-06,35.17,31.66,143.64,46.39,2021-12-06,6,12,2021,49
2021-12-07,35.15,31.63,145.6,46.67,2021-12-07,7,12,2021,49
2021-12-08,35.12,31.61,147.55,46.96,2021-12-08,8,12,2021,49
2021-12-09,35.09,31.58,149.5,47.24,2021-12-09,9,12,2021,49
2021-12-10,35.06,31.56,151.46,47.52,2021-12-10,10,12,2021,49
2021-12-11,35.05,31.55,152.36,47.65,2021-12-11,11,12,2021,49
2021-12-12,35.04,31.53,153.26,47.78,2021-12-12,12,12,2021,49
2021-12-13,35.03,31.52,154.17,47.91,2021-12-13,13,12,2021,50
2021-12-14,35.01,31.51,155.07,48.03,2021-12-14,14,12,2021,50
2021-12-15,35.0,31.5,155.98,48.16,2021-12-15,15,12,2021,50
2021-12-16,34.99,31.49,156.88,48.29,2021-12-16,16,12,2021,50
2021-12-17,34.98,31.48,157.78,48.41,2021-12-17,17,12,2021,50
