date,total_cases,date_parsed,day,month,year
1/7/2000,15,2000-01-07,7,1,2000
1/8/2000,1,2000-01-08,8,1,2000
1/9/2000,3,2000-01-09,9,1,2000
1/10/2000,30,2000-01-10,10,1,2000
1/11/2000,24,2000-01-11,11,1,2000
1/12/2000,19,2000-01-12,12,1,2000
1/13/2000,32,2000-01-13,13,1,2000
1/14/2000,29,2000-01-14,14,1,2000
1/15/2000,2,2000-01-15,15,1,2000
1/16/2000,4,2000-01-16,16,1,2000
1/17/2000,50,2000-01-17,17,1,2000
1/18/2000,36,2000-01-18,18,1,2000
1/19/2000,35,2000-01-19,19,1,2000
1/20/2000,28,2000-01-20,20,1,2000
1/21/2000,56,2000-01-21,21,1,2000
1/23/2000,2,2000-01-23,23,1,2000
1/24/2000,59,2000-01-24,24,1,2000
1/25/2000,31,2000-01-25,25,1,2000
1/26/2000,37,2000-01-26,26,1,2000
1/27/2000,57,2000-01-27,27,1,2000
1/28/2000,41,2000-01-28,28,1,2000
1/29/2000,3,2000-01-29,29,1,2000
1/30/2000,1,2000-01-30,30,1,2000
1/31/2000,38,2000-01-31,31,1,2000
2/1/2000,43,2000-02-01,1,2,2000
2/2/2000,40,2000-02-02,2,2,2000
2/3/2000,27,2000-02-03,3,2,2000
2/4/2000,55,2000-02-04,4,2,2000
2/5/2000,3,2000-02-05,5,2,2000
2/6/2000,2,2000-02-06,6,2,2000
2/7/2000,56,2000-02-07,7,2,2000
2/8/2000,41,2000-02-08,8,2,2000
2/9/2000,50,2000-02-09,9,2,2000
2/10/2000,36,2000-02-10,10,2,2000
2/11/2000,34,2000-02-11,11,2,2000
2/12/2000,2,2000-02-12,12,2,2000
2/13/2000,1,2000-02-13,13,2,2000
2/14/2000,64,2000-02-14,14,2,2000
2/15/2000,57,2000-02-15,15,2,2000
2/16/2000,51,2000-02-16,16,2,2000
2/17/2000,32,2000-02-17,17,2,2000
2/18/2000,29,2000-02-18,18,2,2000
2/19/2000,8,2000-02-19,19,2,2000
2/20/2000,1,2000-02-20,20,2,2000
2/21/2000,43,2000-02-21,21,2,2000
2/22/2000,49,2000-02-22,22,2,2000
2/23/2000,42,2000-02-23,23,2,2000
2/24/2000,34,2000-02-24,24,2,2000
2/25/2000,42,2000-02-25,25,2,2000
2/26/2000,3,2000-02-26,26,2,2000
2/27/2000,1,2000-02-27,27,2,2000
2/28/2000,65,2000-02-28,28,2,2000
2/29/2000,44,2000-02-29,29,2,2000
3/1/2000,47,2000-03-01,1,3,2000
3/2/2000,40,2000-03-02,2,3,2000
3/3/2000,40,2000-03-03,3,3,2000
3/4/2000,2,2000-03-04,4,3,2000
3/5/2000,1,2000-03-05,5,3,2000
3/6/2000,2,2000-03-06,6,3,2000
3/7/2000,2,2000-03-07,7,3,2000
3/8/2000,17,2000-03-08,8,3,2000
3/9/2000,62,2000-03-09,9,3,2000
3/10/2000,41,2000-03-10,10,3,2000
3/11/2000,4,2000-03-11,11,3,2000
3/12/2000,1,2000-03-12,12,3,2000
3/13/2000,59,2000-03-13,13,3,2000
3/14/2000,52,2000-03-14,14,3,2000
3/15/2000,44,2000-03-15,15,3,2000
3/16/2000,64,2000-03-16,16,3,2000
3/17/2000,47,2000-03-17,17,3,2000
3/18/2000,2,2000-03-18,18,3,2000
3/19/2000,6,2000-03-19,19,3,2000
3/20/2000,62,2000-03-20,20,3,2000
3/21/2000,60,2000-03-21,21,3,2000
3/22/2000,65,2000-03-22,22,3,2000
3/23/2000,51,2000-03-23,23,3,2000
3/24/2000,51,2000-03-24,24,3,2000
3/25/2000,2,2000-03-25,25,3,2000
3/26/2000,1,2000-03-26,26,3,2000
3/27/2000,99,2000-03-27,27,3,2000
3/28/2000,73,2000-03-28,28,3,2000
3/29/2000,48,2000-03-29,29,3,2000
3/30/2000,68,2000-03-30,30,3,2000
3/31/2000,71,2000-03-31,31,3,2000
4/1/2000,13,2000-04-01,1,4,2000
4/2/2000,2,2000-04-02,2,4,2000
4/3/2000,116,2000-04-03,3,4,2000
4/4/2000,80,2000-04-04,4,4,2000
4/5/2000,110,2000-04-05,5,4,2000
4/6/2000,99,2000-04-06,6,4,2000
4/7/2000,104,2000-04-07,7,4,2000
4/8/2000,5,2000-04-08,8,4,2000
4/9/2000,5,2000-04-09,9,4,2000
4/10/2000,159,2000-04-10,10,4,2000
4/11/2000,145,2000-04-11,11,4,2000
4/12/2000,109,2000-04-12,12,4,2000
4/13/2000,120,2000-04-13,13,4,2000
4/14/2000,124,2000-04-14,14,4,2000
4/15/2000,8,2000-04-15,15,4,2000
4/16/2000,3,2000-04-16,16,4,2000
4/17/2000,156,2000-04-17,17,4,2000
4/18/2000,128,2000-04-18,18,4,2000
4/19/2000,125,2000-04-19,19,4,2000
4/20/2000,38,2000-04-20,20,4,2000
4/21/2000,2,2000-04-21,21,4,2000
4/22/2000,10,2000-04-22,22,4,2000
4/23/2000,8,2000-04-23,23,4,2000
4/24/2000,196,2000-04-24,24,4,2000
4/25/2000,147,2000-04-25,25,4,2000
4/26/2000,133,2000-04-26,26,4,2000
4/27/2000,135,2000-04-27,27,4,2000
4/28/2000,123,2000-04-28,28,4,2000
4/29/2000,1,2000-04-29,29,4,2000
4/30/2000,1,2000-04-30,30,4,2000
5/1/2000,7,2000-05-01,1,5,2000
5/2/2000,246,2000-05-02,2,5,2000
5/3/2000,164,2000-05-03,3,5,2000
5/4/2000,164,2000-05-04,4,5,2000
5/5/2000,156,2000-05-05,5,5,2000
5/6/2000,5,2000-05-06,6,5,2000
5/7/2000,3,2000-05-07,7,5,2000
5/8/2000,198,2000-05-08,8,5,2000
5/9/2000,157,2000-05-09,9,5,2000
5/10/2000,147,2000-05-10,10,5,2000
5/11/2000,96,2000-05-11,11,5,2000
5/12/2000,124,2000-05-12,12,5,2000
5/13/2000,7,2000-05-13,13,5,2000
5/14/2000,3,2000-05-14,14,5,2000
5/15/2000,187,2000-05-15,15,5,2000
5/16/2000,150,2000-05-16,16,5,2000
5/17/2000,139,2000-05-17,17,5,2000
5/18/2000,106,2000-05-18,18,5,2000
5/19/2000,106,2000-05-19,19,5,2000
5/20/2000,2,2000-05-20,20,5,2000
5/21/2000,2,2000-05-21,21,5,2000
5/22/2000,146,2000-05-22,22,5,2000
5/23/2000,100,2000-05-23,23,5,2000
5/24/2000,87,2000-05-24,24,5,2000
5/25/2000,103,2000-05-25,25,5,2000
5/26/2000,84,2000-05-26,26,5,2000
5/27/2000,7,2000-05-27,27,5,2000
5/28/2000,4,2000-05-28,28,5,2000
5/29/2000,94,2000-05-29,29,5,2000
5/30/2000,70,2000-05-30,30,5,2000
5/31/2000,67,2000-05-31,31,5,2000
6/1/2000,59,2000-06-01,1,6,2000
6/2/2000,64,2000-06-02,2,6,2000
6/3/2000,2,2000-06-03,3,6,2000
6/4/2000,6,2000-06-04,4,6,2000
6/5/2000,79,2000-06-05,5,6,2000
6/6/2000,56,2000-06-06,6,6,2000
6/7/2000,47,2000-06-07,7,6,2000
6/8/2000,63,2000-06-08,8,6,2000
6/9/2000,61,2000-06-09,9,6,2000
6/10/2000,4,2000-06-10,10,6,2000
6/11/2000,7,2000-06-11,11,6,2000
6/12/2000,78,2000-06-12,12,6,2000
6/13/2000,60,2000-06-13,13,6,2000
6/14/2000,43,2000-06-14,14,6,2000
6/15/2000,45,2000-06-15,15,6,2000
6/16/2000,53,2000-06-16,16,6,2000
6/17/2000,5,2000-06-17,17,6,2000
6/19/2000,57,2000-06-19,19,6,2000
6/20/2000,33,2000-06-20,20,6,2000
6/21/2000,29,2000-06-21,21,6,2000
6/22/2000,3,2000-06-22,22,6,2000
6/23/2000,13,2000-06-23,23,6,2000
6/24/2000,2,2000-06-24,24,6,2000
6/25/2000,4,2000-06-25,25,6,2000
6/26/2000,48,2000-06-26,26,6,2000
6/27/2000,34,2000-06-27,27,6,2000
6/28/2000,42,2000-06-28,28,6,2000
6/29/2000,29,2000-06-29,29,6,2000
6/30/2000,29,2000-06-30,30,6,2000
7/2/2000,1,2000-07-02,2,7,2000
7/3/2000,47,2000-07-03,3,7,2000
7/4/2000,34,2000-07-04,4,7,2000
7/5/2000,15,2000-07-05,5,7,2000
7/6/2000,20,2000-07-06,6,7,2000
7/7/2000,24,2000-07-07,7,7,2000
7/10/2000,45,2000-07-10,10,7,2000
7/11/2000,32,2000-07-11,11,7,2000
7/12/2000,16,2000-07-12,12,7,2000
7/13/2000,15,2000-07-13,13,7,2000
7/14/2000,16,2000-07-14,14,7,2000
7/15/2000,1,2000-07-15,15,7,2000
7/17/2000,14,2000-07-17,17,7,2000
7/18/2000,10,2000-07-18,18,7,2000
7/19/2000,12,2000-07-19,19,7,2000
7/20/2000,7,2000-07-20,20,7,2000
7/21/2000,4,2000-07-21,21,7,2000
7/23/2000,1,2000-07-23,23,7,2000
7/24/2000,7,2000-07-24,24,7,2000
7/25/2000,11,2000-07-25,25,7,2000
7/26/2000,5,2000-07-26,26,7,2000
7/27/2000,8,2000-07-27,27,7,2000
7/28/2000,6,2000-07-28,28,7,2000
7/31/2000,16,2000-07-31,31,7,2000
8/1/2000,22,2000-08-01,1,8,2000
8/2/2000,11,2000-08-02,2,8,2000
8/3/2000,7,2000-08-03,3,8,2000
8/4/2000,18,2000-08-04,4,8,2000
8/6/2000,1,2000-08-06,6,8,2000
8/7/2000,28,2000-08-07,7,8,2000
8/8/2000,23,2000-08-08,8,8,2000
8/9/2000,10,2000-08-09,9,8,2000
8/10/2000,23,2000-08-10,10,8,2000
8/11/2000,13,2000-08-11,11,8,2000
8/14/2000,21,2000-08-14,14,8,2000
8/15/2000,14,2000-08-15,15,8,2000
8/16/2000,10,2000-08-16,16,8,2000
8/17/2000,8,2000-08-17,17,8,2000
8/18/2000,13,2000-08-18,18,8,2000
8/21/2000,26,2000-08-21,21,8,2000
8/22/2000,9,2000-08-22,22,8,2000
8/23/2000,18,2000-08-23,23,8,2000
8/24/2000,16,2000-08-24,24,8,2000
8/25/2000,14,2000-08-25,25,8,2000
8/28/2000,13,2000-08-28,28,8,2000
8/29/2000,11,2000-08-29,29,8,2000
8/30/2000,10,2000-08-30,30,8,2000
8/31/2000,15,2000-08-31,31,8,2000
9/1/2000,13,2000-09-01,1,9,2000
9/2/2000,1,2000-09-02,2,9,2000
9/4/2000,15,2000-09-04,4,9,2000
9/5/2000,14,2000-09-05,5,9,2000
9/6/2000,7,2000-09-06,6,9,2000
9/8/2000,6,2000-09-08,8,9,2000
9/11/2000,10,2000-09-11,11,9,2000
9/12/2000,23,2000-09-12,12,9,2000
9/13/2000,14,2000-09-13,13,9,2000
9/14/2000,16,2000-09-14,14,9,2000
9/15/2000,20,2000-09-15,15,9,2000
9/16/2000,1,2000-09-16,16,9,2000
9/18/2000,15,2000-09-18,18,9,2000
9/19/2000,24,2000-09-19,19,9,2000
9/20/2000,14,2000-09-20,20,9,2000
9/21/2000,10,2000-09-21,21,9,2000
9/22/2000,11,2000-09-22,22,9,2000
9/23/2000,2,2000-09-23,23,9,2000
9/25/2000,13,2000-09-25,25,9,2000
9/26/2000,14,2000-09-26,26,9,2000
9/27/2000,10,2000-09-27,27,9,2000
9/28/2000,5,2000-09-28,28,9,2000
9/29/2000,4,2000-09-29,29,9,2000
10/2/2000,14,2000-10-02,2,10,2000
10/3/2000,11,2000-10-03,3,10,2000
10/4/2000,13,2000-10-04,4,10,2000
10/5/2000,24,2000-10-05,5,10,2000
10/6/2000,12,2000-10-06,6,10,2000
10/7/2000,1,2000-10-07,7,10,2000
10/9/2000,21,2000-10-09,9,10,2000
10/10/2000,17,2000-10-10,10,10,2000
10/11/2000,18,2000-10-11,11,10,2000
10/13/2000,7,2000-10-13,13,10,2000
10/14/2000,1,2000-10-14,14,10,2000
10/16/2000,22,2000-10-16,16,10,2000
10/17/2000,13,2000-10-17,17,10,2000
10/18/2000,9,2000-10-18,18,10,2000
10/19/2000,17,2000-10-19,19,10,2000
10/20/2000,18,2000-10-20,20,10,2000
10/23/2000,21,2000-10-23,23,10,2000
10/24/2000,13,2000-10-24,24,10,2000
10/25/2000,23,2000-10-25,25,10,2000
10/26/2000,16,2000-10-26,26,10,2000
10/27/2000,19,2000-10-27,27,10,2000
10/29/2000,1,2000-10-29,29,10,2000
10/30/2000,18,2000-10-30,30,10,2000
10/31/2000,23,2000-10-31,31,10,2000
11/1/2000,17,2000-11-01,1,11,2000
11/2/2000,1,2000-11-02,2,11,2000
11/5/2000,1,2000-11-05,5,11,2000
11/6/2000,16,2000-11-06,6,11,2000
11/7/2000,16,2000-11-07,7,11,2000
11/8/2000,10,2000-11-08,8,11,2000
11/9/2000,11,2000-11-09,9,11,2000
11/10/2000,12,2000-11-10,10,11,2000
11/11/2000,1,2000-11-11,11,11,2000
11/12/2000,1,2000-11-12,12,11,2000
11/13/2000,19,2000-11-13,13,11,2000
11/14/2000,19,2000-11-14,14,11,2000
11/15/2000,2,2000-11-15,15,11,2000
11/16/2000,14,2000-11-16,16,11,2000
11/17/2000,16,2000-11-17,17,11,2000
11/20/2000,31,2000-11-20,20,11,2000
11/21/2000,16,2000-11-21,21,11,2000
11/22/2000,12,2000-11-22,22,11,2000
11/23/2000,9,2000-11-23,23,11,2000
11/24/2000,16,2000-11-24,24,11,2000
11/26/2000,1,2000-11-26,26,11,2000
11/27/2000,29,2000-11-27,27,11,2000
11/28/2000,17,2000-11-28,28,11,2000
11/29/2000,23,2000-11-29,29,11,2000
11/30/2000,22,2000-11-30,30,11,2000
12/1/2000,21,2000-12-01,1,12,2000
12/2/2000,2,2000-12-02,2,12,2000
12/4/2000,30,2000-12-04,4,12,2000
12/5/2000,32,2000-12-05,5,12,2000
12/6/2000,20,2000-12-06,6,12,2000
12/7/2000,14,2000-12-07,7,12,2000
12/8/2000,16,2000-12-08,8,12,2000
12/9/2000,2,2000-12-09,9,12,2000
12/10/2000,3,2000-12-10,10,12,2000
12/11/2000,32,2000-12-11,11,12,2000
12/12/2000,33,2000-12-12,12,12,2000
12/13/2000,25,2000-12-13,13,12,2000
12/14/2000,21,2000-12-14,14,12,2000
12/15/2000,16,2000-12-15,15,12,2000
12/18/2000,25,2000-12-18,18,12,2000
12/19/2000,12,2000-12-19,19,12,2000
12/20/2000,17,2000-12-20,20,12,2000
12/21/2000,19,2000-12-21,21,12,2000
12/22/2000,20,2000-12-22,22,12,2000
12/23/2000,2,2000-12-23,23,12,2000
12/24/2000,2,2000-12-24,24,12,2000
12/26/2000,33,2000-12-26,26,12,2000
12/27/2000,24,2000-12-27,27,12,2000
12/28/2000,27,2000-12-28,28,12,2000
12/29/2000,26,2000-12-29,29,12,2000
12/30/2000,11,2000-12-30,30,12,2000
1/1/2001,3,2001-01-01,1,1,2001
1/2/2001,38,2001-01-02,2,1,2001
1/3/2001,39,2001-01-03,3,1,2001
1/4/2001,36,2001-01-04,4,1,2001
1/5/2001,54,2001-01-05,5,1,2001
1/7/2001,1,2001-01-07,7,1,2001
1/8/2001,84,2001-01-08,8,1,2001
1/9/2001,59,2001-01-09,9,1,2001
1/10/2001,70,2001-01-10,10,1,2001
1/11/2001,81,2001-01-11,11,1,2001
1/12/2001,86,2001-01-12,12,1,2001
1/13/2001,2,2001-01-13,13,1,2001
1/14/2001,3,2001-01-14,14,1,2001
1/15/2001,121,2001-01-15,15,1,2001
1/16/2001,112,2001-01-16,16,1,2001
1/17/2001,93,2001-01-17,17,1,2001
1/18/2001,90,2001-01-18,18,1,2001
1/19/2001,93,2001-01-19,19,1,2001
1/20/2001,8,2001-01-20,20,1,2001
1/21/2001,1,2001-01-21,21,1,2001
1/22/2001,154,2001-01-22,22,1,2001
1/23/2001,135,2001-01-23,23,1,2001
1/24/2001,104,2001-01-24,24,1,2001
1/25/2001,138,2001-01-25,25,1,2001
1/26/2001,135,2001-01-26,26,1,2001
1/27/2001,5,2001-01-27,27,1,2001
1/28/2001,5,2001-01-28,28,1,2001
1/29/2001,235,2001-01-29,29,1,2001
1/30/2001,169,2001-01-30,30,1,2001
1/31/2001,167,2001-01-31,31,1,2001
2/1/2001,189,2001-02-01,1,2,2001
2/2/2001,172,2001-02-02,2,2,2001
2/3/2001,6,2001-02-03,3,2,2001
2/4/2001,9,2001-02-04,4,2,2001
2/5/2001,298,2001-02-05,5,2,2001
2/6/2001,198,2001-02-06,6,2,2001
2/7/2001,207,2001-02-07,7,2,2001
2/8/2001,183,2001-02-08,8,2,2001
2/9/2001,179,2001-02-09,9,2,2001
2/10/2001,5,2001-02-10,10,2,2001
2/11/2001,6,2001-02-11,11,2,2001
2/12/2001,263,2001-02-12,12,2,2001
2/13/2001,223,2001-02-13,13,2,2001
2/14/2001,229,2001-02-14,14,2,2001
2/15/2001,219,2001-02-15,15,2,2001
2/16/2001,225,2001-02-16,16,2,2001
2/17/2001,11,2001-02-17,17,2,2001
2/18/2001,11,2001-02-18,18,2,2001
2/19/2001,395,2001-02-19,19,2,2001
2/20/2001,281,2001-02-20,20,2,2001
2/21/2001,238,2001-02-21,21,2,2001
2/22/2001,262,2001-02-22,22,2,2001
2/23/2001,283,2001-02-23,23,2,2001
2/24/2001,10,2001-02-24,24,2,2001
2/25/2001,13,2001-02-25,25,2,2001
2/26/2001,27,2001-02-26,26,2,2001
2/27/2001,11,2001-02-27,27,2,2001
2/28/2001,227,2001-02-28,28,2,2001
3/1/2001,463,2001-03-01,1,3,2001
3/2/2001,345,2001-03-02,2,3,2001
3/3/2001,12,2001-03-03,3,3,2001
3/4/2001,14,2001-03-04,4,3,2001
3/5/2001,476,2001-03-05,5,3,2001
3/6/2001,318,2001-03-06,6,3,2001
3/7/2001,170,2001-03-07,7,3,2001
3/8/2001,322,2001-03-08,8,3,2001
3/9/2001,305,2001-03-09,9,3,2001
3/10/2001,17,2001-03-10,10,3,2001
3/11/2001,17,2001-03-11,11,3,2001
3/12/2001,526,2001-03-12,12,3,2001
3/13/2001,423,2001-03-13,13,3,2001
3/14/2001,420,2001-03-14,14,3,2001
3/15/2001,461,2001-03-15,15,3,2001
3/16/2001,527,2001-03-16,16,3,2001
3/17/2001,17,2001-03-17,17,3,2001
3/18/2001,25,2001-03-18,18,3,2001
3/19/2001,678,2001-03-19,19,3,2001
3/20/2001,774,2001-03-20,20,3,2001
3/21/2001,593,2001-03-21,21,3,2001
3/22/2001,631,2001-03-22,22,3,2001
3/23/2001,699,2001-03-23,23,3,2001
3/24/2001,39,2001-03-24,24,3,2001
3/25/2001,27,2001-03-25,25,3,2001
3/26/2001,1160,2001-03-26,26,3,2001
3/27/2001,813,2001-03-27,27,3,2001
3/28/2001,772,2001-03-28,28,3,2001
3/29/2001,752,2001-03-29,29,3,2001
3/30/2001,765,2001-03-30,30,3,2001
3/31/2001,52,2001-03-31,31,3,2001
4/1/2001,41,2001-04-01,1,4,2001
4/2/2001,1112,2001-04-02,2,4,2001
4/3/2001,973,2001-04-03,3,4,2001
4/4/2001,915,2001-04-04,4,4,2001
4/5/2001,1072,2001-04-05,5,4,2001
4/6/2001,985,2001-04-06,6,4,2001
4/7/2001,101,2001-04-07,7,4,2001
4/8/2001,60,2001-04-08,8,4,2001
4/9/2001,1520,2001-04-09,9,4,2001
4/10/2001,1204,2001-04-10,10,4,2001
4/11/2001,1048,2001-04-11,11,4,2001
4/12/2001,528,2001-04-12,12,4,2001
4/13/2001,52,2001-04-13,13,4,2001
4/14/2001,90,2001-04-14,14,4,2001
4/15/2001,81,2001-04-15,15,4,2001
4/16/2001,1962,2001-04-16,16,4,2001
4/17/2001,1371,2001-04-17,17,4,2001
4/18/2001,1243,2001-04-18,18,4,2001
4/19/2001,1231,2001-04-19,19,4,2001
4/20/2001,1227,2001-04-20,20,4,2001
4/21/2001,95,2001-04-21,21,4,2001
4/22/2001,77,2001-04-22,22,4,2001
4/23/2001,1772,2001-04-23,23,4,2001
4/24/2001,1441,2001-04-24,24,4,2001
4/25/2001,1191,2001-04-25,25,4,2001
4/26/2001,1422,2001-04-26,26,4,2001
4/27/2001,1379,2001-04-27,27,4,2001
4/28/2001,158,2001-04-28,28,4,2001
4/29/2001,84,2001-04-29,29,4,2001
4/30/2001,1201,2001-04-30,30,4,2001
5/1/2001,103,2001-05-01,1,5,2001
5/2/2001,2121,2001-05-02,2,5,2001
5/3/2001,1598,2001-05-03,3,5,2001
5/4/2001,1523,2001-05-04,4,5,2001
5/5/2001,130,2001-05-05,5,5,2001
5/6/2001,77,2001-05-06,6,5,2001
5/7/2001,2027,2001-05-07,7,5,2001
5/8/2001,1448,2001-05-08,8,5,2001
5/9/2001,1447,2001-05-09,9,5,2001
5/10/2001,1482,2001-05-10,10,5,2001
5/11/2001,1250,2001-05-11,11,5,2001
5/12/2001,142,2001-05-12,12,5,2001
5/13/2001,66,2001-05-13,13,5,2001
5/14/2001,1813,2001-05-14,14,5,2001
5/15/2001,1326,2001-05-15,15,5,2001
5/16/2001,1065,2001-05-16,16,5,2001
5/17/2001,1093,2001-05-17,17,5,2001
5/18/2001,831,2001-05-18,18,5,2001
5/19/2001,127,2001-05-19,19,5,2001
5/20/2001,76,2001-05-20,20,5,2001
5/21/2001,1217,2001-05-21,21,5,2001
5/22/2001,836,2001-05-22,22,5,2001
5/23/2001,842,2001-05-23,23,5,2001
5/24/2001,753,2001-05-24,24,5,2001
5/25/2001,737,2001-05-25,25,5,2001
5/26/2001,116,2001-05-26,26,5,2001
5/27/2001,52,2001-05-27,27,5,2001
5/28/2001,859,2001-05-28,28,5,2001
5/29/2001,707,2001-05-29,29,5,2001
5/30/2001,692,2001-05-30,30,5,2001
5/31/2001,593,2001-05-31,31,5,2001
6/1/2001,607,2001-06-01,1,6,2001
6/2/2001,74,2001-06-02,2,6,2001
6/3/2001,59,2001-06-03,3,6,2001
6/4/2001,909,2001-06-04,4,6,2001
6/5/2001,702,2001-06-05,5,6,2001
6/6/2001,704,2001-06-06,6,6,2001
6/7/2001,654,2001-06-07,7,6,2001
6/8/2001,554,2001-06-08,8,6,2001
6/9/2001,68,2001-06-09,9,6,2001
6/10/2001,40,2001-06-10,10,6,2001
6/11/2001,905,2001-06-11,11,6,2001
6/12/2001,542,2001-06-12,12,6,2001
6/13/2001,582,2001-06-13,13,6,2001
6/14/2001,56,2001-06-14,14,6,2001
6/15/2001,69,2001-06-15,15,6,2001
6/16/2001,38,2001-06-16,16,6,2001
6/17/2001,21,2001-06-17,17,6,2001
6/18/2001,905,2001-06-18,18,6,2001
6/19/2001,489,2001-06-19,19,6,2001
6/20/2001,488,2001-06-20,20,6,2001
6/21/2001,381,2001-06-21,21,6,2001
6/22/2001,277,2001-06-22,22,6,2001
6/23/2001,30,2001-06-23,23,6,2001
6/24/2001,16,2001-06-24,24,6,2001
6/25/2001,489,2001-06-25,25,6,2001
6/26/2001,339,2001-06-26,26,6,2001
6/27/2001,284,2001-06-27,27,6,2001
6/28/2001,259,2001-06-28,28,6,2001
6/29/2001,230,2001-06-29,29,6,2001
6/30/2001,16,2001-06-30,30,6,2001
7/1/2001,10,2001-07-01,1,7,2001
7/2/2001,307,2001-07-02,2,7,2001
7/3/2001,204,2001-07-03,3,7,2001
7/4/2001,190,2001-07-04,4,7,2001
7/5/2001,170,2001-07-05,5,7,2001
7/6/2001,166,2001-07-06,6,7,2001
7/7/2001,13,2001-07-07,7,7,2001
7/8/2001,7,2001-07-08,8,7,2001
7/9/2001,15,2001-07-09,9,7,2001
7/10/2001,238,2001-07-10,10,7,2001
7/11/2001,162,2001-07-11,11,7,2001
7/12/2001,165,2001-07-12,12,7,2001
7/13/2001,116,2001-07-13,13,7,2001
7/14/2001,4,2001-07-14,14,7,2001
7/15/2001,5,2001-07-15,15,7,2001
7/16/2001,169,2001-07-16,16,7,2001
7/17/2001,124,2001-07-17,17,7,2001
7/18/2001,114,2001-07-18,18,7,2001
7/19/2001,138,2001-07-19,19,7,2001
7/20/2001,111,2001-07-20,20,7,2001
7/21/2001,9,2001-07-21,21,7,2001
7/22/2001,8,2001-07-22,22,7,2001
7/23/2001,145,2001-07-23,23,7,2001
7/24/2001,98,2001-07-24,24,7,2001
7/25/2001,89,2001-07-25,25,7,2001
7/26/2001,107,2001-07-26,26,7,2001
7/27/2001,75,2001-07-27,27,7,2001
7/28/2001,4,2001-07-28,28,7,2001
7/29/2001,2,2001-07-29,29,7,2001
7/30/2001,105,2001-07-30,30,7,2001
7/31/2001,87,2001-07-31,31,7,2001
8/1/2001,97,2001-08-01,1,8,2001
8/2/2001,84,2001-08-02,2,8,2001
8/3/2001,70,2001-08-03,3,8,2001
8/4/2001,6,2001-08-04,4,8,2001
8/5/2001,8,2001-08-05,5,8,2001
8/6/2001,93,2001-08-06,6,8,2001
8/7/2001,93,2001-08-07,7,8,2001
8/8/2001,75,2001-08-08,8,8,2001
8/9/2001,65,2001-08-09,9,8,2001
8/10/2001,67,2001-08-10,10,8,2001
8/11/2001,7,2001-08-11,11,8,2001
8/12/2001,2,2001-08-12,12,8,2001
8/13/2001,99,2001-08-13,13,8,2001
8/14/2001,107,2001-08-14,14,8,2001
8/15/2001,50,2001-08-15,15,8,2001
8/16/2001,82,2001-08-16,16,8,2001
8/17/2001,62,2001-08-17,17,8,2001
8/18/2001,4,2001-08-18,18,8,2001
8/19/2001,1,2001-08-19,19,8,2001
8/20/2001,120,2001-08-20,20,8,2001
8/21/2001,73,2001-08-21,21,8,2001
8/22/2001,60,2001-08-22,22,8,2001
8/23/2001,73,2001-08-23,23,8,2001
8/24/2001,66,2001-08-24,24,8,2001
8/25/2001,1,2001-08-25,25,8,2001
8/26/2001,3,2001-08-26,26,8,2001
8/27/2001,109,2001-08-27,27,8,2001
8/28/2001,82,2001-08-28,28,8,2001
8/29/2001,75,2001-08-29,29,8,2001
8/30/2001,87,2001-08-30,30,8,2001
8/31/2001,78,2001-08-31,31,8,2001
9/1/2001,4,2001-09-01,1,9,2001
9/2/2001,6,2001-09-02,2,9,2001
9/3/2001,98,2001-09-03,3,9,2001
9/4/2001,77,2001-09-04,4,9,2001
9/5/2001,91,2001-09-05,5,9,2001
9/6/2001,57,2001-09-06,6,9,2001
9/7/2001,3,2001-09-07,7,9,2001
9/8/2001,3,2001-09-08,8,9,2001
9/9/2001,3,2001-09-09,9,9,2001
9/10/2001,136,2001-09-10,10,9,2001
9/11/2001,86,2001-09-11,11,9,2001
9/12/2001,66,2001-09-12,12,9,2001
9/13/2001,76,2001-09-13,13,9,2001
9/14/2001,75,2001-09-14,14,9,2001
9/15/2001,3,2001-09-15,15,9,2001
9/16/2001,2,2001-09-16,16,9,2001
9/17/2001,79,2001-09-17,17,9,2001
9/18/2001,70,2001-09-18,18,9,2001
9/19/2001,48,2001-09-19,19,9,2001
9/20/2001,45,2001-09-20,20,9,2001
9/21/2001,43,2001-09-21,21,9,2001
9/22/2001,2,2001-09-22,22,9,2001
9/23/2001,1,2001-09-23,23,9,2001
9/24/2001,85,2001-09-24,24,9,2001
9/25/2001,76,2001-09-25,25,9,2001
9/26/2001,66,2001-09-26,26,9,2001
9/27/2001,57,2001-09-27,27,9,2001
9/28/2001,55,2001-09-28,28,9,2001
9/29/2001,3,2001-09-29,29,9,2001
9/30/2001,2,2001-09-30,30,9,2001
10/1/2001,73,2001-10-01,1,10,2001
10/2/2001,72,2001-10-02,2,10,2001
10/3/2001,29,2001-10-03,3,10,2001
10/4/2001,57,2001-10-04,4,10,2001
10/5/2001,46,2001-10-05,5,10,2001
10/6/2001,2,2001-10-06,6,10,2001
10/7/2001,1,2001-10-07,7,10,2001
10/8/2001,80,2001-10-08,8,10,2001
10/9/2001,63,2001-10-09,9,10,2001
10/10/2001,55,2001-10-10,10,10,2001
10/11/2001,45,2001-10-11,11,10,2001
10/12/2001,1,2001-10-12,12,10,2001
10/13/2001,4,2001-10-13,13,10,2001
10/14/2001,3,2001-10-14,14,10,2001
10/15/2001,76,2001-10-15,15,10,2001
10/16/2001,72,2001-10-16,16,10,2001
10/17/2001,59,2001-10-17,17,10,2001
10/18/2001,68,2001-10-18,18,10,2001
10/19/2001,46,2001-10-19,19,10,2001
10/20/2001,2,2001-10-20,20,10,2001
10/21/2001,3,2001-10-21,21,10,2001
10/22/2001,84,2001-10-22,22,10,2001
10/23/2001,67,2001-10-23,23,10,2001
10/24/2001,48,2001-10-24,24,10,2001
10/25/2001,46,2001-10-25,25,10,2001
10/26/2001,44,2001-10-26,26,10,2001
10/27/2001,3,2001-10-27,27,10,2001
10/28/2001,6,2001-10-28,28,10,2001
10/29/2001,58,2001-10-29,29,10,2001
10/30/2001,61,2001-10-30,30,10,2001
10/31/2001,53,2001-10-31,31,10,2001
11/1/2001,36,2001-11-01,1,11,2001
11/2/2001,1,2001-11-02,2,11,2001
11/3/2001,4,2001-11-03,3,11,2001
11/4/2001,9,2001-11-04,4,11,2001
11/5/2001,87,2001-11-05,5,11,2001
11/6/2001,77,2001-11-06,6,11,2001
11/7/2001,57,2001-11-07,7,11,2001
11/8/2001,49,2001-11-08,8,11,2001
11/9/2001,50,2001-11-09,9,11,2001
11/10/2001,7,2001-11-10,10,11,2001
11/11/2001,4,2001-11-11,11,11,2001
11/12/2001,65,2001-11-12,12,11,2001
11/13/2001,40,2001-11-13,13,11,2001
11/14/2001,35,2001-11-14,14,11,2001
11/15/2001,3,2001-11-15,15,11,2001
11/16/2001,11,2001-11-16,16,11,2001
11/17/2001,3,2001-11-17,17,11,2001
11/18/2001,4,2001-11-18,18,11,2001
11/19/2001,74,2001-11-19,19,11,2001
11/20/2001,44,2001-11-20,20,11,2001
11/21/2001,48,2001-11-21,21,11,2001
11/22/2001,48,2001-11-22,22,11,2001
11/23/2001,51,2001-11-23,23,11,2001
11/24/2001,5,2001-11-24,24,11,2001
11/25/2001,10,2001-11-25,25,11,2001
11/26/2001,70,2001-11-26,26,11,2001
11/27/2001,58,2001-11-27,27,11,2001
11/28/2001,53,2001-11-28,28,11,2001
11/29/2001,44,2001-11-29,29,11,2001
11/30/2001,35,2001-11-30,30,11,2001
12/1/2001,6,2001-12-01,1,12,2001
12/3/2001,106,2001-12-03,3,12,2001
12/4/2001,58,2001-12-04,4,12,2001
12/5/2001,64,2001-12-05,5,12,2001
12/6/2001,29,2001-12-06,6,12,2001
12/7/2001,37,2001-12-07,7,12,2001
12/8/2001,3,2001-12-08,8,12,2001
12/9/2001,3,2001-12-09,9,12,2001
12/10/2001,60,2001-12-10,10,12,2001
12/11/2001,55,2001-12-11,11,12,2001
12/12/2001,53,2001-12-12,12,12,2001
12/13/2001,41,2001-12-13,13,12,2001
12/14/2001,47,2001-12-14,14,12,2001
12/15/2001,5,2001-12-15,15,12,2001
12/16/2001,6,2001-12-16,16,12,2001
12/17/2001,75,2001-12-17,17,12,2001
12/18/2001,67,2001-12-18,18,12,2001
12/19/2001,45,2001-12-19,19,12,2001
12/20/2001,54,2001-12-20,20,12,2001
12/21/2001,52,2001-12-21,21,12,2001
12/22/2001,5,2001-12-22,22,12,2001
12/23/2001,6,2001-12-23,23,12,2001
12/24/2001,24,2001-12-24,24,12,2001
12/25/2001,3,2001-12-25,25,12,2001
12/26/2001,60,2001-12-26,26,12,2001
12/27/2001,70,2001-12-27,27,12,2001
12/28/2001,64,2001-12-28,28,12,2001
12/29/2001,13,2001-12-29,29,12,2001
12/30/2001,7,2001-12-30,30,12,2001
12/31/2001,12,2001-12-31,31,12,2001
1/1/2002,7,2002-01-01,1,1,2002
1/2/2002,68,2002-01-02,2,1,2002
1/3/2002,81,2002-01-03,3,1,2002
1/4/2002,54,2002-01-04,4,1,2002
1/5/2002,9,2002-01-05,5,1,2002
1/6/2002,7,2002-01-06,6,1,2002
1/7/2002,108,2002-01-07,7,1,2002
1/8/2002,107,2002-01-08,8,1,2002
1/9/2002,94,2002-01-09,9,1,2002
1/10/2002,98,2002-01-10,10,1,2002
1/11/2002,99,2002-01-11,11,1,2002
1/12/2002,15,2002-01-12,12,1,2002
1/13/2002,12,2002-01-13,13,1,2002
1/14/2002,157,2002-01-14,14,1,2002
1/15/2002,106,2002-01-15,15,1,2002
1/16/2002,104,2002-01-16,16,1,2002
1/17/2002,144,2002-01-17,17,1,2002
1/18/2002,175,2002-01-18,18,1,2002
1/19/2002,35,2002-01-19,19,1,2002
1/20/2002,38,2002-01-20,20,1,2002
1/21/2002,269,2002-01-21,21,1,2002
1/22/2002,254,2002-01-22,22,1,2002
1/23/2002,316,2002-01-23,23,1,2002
1/24/2002,283,2002-01-24,24,1,2002
1/25/2002,213,2002-01-25,25,1,2002
1/26/2002,30,2002-01-26,26,1,2002
1/27/2002,31,2002-01-27,27,1,2002
1/28/2002,347,2002-01-28,28,1,2002
1/29/2002,315,2002-01-29,29,1,2002
1/30/2002,335,2002-01-30,30,1,2002
1/31/2002,342,2002-01-31,31,1,2002
2/1/2002,335,2002-02-01,1,2,2002
2/2/2002,75,2002-02-02,2,2,2002
2/3/2002,57,2002-02-03,3,2,2002
2/4/2002,604,2002-02-04,4,2,2002
2/5/2002,520,2002-02-05,5,2,2002
2/6/2002,462,2002-02-06,6,2,2002
2/7/2002,476,2002-02-07,7,2,2002
2/8/2002,518,2002-02-08,8,2,2002
2/9/2002,81,2002-02-09,9,2,2002
2/10/2002,67,2002-02-10,10,2,2002
2/11/2002,130,2002-02-11,11,2,2002
2/12/2002,100,2002-02-12,12,2,2002
2/13/2002,418,2002-02-13,13,2,2002
2/14/2002,856,2002-02-14,14,2,2002
2/15/2002,706,2002-02-15,15,2,2002
2/16/2002,159,2002-02-16,16,2,2002
2/17/2002,127,2002-02-17,17,2,2002
2/18/2002,1061,2002-02-18,18,2,2002
2/19/2002,1013,2002-02-19,19,2,2002
2/20/2002,1053,2002-02-20,20,2,2002
2/21/2002,997,2002-02-21,21,2,2002
2/22/2002,1117,2002-02-22,22,2,2002
2/23/2002,233,2002-02-23,23,2,2002
2/24/2002,201,2002-02-24,24,2,2002
2/25/2002,1806,2002-02-25,25,2,2002
2/26/2002,1573,2002-02-26,26,2,2002
2/27/2002,1516,2002-02-27,27,2,2002
2/28/2002,1457,2002-02-28,28,2,2002
3/1/2002,1343,2002-03-01,1,3,2002
3/2/2002,250,2002-03-02,2,3,2002
3/3/2002,255,2002-03-03,3,3,2002
3/4/2002,1925,2002-03-04,4,3,2002
3/5/2002,1457,2002-03-05,5,3,2002
3/6/2002,1307,2002-03-06,6,3,2002
3/7/2002,1397,2002-03-07,7,3,2002
3/8/2002,1326,2002-03-08,8,3,2002
3/9/2002,265,2002-03-09,9,3,2002
3/10/2002,210,2002-03-10,10,3,2002
3/11/2002,1670,2002-03-11,11,3,2002
3/12/2002,1316,2002-03-12,12,3,2002
3/13/2002,1099,2002-03-13,13,3,2002
3/14/2002,1271,2002-03-14,14,3,2002
3/15/2002,1195,2002-03-15,15,3,2002
3/16/2002,242,2002-03-16,16,3,2002
3/17/2002,238,2002-03-17,17,3,2002
3/18/2002,1596,2002-03-18,18,3,2002
3/19/2002,1310,2002-03-19,19,3,2002
3/20/2002,1224,2002-03-20,20,3,2002
3/21/2002,1052,2002-03-21,21,3,2002
3/22/2002,1176,2002-03-22,22,3,2002
3/23/2002,268,2002-03-23,23,3,2002
3/24/2002,212,2002-03-24,24,3,2002
3/25/2002,1489,2002-03-25,25,3,2002
3/26/2002,1286,2002-03-26,26,3,2002
3/27/2002,1046,2002-03-27,27,3,2002
3/28/2002,796,2002-03-28,28,3,2002
3/29/2002,317,2002-03-29,29,3,2002
3/30/2002,292,2002-03-30,30,3,2002
3/31/2002,250,2002-03-31,31,3,2002
4/1/2002,1537,2002-04-01,1,4,2002
4/2/2002,1182,2002-04-02,2,4,2002
4/3/2002,953,2002-04-03,3,4,2002
4/4/2002,967,2002-04-04,4,4,2002
4/5/2002,910,2002-04-05,5,4,2002
4/6/2002,301,2002-04-06,6,4,2002
4/7/2002,233,2002-04-07,7,4,2002
4/8/2002,1237,2002-04-08,8,4,2002
4/9/2002,979,2002-04-09,9,4,2002
4/10/2002,953,2002-04-10,10,4,2002
4/11/2002,925,2002-04-11,11,4,2002
4/12/2002,838,2002-04-12,12,4,2002
4/13/2002,249,2002-04-13,13,4,2002
4/14/2002,215,2002-04-14,14,4,2002
4/15/2002,1022,2002-04-15,15,4,2002
4/16/2002,757,2002-04-16,16,4,2002
4/17/2002,716,2002-04-17,17,4,2002
4/18/2002,766,2002-04-18,18,4,2002
4/19/2002,616,2002-04-19,19,4,2002
4/20/2002,237,2002-04-20,20,4,2002
4/21/2002,236,2002-04-21,21,4,2002
4/22/2002,882,2002-04-22,22,4,2002
4/23/2002,726,2002-04-23,23,4,2002
4/24/2002,750,2002-04-24,24,4,2002
4/25/2002,729,2002-04-25,25,4,2002
4/26/2002,595,2002-04-26,26,4,2002
4/27/2002,141,2002-04-27,27,4,2002
4/28/2002,203,2002-04-28,28,4,2002
4/29/2002,867,2002-04-29,29,4,2002
4/30/2002,674,2002-04-30,30,4,2002
5/1/2002,155,2002-05-01,1,5,2002
5/2/2002,671,2002-05-02,2,5,2002
5/3/2002,545,2002-05-03,3,5,2002
5/4/2002,139,2002-05-04,4,5,2002
5/5/2002,160,2002-05-05,5,5,2002
5/6/2002,793,2002-05-06,6,5,2002
5/7/2002,567,2002-05-07,7,5,2002
5/8/2002,490,2002-05-08,8,5,2002
5/9/2002,501,2002-05-09,9,5,2002
5/10/2002,472,2002-05-10,10,5,2002
5/11/2002,191,2002-05-11,11,5,2002
5/12/2002,152,2002-05-12,12,5,2002
5/13/2002,656,2002-05-13,13,5,2002
5/14/2002,524,2002-05-14,14,5,2002
5/15/2002,505,2002-05-15,15,5,2002
5/16/2002,544,2002-05-16,16,5,2002
5/17/2002,450,2002-05-17,17,5,2002
5/18/2002,151,2002-05-18,18,5,2002
5/19/2002,132,2002-05-19,19,5,2002
5/20/2002,619,2002-05-20,20,5,2002
5/21/2002,432,2002-05-21,21,5,2002
5/22/2002,347,2002-05-22,22,5,2002
5/23/2002,361,2002-05-23,23,5,2002
5/24/2002,295,2002-05-24,24,5,2002
5/25/2002,140,2002-05-25,25,5,2002
5/26/2002,128,2002-05-26,26,5,2002
5/27/2002,414,2002-05-27,27,5,2002
5/28/2002,342,2002-05-28,28,5,2002
5/29/2002,250,2002-05-29,29,5,2002
5/30/2002,122,2002-05-30,30,5,2002
5/31/2002,158,2002-05-31,31,5,2002
6/1/2002,98,2002-06-01,1,6,2002
6/2/2002,73,2002-06-02,2,6,2002
6/3/2002,324,2002-06-03,3,6,2002
6/4/2002,282,2002-06-04,4,6,2002
6/5/2002,222,2002-06-05,5,6,2002
6/6/2002,216,2002-06-06,6,6,2002
6/7/2002,215,2002-06-07,7,6,2002
6/8/2002,72,2002-06-08,8,6,2002
6/9/2002,63,2002-06-09,9,6,2002
6/10/2002,287,2002-06-10,10,6,2002
6/11/2002,248,2002-06-11,11,6,2002
6/12/2002,198,2002-06-12,12,6,2002
6/13/2002,193,2002-06-13,13,6,2002
6/14/2002,159,2002-06-14,14,6,2002
6/15/2002,75,2002-06-15,15,6,2002
6/16/2002,42,2002-06-16,16,6,2002
6/17/2002,190,2002-06-17,17,6,2002
6/18/2002,177,2002-06-18,18,6,2002
6/19/2002,192,2002-06-19,19,6,2002
6/20/2002,191,2002-06-20,20,6,2002
6/21/2002,125,2002-06-21,21,6,2002
6/22/2002,25,2002-06-22,22,6,2002
6/23/2002,34,2002-06-23,23,6,2002
6/24/2002,174,2002-06-24,24,6,2002
6/25/2002,131,2002-06-25,25,6,2002
6/26/2002,65,2002-06-26,26,6,2002
6/27/2002,136,2002-06-27,27,6,2002
6/28/2002,115,2002-06-28,28,6,2002
6/29/2002,22,2002-06-29,29,6,2002
6/30/2002,26,2002-06-30,30,6,2002
7/1/2002,114,2002-07-01,1,7,2002
7/2/2002,119,2002-07-02,2,7,2002
7/3/2002,89,2002-07-03,3,7,2002
7/4/2002,93,2002-07-04,4,7,2002
7/5/2002,94,2002-07-05,5,7,2002
7/6/2002,22,2002-07-06,6,7,2002
7/7/2002,16,2002-07-07,7,7,2002
7/8/2002,61,2002-07-08,8,7,2002
7/9/2002,13,2002-07-09,9,7,2002
7/10/2002,88,2002-07-10,10,7,2002
7/11/2002,67,2002-07-11,11,7,2002
7/12/2002,55,2002-07-12,12,7,2002
7/13/2002,9,2002-07-13,13,7,2002
7/14/2002,7,2002-07-14,14,7,2002
7/15/2002,66,2002-07-15,15,7,2002
7/16/2002,38,2002-07-16,16,7,2002
7/17/2002,39,2002-07-17,17,7,2002
7/18/2002,50,2002-07-18,18,7,2002
7/19/2002,43,2002-07-19,19,7,2002
7/20/2002,9,2002-07-20,20,7,2002
7/21/2002,4,2002-07-21,21,7,2002
7/22/2002,49,2002-07-22,22,7,2002
7/23/2002,38,2002-07-23,23,7,2002
7/24/2002,33,2002-07-24,24,7,2002
7/25/2002,32,2002-07-25,25,7,2002
7/26/2002,35,2002-07-26,26,7,2002
7/27/2002,12,2002-07-27,27,7,2002
7/28/2002,10,2002-07-28,28,7,2002
7/29/2002,57,2002-07-29,29,7,2002
7/30/2002,44,2002-07-30,30,7,2002
7/31/2002,43,2002-07-31,31,7,2002
8/1/2002,38,2002-08-01,1,8,2002
8/2/2002,32,2002-08-02,2,8,2002
8/3/2002,2,2002-08-03,3,8,2002
8/4/2002,5,2002-08-04,4,8,2002
8/5/2002,50,2002-08-05,5,8,2002
8/6/2002,52,2002-08-06,6,8,2002
8/7/2002,54,2002-08-07,7,8,2002
8/8/2002,65,2002-08-08,8,8,2002
8/9/2002,55,2002-08-09,9,8,2002
8/10/2002,3,2002-08-10,10,8,2002
8/11/2002,3,2002-08-11,11,8,2002
8/12/2002,71,2002-08-12,12,8,2002
8/13/2002,67,2002-08-13,13,8,2002
8/14/2002,53,2002-08-14,14,8,2002
8/15/2002,51,2002-08-15,15,8,2002
8/16/2002,47,2002-08-16,16,8,2002
8/17/2002,8,2002-08-17,17,8,2002
8/18/2002,7,2002-08-18,18,8,2002
8/19/2002,69,2002-08-19,19,8,2002
8/20/2002,77,2002-08-20,20,8,2002
8/21/2002,71,2002-08-21,21,8,2002
8/22/2002,66,2002-08-22,22,8,2002
8/23/2002,65,2002-08-23,23,8,2002
8/24/2002,7,2002-08-24,24,8,2002
8/25/2002,9,2002-08-25,25,8,2002
8/26/2002,63,2002-08-26,26,8,2002
8/27/2002,44,2002-08-27,27,8,2002
8/28/2002,67,2002-08-28,28,8,2002
8/29/2002,52,2002-08-29,29,8,2002
8/30/2002,35,2002-08-30,30,8,2002
8/31/2002,4,2002-08-31,31,8,2002
9/1/2002,6,2002-09-01,1,9,2002
9/2/2002,50,2002-09-02,2,9,2002
9/3/2002,40,2002-09-03,3,9,2002
9/4/2002,23,2002-09-04,4,9,2002
9/5/2002,30,2002-09-05,5,9,2002
9/6/2002,38,2002-09-06,6,9,2002
9/7/2002,2,2002-09-07,7,9,2002
9/8/2002,2,2002-09-08,8,9,2002
9/9/2002,51,2002-09-09,9,9,2002
9/10/2002,57,2002-09-10,10,9,2002
9/11/2002,34,2002-09-11,11,9,2002
9/12/2002,46,2002-09-12,12,9,2002
9/13/2002,35,2002-09-13,13,9,2002
9/14/2002,1,2002-09-14,14,9,2002
9/15/2002,3,2002-09-15,15,9,2002
9/16/2002,39,2002-09-16,16,9,2002
9/17/2002,38,2002-09-17,17,9,2002
9/18/2002,30,2002-09-18,18,9,2002
9/19/2002,50,2002-09-19,19,9,2002
9/20/2002,36,2002-09-20,20,9,2002
9/21/2002,5,2002-09-21,21,9,2002
9/22/2002,3,2002-09-22,22,9,2002
9/23/2002,28,2002-09-23,23,9,2002
9/24/2002,23,2002-09-24,24,9,2002
9/25/2002,25,2002-09-25,25,9,2002
9/26/2002,33,2002-09-26,26,9,2002
9/27/2002,24,2002-09-27,27,9,2002
9/28/2002,3,2002-09-28,28,9,2002
9/30/2002,27,2002-09-30,30,9,2002
10/1/2002,40,2002-10-01,1,10,2002
10/2/2002,23,2002-10-02,2,10,2002
10/3/2002,25,2002-10-03,3,10,2002
10/4/2002,23,2002-10-04,4,10,2002
10/5/2002,5,2002-10-05,5,10,2002
10/6/2002,5,2002-10-06,6,10,2002
10/7/2002,28,2002-10-07,7,10,2002
10/8/2002,20,2002-10-08,8,10,2002
10/9/2002,32,2002-10-09,9,10,2002
10/10/2002,25,2002-10-10,10,10,2002
10/11/2002,29,2002-10-11,11,10,2002
10/12/2002,5,2002-10-12,12,10,2002
10/13/2002,3,2002-10-13,13,10,2002
10/14/2002,23,2002-10-14,14,10,2002
10/15/2002,37,2002-10-15,15,10,2002
10/16/2002,26,2002-10-16,16,10,2002
10/17/2002,29,2002-10-17,17,10,2002
10/18/2002,25,2002-10-18,18,10,2002
10/20/2002,1,2002-10-20,20,10,2002
10/21/2002,35,2002-10-21,21,10,2002
10/22/2002,26,2002-10-22,22,10,2002
10/23/2002,28,2002-10-23,23,10,2002
10/24/2002,29,2002-10-24,24,10,2002
10/25/2002,27,2002-10-25,25,10,2002
10/26/2002,1,2002-10-26,26,10,2002
10/27/2002,2,2002-10-27,27,10,2002
10/28/2002,11,2002-10-28,28,10,2002
10/29/2002,42,2002-10-29,29,10,2002
10/30/2002,32,2002-10-30,30,10,2002
10/31/2002,31,2002-10-31,31,10,2002
11/1/2002,18,2002-11-01,1,11,2002
11/2/2002,4,2002-11-02,2,11,2002
11/3/2002,1,2002-11-03,3,11,2002
11/4/2002,46,2002-11-04,4,11,2002
11/5/2002,38,2002-11-05,5,11,2002
11/6/2002,25,2002-11-06,6,11,2002
11/7/2002,55,2002-11-07,7,11,2002
11/8/2002,33,2002-11-08,8,11,2002
11/9/2002,2,2002-11-09,9,11,2002
11/10/2002,5,2002-11-10,10,11,2002
11/11/2002,49,2002-11-11,11,11,2002
11/12/2002,30,2002-11-12,12,11,2002
11/13/2002,22,2002-11-13,13,11,2002
11/14/2002,44,2002-11-14,14,11,2002
11/15/2002,5,2002-11-15,15,11,2002
11/16/2002,5,2002-11-16,16,11,2002
11/17/2002,5,2002-11-17,17,11,2002
11/18/2002,68,2002-11-18,18,11,2002
11/19/2002,43,2002-11-19,19,11,2002
11/20/2002,47,2002-11-20,20,11,2002
11/21/2002,49,2002-11-21,21,11,2002
11/22/2002,52,2002-11-22,22,11,2002
11/23/2002,5,2002-11-23,23,11,2002
11/24/2002,8,2002-11-24,24,11,2002
11/25/2002,109,2002-11-25,25,11,2002
11/26/2002,64,2002-11-26,26,11,2002
11/27/2002,67,2002-11-27,27,11,2002
11/28/2002,54,2002-11-28,28,11,2002
11/29/2002,64,2002-11-29,29,11,2002
11/30/2002,10,2002-11-30,30,11,2002
12/1/2002,5,2002-12-01,1,12,2002
12/2/2002,99,2002-12-02,2,12,2002
12/3/2002,86,2002-12-03,3,12,2002
12/4/2002,87,2002-12-04,4,12,2002
12/5/2002,75,2002-12-05,5,12,2002
12/6/2002,77,2002-12-06,6,12,2002
12/7/2002,12,2002-12-07,7,12,2002
12/8/2002,8,2002-12-08,8,12,2002
12/9/2002,87,2002-12-09,9,12,2002
12/10/2002,66,2002-12-10,10,12,2002
12/11/2002,69,2002-12-11,11,12,2002
12/12/2002,53,2002-12-12,12,12,2002
12/13/2002,69,2002-12-13,13,12,2002
12/14/2002,8,2002-12-14,14,12,2002
12/15/2002,4,2002-12-15,15,12,2002
12/16/2002,80,2002-12-16,16,12,2002
12/17/2002,74,2002-12-17,17,12,2002
12/18/2002,67,2002-12-18,18,12,2002
12/19/2002,54,2002-12-19,19,12,2002
12/20/2002,73,2002-12-20,20,12,2002
12/21/2002,3,2002-12-21,21,12,2002
12/22/2002,5,2002-12-22,22,12,2002
12/23/2002,79,2002-12-23,23,12,2002
12/24/2002,20,2002-12-24,24,12,2002
12/25/2002,9,2002-12-25,25,12,2002
12/26/2002,62,2002-12-26,26,12,2002
12/27/2002,67,2002-12-27,27,12,2002
12/28/2002,7,2002-12-28,28,12,2002
12/29/2002,11,2002-12-29,29,12,2002
12/30/2002,92,2002-12-30,30,12,2002
12/31/2002,30,2002-12-31,31,12,2002
1/1/2003,13,2003-01-01,1,1,2003
1/2/2003,82,2003-01-02,2,1,2003
1/3/2003,101,2003-01-03,3,1,2003
1/4/2003,16,2003-01-04,4,1,2003
1/5/2003,17,2003-01-05,5,1,2003
1/6/2003,176,2003-01-06,6,1,2003
1/7/2003,123,2003-01-07,7,1,2003
1/8/2003,109,2003-01-08,8,1,2003
1/9/2003,148,2003-01-09,9,1,2003
1/10/2003,122,2003-01-10,10,1,2003
1/11/2003,27,2003-01-11,11,1,2003
1/12/2003,16,2003-01-12,12,1,2003
1/13/2003,218,2003-01-13,13,1,2003
1/14/2003,155,2003-01-14,14,1,2003
1/15/2003,204,2003-01-15,15,1,2003
1/16/2003,152,2003-01-16,16,1,2003
1/17/2003,212,2003-01-17,17,1,2003
1/18/2003,38,2003-01-18,18,1,2003
1/19/2003,37,2003-01-19,19,1,2003
1/20/2003,237,2003-01-20,20,1,2003
1/21/2003,257,2003-01-21,21,1,2003
1/22/2003,209,2003-01-22,22,1,2003
1/23/2003,185,2003-01-23,23,1,2003
1/24/2003,209,2003-01-24,24,1,2003
1/25/2003,35,2003-01-25,25,1,2003
1/26/2003,39,2003-01-26,26,1,2003
1/27/2003,308,2003-01-27,27,1,2003
1/28/2003,212,2003-01-28,28,1,2003
1/29/2003,230,2003-01-29,29,1,2003
1/30/2003,235,2003-01-30,30,1,2003
1/31/2003,272,2003-01-31,31,1,2003
2/1/2003,52,2003-02-01,1,2,2003
2/2/2003,61,2003-02-02,2,2,2003
2/3/2003,349,2003-02-03,3,2,2003
2/4/2003,279,2003-02-04,4,2,2003
2/5/2003,282,2003-02-05,5,2,2003
2/6/2003,291,2003-02-06,6,2,2003
2/7/2003,300,2003-02-07,7,2,2003
2/8/2003,52,2003-02-08,8,2,2003
2/9/2003,52,2003-02-09,9,2,2003
2/10/2003,407,2003-02-10,10,2,2003
2/11/2003,324,2003-02-11,11,2,2003
2/12/2003,292,2003-02-12,12,2,2003
2/13/2003,287,2003-02-13,13,2,2003
2/14/2003,283,2003-02-14,14,2,2003
2/15/2003,42,2003-02-15,15,2,2003
2/16/2003,33,2003-02-16,16,2,2003
2/17/2003,334,2003-02-17,17,2,2003
2/18/2003,313,2003-02-18,18,2,2003
2/19/2003,355,2003-02-19,19,2,2003
2/20/2003,351,2003-02-20,20,2,2003
2/21/2003,323,2003-02-21,21,2,2003
2/22/2003,54,2003-02-22,22,2,2003
2/23/2003,44,2003-02-23,23,2,2003
2/24/2003,550,2003-02-24,24,2,2003
2/25/2003,391,2003-02-25,25,2,2003
2/26/2003,411,2003-02-26,26,2,2003
2/27/2003,436,2003-02-27,27,2,2003
2/28/2003,349,2003-02-28,28,2,2003
3/1/2003,42,2003-03-01,1,3,2003
3/2/2003,54,2003-03-02,2,3,2003
3/3/2003,76,2003-03-03,3,3,2003
3/4/2003,44,2003-03-04,4,3,2003
3/5/2003,348,2003-03-05,5,3,2003
3/6/2003,570,2003-03-06,6,3,2003
3/7/2003,496,2003-03-07,7,3,2003
3/8/2003,61,2003-03-08,8,3,2003
3/9/2003,42,2003-03-09,9,3,2003
3/10/2003,603,2003-03-10,10,3,2003
3/11/2003,459,2003-03-11,11,3,2003
3/12/2003,495,2003-03-12,12,3,2003
3/13/2003,540,2003-03-13,13,3,2003
3/14/2003,586,2003-03-14,14,3,2003
3/15/2003,53,2003-03-15,15,3,2003
3/16/2003,65,2003-03-16,16,3,2003
3/17/2003,807,2003-03-17,17,3,2003
3/18/2003,600,2003-03-18,18,3,2003
3/19/2003,561,2003-03-19,19,3,2003
3/20/2003,534,2003-03-20,20,3,2003
3/21/2003,520,2003-03-21,21,3,2003
3/22/2003,43,2003-03-22,22,3,2003
3/23/2003,51,2003-03-23,23,3,2003
3/24/2003,630,2003-03-24,24,3,2003
3/25/2003,487,2003-03-25,25,3,2003
3/26/2003,420,2003-03-26,26,3,2003
3/27/2003,475,2003-03-27,27,3,2003
3/28/2003,448,2003-03-28,28,3,2003
3/29/2003,46,2003-03-29,29,3,2003
3/30/2003,53,2003-03-30,30,3,2003
3/31/2003,664,2003-03-31,31,3,2003
4/1/2003,469,2003-04-01,1,4,2003
4/2/2003,480,2003-04-02,2,4,2003
4/3/2003,436,2003-04-03,3,4,2003
4/4/2003,328,2003-04-04,4,4,2003
4/5/2003,42,2003-04-05,5,4,2003
4/6/2003,36,2003-04-06,6,4,2003
4/7/2003,412,2003-04-07,7,4,2003
4/8/2003,339,2003-04-08,8,4,2003
4/9/2003,417,2003-04-09,9,4,2003
4/10/2003,349,2003-04-10,10,4,2003
4/11/2003,359,2003-04-11,11,4,2003
4/12/2003,55,2003-04-12,12,4,2003
4/13/2003,41,2003-04-13,13,4,2003
4/14/2003,426,2003-04-14,14,4,2003
4/15/2003,383,2003-04-15,15,4,2003
4/16/2003,344,2003-04-16,16,4,2003
4/17/2003,180,2003-04-17,17,4,2003
4/18/2003,48,2003-04-18,18,4,2003
4/19/2003,34,2003-04-19,19,4,2003
4/20/2003,38,2003-04-20,20,4,2003
4/21/2003,37,2003-04-21,21,4,2003
4/22/2003,382,2003-04-22,22,4,2003
4/23/2003,331,2003-04-23,23,4,2003
4/24/2003,325,2003-04-24,24,4,2003
4/25/2003,316,2003-04-25,25,4,2003
4/26/2003,40,2003-04-26,26,4,2003
4/27/2003,36,2003-04-27,27,4,2003
4/28/2003,390,2003-04-28,28,4,2003
4/29/2003,289,2003-04-29,29,4,2003
4/30/2003,246,2003-04-30,30,4,2003
5/1/2003,43,2003-05-01,1,5,2003
5/2/2003,96,2003-05-02,2,5,2003
5/3/2003,38,2003-05-03,3,5,2003
5/4/2003,27,2003-05-04,4,5,2003
5/5/2003,328,2003-05-05,5,5,2003
5/6/2003,232,2003-05-06,6,5,2003
5/7/2003,231,2003-05-07,7,5,2003
5/8/2003,201,2003-05-08,8,5,2003
5/9/2003,154,2003-05-09,9,5,2003
5/10/2003,25,2003-05-10,10,5,2003
5/11/2003,43,2003-05-11,11,5,2003
5/12/2003,259,2003-05-12,12,5,2003
5/13/2003,244,2003-05-13,13,5,2003
5/14/2003,173,2003-05-14,14,5,2003
5/15/2003,182,2003-05-15,15,5,2003
5/16/2003,187,2003-05-16,16,5,2003
5/17/2003,20,2003-05-17,17,5,2003
5/18/2003,15,2003-05-18,18,5,2003
5/19/2003,195,2003-05-19,19,5,2003
5/20/2003,198,2003-05-20,20,5,2003
5/21/2003,193,2003-05-21,21,5,2003
5/22/2003,202,2003-05-22,22,5,2003
5/23/2003,131,2003-05-23,23,5,2003
5/24/2003,17,2003-05-24,24,5,2003
5/25/2003,12,2003-05-25,25,5,2003
5/26/2003,184,2003-05-26,26,5,2003
5/27/2003,163,2003-05-27,27,5,2003
5/28/2003,158,2003-05-28,28,5,2003
5/29/2003,109,2003-05-29,29,5,2003
5/30/2003,111,2003-05-30,30,5,2003
5/31/2003,9,2003-05-31,31,5,2003
6/1/2003,25,2003-06-01,1,6,2003
6/2/2003,151,2003-06-02,2,6,2003
6/3/2003,124,2003-06-03,3,6,2003
6/4/2003,134,2003-06-04,4,6,2003
6/5/2003,95,2003-06-05,5,6,2003
6/6/2003,107,2003-06-06,6,6,2003
6/7/2003,19,2003-06-07,7,6,2003
6/8/2003,14,2003-06-08,8,6,2003
6/9/2003,139,2003-06-09,9,6,2003
6/10/2003,91,2003-06-10,10,6,2003
6/11/2003,112,2003-06-11,11,6,2003
6/12/2003,95,2003-06-12,12,6,2003
6/13/2003,80,2003-06-13,13,6,2003
6/14/2003,11,2003-06-14,14,6,2003
6/15/2003,10,2003-06-15,15,6,2003
6/16/2003,133,2003-06-16,16,6,2003
6/17/2003,91,2003-06-17,17,6,2003
6/18/2003,81,2003-06-18,18,6,2003
6/19/2003,14,2003-06-19,19,6,2003
6/20/2003,21,2003-06-20,20,6,2003
6/21/2003,9,2003-06-21,21,6,2003
6/22/2003,9,2003-06-22,22,6,2003
6/23/2003,149,2003-06-23,23,6,2003
6/24/2003,74,2003-06-24,24,6,2003
6/25/2003,81,2003-06-25,25,6,2003
6/26/2003,75,2003-06-26,26,6,2003
6/27/2003,78,2003-06-27,27,6,2003
6/28/2003,3,2003-06-28,28,6,2003
6/29/2003,12,2003-06-29,29,6,2003
6/30/2003,90,2003-06-30,30,6,2003
7/1/2003,68,2003-07-01,1,7,2003
7/2/2003,57,2003-07-02,2,7,2003
7/3/2003,63,2003-07-03,3,7,2003
7/4/2003,77,2003-07-04,4,7,2003
7/5/2003,9,2003-07-05,5,7,2003
7/6/2003,7,2003-07-06,6,7,2003
7/7/2003,62,2003-07-07,7,7,2003
7/8/2003,60,2003-07-08,8,7,2003
7/9/2003,14,2003-07-09,9,7,2003
7/10/2003,68,2003-07-10,10,7,2003
7/11/2003,45,2003-07-11,11,7,2003
7/12/2003,2,2003-07-12,12,7,2003
7/13/2003,1,2003-07-13,13,7,2003
7/14/2003,51,2003-07-14,14,7,2003
7/15/2003,54,2003-07-15,15,7,2003
7/16/2003,42,2003-07-16,16,7,2003
7/17/2003,40,2003-07-17,17,7,2003
7/18/2003,41,2003-07-18,18,7,2003
7/19/2003,4,2003-07-19,19,7,2003
7/20/2003,3,2003-07-20,20,7,2003
7/21/2003,55,2003-07-21,21,7,2003
7/22/2003,50,2003-07-22,22,7,2003
7/23/2003,37,2003-07-23,23,7,2003
7/24/2003,35,2003-07-24,24,7,2003
7/25/2003,34,2003-07-25,25,7,2003
7/26/2003,12,2003-07-26,26,7,2003
7/27/2003,3,2003-07-27,27,7,2003
7/28/2003,36,2003-07-28,28,7,2003
7/29/2003,41,2003-07-29,29,7,2003
7/30/2003,35,2003-07-30,30,7,2003
7/31/2003,36,2003-07-31,31,7,2003
8/1/2003,32,2003-08-01,1,8,2003
8/2/2003,4,2003-08-02,2,8,2003
8/3/2003,4,2003-08-03,3,8,2003
8/4/2003,34,2003-08-04,4,8,2003
8/5/2003,39,2003-08-05,5,8,2003
8/6/2003,37,2003-08-06,6,8,2003
8/7/2003,29,2003-08-07,7,8,2003
8/8/2003,32,2003-08-08,8,8,2003
8/9/2003,7,2003-08-09,9,8,2003
8/10/2003,3,2003-08-10,10,8,2003
8/11/2003,27,2003-08-11,11,8,2003
8/12/2003,28,2003-08-12,12,8,2003
8/13/2003,23,2003-08-13,13,8,2003
8/14/2003,24,2003-08-14,14,8,2003
8/15/2003,18,2003-08-15,15,8,2003
8/16/2003,3,2003-08-16,16,8,2003
8/17/2003,4,2003-08-17,17,8,2003
8/18/2003,38,2003-08-18,18,8,2003
8/19/2003,25,2003-08-19,19,8,2003
8/20/2003,23,2003-08-20,20,8,2003
8/21/2003,27,2003-08-21,21,8,2003
8/22/2003,24,2003-08-22,22,8,2003
8/23/2003,4,2003-08-23,23,8,2003
8/24/2003,2,2003-08-24,24,8,2003
8/25/2003,28,2003-08-25,25,8,2003
8/26/2003,16,2003-08-26,26,8,2003
8/27/2003,20,2003-08-27,27,8,2003
8/28/2003,23,2003-08-28,28,8,2003
8/29/2003,16,2003-08-29,29,8,2003
8/30/2003,2,2003-08-30,30,8,2003
8/31/2003,2,2003-08-31,31,8,2003
9/1/2003,16,2003-09-01,1,9,2003
9/2/2003,17,2003-09-02,2,9,2003
9/3/2003,22,2003-09-03,3,9,2003
9/4/2003,13,2003-09-04,4,9,2003
9/5/2003,21,2003-09-05,5,9,2003
9/6/2003,9,2003-09-06,6,9,2003
9/7/2003,3,2003-09-07,7,9,2003
9/8/2003,21,2003-09-08,8,9,2003
9/9/2003,24,2003-09-09,9,9,2003
9/10/2003,26,2003-09-10,10,9,2003
9/11/2003,12,2003-09-11,11,9,2003
9/12/2003,17,2003-09-12,12,9,2003
9/13/2003,2,2003-09-13,13,9,2003
9/14/2003,3,2003-09-14,14,9,2003
9/15/2003,24,2003-09-15,15,9,2003
9/16/2003,15,2003-09-16,16,9,2003
9/17/2003,15,2003-09-17,17,9,2003
9/18/2003,26,2003-09-18,18,9,2003
9/19/2003,22,2003-09-19,19,9,2003
9/20/2003,2,2003-09-20,20,9,2003
9/21/2003,1,2003-09-21,21,9,2003
9/22/2003,15,2003-09-22,22,9,2003
9/23/2003,18,2003-09-23,23,9,2003
9/24/2003,19,2003-09-24,24,9,2003
9/25/2003,19,2003-09-25,25,9,2003
9/26/2003,27,2003-09-26,26,9,2003
9/27/2003,2,2003-09-27,27,9,2003
9/28/2003,2,2003-09-28,28,9,2003
9/29/2003,27,2003-09-29,29,9,2003
9/30/2003,26,2003-09-30,30,9,2003
10/1/2003,33,2003-10-01,1,10,2003
10/2/2003,20,2003-10-02,2,10,2003
10/3/2003,14,2003-10-03,3,10,2003
10/4/2003,5,2003-10-04,4,10,2003
10/5/2003,2,2003-10-05,5,10,2003
10/6/2003,34,2003-10-06,6,10,2003
10/7/2003,19,2003-10-07,7,10,2003
10/8/2003,23,2003-10-08,8,10,2003
10/9/2003,24,2003-10-09,9,10,2003
10/10/2003,13,2003-10-10,10,10,2003
10/11/2003,2,2003-10-11,11,10,2003
10/12/2003,2,2003-10-12,12,10,2003
10/13/2003,19,2003-10-13,13,10,2003
10/14/2003,18,2003-10-14,14,10,2003
10/15/2003,12,2003-10-15,15,10,2003
10/16/2003,23,2003-10-16,16,10,2003
10/17/2003,24,2003-10-17,17,10,2003
10/18/2003,3,2003-10-18,18,10,2003
10/19/2003,2,2003-10-19,19,10,2003
10/20/2003,30,2003-10-20,20,10,2003
10/21/2003,25,2003-10-21,21,10,2003
10/22/2003,39,2003-10-22,22,10,2003
10/23/2003,25,2003-10-23,23,10,2003
10/24/2003,15,2003-10-24,24,10,2003
10/25/2003,4,2003-10-25,25,10,2003
10/26/2003,2,2003-10-26,26,10,2003
10/27/2003,17,2003-10-27,27,10,2003
10/28/2003,22,2003-10-28,28,10,2003
10/29/2003,38,2003-10-29,29,10,2003
10/30/2003,22,2003-10-30,30,10,2003
10/31/2003,25,2003-10-31,31,10,2003
11/1/2003,2,2003-11-01,1,11,2003
11/3/2003,32,2003-11-03,3,11,2003
11/4/2003,26,2003-11-04,4,11,2003
11/5/2003,30,2003-11-05,5,11,2003
11/6/2003,31,2003-11-06,6,11,2003
11/7/2003,18,2003-11-07,7,11,2003
11/8/2003,2,2003-11-08,8,11,2003
11/9/2003,3,2003-11-09,9,11,2003
11/10/2003,32,2003-11-10,10,11,2003
11/11/2003,28,2003-11-11,11,11,2003
11/12/2003,22,2003-11-12,12,11,2003
11/13/2003,25,2003-11-13,13,11,2003
11/14/2003,14,2003-11-14,14,11,2003
11/15/2003,6,2003-11-15,15,11,2003
11/16/2003,5,2003-11-16,16,11,2003
11/17/2003,42,2003-11-17,17,11,2003
11/18/2003,23,2003-11-18,18,11,2003
11/19/2003,39,2003-11-19,19,11,2003
11/20/2003,31,2003-11-20,20,11,2003
11/21/2003,23,2003-11-21,21,11,2003
11/22/2003,3,2003-11-22,22,11,2003
11/23/2003,6,2003-11-23,23,11,2003
11/24/2003,28,2003-11-24,24,11,2003
11/25/2003,33,2003-11-25,25,11,2003
11/26/2003,32,2003-11-26,26,11,2003
11/27/2003,42,2003-11-27,27,11,2003
11/28/2003,33,2003-11-28,28,11,2003
11/29/2003,3,2003-11-29,29,11,2003
11/30/2003,3,2003-11-30,30,11,2003
12/1/2003,52,2003-12-01,1,12,2003
12/2/2003,45,2003-12-02,2,12,2003
12/3/2003,57,2003-12-03,3,12,2003
12/4/2003,42,2003-12-04,4,12,2003
12/5/2003,38,2003-12-05,5,12,2003
12/6/2003,5,2003-12-06,6,12,2003
12/7/2003,1,2003-12-07,7,12,2003
12/8/2003,57,2003-12-08,8,12,2003
12/9/2003,52,2003-12-09,9,12,2003
12/10/2003,51,2003-12-10,10,12,2003
12/11/2003,53,2003-12-11,11,12,2003
12/12/2003,41,2003-12-12,12,12,2003
12/13/2003,10,2003-12-13,13,12,2003
12/14/2003,5,2003-12-14,14,12,2003
12/15/2003,49,2003-12-15,15,12,2003
12/16/2003,53,2003-12-16,16,12,2003
12/17/2003,45,2003-12-17,17,12,2003
12/18/2003,34,2003-12-18,18,12,2003
12/19/2003,39,2003-12-19,19,12,2003
12/20/2003,4,2003-12-20,20,12,2003
12/21/2003,3,2003-12-21,21,12,2003
12/22/2003,52,2003-12-22,22,12,2003
12/23/2003,28,2003-12-23,23,12,2003
12/24/2003,11,2003-12-24,24,12,2003
12/25/2003,1,2003-12-25,25,12,2003
12/26/2003,10,2003-12-26,26,12,2003
12/27/2003,5,2003-12-27,27,12,2003
12/28/2003,6,2003-12-28,28,12,2003
12/29/2003,43,2003-12-29,29,12,2003
12/30/2003,29,2003-12-30,30,12,2003
12/31/2003,13,2003-12-31,31,12,2003
1/1/2004,4,2004-01-01,1,1,2004
1/2/2004,7,2004-01-02,2,1,2004
1/3/2004,6,2004-01-03,3,1,2004
1/4/2004,2,2004-01-04,4,1,2004
1/5/2004,55,2004-01-05,5,1,2004
1/6/2004,70,2004-01-06,6,1,2004
1/7/2004,51,2004-01-07,7,1,2004
1/8/2004,38,2004-01-08,8,1,2004
1/9/2004,41,2004-01-09,9,1,2004
1/10/2004,4,2004-01-10,10,1,2004
1/11/2004,3,2004-01-11,11,1,2004
1/12/2004,62,2004-01-12,12,1,2004
1/13/2004,53,2004-01-13,13,1,2004
1/14/2004,62,2004-01-14,14,1,2004
1/15/2004,50,2004-01-15,15,1,2004
1/16/2004,63,2004-01-16,16,1,2004
1/17/2004,4,2004-01-17,17,1,2004
1/18/2004,6,2004-01-18,18,1,2004
1/19/2004,60,2004-01-19,19,1,2004
1/20/2004,61,2004-01-20,20,1,2004
1/21/2004,71,2004-01-21,21,1,2004
1/22/2004,60,2004-01-22,22,1,2004
1/23/2004,53,2004-01-23,23,1,2004
1/24/2004,9,2004-01-24,24,1,2004
1/25/2004,6,2004-01-25,25,1,2004
1/26/2004,55,2004-01-26,26,1,2004
1/27/2004,45,2004-01-27,27,1,2004
1/28/2004,67,2004-01-28,28,1,2004
1/29/2004,57,2004-01-29,29,1,2004
1/30/2004,67,2004-01-30,30,1,2004
1/31/2004,6,2004-01-31,31,1,2004
2/1/2004,4,2004-02-01,1,2,2004
2/2/2004,73,2004-02-02,2,2,2004
2/3/2004,60,2004-02-03,3,2,2004
2/4/2004,75,2004-02-04,4,2,2004
2/5/2004,81,2004-02-05,5,2,2004
2/6/2004,50,2004-02-06,6,2,2004
2/7/2004,9,2004-02-07,7,2,2004
2/8/2004,9,2004-02-08,8,2,2004
2/9/2004,120,2004-02-09,9,2,2004
2/10/2004,89,2004-02-10,10,2,2004
2/11/2004,96,2004-02-11,11,2,2004
2/12/2004,97,2004-02-12,12,2,2004
2/13/2004,79,2004-02-13,13,2,2004
2/14/2004,15,2004-02-14,14,2,2004
2/15/2004,15,2004-02-15,15,2,2004
2/16/2004,158,2004-02-16,16,2,2004
2/17/2004,116,2004-02-17,17,2,2004
2/18/2004,109,2004-02-18,18,2,2004
2/19/2004,95,2004-02-19,19,2,2004
2/20/2004,101,2004-02-20,20,2,2004
2/21/2004,12,2004-02-21,21,2,2004
2/22/2004,15,2004-02-22,22,2,2004
2/23/2004,11,2004-02-23,23,2,2004
2/24/2004,16,2004-02-24,24,2,2004
2/25/2004,41,2004-02-25,25,2,2004
2/26/2004,113,2004-02-26,26,2,2004
2/27/2004,82,2004-02-27,27,2,2004
2/28/2004,20,2004-02-28,28,2,2004
2/29/2004,22,2004-02-29,29,2,2004
3/1/2004,117,2004-03-01,1,3,2004
3/2/2004,85,2004-03-02,2,3,2004
3/3/2004,111,2004-03-03,3,3,2004
3/4/2004,95,2004-03-04,4,3,2004
3/5/2004,81,2004-03-05,5,3,2004
3/6/2004,16,2004-03-06,6,3,2004
3/7/2004,8,2004-03-07,7,3,2004
3/8/2004,122,2004-03-08,8,3,2004
3/9/2004,108,2004-03-09,9,3,2004
3/10/2004,109,2004-03-10,10,3,2004
3/11/2004,113,2004-03-11,11,3,2004
3/12/2004,113,2004-03-12,12,3,2004
3/13/2004,19,2004-03-13,13,3,2004
3/14/2004,15,2004-03-14,14,3,2004
3/15/2004,138,2004-03-15,15,3,2004
3/16/2004,97,2004-03-16,16,3,2004
3/17/2004,98,2004-03-17,17,3,2004
3/18/2004,119,2004-03-18,18,3,2004
3/19/2004,83,2004-03-19,19,3,2004
3/20/2004,18,2004-03-20,20,3,2004
3/21/2004,7,2004-03-21,21,3,2004
3/22/2004,119,2004-03-22,22,3,2004
3/23/2004,99,2004-03-23,23,3,2004
3/24/2004,99,2004-03-24,24,3,2004
3/25/2004,83,2004-03-25,25,3,2004
3/26/2004,79,2004-03-26,26,3,2004
3/27/2004,8,2004-03-27,27,3,2004
3/28/2004,8,2004-03-28,28,3,2004
3/29/2004,107,2004-03-29,29,3,2004
3/30/2004,100,2004-03-30,30,3,2004
3/31/2004,97,2004-03-31,31,3,2004
4/1/2004,94,2004-04-01,1,4,2004
4/2/2004,67,2004-04-02,2,4,2004
4/3/2004,13,2004-04-03,3,4,2004
4/4/2004,8,2004-04-04,4,4,2004
4/5/2004,129,2004-04-05,5,4,2004
4/6/2004,85,2004-04-06,6,4,2004
4/7/2004,80,2004-04-07,7,4,2004
4/8/2004,65,2004-04-08,8,4,2004
4/9/2004,14,2004-04-09,9,4,2004
4/10/2004,13,2004-04-10,10,4,2004
4/11/2004,5,2004-04-11,11,4,2004
4/12/2004,141,2004-04-12,12,4,2004
4/13/2004,75,2004-04-13,13,4,2004
4/14/2004,61,2004-04-14,14,4,2004
4/15/2004,91,2004-04-15,15,4,2004
4/16/2004,77,2004-04-16,16,4,2004
4/17/2004,17,2004-04-17,17,4,2004
4/18/2004,15,2004-04-18,18,4,2004
4/19/2004,118,2004-04-19,19,4,2004
4/20/2004,80,2004-04-20,20,4,2004
4/21/2004,14,2004-04-21,21,4,2004
4/22/2004,130,2004-04-22,22,4,2004
4/23/2004,103,2004-04-23,23,4,2004
4/24/2004,25,2004-04-24,24,4,2004
4/25/2004,10,2004-04-25,25,4,2004
4/26/2004,148,2004-04-26,26,4,2004
4/27/2004,92,2004-04-27,27,4,2004
4/28/2004,99,2004-04-28,28,4,2004
4/29/2004,92,2004-04-29,29,4,2004
4/30/2004,104,2004-04-30,30,4,2004
5/1/2004,21,2004-05-01,1,5,2004
5/2/2004,9,2004-05-02,2,5,2004
5/3/2004,142,2004-05-03,3,5,2004
5/4/2004,119,2004-05-04,4,5,2004
5/5/2004,112,2004-05-05,5,5,2004
5/6/2004,80,2004-05-06,6,5,2004
5/7/2004,76,2004-05-07,7,5,2004
5/8/2004,19,2004-05-08,8,5,2004
5/9/2004,13,2004-05-09,9,5,2004
5/10/2004,115,2004-05-10,10,5,2004
5/11/2004,108,2004-05-11,11,5,2004
5/12/2004,100,2004-05-12,12,5,2004
5/13/2004,98,2004-05-13,13,5,2004
5/14/2004,74,2004-05-14,14,5,2004
5/15/2004,20,2004-05-15,15,5,2004
5/16/2004,8,2004-05-16,16,5,2004
5/17/2004,102,2004-05-17,17,5,2004
5/18/2004,98,2004-05-18,18,5,2004
5/19/2004,91,2004-05-19,19,5,2004
5/20/2004,63,2004-05-20,20,5,2004
5/21/2004,65,2004-05-21,21,5,2004
5/22/2004,17,2004-05-22,22,5,2004
5/23/2004,5,2004-05-23,23,5,2004
5/24/2004,93,2004-05-24,24,5,2004
5/25/2004,109,2004-05-25,25,5,2004
5/26/2004,57,2004-05-26,26,5,2004
5/27/2004,60,2004-05-27,27,5,2004
5/28/2004,45,2004-05-28,28,5,2004
5/29/2004,3,2004-05-29,29,5,2004
5/30/2004,5,2004-05-30,30,5,2004
5/31/2004,68,2004-05-31,31,5,2004
6/1/2004,49,2004-06-01,1,6,2004
6/2/2004,56,2004-06-02,2,6,2004
6/3/2004,61,2004-06-03,3,6,2004
6/4/2004,38,2004-06-04,4,6,2004
6/5/2004,8,2004-06-05,5,6,2004
6/6/2004,3,2004-06-06,6,6,2004
6/7/2004,48,2004-06-07,7,6,2004
6/8/2004,48,2004-06-08,8,6,2004
6/9/2004,29,2004-06-09,9,6,2004
6/10/2004,3,2004-06-10,10,6,2004
6/11/2004,6,2004-06-11,11,6,2004
6/12/2004,3,2004-06-12,12,6,2004
6/13/2004,1,2004-06-13,13,6,2004
6/14/2004,59,2004-06-14,14,6,2004
6/15/2004,52,2004-06-15,15,6,2004
6/16/2004,37,2004-06-16,16,6,2004
6/17/2004,26,2004-06-17,17,6,2004
6/18/2004,32,2004-06-18,18,6,2004
6/19/2004,2,2004-06-19,19,6,2004
6/20/2004,4,2004-06-20,20,6,2004
6/21/2004,47,2004-06-21,21,6,2004
6/22/2004,30,2004-06-22,22,6,2004
6/23/2004,38,2004-06-23,23,6,2004
6/24/2004,42,2004-06-24,24,6,2004
6/25/2004,33,2004-06-25,25,6,2004
6/26/2004,8,2004-06-26,26,6,2004
6/27/2004,6,2004-06-27,27,6,2004
6/28/2004,42,2004-06-28,28,6,2004
6/29/2004,27,2004-06-29,29,6,2004
6/30/2004,42,2004-06-30,30,6,2004
7/1/2004,29,2004-07-01,1,7,2004
7/2/2004,31,2004-07-02,2,7,2004
7/3/2004,4,2004-07-03,3,7,2004
7/5/2004,54,2004-07-05,5,7,2004
7/6/2004,27,2004-07-06,6,7,2004
7/7/2004,32,2004-07-07,7,7,2004
7/8/2004,36,2004-07-08,8,7,2004
7/9/2004,3,2004-07-09,9,7,2004
7/10/2004,3,2004-07-10,10,7,2004
7/11/2004,1,2004-07-11,11,7,2004
7/12/2004,30,2004-07-12,12,7,2004
7/13/2004,33,2004-07-13,13,7,2004
7/14/2004,25,2004-07-14,14,7,2004
7/15/2004,26,2004-07-15,15,7,2004
7/16/2004,19,2004-07-16,16,7,2004
7/17/2004,10,2004-07-17,17,7,2004
7/19/2004,16,2004-07-19,19,7,2004
7/20/2004,14,2004-07-20,20,7,2004
7/21/2004,18,2004-07-21,21,7,2004
7/22/2004,18,2004-07-22,22,7,2004
7/23/2004,8,2004-07-23,23,7,2004
7/24/2004,2,2004-07-24,24,7,2004
7/25/2004,1,2004-07-25,25,7,2004
7/26/2004,15,2004-07-26,26,7,2004
7/27/2004,19,2004-07-27,27,7,2004
7/28/2004,19,2004-07-28,28,7,2004
7/29/2004,21,2004-07-29,29,7,2004
7/30/2004,15,2004-07-30,30,7,2004
7/31/2004,2,2004-07-31,31,7,2004
8/1/2004,1,2004-08-01,1,8,2004
8/2/2004,24,2004-08-02,2,8,2004
8/3/2004,17,2004-08-03,3,8,2004
8/4/2004,20,2004-08-04,4,8,2004
8/5/2004,13,2004-08-05,5,8,2004
8/6/2004,21,2004-08-06,6,8,2004
8/7/2004,3,2004-08-07,7,8,2004
8/8/2004,1,2004-08-08,8,8,2004
8/9/2004,18,2004-08-09,9,8,2004
8/10/2004,23,2004-08-10,10,8,2004
8/11/2004,18,2004-08-11,11,8,2004
8/12/2004,13,2004-08-12,12,8,2004
8/13/2004,15,2004-08-13,13,8,2004
8/14/2004,3,2004-08-14,14,8,2004
8/15/2004,1,2004-08-15,15,8,2004
8/16/2004,13,2004-08-16,16,8,2004
8/17/2004,11,2004-08-17,17,8,2004
8/18/2004,16,2004-08-18,18,8,2004
8/19/2004,15,2004-08-19,19,8,2004
8/20/2004,16,2004-08-20,20,8,2004
8/21/2004,2,2004-08-21,21,8,2004
8/22/2004,2,2004-08-22,22,8,2004
8/23/2004,34,2004-08-23,23,8,2004
8/24/2004,17,2004-08-24,24,8,2004
8/25/2004,22,2004-08-25,25,8,2004
8/26/2004,17,2004-08-26,26,8,2004
8/27/2004,20,2004-08-27,27,8,2004
8/28/2004,4,2004-08-28,28,8,2004
8/29/2004,2,2004-08-29,29,8,2004
8/30/2004,26,2004-08-30,30,8,2004
8/31/2004,16,2004-08-31,31,8,2004
9/1/2004,31,2004-09-01,1,9,2004
9/2/2004,32,2004-09-02,2,9,2004
9/3/2004,14,2004-09-03,3,9,2004
9/4/2004,1,2004-09-04,4,9,2004
9/5/2004,2,2004-09-05,5,9,2004
9/6/2004,8,2004-09-06,6,9,2004
9/7/2004,7,2004-09-07,7,9,2004
9/8/2004,27,2004-09-08,8,9,2004
9/9/2004,20,2004-09-09,9,9,2004
9/10/2004,27,2004-09-10,10,9,2004
9/11/2004,4,2004-09-11,11,9,2004
9/12/2004,1,2004-09-12,12,9,2004
9/13/2004,16,2004-09-13,13,9,2004
9/14/2004,28,2004-09-14,14,9,2004
9/15/2004,30,2004-09-15,15,9,2004
9/16/2004,20,2004-09-16,16,9,2004
9/17/2004,20,2004-09-17,17,9,2004
9/18/2004,4,2004-09-18,18,9,2004
9/19/2004,6,2004-09-19,19,9,2004
9/20/2004,24,2004-09-20,20,9,2004
9/21/2004,27,2004-09-21,21,9,2004
9/22/2004,30,2004-09-22,22,9,2004
9/23/2004,25,2004-09-23,23,9,2004
9/24/2004,25,2004-09-24,24,9,2004
9/25/2004,4,2004-09-25,25,9,2004
9/26/2004,6,2004-09-26,26,9,2004
9/27/2004,33,2004-09-27,27,9,2004
9/28/2004,27,2004-09-28,28,9,2004
9/29/2004,29,2004-09-29,29,9,2004
9/30/2004,18,2004-09-30,30,9,2004
10/1/2004,17,2004-10-01,1,10,2004
10/2/2004,1,2004-10-02,2,10,2004
10/3/2004,1,2004-10-03,3,10,2004
10/4/2004,18,2004-10-04,4,10,2004
10/5/2004,27,2004-10-05,5,10,2004
10/6/2004,21,2004-10-06,6,10,2004
10/7/2004,24,2004-10-07,7,10,2004
10/8/2004,19,2004-10-08,8,10,2004
10/9/2004,8,2004-10-09,9,10,2004
10/10/2004,3,2004-10-10,10,10,2004
10/11/2004,7,2004-10-11,11,10,2004
10/12/2004,5,2004-10-12,12,10,2004
10/13/2004,26,2004-10-13,13,10,2004
10/14/2004,30,2004-10-14,14,10,2004
10/15/2004,16,2004-10-15,15,10,2004
10/16/2004,3,2004-10-16,16,10,2004
10/17/2004,2,2004-10-17,17,10,2004
10/18/2004,37,2004-10-18,18,10,2004
10/19/2004,17,2004-10-19,19,10,2004
10/20/2004,23,2004-10-20,20,10,2004
10/21/2004,29,2004-10-21,21,10,2004
10/22/2004,28,2004-10-22,22,10,2004
10/23/2004,4,2004-10-23,23,10,2004
10/24/2004,3,2004-10-24,24,10,2004
10/25/2004,35,2004-10-25,25,10,2004
10/26/2004,26,2004-10-26,26,10,2004
10/27/2004,32,2004-10-27,27,10,2004
10/28/2004,26,2004-10-28,28,10,2004
10/29/2004,30,2004-10-29,29,10,2004
10/30/2004,5,2004-10-30,30,10,2004
10/31/2004,5,2004-10-31,31,10,2004
11/1/2004,4,2004-11-01,1,11,2004
11/2/2004,5,2004-11-02,2,11,2004
11/3/2004,38,2004-11-03,3,11,2004
11/4/2004,32,2004-11-04,4,11,2004
11/5/2004,32,2004-11-05,5,11,2004
11/6/2004,3,2004-11-06,6,11,2004
11/7/2004,4,2004-11-07,7,11,2004
11/8/2004,38,2004-11-08,8,11,2004
11/9/2004,25,2004-11-09,9,11,2004
11/10/2004,34,2004-11-10,10,11,2004
11/11/2004,24,2004-11-11,11,11,2004
11/12/2004,20,2004-11-12,12,11,2004
11/13/2004,2,2004-11-13,13,11,2004
11/14/2004,1,2004-11-14,14,11,2004
11/15/2004,2,2004-11-15,15,11,2004
11/16/2004,34,2004-11-16,16,11,2004
11/17/2004,29,2004-11-17,17,11,2004
11/18/2004,30,2004-11-18,18,11,2004
11/19/2004,25,2004-11-19,19,11,2004
11/20/2004,3,2004-11-20,20,11,2004
11/21/2004,9,2004-11-21,21,11,2004
11/22/2004,38,2004-11-22,22,11,2004
11/23/2004,39,2004-11-23,23,11,2004
11/24/2004,40,2004-11-24,24,11,2004
11/25/2004,33,2004-11-25,25,11,2004
11/26/2004,36,2004-11-26,26,11,2004
11/27/2004,8,2004-11-27,27,11,2004
11/28/2004,2,2004-11-28,28,11,2004
11/29/2004,28,2004-11-29,29,11,2004
11/30/2004,28,2004-11-30,30,11,2004
12/1/2004,40,2004-12-01,1,12,2004
12/2/2004,46,2004-12-02,2,12,2004
12/3/2004,34,2004-12-03,3,12,2004
12/4/2004,3,2004-12-04,4,12,2004
12/5/2004,6,2004-12-05,5,12,2004
12/6/2004,51,2004-12-06,6,12,2004
12/7/2004,45,2004-12-07,7,12,2004
12/8/2004,24,2004-12-08,8,12,2004
12/9/2004,27,2004-12-09,9,12,2004
12/10/2004,28,2004-12-10,10,12,2004
12/11/2004,4,2004-12-11,11,12,2004
12/12/2004,3,2004-12-12,12,12,2004
12/13/2004,38,2004-12-13,13,12,2004
12/14/2004,31,2004-12-14,14,12,2004
12/15/2004,24,2004-12-15,15,12,2004
12/16/2004,35,2004-12-16,16,12,2004
12/17/2004,33,2004-12-17,17,12,2004
12/18/2004,4,2004-12-18,18,12,2004
12/19/2004,4,2004-12-19,19,12,2004
12/20/2004,42,2004-12-20,20,12,2004
12/21/2004,35,2004-12-21,21,12,2004
12/22/2004,12,2004-12-22,22,12,2004
12/23/2004,27,2004-12-23,23,12,2004
12/24/2004,3,2004-12-24,24,12,2004
12/25/2004,5,2004-12-25,25,12,2004
12/26/2004,2,2004-12-26,26,12,2004
12/27/2004,31,2004-12-27,27,12,2004
12/28/2004,38,2004-12-28,28,12,2004
12/29/2004,29,2004-12-29,29,12,2004
12/30/2004,24,2004-12-30,30,12,2004
12/31/2004,6,2004-12-31,31,12,2004
1/1/2005,3,2005-01-01,1,1,2005
1/2/2005,6,2005-01-02,2,1,2005
1/3/2005,54,2005-01-03,3,1,2005
1/4/2005,25,2005-01-04,4,1,2005
1/5/2005,40,2005-01-05,5,1,2005
1/6/2005,25,2005-01-06,6,1,2005
1/7/2005,46,2005-01-07,7,1,2005
1/8/2005,10,2005-01-08,8,1,2005
1/9/2005,4,2005-01-09,9,1,2005
1/10/2005,44,2005-01-10,10,1,2005
1/11/2005,42,2005-01-11,11,1,2005
1/12/2005,43,2005-01-12,12,1,2005
1/13/2005,47,2005-01-13,13,1,2005
1/14/2005,38,2005-01-14,14,1,2005
1/15/2005,8,2005-01-15,15,1,2005
1/16/2005,5,2005-01-16,16,1,2005
1/17/2005,65,2005-01-17,17,1,2005
1/18/2005,62,2005-01-18,18,1,2005
1/19/2005,50,2005-01-19,19,1,2005
1/20/2005,50,2005-01-20,20,1,2005
1/21/2005,41,2005-01-21,21,1,2005
1/22/2005,7,2005-01-22,22,1,2005
1/23/2005,6,2005-01-23,23,1,2005
1/24/2005,67,2005-01-24,24,1,2005
1/25/2005,66,2005-01-25,25,1,2005
1/26/2005,59,2005-01-26,26,1,2005
1/27/2005,54,2005-01-27,27,1,2005
1/28/2005,59,2005-01-28,28,1,2005
1/29/2005,8,2005-01-29,29,1,2005
1/30/2005,8,2005-01-30,30,1,2005
1/31/2005,70,2005-01-31,31,1,2005
2/1/2005,76,2005-02-01,1,2,2005
2/2/2005,74,2005-02-02,2,2,2005
2/3/2005,70,2005-02-03,3,2,2005
2/4/2005,56,2005-02-04,4,2,2005
2/5/2005,9,2005-02-05,5,2,2005
2/6/2005,10,2005-02-06,6,2,2005
2/7/2005,5,2005-02-07,7,2,2005
2/8/2005,5,2005-02-08,8,2,2005
2/9/2005,53,2005-02-09,9,2,2005
2/10/2005,85,2005-02-10,10,2,2005
2/11/2005,92,2005-02-11,11,2,2005
2/12/2005,10,2005-02-12,12,2,2005
2/13/2005,9,2005-02-13,13,2,2005
2/14/2005,85,2005-02-14,14,2,2005
2/15/2005,69,2005-02-15,15,2,2005
2/16/2005,61,2005-02-16,16,2,2005
2/17/2005,63,2005-02-17,17,2,2005
2/18/2005,53,2005-02-18,18,2,2005
2/19/2005,13,2005-02-19,19,2,2005
2/20/2005,7,2005-02-20,20,2,2005
2/21/2005,94,2005-02-21,21,2,2005
2/22/2005,79,2005-02-22,22,2,2005
2/23/2005,110,2005-02-23,23,2,2005
2/24/2005,93,2005-02-24,24,2,2005
2/25/2005,85,2005-02-25,25,2,2005
2/26/2005,10,2005-02-26,26,2,2005
2/27/2005,7,2005-02-27,27,2,2005
2/28/2005,104,2005-02-28,28,2,2005
3/1/2005,100,2005-03-01,1,3,2005
3/2/2005,70,2005-03-02,2,3,2005
3/3/2005,85,2005-03-03,3,3,2005
3/4/2005,56,2005-03-04,4,3,2005
3/5/2005,12,2005-03-05,5,3,2005
3/6/2005,10,2005-03-06,6,3,2005
3/7/2005,78,2005-03-07,7,3,2005
3/8/2005,62,2005-03-08,8,3,2005
3/9/2005,88,2005-03-09,9,3,2005
3/10/2005,77,2005-03-10,10,3,2005
3/11/2005,68,2005-03-11,11,3,2005
3/12/2005,15,2005-03-12,12,3,2005
3/13/2005,11,2005-03-13,13,3,2005
3/14/2005,104,2005-03-14,14,3,2005
3/15/2005,76,2005-03-15,15,3,2005
3/16/2005,87,2005-03-16,16,3,2005
3/17/2005,83,2005-03-17,17,3,2005
3/18/2005,75,2005-03-18,18,3,2005
3/19/2005,6,2005-03-19,19,3,2005
3/20/2005,7,2005-03-20,20,3,2005
3/21/2005,142,2005-03-21,21,3,2005
3/22/2005,84,2005-03-22,22,3,2005
3/23/2005,112,2005-03-23,23,3,2005
3/24/2005,50,2005-03-24,24,3,2005
3/25/2005,7,2005-03-25,25,3,2005
3/26/2005,8,2005-03-26,26,3,2005
3/27/2005,20,2005-03-27,27,3,2005
3/28/2005,147,2005-03-28,28,3,2005
3/29/2005,107,2005-03-29,29,3,2005
3/30/2005,117,2005-03-30,30,3,2005
3/31/2005,123,2005-03-31,31,3,2005
4/1/2005,144,2005-04-01,1,4,2005
4/2/2005,16,2005-04-02,2,4,2005
4/3/2005,20,2005-04-03,3,4,2005
4/4/2005,172,2005-04-04,4,4,2005
4/5/2005,133,2005-04-05,5,4,2005
4/6/2005,127,2005-04-06,6,4,2005
4/7/2005,140,2005-04-07,7,4,2005
4/8/2005,138,2005-04-08,8,4,2005
4/9/2005,22,2005-04-09,9,4,2005
4/10/2005,22,2005-04-10,10,4,2005
4/11/2005,155,2005-04-11,11,4,2005
4/12/2005,159,2005-04-12,12,4,2005
4/13/2005,143,2005-04-13,13,4,2005
4/14/2005,144,2005-04-14,14,4,2005
4/15/2005,143,2005-04-15,15,4,2005
4/16/2005,13,2005-04-16,16,4,2005
4/17/2005,12,2005-04-17,17,4,2005
4/18/2005,192,2005-04-18,18,4,2005
4/19/2005,179,2005-04-19,19,4,2005
4/20/2005,169,2005-04-20,20,4,2005
4/21/2005,29,2005-04-21,21,4,2005
4/22/2005,71,2005-04-22,22,4,2005
4/23/2005,19,2005-04-23,23,4,2005
4/24/2005,29,2005-04-24,24,4,2005
4/25/2005,205,2005-04-25,25,4,2005
4/26/2005,162,2005-04-26,26,4,2005
4/27/2005,162,2005-04-27,27,4,2005
4/28/2005,131,2005-04-28,28,4,2005
4/29/2005,155,2005-04-29,29,4,2005
4/30/2005,23,2005-04-30,30,4,2005
5/1/2005,19,2005-05-01,1,5,2005
5/2/2005,181,2005-05-02,2,5,2005
5/3/2005,152,2005-05-03,3,5,2005
5/4/2005,193,2005-05-04,4,5,2005
5/5/2005,137,2005-05-05,5,5,2005
5/6/2005,133,2005-05-06,6,5,2005
5/7/2005,18,2005-05-07,7,5,2005
5/8/2005,22,2005-05-08,8,5,2005
5/9/2005,186,2005-05-09,9,5,2005
5/10/2005,149,2005-05-10,10,5,2005
5/11/2005,137,2005-05-11,11,5,2005
5/12/2005,142,2005-05-12,12,5,2005
5/13/2005,144,2005-05-13,13,5,2005
5/14/2005,23,2005-05-14,14,5,2005
5/15/2005,22,2005-05-15,15,5,2005
5/16/2005,199,2005-05-16,16,5,2005
5/17/2005,161,2005-05-17,17,5,2005
5/18/2005,134,2005-05-18,18,5,2005
5/19/2005,142,2005-05-19,19,5,2005
5/20/2005,123,2005-05-20,20,5,2005
5/21/2005,20,2005-05-21,21,5,2005
5/22/2005,15,2005-05-22,22,5,2005
5/23/2005,182,2005-05-23,23,5,2005
5/24/2005,167,2005-05-24,24,5,2005
5/25/2005,108,2005-05-25,25,5,2005
5/26/2005,19,2005-05-26,26,5,2005
5/27/2005,37,2005-05-27,27,5,2005
5/28/2005,21,2005-05-28,28,5,2005
5/29/2005,6,2005-05-29,29,5,2005
5/30/2005,258,2005-05-30,30,5,2005
5/31/2005,140,2005-05-31,31,5,2005
6/1/2005,159,2005-06-01,1,6,2005
6/2/2005,143,2005-06-02,2,6,2005
6/3/2005,120,2005-06-03,3,6,2005
6/4/2005,11,2005-06-04,4,6,2005
6/5/2005,17,2005-06-05,5,6,2005
6/6/2005,157,2005-06-06,6,6,2005
6/7/2005,134,2005-06-07,7,6,2005
6/8/2005,96,2005-06-08,8,6,2005
6/9/2005,137,2005-06-09,9,6,2005
6/10/2005,120,2005-06-10,10,6,2005
6/11/2005,15,2005-06-11,11,6,2005
6/12/2005,11,2005-06-12,12,6,2005
6/13/2005,160,2005-06-13,13,6,2005
6/14/2005,103,2005-06-14,14,6,2005
6/15/2005,99,2005-06-15,15,6,2005
6/16/2005,113,2005-06-16,16,6,2005
6/17/2005,111,2005-06-17,17,6,2005
6/18/2005,12,2005-06-18,18,6,2005
6/19/2005,10,2005-06-19,19,6,2005
6/20/2005,169,2005-06-20,20,6,2005
6/21/2005,97,2005-06-21,21,6,2005
6/22/2005,120,2005-06-22,22,6,2005
6/23/2005,81,2005-06-23,23,6,2005
6/24/2005,95,2005-06-24,24,6,2005
6/25/2005,8,2005-06-25,25,6,2005
6/26/2005,13,2005-06-26,26,6,2005
6/27/2005,126,2005-06-27,27,6,2005
6/28/2005,101,2005-06-28,28,6,2005
6/29/2005,93,2005-06-29,29,6,2005
6/30/2005,75,2005-06-30,30,6,2005
7/1/2005,92,2005-07-01,1,7,2005
7/2/2005,9,2005-07-02,2,7,2005
7/3/2005,9,2005-07-03,3,7,2005
7/4/2005,99,2005-07-04,4,7,2005
7/5/2005,93,2005-07-05,5,7,2005
7/6/2005,69,2005-07-06,6,7,2005
7/7/2005,58,2005-07-07,7,7,2005
7/8/2005,62,2005-07-08,8,7,2005
7/9/2005,3,2005-07-09,9,7,2005
7/10/2005,14,2005-07-10,10,7,2005
7/11/2005,84,2005-07-11,11,7,2005
7/12/2005,79,2005-07-12,12,7,2005
7/13/2005,69,2005-07-13,13,7,2005
7/14/2005,80,2005-07-14,14,7,2005
7/15/2005,62,2005-07-15,15,7,2005
7/16/2005,6,2005-07-16,16,7,2005
7/17/2005,7,2005-07-17,17,7,2005
7/18/2005,53,2005-07-18,18,7,2005
7/19/2005,52,2005-07-19,19,7,2005
7/20/2005,41,2005-07-20,20,7,2005
7/21/2005,55,2005-07-21,21,7,2005
7/22/2005,47,2005-07-22,22,7,2005
7/23/2005,3,2005-07-23,23,7,2005
7/24/2005,4,2005-07-24,24,7,2005
7/25/2005,53,2005-07-25,25,7,2005
7/26/2005,38,2005-07-26,26,7,2005
7/27/2005,45,2005-07-27,27,7,2005
7/28/2005,54,2005-07-28,28,7,2005
7/29/2005,65,2005-07-29,29,7,2005
7/30/2005,7,2005-07-30,30,7,2005
7/31/2005,6,2005-07-31,31,7,2005
8/1/2005,56,2005-08-01,1,8,2005
8/2/2005,47,2005-08-02,2,8,2005
8/3/2005,55,2005-08-03,3,8,2005
8/4/2005,54,2005-08-04,4,8,2005
8/5/2005,42,2005-08-05,5,8,2005
8/6/2005,5,2005-08-06,6,8,2005
8/7/2005,4,2005-08-07,7,8,2005
8/8/2005,60,2005-08-08,8,8,2005
8/9/2005,29,2005-08-09,9,8,2005
8/10/2005,45,2005-08-10,10,8,2005
8/11/2005,40,2005-08-11,11,8,2005
8/12/2005,24,2005-08-12,12,8,2005
8/13/2005,8,2005-08-13,13,8,2005
8/14/2005,3,2005-08-14,14,8,2005
8/15/2005,47,2005-08-15,15,8,2005
8/16/2005,46,2005-08-16,16,8,2005
8/17/2005,41,2005-08-17,17,8,2005
8/18/2005,53,2005-08-18,18,8,2005
8/19/2005,28,2005-08-19,19,8,2005
8/20/2005,5,2005-08-20,20,8,2005
8/21/2005,8,2005-08-21,21,8,2005
8/22/2005,48,2005-08-22,22,8,2005
8/23/2005,35,2005-08-23,23,8,2005
8/24/2005,27,2005-08-24,24,8,2005
8/25/2005,41,2005-08-25,25,8,2005
8/26/2005,26,2005-08-26,26,8,2005
8/27/2005,3,2005-08-27,27,8,2005
8/28/2005,3,2005-08-28,28,8,2005
8/29/2005,46,2005-08-29,29,8,2005
8/30/2005,42,2005-08-30,30,8,2005
8/31/2005,42,2005-08-31,31,8,2005
9/1/2005,34,2005-09-01,1,9,2005
9/2/2005,26,2005-09-02,2,9,2005
9/3/2005,2,2005-09-03,3,9,2005
9/4/2005,3,2005-09-04,4,9,2005
9/5/2005,34,2005-09-05,5,9,2005
9/6/2005,34,2005-09-06,6,9,2005
9/8/2005,32,2005-09-08,8,9,2005
9/9/2005,23,2005-09-09,9,9,2005
9/10/2005,7,2005-09-10,10,9,2005
9/11/2005,4,2005-09-11,11,9,2005
9/12/2005,35,2005-09-12,12,9,2005
9/13/2005,38,2005-09-13,13,9,2005
9/14/2005,25,2005-09-14,14,9,2005
9/15/2005,37,2005-09-15,15,9,2005
9/16/2005,29,2005-09-16,16,9,2005
9/17/2005,4,2005-09-17,17,9,2005
9/18/2005,3,2005-09-18,18,9,2005
9/19/2005,36,2005-09-19,19,9,2005
9/20/2005,40,2005-09-20,20,9,2005
9/21/2005,39,2005-09-21,21,9,2005
9/22/2005,42,2005-09-22,22,9,2005
9/23/2005,22,2005-09-23,23,9,2005
9/24/2005,5,2005-09-24,24,9,2005
9/26/2005,39,2005-09-26,26,9,2005
9/27/2005,19,2005-09-27,27,9,2005
9/28/2005,28,2005-09-28,28,9,2005
9/29/2005,21,2005-09-29,29,9,2005
9/30/2005,24,2005-09-30,30,9,2005
10/1/2005,5,2005-10-01,1,10,2005
10/2/2005,4,2005-10-02,2,10,2005
10/3/2005,28,2005-10-03,3,10,2005
10/4/2005,35,2005-10-04,4,10,2005
10/5/2005,37,2005-10-05,5,10,2005
10/6/2005,23,2005-10-06,6,10,2005
10/7/2005,24,2005-10-07,7,10,2005
10/8/2005,4,2005-10-08,8,10,2005
10/10/2005,42,2005-10-10,10,10,2005
10/11/2005,36,2005-10-11,11,10,2005
10/12/2005,2,2005-10-12,12,10,2005
10/13/2005,21,2005-10-13,13,10,2005
10/14/2005,35,2005-10-14,14,10,2005
10/15/2005,4,2005-10-15,15,10,2005
10/16/2005,2,2005-10-16,16,10,2005
10/17/2005,51,2005-10-17,17,10,2005
10/18/2005,43,2005-10-18,18,10,2005
10/19/2005,25,2005-10-19,19,10,2005
10/20/2005,31,2005-10-20,20,10,2005
10/21/2005,37,2005-10-21,21,10,2005
10/22/2005,2,2005-10-22,22,10,2005
10/23/2005,1,2005-10-23,23,10,2005
10/24/2005,41,2005-10-24,24,10,2005
10/25/2005,37,2005-10-25,25,10,2005
10/26/2005,47,2005-10-26,26,10,2005
10/27/2005,37,2005-10-27,27,10,2005
10/28/2005,14,2005-10-28,28,10,2005
10/29/2005,5,2005-10-29,29,10,2005
10/30/2005,5,2005-10-30,30,10,2005
10/31/2005,35,2005-10-31,31,10,2005
11/1/2005,20,2005-11-01,1,11,2005
11/2/2005,3,2005-11-02,2,11,2005
11/3/2005,44,2005-11-03,3,11,2005
11/4/2005,43,2005-11-04,4,11,2005
11/5/2005,5,2005-11-05,5,11,2005
11/6/2005,1,2005-11-06,6,11,2005
11/7/2005,53,2005-11-07,7,11,2005
11/8/2005,42,2005-11-08,8,11,2005
11/9/2005,47,2005-11-09,9,11,2005
11/10/2005,38,2005-11-10,10,11,2005
11/11/2005,32,2005-11-11,11,11,2005
11/12/2005,10,2005-11-12,12,11,2005
11/13/2005,1,2005-11-13,13,11,2005
11/14/2005,23,2005-11-14,14,11,2005
11/15/2005,6,2005-11-15,15,11,2005
11/16/2005,66,2005-11-16,16,11,2005
11/17/2005,46,2005-11-17,17,11,2005
11/18/2005,52,2005-11-18,18,11,2005
11/19/2005,8,2005-11-19,19,11,2005
11/20/2005,6,2005-11-20,20,11,2005
11/21/2005,83,2005-11-21,21,11,2005
11/22/2005,52,2005-11-22,22,11,2005
11/23/2005,56,2005-11-23,23,11,2005
11/24/2005,59,2005-11-24,24,11,2005
11/25/2005,50,2005-11-25,25,11,2005
11/26/2005,5,2005-11-26,26,11,2005
11/27/2005,2,2005-11-27,27,11,2005
11/28/2005,57,2005-11-28,28,11,2005
11/29/2005,56,2005-11-29,29,11,2005
11/30/2005,39,2005-11-30,30,11,2005
12/1/2005,45,2005-12-01,1,12,2005
12/2/2005,28,2005-12-02,2,12,2005
12/3/2005,4,2005-12-03,3,12,2005
12/4/2005,5,2005-12-04,4,12,2005
12/5/2005,51,2005-12-05,5,12,2005
12/6/2005,62,2005-12-06,6,12,2005
12/7/2005,54,2005-12-07,7,12,2005
12/8/2005,52,2005-12-08,8,12,2005
12/9/2005,41,2005-12-09,9,12,2005
12/10/2005,14,2005-12-10,10,12,2005
12/11/2005,11,2005-12-11,11,12,2005
12/12/2005,84,2005-12-12,12,12,2005
12/13/2005,62,2005-12-13,13,12,2005
12/14/2005,50,2005-12-14,14,12,2005
12/15/2005,53,2005-12-15,15,12,2005
12/16/2005,48,2005-12-16,16,12,2005
12/17/2005,6,2005-12-17,17,12,2005
12/18/2005,10,2005-12-18,18,12,2005
12/19/2005,66,2005-12-19,19,12,2005
12/20/2005,51,2005-12-20,20,12,2005
12/21/2005,46,2005-12-21,21,12,2005
12/22/2005,54,2005-12-22,22,12,2005
12/23/2005,25,2005-12-23,23,12,2005
12/24/2005,7,2005-12-24,24,12,2005
12/25/2005,2,2005-12-25,25,12,2005
12/26/2005,67,2005-12-26,26,12,2005
12/27/2005,55,2005-12-27,27,12,2005
12/28/2005,52,2005-12-28,28,12,2005
12/29/2005,52,2005-12-29,29,12,2005
12/30/2005,23,2005-12-30,30,12,2005
12/31/2005,10,2005-12-31,31,12,2005
1/1/2006,7,2006-01-01,1,1,2006
1/2/2006,61,2006-01-02,2,1,2006
1/3/2006,92,2006-01-03,3,1,2006
1/4/2006,90,2006-01-04,4,1,2006
1/5/2006,98,2006-01-05,5,1,2006
1/6/2006,88,2006-01-06,6,1,2006
1/7/2006,15,2006-01-07,7,1,2006
1/8/2006,15,2006-01-08,8,1,2006
1/9/2006,131,2006-01-09,9,1,2006
1/10/2006,117,2006-01-10,10,1,2006
1/11/2006,135,2006-01-11,11,1,2006
1/12/2006,104,2006-01-12,12,1,2006
1/13/2006,145,2006-01-13,13,1,2006
1/14/2006,27,2006-01-14,14,1,2006
1/15/2006,27,2006-01-15,15,1,2006
1/16/2006,213,2006-01-16,16,1,2006
1/17/2006,119,2006-01-17,17,1,2006
1/18/2006,179,2006-01-18,18,1,2006
1/19/2006,190,2006-01-19,19,1,2006
1/20/2006,159,2006-01-20,20,1,2006
1/21/2006,33,2006-01-21,21,1,2006
1/22/2006,32,2006-01-22,22,1,2006
1/23/2006,275,2006-01-23,23,1,2006
1/24/2006,199,2006-01-24,24,1,2006
1/25/2006,200,2006-01-25,25,1,2006
1/26/2006,249,2006-01-26,26,1,2006
1/27/2006,231,2006-01-27,27,1,2006
1/28/2006,38,2006-01-28,28,1,2006
1/29/2006,35,2006-01-29,29,1,2006
1/30/2006,294,2006-01-30,30,1,2006
1/31/2006,270,2006-01-31,31,1,2006
2/1/2006,270,2006-02-01,1,2,2006
2/2/2006,273,2006-02-02,2,2,2006
2/3/2006,264,2006-02-03,3,2,2006
2/4/2006,57,2006-02-04,4,2,2006
2/5/2006,57,2006-02-05,5,2,2006
2/6/2006,375,2006-02-06,6,2,2006
2/7/2006,300,2006-02-07,7,2,2006
2/8/2006,329,2006-02-08,8,2,2006
2/9/2006,310,2006-02-09,9,2,2006
2/10/2006,311,2006-02-10,10,2,2006
2/11/2006,54,2006-02-11,11,2,2006
2/12/2006,51,2006-02-12,12,2,2006
2/13/2006,436,2006-02-13,13,2,2006
2/14/2006,372,2006-02-14,14,2,2006
2/15/2006,359,2006-02-15,15,2,2006
2/16/2006,339,2006-02-16,16,2,2006
2/17/2006,283,2006-02-17,17,2,2006
2/18/2006,61,2006-02-18,18,2,2006
2/19/2006,53,2006-02-19,19,2,2006
2/20/2006,541,2006-02-20,20,2,2006
2/21/2006,387,2006-02-21,21,2,2006
2/22/2006,375,2006-02-22,22,2,2006
2/23/2006,421,2006-02-23,23,2,2006
2/24/2006,416,2006-02-24,24,2,2006
2/25/2006,108,2006-02-25,25,2,2006
2/26/2006,74,2006-02-26,26,2,2006
2/27/2006,150,2006-02-27,27,2,2006
2/28/2006,86,2006-02-28,28,2,2006
3/1/2006,423,2006-03-01,1,3,2006
3/2/2006,760,2006-03-02,2,3,2006
3/3/2006,491,2006-03-03,3,3,2006
3/4/2006,119,2006-03-04,4,3,2006
3/5/2006,79,2006-03-05,5,3,2006
3/6/2006,729,2006-03-06,6,3,2006
3/7/2006,571,2006-03-07,7,3,2006
3/8/2006,544,2006-03-08,8,3,2006
3/9/2006,575,2006-03-09,9,3,2006
3/10/2006,587,2006-03-10,10,3,2006
3/11/2006,165,2006-03-11,11,3,2006
3/12/2006,171,2006-03-12,12,3,2006
3/13/2006,1055,2006-03-13,13,3,2006
3/14/2006,775,2006-03-14,14,3,2006
3/15/2006,837,2006-03-15,15,3,2006
3/16/2006,943,2006-03-16,16,3,2006
3/17/2006,857,2006-03-17,17,3,2006
3/18/2006,233,2006-03-18,18,3,2006
3/19/2006,186,2006-03-19,19,3,2006
3/20/2006,1460,2006-03-20,20,3,2006
3/21/2006,1141,2006-03-21,21,3,2006
3/22/2006,1087,2006-03-22,22,3,2006
3/23/2006,1120,2006-03-23,23,3,2006
3/24/2006,1237,2006-03-24,24,3,2006
3/25/2006,292,2006-03-25,25,3,2006
3/26/2006,281,2006-03-26,26,3,2006
3/27/2006,1558,2006-03-27,27,3,2006
3/28/2006,1434,2006-03-28,28,3,2006
3/29/2006,1408,2006-03-29,29,3,2006
3/30/2006,1361,2006-03-30,30,3,2006
3/31/2006,1418,2006-03-31,31,3,2006
4/1/2006,410,2006-04-01,1,4,2006
4/2/2006,367,2006-04-02,2,4,2006
4/3/2006,2072,2006-04-03,3,4,2006
4/4/2006,1675,2006-04-04,4,4,2006
4/5/2006,1550,2006-04-05,5,4,2006
4/6/2006,1489,2006-04-06,6,4,2006
4/7/2006,1540,2006-04-07,7,4,2006
4/8/2006,476,2006-04-08,8,4,2006
4/9/2006,364,2006-04-09,9,4,2006
4/10/2006,2212,2006-04-10,10,4,2006
4/11/2006,1841,2006-04-11,11,4,2006
4/12/2006,1728,2006-04-12,12,4,2006
4/13/2006,1037,2006-04-13,13,4,2006
4/14/2006,421,2006-04-14,14,4,2006
4/15/2006,444,2006-04-15,15,4,2006
4/16/2006,284,2006-04-16,16,4,2006
4/17/2006,2229,2006-04-17,17,4,2006
4/18/2006,1639,2006-04-18,18,4,2006
4/19/2006,1429,2006-04-19,19,4,2006
4/20/2006,1321,2006-04-20,20,4,2006
4/21/2006,444,2006-04-21,21,4,2006
4/22/2006,464,2006-04-22,22,4,2006
4/23/2006,327,2006-04-23,23,4,2006
4/24/2006,2303,2006-04-24,24,4,2006
4/25/2006,1825,2006-04-25,25,4,2006
4/26/2006,1649,2006-04-26,26,4,2006
4/27/2006,1622,2006-04-27,27,4,2006
4/28/2006,1533,2006-04-28,28,4,2006
4/29/2006,330,2006-04-29,29,4,2006
4/30/2006,348,2006-04-30,30,4,2006
5/1/2006,394,2006-05-01,1,5,2006
5/2/2006,1926,2006-05-02,2,5,2006
5/3/2006,1377,2006-05-03,3,5,2006
5/4/2006,1333,2006-05-04,4,5,2006
5/5/2006,1146,2006-05-05,5,5,2006
5/6/2006,315,2006-05-06,6,5,2006
5/7/2006,291,2006-05-07,7,5,2006
5/8/2006,1547,2006-05-08,8,5,2006
5/9/2006,1169,2006-05-09,9,5,2006
5/10/2006,1092,2006-05-10,10,5,2006
5/11/2006,989,2006-05-11,11,5,2006
5/12/2006,908,2006-05-12,12,5,2006
5/13/2006,206,2006-05-13,13,5,2006
5/14/2006,155,2006-05-14,14,5,2006
5/15/2006,1015,2006-05-15,15,5,2006
5/16/2006,711,2006-05-16,16,5,2006
5/17/2006,746,2006-05-17,17,5,2006
5/18/2006,703,2006-05-18,18,5,2006
5/19/2006,612,2006-05-19,19,5,2006
5/20/2006,107,2006-05-20,20,5,2006
5/21/2006,92,2006-05-21,21,5,2006
5/22/2006,821,2006-05-22,22,5,2006
5/23/2006,568,2006-05-23,23,5,2006
5/24/2006,621,2006-05-24,24,5,2006
5/25/2006,500,2006-05-25,25,5,2006
5/26/2006,438,2006-05-26,26,5,2006
5/27/2006,113,2006-05-27,27,5,2006
5/28/2006,96,2006-05-28,28,5,2006
5/29/2006,738,2006-05-29,29,5,2006
5/30/2006,514,2006-05-30,30,5,2006
5/31/2006,478,2006-05-31,31,5,2006
6/1/2006,513,2006-06-01,1,6,2006
6/2/2006,425,2006-06-02,2,6,2006
6/3/2006,74,2006-06-03,3,6,2006
6/4/2006,51,2006-06-04,4,6,2006
6/5/2006,472,2006-06-05,5,6,2006
6/6/2006,352,2006-06-06,6,6,2006
6/7/2006,338,2006-06-07,7,6,2006
6/8/2006,365,2006-06-08,8,6,2006
6/9/2006,297,2006-06-09,9,6,2006
6/10/2006,70,2006-06-10,10,6,2006
6/11/2006,52,2006-06-11,11,6,2006
6/12/2006,352,2006-06-12,12,6,2006
6/13/2006,231,2006-06-13,13,6,2006
6/14/2006,290,2006-06-14,14,6,2006
6/15/2006,52,2006-06-15,15,6,2006
6/16/2006,102,2006-06-16,16,6,2006
6/17/2006,35,2006-06-17,17,6,2006
6/18/2006,32,2006-06-18,18,6,2006
6/19/2006,338,2006-06-19,19,6,2006
6/20/2006,248,2006-06-20,20,6,2006
6/21/2006,254,2006-06-21,21,6,2006
6/22/2006,174,2006-06-22,22,6,2006
6/23/2006,170,2006-06-23,23,6,2006
6/24/2006,22,2006-06-24,24,6,2006
6/25/2006,13,2006-06-25,25,6,2006
6/26/2006,223,2006-06-26,26,6,2006
6/27/2006,103,2006-06-27,27,6,2006
6/28/2006,145,2006-06-28,28,6,2006
6/29/2006,111,2006-06-29,29,6,2006
6/30/2006,113,2006-06-30,30,6,2006
7/1/2006,11,2006-07-01,1,7,2006
7/2/2006,20,2006-07-02,2,7,2006
7/3/2006,158,2006-07-03,3,7,2006
7/4/2006,106,2006-07-04,4,7,2006
7/5/2006,115,2006-07-05,5,7,2006
7/6/2006,103,2006-07-06,6,7,2006
7/7/2006,94,2006-07-07,7,7,2006
7/8/2006,18,2006-07-08,8,7,2006
7/9/2006,13,2006-07-09,9,7,2006
7/10/2006,139,2006-07-10,10,7,2006
7/11/2006,107,2006-07-11,11,7,2006
7/12/2006,115,2006-07-12,12,7,2006
7/13/2006,89,2006-07-13,13,7,2006
7/14/2006,77,2006-07-14,14,7,2006
7/15/2006,9,2006-07-15,15,7,2006
7/16/2006,6,2006-07-16,16,7,2006
7/17/2006,107,2006-07-17,17,7,2006
7/18/2006,80,2006-07-18,18,7,2006
7/19/2006,61,2006-07-19,19,7,2006
7/20/2006,69,2006-07-20,20,7,2006
7/21/2006,70,2006-07-21,21,7,2006
7/22/2006,19,2006-07-22,22,7,2006
7/23/2006,8,2006-07-23,23,7,2006
7/24/2006,89,2006-07-24,24,7,2006
7/25/2006,65,2006-07-25,25,7,2006
7/26/2006,64,2006-07-26,26,7,2006
7/27/2006,74,2006-07-27,27,7,2006
7/28/2006,62,2006-07-28,28,7,2006
7/29/2006,5,2006-07-29,29,7,2006
7/30/2006,10,2006-07-30,30,7,2006
7/31/2006,79,2006-07-31,31,7,2006
8/1/2006,56,2006-08-01,1,8,2006
8/2/2006,57,2006-08-02,2,8,2006
8/3/2006,60,2006-08-03,3,8,2006
8/4/2006,49,2006-08-04,4,8,2006
8/5/2006,14,2006-08-05,5,8,2006
8/6/2006,1,2006-08-06,6,8,2006
8/7/2006,85,2006-08-07,7,8,2006
8/8/2006,98,2006-08-08,8,8,2006
8/9/2006,80,2006-08-09,9,8,2006
8/10/2006,63,2006-08-10,10,8,2006
8/11/2006,56,2006-08-11,11,8,2006
8/12/2006,13,2006-08-12,12,8,2006
8/13/2006,11,2006-08-13,13,8,2006
8/14/2006,66,2006-08-14,14,8,2006
8/15/2006,53,2006-08-15,15,8,2006
8/16/2006,69,2006-08-16,16,8,2006
8/17/2006,59,2006-08-17,17,8,2006
8/18/2006,66,2006-08-18,18,8,2006
8/19/2006,13,2006-08-19,19,8,2006
8/20/2006,11,2006-08-20,20,8,2006
8/21/2006,65,2006-08-21,21,8,2006
8/22/2006,67,2006-08-22,22,8,2006
8/23/2006,40,2006-08-23,23,8,2006
8/24/2006,42,2006-08-24,24,8,2006
8/25/2006,41,2006-08-25,25,8,2006
8/26/2006,20,2006-08-26,26,8,2006
8/27/2006,6,2006-08-27,27,8,2006
8/28/2006,63,2006-08-28,28,8,2006
8/29/2006,47,2006-08-29,29,8,2006
8/30/2006,36,2006-08-30,30,8,2006
8/31/2006,57,2006-08-31,31,8,2006
9/1/2006,62,2006-09-01,1,9,2006
9/2/2006,7,2006-09-02,2,9,2006
9/3/2006,3,2006-09-03,3,9,2006
9/4/2006,66,2006-09-04,4,9,2006
9/5/2006,49,2006-09-05,5,9,2006
9/6/2006,40,2006-09-06,6,9,2006
9/7/2006,4,2006-09-07,7,9,2006
9/8/2006,14,2006-09-08,8,9,2006
9/9/2006,8,2006-09-09,9,9,2006
9/10/2006,4,2006-09-10,10,9,2006
9/11/2006,115,2006-09-11,11,9,2006
9/12/2006,80,2006-09-12,12,9,2006
9/13/2006,56,2006-09-13,13,9,2006
9/14/2006,46,2006-09-14,14,9,2006
9/15/2006,45,2006-09-15,15,9,2006
9/16/2006,6,2006-09-16,16,9,2006
9/17/2006,9,2006-09-17,17,9,2006
9/18/2006,62,2006-09-18,18,9,2006
9/19/2006,38,2006-09-19,19,9,2006
9/20/2006,55,2006-09-20,20,9,2006
9/21/2006,45,2006-09-21,21,9,2006
9/22/2006,50,2006-09-22,22,9,2006
9/23/2006,4,2006-09-23,23,9,2006
9/24/2006,3,2006-09-24,24,9,2006
9/25/2006,72,2006-09-25,25,9,2006
9/26/2006,44,2006-09-26,26,9,2006
9/27/2006,66,2006-09-27,27,9,2006
9/28/2006,57,2006-09-28,28,9,2006
9/29/2006,41,2006-09-29,29,9,2006
9/30/2006,5,2006-09-30,30,9,2006
10/1/2006,4,2006-10-01,1,10,2006
10/2/2006,61,2006-10-02,2,10,2006
10/3/2006,55,2006-10-03,3,10,2006
10/4/2006,61,2006-10-04,4,10,2006
10/5/2006,54,2006-10-05,5,10,2006
10/6/2006,37,2006-10-06,6,10,2006
10/7/2006,4,2006-10-07,7,10,2006
10/8/2006,5,2006-10-08,8,10,2006
10/9/2006,61,2006-10-09,9,10,2006
10/10/2006,63,2006-10-10,10,10,2006
10/11/2006,50,2006-10-11,11,10,2006
10/12/2006,7,2006-10-12,12,10,2006
10/13/2006,21,2006-10-13,13,10,2006
10/14/2006,8,2006-10-14,14,10,2006
10/15/2006,5,2006-10-15,15,10,2006
10/16/2006,93,2006-10-16,16,10,2006
10/17/2006,55,2006-10-17,17,10,2006
10/18/2006,64,2006-10-18,18,10,2006
10/19/2006,62,2006-10-19,19,10,2006
10/20/2006,61,2006-10-20,20,10,2006
10/21/2006,6,2006-10-21,21,10,2006
10/22/2006,3,2006-10-22,22,10,2006
10/23/2006,74,2006-10-23,23,10,2006
10/24/2006,38,2006-10-24,24,10,2006
10/25/2006,83,2006-10-25,25,10,2006
10/26/2006,68,2006-10-26,26,10,2006
10/27/2006,58,2006-10-27,27,10,2006
10/28/2006,10,2006-10-28,28,10,2006
10/29/2006,6,2006-10-29,29,10,2006
10/30/2006,89,2006-10-30,30,10,2006
10/31/2006,72,2006-10-31,31,10,2006
11/1/2006,70,2006-11-01,1,11,2006
11/2/2006,3,2006-11-02,2,11,2006
11/3/2006,13,2006-11-03,3,11,2006
11/4/2006,9,2006-11-04,4,11,2006
11/5/2006,7,2006-11-05,5,11,2006
11/6/2006,86,2006-11-06,6,11,2006
11/7/2006,70,2006-11-07,7,11,2006
11/8/2006,59,2006-11-08,8,11,2006
11/9/2006,71,2006-11-09,9,11,2006
11/10/2006,59,2006-11-10,10,11,2006
11/11/2006,8,2006-11-11,11,11,2006
11/12/2006,3,2006-11-12,12,11,2006
11/13/2006,86,2006-11-13,13,11,2006
11/14/2006,61,2006-11-14,14,11,2006
11/15/2006,14,2006-11-15,15,11,2006
11/16/2006,94,2006-11-16,16,11,2006
11/17/2006,81,2006-11-17,17,11,2006
11/18/2006,14,2006-11-18,18,11,2006
11/19/2006,8,2006-11-19,19,11,2006
11/20/2006,95,2006-11-20,20,11,2006
11/21/2006,97,2006-11-21,21,11,2006
11/22/2006,83,2006-11-22,22,11,2006
11/23/2006,102,2006-11-23,23,11,2006
11/24/2006,82,2006-11-24,24,11,2006
11/25/2006,15,2006-11-25,25,11,2006
11/26/2006,13,2006-11-26,26,11,2006
11/27/2006,116,2006-11-27,27,11,2006
11/28/2006,83,2006-11-28,28,11,2006
11/29/2006,99,2006-11-29,29,11,2006
11/30/2006,90,2006-11-30,30,11,2006
12/1/2006,74,2006-12-01,1,12,2006
12/2/2006,20,2006-12-02,2,12,2006
12/3/2006,14,2006-12-03,3,12,2006
12/4/2006,132,2006-12-04,4,12,2006
12/5/2006,100,2006-12-05,5,12,2006
12/6/2006,92,2006-12-06,6,12,2006
12/7/2006,113,2006-12-07,7,12,2006
12/8/2006,88,2006-12-08,8,12,2006
12/9/2006,16,2006-12-09,9,12,2006
12/10/2006,13,2006-12-10,10,12,2006
12/11/2006,132,2006-12-11,11,12,2006
12/12/2006,126,2006-12-12,12,12,2006
12/13/2006,126,2006-12-13,13,12,2006
12/14/2006,126,2006-12-14,14,12,2006
12/15/2006,121,2006-12-15,15,12,2006
12/16/2006,19,2006-12-16,16,12,2006
12/17/2006,12,2006-12-17,17,12,2006
12/18/2006,202,2006-12-18,18,12,2006
12/19/2006,121,2006-12-19,19,12,2006
12/20/2006,104,2006-12-20,20,12,2006
12/21/2006,100,2006-12-21,21,12,2006
12/22/2006,102,2006-12-22,22,12,2006
12/23/2006,15,2006-12-23,23,12,2006
12/24/2006,14,2006-12-24,24,12,2006
12/25/2006,16,2006-12-25,25,12,2006
12/26/2006,156,2006-12-26,26,12,2006
12/27/2006,149,2006-12-27,27,12,2006
12/28/2006,148,2006-12-28,28,12,2006
12/29/2006,122,2006-12-29,29,12,2006
12/30/2006,97,2006-12-30,30,12,2006
12/31/2006,74,2006-12-31,31,12,2006
1/1/2007,12,2007-01-01,1,1,2007
1/2/2007,122,2007-01-02,2,1,2007
1/3/2007,187,2007-01-03,3,1,2007
1/4/2007,157,2007-01-04,4,1,2007
1/5/2007,157,2007-01-05,5,1,2007
1/6/2007,48,2007-01-06,6,1,2007
1/7/2007,24,2007-01-07,7,1,2007
1/8/2007,260,2007-01-08,8,1,2007
1/9/2007,232,2007-01-09,9,1,2007
1/10/2007,211,2007-01-10,10,1,2007
1/11/2007,223,2007-01-11,11,1,2007
1/12/2007,260,2007-01-12,12,1,2007
1/13/2007,42,2007-01-13,13,1,2007
1/14/2007,35,2007-01-14,14,1,2007
1/15/2007,341,2007-01-15,15,1,2007
1/16/2007,254,2007-01-16,16,1,2007
1/17/2007,294,2007-01-17,17,1,2007
1/18/2007,267,2007-01-18,18,1,2007
1/19/2007,327,2007-01-19,19,1,2007
1/20/2007,54,2007-01-20,20,1,2007
1/21/2007,39,2007-01-21,21,1,2007
1/22/2007,480,2007-01-22,22,1,2007
1/23/2007,388,2007-01-23,23,1,2007
1/24/2007,356,2007-01-24,24,1,2007
1/25/2007,408,2007-01-25,25,1,2007
1/26/2007,371,2007-01-26,26,1,2007
1/27/2007,50,2007-01-27,27,1,2007
1/28/2007,69,2007-01-28,28,1,2007
1/29/2007,694,2007-01-29,29,1,2007
1/30/2007,567,2007-01-30,30,1,2007
1/31/2007,559,2007-01-31,31,1,2007
2/1/2007,514,2007-02-01,1,2,2007
2/2/2007,547,2007-02-02,2,2,2007
2/3/2007,113,2007-02-03,3,2,2007
2/4/2007,93,2007-02-04,4,2,2007
2/5/2007,871,2007-02-05,5,2,2007
2/6/2007,753,2007-02-06,6,2,2007
2/7/2007,654,2007-02-07,7,2,2007
2/8/2007,719,2007-02-08,8,2,2007
2/9/2007,681,2007-02-09,9,2,2007
2/10/2007,111,2007-02-10,10,2,2007
2/11/2007,98,2007-02-11,11,2,2007
2/12/2007,1187,2007-02-12,12,2,2007
2/13/2007,1001,2007-02-13,13,2,2007
2/14/2007,892,2007-02-14,14,2,2007
2/15/2007,915,2007-02-15,15,2,2007
2/16/2007,909,2007-02-16,16,2,2007
2/17/2007,153,2007-02-17,17,2,2007
2/18/2007,116,2007-02-18,18,2,2007
2/19/2007,295,2007-02-19,19,2,2007
2/20/2007,139,2007-02-20,20,2,2007
2/21/2007,907,2007-02-21,21,2,2007
2/22/2007,1400,2007-02-22,22,2,2007
2/23/2007,1234,2007-02-23,23,2,2007
2/24/2007,182,2007-02-24,24,2,2007
2/25/2007,162,2007-02-25,25,2,2007
2/26/2007,1682,2007-02-26,26,2,2007
2/27/2007,1338,2007-02-27,27,2,2007
2/28/2007,1265,2007-02-28,28,2,2007
3/1/2007,1313,2007-03-01,1,3,2007
3/2/2007,1189,2007-03-02,2,3,2007
3/3/2007,254,2007-03-03,3,3,2007
3/4/2007,213,2007-03-04,4,3,2007
3/5/2007,2126,2007-03-05,5,3,2007
3/6/2007,1742,2007-03-06,6,3,2007
3/7/2007,1489,2007-03-07,7,3,2007
3/8/2007,1520,2007-03-08,8,3,2007
3/9/2007,1588,2007-03-09,9,3,2007
3/10/2007,537,2007-03-10,10,3,2007
3/11/2007,277,2007-03-11,11,3,2007
3/12/2007,2426,2007-03-12,12,3,2007
3/13/2007,2058,2007-03-13,13,3,2007
3/14/2007,2148,2007-03-14,14,3,2007
3/15/2007,2003,2007-03-15,15,3,2007
3/16/2007,1821,2007-03-16,16,3,2007
3/17/2007,602,2007-03-17,17,3,2007
3/18/2007,420,2007-03-18,18,3,2007
3/19/2007,2427,2007-03-19,19,3,2007
3/20/2007,2149,2007-03-20,20,3,2007
3/21/2007,2140,2007-03-21,21,3,2007
3/22/2007,2274,2007-03-22,22,3,2007
3/23/2007,2252,2007-03-23,23,3,2007
3/24/2007,518,2007-03-24,24,3,2007
3/25/2007,391,2007-03-25,25,3,2007
3/26/2007,3156,2007-03-26,26,3,2007
3/27/2007,2431,2007-03-27,27,3,2007
3/28/2007,2228,2007-03-28,28,3,2007
3/29/2007,2305,2007-03-29,29,3,2007
3/30/2007,2134,2007-03-30,30,3,2007
3/31/2007,490,2007-03-31,31,3,2007
4/1/2007,421,2007-04-01,1,4,2007
4/2/2007,3161,2007-04-02,2,4,2007
4/3/2007,2434,2007-04-03,3,4,2007
4/4/2007,2223,2007-04-04,4,4,2007
4/5/2007,1416,2007-04-05,5,4,2007
4/6/2007,458,2007-04-06,6,4,2007
4/7/2007,473,2007-04-07,7,4,2007
4/8/2007,392,2007-04-08,8,4,2007
4/9/2007,3416,2007-04-09,9,4,2007
4/10/2007,2562,2007-04-10,10,4,2007
4/11/2007,2330,2007-04-11,11,4,2007
4/12/2007,2296,2007-04-12,12,4,2007
4/13/2007,2230,2007-04-13,13,4,2007
4/14/2007,555,2007-04-14,14,4,2007
4/15/2007,541,2007-04-15,15,4,2007
4/16/2007,3325,2007-04-16,16,4,2007
4/17/2007,2268,2007-04-17,17,4,2007
4/18/2007,2314,2007-04-18,18,4,2007
4/19/2007,2169,2007-04-19,19,4,2007
4/20/2007,2330,2007-04-20,20,4,2007
4/21/2007,478,2007-04-21,21,4,2007
4/22/2007,511,2007-04-22,22,4,2007
4/23/2007,3012,2007-04-23,23,4,2007
4/24/2007,2456,2007-04-24,24,4,2007
4/25/2007,2329,2007-04-25,25,4,2007
4/26/2007,2112,2007-04-26,26,4,2007
4/27/2007,1987,2007-04-27,27,4,2007
4/28/2007,446,2007-04-28,28,4,2007
4/29/2007,406,2007-04-29,29,4,2007
4/30/2007,1236,2007-04-30,30,4,2007
5/1/2007,366,2007-05-01,1,5,2007
5/2/2007,2733,2007-05-02,2,5,2007
5/3/2007,2181,2007-05-03,3,5,2007
5/4/2007,1776,2007-05-04,4,5,2007
5/5/2007,449,2007-05-05,5,5,2007
5/6/2007,371,2007-05-06,6,5,2007
5/7/2007,2288,2007-05-07,7,5,2007
5/8/2007,1875,2007-05-08,8,5,2007
5/9/2007,1397,2007-05-09,9,5,2007
5/10/2007,1320,2007-05-10,10,5,2007
5/11/2007,1061,2007-05-11,11,5,2007
5/12/2007,301,2007-05-12,12,5,2007
5/13/2007,244,2007-05-13,13,5,2007
5/14/2007,1991,2007-05-14,14,5,2007
5/15/2007,1482,2007-05-15,15,5,2007
5/16/2007,1338,2007-05-16,16,5,2007
5/17/2007,1275,2007-05-17,17,5,2007
5/18/2007,1239,2007-05-18,18,5,2007
5/19/2007,200,2007-05-19,19,5,2007
5/20/2007,209,2007-05-20,20,5,2007
5/21/2007,1529,2007-05-21,21,5,2007
5/22/2007,996,2007-05-22,22,5,2007
5/23/2007,795,2007-05-23,23,5,2007
5/24/2007,780,2007-05-24,24,5,2007
5/25/2007,643,2007-05-25,25,5,2007
5/26/2007,144,2007-05-26,26,5,2007
5/27/2007,126,2007-05-27,27,5,2007
5/28/2007,1094,2007-05-28,28,5,2007
5/29/2007,740,2007-05-29,29,5,2007
5/30/2007,579,2007-05-30,30,5,2007
5/31/2007,574,2007-05-31,31,5,2007
6/1/2007,526,2007-06-01,1,6,2007
6/2/2007,98,2007-06-02,2,6,2007
6/3/2007,86,2007-06-03,3,6,2007
6/4/2007,583,2007-06-04,4,6,2007
6/5/2007,462,2007-06-05,5,6,2007
6/6/2007,329,2007-06-06,6,6,2007
6/7/2007,85,2007-06-07,7,6,2007
6/8/2007,137,2007-06-08,8,6,2007
6/9/2007,58,2007-06-09,9,6,2007
6/10/2007,72,2007-06-10,10,6,2007
6/11/2007,565,2007-06-11,11,6,2007
6/12/2007,411,2007-06-12,12,6,2007
6/13/2007,304,2007-06-13,13,6,2007
6/14/2007,394,2007-06-14,14,6,2007
6/15/2007,321,2007-06-15,15,6,2007
6/16/2007,55,2007-06-16,16,6,2007
6/17/2007,57,2007-06-17,17,6,2007
6/18/2007,361,2007-06-18,18,6,2007
6/19/2007,319,2007-06-19,19,6,2007
6/20/2007,367,2007-06-20,20,6,2007
6/21/2007,268,2007-06-21,21,6,2007
6/22/2007,209,2007-06-22,22,6,2007
6/23/2007,38,2007-06-23,23,6,2007
6/24/2007,57,2007-06-24,24,6,2007
6/25/2007,347,2007-06-25,25,6,2007
6/26/2007,284,2007-06-26,26,6,2007
6/27/2007,229,2007-06-27,27,6,2007
6/28/2007,219,2007-06-28,28,6,2007
6/29/2007,216,2007-06-29,29,6,2007
6/30/2007,28,2007-06-30,30,6,2007
7/1/2007,40,2007-07-01,1,7,2007
7/2/2007,255,2007-07-02,2,7,2007
7/3/2007,209,2007-07-03,3,7,2007
7/4/2007,186,2007-07-04,4,7,2007
7/5/2007,203,2007-07-05,5,7,2007
7/6/2007,198,2007-07-06,6,7,2007
7/7/2007,72,2007-07-07,7,7,2007
7/8/2007,22,2007-07-08,8,7,2007
7/9/2007,57,2007-07-09,9,7,2007
7/10/2007,241,2007-07-10,10,7,2007
7/11/2007,182,2007-07-11,11,7,2007
7/12/2007,169,2007-07-12,12,7,2007
7/13/2007,167,2007-07-13,13,7,2007
7/14/2007,34,2007-07-14,14,7,2007
7/15/2007,38,2007-07-15,15,7,2007
7/16/2007,178,2007-07-16,16,7,2007
7/17/2007,173,2007-07-17,17,7,2007
7/18/2007,144,2007-07-18,18,7,2007
7/19/2007,124,2007-07-19,19,7,2007
7/20/2007,99,2007-07-20,20,7,2007
7/21/2007,42,2007-07-21,21,7,2007
7/22/2007,17,2007-07-22,22,7,2007
7/23/2007,141,2007-07-23,23,7,2007
7/24/2007,128,2007-07-24,24,7,2007
7/25/2007,121,2007-07-25,25,7,2007
7/26/2007,92,2007-07-26,26,7,2007
7/27/2007,111,2007-07-27,27,7,2007
7/28/2007,8,2007-07-28,28,7,2007
7/29/2007,14,2007-07-29,29,7,2007
7/30/2007,114,2007-07-30,30,7,2007
7/31/2007,87,2007-07-31,31,7,2007
8/1/2007,121,2007-08-01,1,8,2007
8/2/2007,78,2007-08-02,2,8,2007
8/3/2007,75,2007-08-03,3,8,2007
8/4/2007,14,2007-08-04,4,8,2007
8/5/2007,11,2007-08-05,5,8,2007
8/6/2007,76,2007-08-06,6,8,2007
8/7/2007,100,2007-08-07,7,8,2007
8/8/2007,80,2007-08-08,8,8,2007
8/9/2007,93,2007-08-09,9,8,2007
8/10/2007,112,2007-08-10,10,8,2007
8/11/2007,13,2007-08-11,11,8,2007
8/12/2007,16,2007-08-12,12,8,2007
8/13/2007,136,2007-08-13,13,8,2007
8/14/2007,68,2007-08-14,14,8,2007
8/15/2007,66,2007-08-15,15,8,2007
8/16/2007,69,2007-08-16,16,8,2007
8/17/2007,55,2007-08-17,17,8,2007
8/18/2007,11,2007-08-18,18,8,2007
8/19/2007,15,2007-08-19,19,8,2007
8/20/2007,88,2007-08-20,20,8,2007
8/21/2007,73,2007-08-21,21,8,2007
8/22/2007,62,2007-08-22,22,8,2007
8/23/2007,83,2007-08-23,23,8,2007
8/24/2007,62,2007-08-24,24,8,2007
8/25/2007,13,2007-08-25,25,8,2007
8/26/2007,13,2007-08-26,26,8,2007
8/27/2007,101,2007-08-27,27,8,2007
8/28/2007,74,2007-08-28,28,8,2007
8/29/2007,73,2007-08-29,29,8,2007
8/30/2007,80,2007-08-30,30,8,2007
8/31/2007,73,2007-08-31,31,8,2007
9/1/2007,17,2007-09-01,1,9,2007
9/2/2007,19,2007-09-02,2,9,2007
9/3/2007,96,2007-09-03,3,9,2007
9/4/2007,90,2007-09-04,4,9,2007
9/5/2007,93,2007-09-05,5,9,2007
9/6/2007,116,2007-09-06,6,9,2007
9/7/2007,20,2007-09-07,7,9,2007
9/8/2007,19,2007-09-08,8,9,2007
9/9/2007,18,2007-09-09,9,9,2007
9/10/2007,112,2007-09-10,10,9,2007
9/11/2007,102,2007-09-11,11,9,2007
9/12/2007,84,2007-09-12,12,9,2007
9/13/2007,92,2007-09-13,13,9,2007
9/14/2007,87,2007-09-14,14,9,2007
9/15/2007,15,2007-09-15,15,9,2007
9/16/2007,16,2007-09-16,16,9,2007
9/17/2007,124,2007-09-17,17,9,2007
9/18/2007,96,2007-09-18,18,9,2007
9/19/2007,81,2007-09-19,19,9,2007
9/20/2007,91,2007-09-20,20,9,2007
9/21/2007,93,2007-09-21,21,9,2007
9/22/2007,16,2007-09-22,22,9,2007
9/23/2007,8,2007-09-23,23,9,2007
9/24/2007,98,2007-09-24,24,9,2007
9/25/2007,83,2007-09-25,25,9,2007
9/26/2007,79,2007-09-26,26,9,2007
9/27/2007,93,2007-09-27,27,9,2007
9/28/2007,91,2007-09-28,28,9,2007
9/29/2007,18,2007-09-29,29,9,2007
9/30/2007,12,2007-09-30,30,9,2007
10/1/2007,118,2007-10-01,1,10,2007
10/2/2007,87,2007-10-02,2,10,2007
10/3/2007,99,2007-10-03,3,10,2007
10/4/2007,98,2007-10-04,4,10,2007
10/5/2007,95,2007-10-05,5,10,2007
10/6/2007,24,2007-10-06,6,10,2007
10/7/2007,20,2007-10-07,7,10,2007
10/8/2007,92,2007-10-08,8,10,2007
10/9/2007,113,2007-10-09,9,10,2007
10/10/2007,129,2007-10-10,10,10,2007
10/11/2007,107,2007-10-11,11,10,2007
10/12/2007,21,2007-10-12,12,10,2007
10/13/2007,16,2007-10-13,13,10,2007
10/14/2007,18,2007-10-14,14,10,2007
10/15/2007,182,2007-10-15,15,10,2007
10/16/2007,170,2007-10-16,16,10,2007
10/17/2007,216,2007-10-17,17,10,2007
10/18/2007,172,2007-10-18,18,10,2007
10/19/2007,171,2007-10-19,19,10,2007
10/20/2007,29,2007-10-20,20,10,2007
10/21/2007,26,2007-10-21,21,10,2007
10/22/2007,269,2007-10-22,22,10,2007
10/23/2007,199,2007-10-23,23,10,2007
10/24/2007,171,2007-10-24,24,10,2007
10/25/2007,163,2007-10-25,25,10,2007
10/26/2007,158,2007-10-26,26,10,2007
10/27/2007,31,2007-10-27,27,10,2007
10/28/2007,23,2007-10-28,28,10,2007
10/29/2007,301,2007-10-29,29,10,2007
10/30/2007,250,2007-10-30,30,10,2007
10/31/2007,262,2007-10-31,31,10,2007
11/1/2007,208,2007-11-01,1,11,2007
11/2/2007,31,2007-11-02,2,11,2007
11/3/2007,22,2007-11-03,3,11,2007
11/4/2007,37,2007-11-04,4,11,2007
11/5/2007,243,2007-11-05,5,11,2007
11/6/2007,165,2007-11-06,6,11,2007
11/7/2007,191,2007-11-07,7,11,2007
11/8/2007,208,2007-11-08,8,11,2007
11/9/2007,172,2007-11-09,9,11,2007
11/10/2007,30,2007-11-10,10,11,2007
11/11/2007,29,2007-11-11,11,11,2007
11/12/2007,232,2007-11-12,12,11,2007
11/13/2007,192,2007-11-13,13,11,2007
11/14/2007,197,2007-11-14,14,11,2007
11/15/2007,30,2007-11-15,15,11,2007
11/16/2007,56,2007-11-16,16,11,2007
11/17/2007,36,2007-11-17,17,11,2007
11/18/2007,31,2007-11-18,18,11,2007
11/19/2007,280,2007-11-19,19,11,2007
11/20/2007,156,2007-11-20,20,11,2007
11/21/2007,278,2007-11-21,21,11,2007
11/22/2007,258,2007-11-22,22,11,2007
11/23/2007,276,2007-11-23,23,11,2007
11/24/2007,51,2007-11-24,24,11,2007
11/25/2007,45,2007-11-25,25,11,2007
11/26/2007,386,2007-11-26,26,11,2007
11/27/2007,298,2007-11-27,27,11,2007
11/28/2007,246,2007-11-28,28,11,2007
11/29/2007,218,2007-11-29,29,11,2007
11/30/2007,231,2007-11-30,30,11,2007
12/1/2007,40,2007-12-01,1,12,2007
12/2/2007,28,2007-12-02,2,12,2007
12/3/2007,330,2007-12-03,3,12,2007
12/4/2007,231,2007-12-04,4,12,2007
12/5/2007,216,2007-12-05,5,12,2007
12/6/2007,235,2007-12-06,6,12,2007
12/7/2007,195,2007-12-07,7,12,2007
12/8/2007,40,2007-12-08,8,12,2007
12/9/2007,25,2007-12-09,9,12,2007
12/10/2007,290,2007-12-10,10,12,2007
12/11/2007,210,2007-12-11,11,12,2007
12/12/2007,155,2007-12-12,12,12,2007
12/13/2007,187,2007-12-13,13,12,2007
12/14/2007,214,2007-12-14,14,12,2007
12/15/2007,39,2007-12-15,15,12,2007
12/16/2007,40,2007-12-16,16,12,2007
12/17/2007,265,2007-12-17,17,12,2007
12/18/2007,234,2007-12-18,18,12,2007
12/19/2007,196,2007-12-19,19,12,2007
12/20/2007,175,2007-12-20,20,12,2007
12/21/2007,168,2007-12-21,21,12,2007
12/22/2007,41,2007-12-22,22,12,2007
12/23/2007,31,2007-12-23,23,12,2007
12/24/2007,47,2007-12-24,24,12,2007
12/25/2007,25,2007-12-25,25,12,2007
12/26/2007,217,2007-12-26,26,12,2007
12/27/2007,200,2007-12-27,27,12,2007
12/28/2007,183,2007-12-28,28,12,2007
12/29/2007,50,2007-12-29,29,12,2007
12/30/2007,47,2007-12-30,30,12,2007
12/31/2007,64,2007-12-31,31,12,2007
1/1/2008,26,2008-01-01,1,1,2008
1/2/2008,213,2008-01-02,2,1,2008
1/3/2008,249,2008-01-03,3,1,2008
1/4/2008,245,2008-01-04,4,1,2008
1/5/2008,44,2008-01-05,5,1,2008
1/6/2008,31,2008-01-06,6,1,2008
1/7/2008,261,2008-01-07,7,1,2008
1/8/2008,248,2008-01-08,8,1,2008
1/9/2008,253,2008-01-09,9,1,2008
1/10/2008,270,2008-01-10,10,1,2008
1/11/2008,268,2008-01-11,11,1,2008
1/12/2008,44,2008-01-12,12,1,2008
1/13/2008,37,2008-01-13,13,1,2008
1/14/2008,397,2008-01-14,14,1,2008
1/15/2008,308,2008-01-15,15,1,2008
1/16/2008,309,2008-01-16,16,1,2008
1/17/2008,257,2008-01-17,17,1,2008
1/18/2008,292,2008-01-18,18,1,2008
1/19/2008,51,2008-01-19,19,1,2008
1/20/2008,48,2008-01-20,20,1,2008
1/21/2008,326,2008-01-21,21,1,2008
1/22/2008,267,2008-01-22,22,1,2008
1/23/2008,244,2008-01-23,23,1,2008
1/24/2008,267,2008-01-24,24,1,2008
1/25/2008,241,2008-01-25,25,1,2008
1/26/2008,47,2008-01-26,26,1,2008
1/27/2008,24,2008-01-27,27,1,2008
1/28/2008,345,2008-01-28,28,1,2008
1/29/2008,203,2008-01-29,29,1,2008
1/30/2008,255,2008-01-30,30,1,2008
1/31/2008,216,2008-01-31,31,1,2008
2/1/2008,273,2008-02-01,1,2,2008
2/2/2008,46,2008-02-02,2,2,2008
2/3/2008,43,2008-02-03,3,2,2008
2/4/2008,63,2008-02-04,4,2,2008
2/5/2008,30,2008-02-05,5,2,2008
2/6/2008,220,2008-02-06,6,2,2008
2/7/2008,283,2008-02-07,7,2,2008
2/8/2008,252,2008-02-08,8,2,2008
2/9/2008,51,2008-02-09,9,2,2008
2/10/2008,39,2008-02-10,10,2,2008
2/11/2008,313,2008-02-11,11,2,2008
2/12/2008,266,2008-02-12,12,2,2008
2/13/2008,269,2008-02-13,13,2,2008
2/14/2008,279,2008-02-14,14,2,2008
2/15/2008,269,2008-02-15,15,2,2008
2/16/2008,68,2008-02-16,16,2,2008
2/17/2008,44,2008-02-17,17,2,2008
2/18/2008,355,2008-02-18,18,2,2008
2/19/2008,308,2008-02-19,19,2,2008
2/20/2008,299,2008-02-20,20,2,2008
2/21/2008,272,2008-02-21,21,2,2008
2/22/2008,287,2008-02-22,22,2,2008
2/23/2008,57,2008-02-23,23,2,2008
2/24/2008,46,2008-02-24,24,2,2008
2/25/2008,404,2008-02-25,25,2,2008
2/26/2008,345,2008-02-26,26,2,2008
2/27/2008,322,2008-02-27,27,2,2008
2/28/2008,307,2008-02-28,28,2,2008
2/29/2008,278,2008-02-29,29,2,2008
3/1/2008,52,2008-03-01,1,3,2008
3/2/2008,45,2008-03-02,2,3,2008
3/3/2008,408,2008-03-03,3,3,2008
3/4/2008,360,2008-03-04,4,3,2008
3/5/2008,363,2008-03-05,5,3,2008
3/6/2008,363,2008-03-06,6,3,2008
3/7/2008,341,2008-03-07,7,3,2008
3/8/2008,63,2008-03-08,8,3,2008
3/9/2008,52,2008-03-09,9,3,2008
3/10/2008,435,2008-03-10,10,3,2008
3/11/2008,360,2008-03-11,11,3,2008
3/12/2008,310,2008-03-12,12,3,2008
3/13/2008,268,2008-03-13,13,3,2008
3/14/2008,312,2008-03-14,14,3,2008
3/15/2008,55,2008-03-15,15,3,2008
3/16/2008,49,2008-03-16,16,3,2008
3/17/2008,365,2008-03-17,17,3,2008
3/18/2008,321,2008-03-18,18,3,2008
3/19/2008,380,2008-03-19,19,3,2008
3/20/2008,303,2008-03-20,20,3,2008
3/21/2008,86,2008-03-21,21,3,2008
3/22/2008,85,2008-03-22,22,3,2008
3/23/2008,79,2008-03-23,23,3,2008
3/24/2008,901,2008-03-24,24,3,2008
3/25/2008,915,2008-03-25,25,3,2008
3/26/2008,1116,2008-03-26,26,3,2008
3/27/2008,1144,2008-03-27,27,3,2008
3/28/2008,1177,2008-03-28,28,3,2008
3/29/2008,197,2008-03-29,29,3,2008
3/30/2008,185,2008-03-30,30,3,2008
3/31/2008,1515,2008-03-31,31,3,2008
4/1/2008,1404,2008-04-01,1,4,2008
4/2/2008,1279,2008-04-02,2,4,2008
4/3/2008,1297,2008-04-03,3,4,2008
4/4/2008,1223,2008-04-04,4,4,2008
4/5/2008,215,2008-04-05,5,4,2008
4/6/2008,179,2008-04-06,6,4,2008
4/7/2008,1535,2008-04-07,7,4,2008
4/8/2008,1311,2008-04-08,8,4,2008
4/9/2008,1247,2008-04-09,9,4,2008
4/10/2008,1409,2008-04-10,10,4,2008
4/11/2008,1211,2008-04-11,11,4,2008
4/12/2008,266,2008-04-12,12,4,2008
4/13/2008,168,2008-04-13,13,4,2008
4/14/2008,1553,2008-04-14,14,4,2008
4/15/2008,1097,2008-04-15,15,4,2008
4/16/2008,1033,2008-04-16,16,4,2008
4/17/2008,1011,2008-04-17,17,4,2008
4/18/2008,940,2008-04-18,18,4,2008
4/19/2008,170,2008-04-19,19,4,2008
4/20/2008,128,2008-04-20,20,4,2008
4/21/2008,157,2008-04-21,21,4,2008
4/22/2008,1260,2008-04-22,22,4,2008
4/23/2008,1025,2008-04-23,23,4,2008
4/24/2008,864,2008-04-24,24,4,2008
4/25/2008,917,2008-04-25,25,4,2008
4/26/2008,168,2008-04-26,26,4,2008
4/27/2008,144,2008-04-27,27,4,2008
4/28/2008,1144,2008-04-28,28,4,2008
4/29/2008,840,2008-04-29,29,4,2008
4/30/2008,722,2008-04-30,30,4,2008
5/1/2008,118,2008-05-01,1,5,2008
5/2/2008,165,2008-05-02,2,5,2008
5/3/2008,84,2008-05-03,3,5,2008
5/4/2008,68,2008-05-04,4,5,2008
5/5/2008,756,2008-05-05,5,5,2008
5/6/2008,502,2008-05-06,6,5,2008
5/7/2008,370,2008-05-07,7,5,2008
5/8/2008,340,2008-05-08,8,5,2008
5/9/2008,368,2008-05-09,9,5,2008
5/10/2008,61,2008-05-10,10,5,2008
5/11/2008,29,2008-05-11,11,5,2008
5/12/2008,442,2008-05-12,12,5,2008
5/13/2008,327,2008-05-13,13,5,2008
5/14/2008,327,2008-05-14,14,5,2008
5/15/2008,308,2008-05-15,15,5,2008
5/16/2008,281,2008-05-16,16,5,2008
5/17/2008,49,2008-05-17,17,5,2008
5/18/2008,68,2008-05-18,18,5,2008
5/19/2008,452,2008-05-19,19,5,2008
5/20/2008,351,2008-05-20,20,5,2008
5/21/2008,296,2008-05-21,21,5,2008
5/22/2008,54,2008-05-22,22,5,2008
5/23/2008,101,2008-05-23,23,5,2008
5/24/2008,50,2008-05-24,24,5,2008
5/25/2008,36,2008-05-25,25,5,2008
5/26/2008,389,2008-05-26,26,5,2008
5/27/2008,296,2008-05-27,27,5,2008
5/28/2008,309,2008-05-28,28,5,2008
5/29/2008,211,2008-05-29,29,5,2008
5/30/2008,187,2008-05-30,30,5,2008
5/31/2008,32,2008-05-31,31,5,2008
6/1/2008,24,2008-06-01,1,6,2008
6/2/2008,229,2008-06-02,2,6,2008
6/3/2008,195,2008-06-03,3,6,2008
6/4/2008,155,2008-06-04,4,6,2008
6/5/2008,161,2008-06-05,5,6,2008
6/6/2008,168,2008-06-06,6,6,2008
6/7/2008,29,2008-06-07,7,6,2008
6/8/2008,21,2008-06-08,8,6,2008
6/9/2008,244,2008-06-09,9,6,2008
6/10/2008,204,2008-06-10,10,6,2008
6/11/2008,187,2008-06-11,11,6,2008
6/12/2008,148,2008-06-12,12,6,2008
6/13/2008,131,2008-06-13,13,6,2008
6/14/2008,32,2008-06-14,14,6,2008
6/15/2008,26,2008-06-15,15,6,2008
6/16/2008,171,2008-06-16,16,6,2008
6/17/2008,146,2008-06-17,17,6,2008
6/18/2008,133,2008-06-18,18,6,2008
6/19/2008,116,2008-06-19,19,6,2008
6/20/2008,116,2008-06-20,20,6,2008
6/21/2008,44,2008-06-21,21,6,2008
6/22/2008,19,2008-06-22,22,6,2008
6/23/2008,151,2008-06-23,23,6,2008
6/24/2008,85,2008-06-24,24,6,2008
6/25/2008,89,2008-06-25,25,6,2008
6/26/2008,123,2008-06-26,26,6,2008
6/27/2008,82,2008-06-27,27,6,2008
6/28/2008,18,2008-06-28,28,6,2008
6/29/2008,23,2008-06-29,29,6,2008
6/30/2008,128,2008-06-30,30,6,2008
7/1/2008,83,2008-07-01,1,7,2008
7/2/2008,118,2008-07-02,2,7,2008
7/3/2008,102,2008-07-03,3,7,2008
7/4/2008,104,2008-07-04,4,7,2008
7/5/2008,20,2008-07-05,5,7,2008
7/6/2008,19,2008-07-06,6,7,2008
7/7/2008,108,2008-07-07,7,7,2008
7/8/2008,87,2008-07-08,8,7,2008
7/9/2008,14,2008-07-09,9,7,2008
7/10/2008,89,2008-07-10,10,7,2008
7/11/2008,53,2008-07-11,11,7,2008
7/12/2008,17,2008-07-12,12,7,2008
7/13/2008,9,2008-07-13,13,7,2008
7/14/2008,84,2008-07-14,14,7,2008
7/15/2008,90,2008-07-15,15,7,2008
7/16/2008,58,2008-07-16,16,7,2008
7/17/2008,59,2008-07-17,17,7,2008
7/18/2008,49,2008-07-18,18,7,2008
7/19/2008,17,2008-07-19,19,7,2008
7/20/2008,8,2008-07-20,20,7,2008
7/21/2008,84,2008-07-21,21,7,2008
7/22/2008,70,2008-07-22,22,7,2008
7/23/2008,74,2008-07-23,23,7,2008
7/24/2008,60,2008-07-24,24,7,2008
7/25/2008,64,2008-07-25,25,7,2008
7/26/2008,11,2008-07-26,26,7,2008
7/27/2008,14,2008-07-27,27,7,2008
7/28/2008,79,2008-07-28,28,7,2008
7/29/2008,72,2008-07-29,29,7,2008
7/30/2008,57,2008-07-30,30,7,2008
7/31/2008,57,2008-07-31,31,7,2008
8/1/2008,63,2008-08-01,1,8,2008
8/2/2008,22,2008-08-02,2,8,2008
8/3/2008,11,2008-08-03,3,8,2008
8/4/2008,55,2008-08-04,4,8,2008
8/5/2008,55,2008-08-05,5,8,2008
8/6/2008,55,2008-08-06,6,8,2008
8/7/2008,77,2008-08-07,7,8,2008
8/8/2008,47,2008-08-08,8,8,2008
8/9/2008,19,2008-08-09,9,8,2008
8/10/2008,9,2008-08-10,10,8,2008
8/11/2008,69,2008-08-11,11,8,2008
8/12/2008,53,2008-08-12,12,8,2008
8/13/2008,54,2008-08-13,13,8,2008
8/14/2008,43,2008-08-14,14,8,2008
8/15/2008,63,2008-08-15,15,8,2008
8/16/2008,3,2008-08-16,16,8,2008
8/17/2008,14,2008-08-17,17,8,2008
8/18/2008,107,2008-08-18,18,8,2008
8/19/2008,63,2008-08-19,19,8,2008
8/20/2008,74,2008-08-20,20,8,2008
8/21/2008,75,2008-08-21,21,8,2008
8/22/2008,72,2008-08-22,22,8,2008
8/23/2008,19,2008-08-23,23,8,2008
8/24/2008,15,2008-08-24,24,8,2008
8/25/2008,79,2008-08-25,25,8,2008
8/26/2008,79,2008-08-26,26,8,2008
8/27/2008,82,2008-08-27,27,8,2008
8/28/2008,87,2008-08-28,28,8,2008
8/29/2008,71,2008-08-29,29,8,2008
8/30/2008,14,2008-08-30,30,8,2008
8/31/2008,16,2008-08-31,31,8,2008
9/1/2008,84,2008-09-01,1,9,2008
9/2/2008,55,2008-09-02,2,9,2008
9/3/2008,67,2008-09-03,3,9,2008
9/4/2008,63,2008-09-04,4,9,2008
9/5/2008,65,2008-09-05,5,9,2008
9/6/2008,16,2008-09-06,6,9,2008
9/7/2008,10,2008-09-07,7,9,2008
9/8/2008,79,2008-09-08,8,9,2008
9/9/2008,74,2008-09-09,9,9,2008
9/10/2008,77,2008-09-10,10,9,2008
9/11/2008,97,2008-09-11,11,9,2008
9/12/2008,97,2008-09-12,12,9,2008
9/13/2008,11,2008-09-13,13,9,2008
9/14/2008,12,2008-09-14,14,9,2008
9/15/2008,107,2008-09-15,15,9,2008
9/16/2008,51,2008-09-16,16,9,2008
9/17/2008,68,2008-09-17,17,9,2008
9/18/2008,63,2008-09-18,18,9,2008
9/19/2008,66,2008-09-19,19,9,2008
9/20/2008,11,2008-09-20,20,9,2008
9/21/2008,8,2008-09-21,21,9,2008
9/22/2008,69,2008-09-22,22,9,2008
9/23/2008,69,2008-09-23,23,9,2008
9/24/2008,43,2008-09-24,24,9,2008
9/25/2008,65,2008-09-25,25,9,2008
9/26/2008,55,2008-09-26,26,9,2008
9/27/2008,10,2008-09-27,27,9,2008
9/28/2008,10,2008-09-28,28,9,2008
9/29/2008,71,2008-09-29,29,9,2008
9/30/2008,62,2008-09-30,30,9,2008
10/1/2008,59,2008-10-01,1,10,2008
10/2/2008,63,2008-10-02,2,10,2008
10/3/2008,42,2008-10-03,3,10,2008
10/4/2008,10,2008-10-04,4,10,2008
10/5/2008,12,2008-10-05,5,10,2008
10/6/2008,74,2008-10-06,6,10,2008
10/7/2008,44,2008-10-07,7,10,2008
10/8/2008,41,2008-10-08,8,10,2008
10/9/2008,55,2008-10-09,9,10,2008
10/10/2008,50,2008-10-10,10,10,2008
10/11/2008,14,2008-10-11,11,10,2008
10/12/2008,20,2008-10-12,12,10,2008
10/13/2008,80,2008-10-13,13,10,2008
10/14/2008,76,2008-10-14,14,10,2008
10/15/2008,85,2008-10-15,15,10,2008
10/16/2008,64,2008-10-16,16,10,2008
10/17/2008,54,2008-10-17,17,10,2008
10/18/2008,17,2008-10-18,18,10,2008
10/19/2008,9,2008-10-19,19,10,2008
10/20/2008,80,2008-10-20,20,10,2008
10/21/2008,62,2008-10-21,21,10,2008
10/22/2008,63,2008-10-22,22,10,2008
10/23/2008,83,2008-10-23,23,10,2008
10/24/2008,82,2008-10-24,24,10,2008
10/25/2008,3,2008-10-25,25,10,2008
10/26/2008,15,2008-10-26,26,10,2008
10/27/2008,43,2008-10-27,27,10,2008
10/28/2008,82,2008-10-28,28,10,2008
10/29/2008,90,2008-10-29,29,10,2008
10/30/2008,71,2008-10-30,30,10,2008
10/31/2008,69,2008-10-31,31,10,2008
11/1/2008,16,2008-11-01,1,11,2008
11/2/2008,9,2008-11-02,2,11,2008
11/3/2008,100,2008-11-03,3,11,2008
11/4/2008,90,2008-11-04,4,11,2008
11/5/2008,90,2008-11-05,5,11,2008
11/6/2008,65,2008-11-06,6,11,2008
11/7/2008,72,2008-11-07,7,11,2008
11/8/2008,11,2008-11-08,8,11,2008
11/9/2008,11,2008-11-09,9,11,2008
11/10/2008,88,2008-11-10,10,11,2008
11/11/2008,81,2008-11-11,11,11,2008
11/12/2008,80,2008-11-12,12,11,2008
11/13/2008,83,2008-11-13,13,11,2008
11/14/2008,74,2008-11-14,14,11,2008
11/15/2008,17,2008-11-15,15,11,2008
11/16/2008,15,2008-11-16,16,11,2008
11/17/2008,126,2008-11-17,17,11,2008
11/18/2008,102,2008-11-18,18,11,2008
11/19/2008,96,2008-11-19,19,11,2008
11/20/2008,46,2008-11-20,20,11,2008
11/21/2008,72,2008-11-21,21,11,2008
11/22/2008,17,2008-11-22,22,11,2008
11/23/2008,15,2008-11-23,23,11,2008
11/24/2008,121,2008-11-24,24,11,2008
11/25/2008,96,2008-11-25,25,11,2008
11/26/2008,101,2008-11-26,26,11,2008
11/27/2008,87,2008-11-27,27,11,2008
11/28/2008,80,2008-11-28,28,11,2008
11/29/2008,15,2008-11-29,29,11,2008
11/30/2008,11,2008-11-30,30,11,2008
12/1/2008,114,2008-12-01,1,12,2008
12/2/2008,104,2008-12-02,2,12,2008
12/3/2008,100,2008-12-03,3,12,2008
12/4/2008,78,2008-12-04,4,12,2008
12/5/2008,98,2008-12-05,5,12,2008
12/6/2008,21,2008-12-06,6,12,2008
12/7/2008,14,2008-12-07,7,12,2008
12/8/2008,91,2008-12-08,8,12,2008
12/9/2008,98,2008-12-09,9,12,2008
12/10/2008,107,2008-12-10,10,12,2008
12/11/2008,83,2008-12-11,11,12,2008
12/12/2008,91,2008-12-12,12,12,2008
12/13/2008,21,2008-12-13,13,12,2008
12/14/2008,13,2008-12-14,14,12,2008
12/15/2008,107,2008-12-15,15,12,2008
12/16/2008,86,2008-12-16,16,12,2008
12/17/2008,104,2008-12-17,17,12,2008
12/18/2008,114,2008-12-18,18,12,2008
12/19/2008,98,2008-12-19,19,12,2008
12/20/2008,30,2008-12-20,20,12,2008
12/21/2008,24,2008-12-21,21,12,2008
12/22/2008,134,2008-12-22,22,12,2008
12/23/2008,88,2008-12-23,23,12,2008
12/24/2008,41,2008-12-24,24,12,2008
12/25/2008,12,2008-12-25,25,12,2008
12/26/2008,32,2008-12-26,26,12,2008
12/27/2008,18,2008-12-27,27,12,2008
12/28/2008,28,2008-12-28,28,12,2008
12/29/2008,141,2008-12-29,29,12,2008
12/30/2008,107,2008-12-30,30,12,2008
12/31/2008,52,2008-12-31,31,12,2008
1/1/2009,21,2009-01-01,1,1,2009
1/2/2009,37,2009-01-02,2,1,2009
1/3/2009,24,2009-01-03,3,1,2009
1/4/2009,15,2009-01-04,4,1,2009
1/5/2009,186,2009-01-05,5,1,2009
1/6/2009,127,2009-01-06,6,1,2009
1/7/2009,137,2009-01-07,7,1,2009
1/8/2009,155,2009-01-08,8,1,2009
1/9/2009,148,2009-01-09,9,1,2009
1/10/2009,28,2009-01-10,10,1,2009
1/11/2009,31,2009-01-11,11,1,2009
1/12/2009,202,2009-01-12,12,1,2009
1/13/2009,165,2009-01-13,13,1,2009
1/14/2009,182,2009-01-14,14,1,2009
1/15/2009,160,2009-01-15,15,1,2009
1/16/2009,141,2009-01-16,16,1,2009
1/17/2009,17,2009-01-17,17,1,2009
1/18/2009,22,2009-01-18,18,1,2009
1/19/2009,223,2009-01-19,19,1,2009
1/20/2009,189,2009-01-20,20,1,2009
1/21/2009,189,2009-01-21,21,1,2009
1/22/2009,171,2009-01-22,22,1,2009
1/23/2009,168,2009-01-23,23,1,2009
1/24/2009,39,2009-01-24,24,1,2009
1/25/2009,33,2009-01-25,25,1,2009
1/26/2009,234,2009-01-26,26,1,2009
1/27/2009,161,2009-01-27,27,1,2009
1/28/2009,185,2009-01-28,28,1,2009
1/29/2009,192,2009-01-29,29,1,2009
1/30/2009,187,2009-01-30,30,1,2009
1/31/2009,37,2009-01-31,31,1,2009
2/1/2009,45,2009-02-01,1,2,2009
2/2/2009,269,2009-02-02,2,2,2009
2/3/2009,235,2009-02-03,3,2,2009
2/4/2009,243,2009-02-04,4,2,2009
2/5/2009,213,2009-02-05,5,2,2009
2/6/2009,233,2009-02-06,6,2,2009
2/7/2009,55,2009-02-07,7,2,2009
2/8/2009,36,2009-02-08,8,2,2009
2/9/2009,287,2009-02-09,9,2,2009
2/10/2009,207,2009-02-10,10,2,2009
2/11/2009,233,2009-02-11,11,2,2009
2/12/2009,226,2009-02-12,12,2,2009
2/13/2009,215,2009-02-13,13,2,2009
2/14/2009,45,2009-02-14,14,2,2009
2/15/2009,57,2009-02-15,15,2,2009
2/16/2009,328,2009-02-16,16,2,2009
2/17/2009,246,2009-02-17,17,2,2009
2/18/2009,267,2009-02-18,18,2,2009
2/19/2009,289,2009-02-19,19,2,2009
2/20/2009,260,2009-02-20,20,2,2009
2/21/2009,54,2009-02-21,21,2,2009
2/22/2009,53,2009-02-22,22,2,2009
2/23/2009,84,2009-02-23,23,2,2009
2/24/2009,65,2009-02-24,24,2,2009
2/25/2009,201,2009-02-25,25,2,2009
2/26/2009,349,2009-02-26,26,2,2009
2/27/2009,321,2009-02-27,27,2,2009
2/28/2009,69,2009-02-28,28,2,2009
3/1/2009,56,2009-03-01,1,3,2009
3/2/2009,433,2009-03-02,2,3,2009
3/3/2009,346,2009-03-03,3,3,2009
3/4/2009,351,2009-03-04,4,3,2009
3/5/2009,321,2009-03-05,5,3,2009
3/6/2009,270,2009-03-06,6,3,2009
3/7/2009,64,2009-03-07,7,3,2009
3/8/2009,49,2009-03-08,8,3,2009
3/9/2009,439,2009-03-09,9,3,2009
3/10/2009,350,2009-03-10,10,3,2009
3/11/2009,295,2009-03-11,11,3,2009
3/12/2009,337,2009-03-12,12,3,2009
3/13/2009,357,2009-03-13,13,3,2009
3/14/2009,73,2009-03-14,14,3,2009
3/15/2009,82,2009-03-15,15,3,2009
3/16/2009,439,2009-03-16,16,3,2009
3/17/2009,419,2009-03-17,17,3,2009
3/18/2009,397,2009-03-18,18,3,2009
3/19/2009,413,2009-03-19,19,3,2009
3/20/2009,369,2009-03-20,20,3,2009
3/21/2009,69,2009-03-21,21,3,2009
3/22/2009,60,2009-03-22,22,3,2009
3/23/2009,444,2009-03-23,23,3,2009
3/24/2009,386,2009-03-24,24,3,2009
3/25/2009,409,2009-03-25,25,3,2009
3/26/2009,424,2009-03-26,26,3,2009
3/27/2009,384,2009-03-27,27,3,2009
3/28/2009,75,2009-03-28,28,3,2009
3/29/2009,80,2009-03-29,29,3,2009
3/30/2009,498,2009-03-30,30,3,2009
3/31/2009,461,2009-03-31,31,3,2009
4/1/2009,434,2009-04-01,1,4,2009
4/2/2009,464,2009-04-02,2,4,2009
4/3/2009,375,2009-04-03,3,4,2009
4/4/2009,86,2009-04-04,4,4,2009
4/5/2009,104,2009-04-05,5,4,2009
4/6/2009,612,2009-04-06,6,4,2009
4/7/2009,451,2009-04-07,7,4,2009
4/8/2009,419,2009-04-08,8,4,2009
4/9/2009,331,2009-04-09,9,4,2009
4/10/2009,72,2009-04-10,10,4,2009
4/11/2009,81,2009-04-11,11,4,2009
4/12/2009,72,2009-04-12,12,4,2009
4/13/2009,500,2009-04-13,13,4,2009
4/14/2009,359,2009-04-14,14,4,2009
4/15/2009,424,2009-04-15,15,4,2009
4/16/2009,403,2009-04-16,16,4,2009
4/17/2009,355,2009-04-17,17,4,2009
4/18/2009,80,2009-04-18,18,4,2009
4/19/2009,79,2009-04-19,19,4,2009
4/20/2009,146,2009-04-20,20,4,2009
4/21/2009,84,2009-04-21,21,4,2009
4/22/2009,490,2009-04-22,22,4,2009
4/23/2009,360,2009-04-23,23,4,2009
4/24/2009,358,2009-04-24,24,4,2009
4/25/2009,75,2009-04-25,25,4,2009
4/26/2009,51,2009-04-26,26,4,2009
4/27/2009,420,2009-04-27,27,4,2009
4/28/2009,308,2009-04-28,28,4,2009
4/29/2009,302,2009-04-29,29,4,2009
4/30/2009,260,2009-04-30,30,4,2009
5/1/2009,71,2009-05-01,1,5,2009
5/2/2009,56,2009-05-02,2,5,2009
5/3/2009,60,2009-05-03,3,5,2009
5/4/2009,281,2009-05-04,4,5,2009
5/5/2009,247,2009-05-05,5,5,2009
5/6/2009,207,2009-05-06,6,5,2009
5/7/2009,206,2009-05-07,7,5,2009
5/8/2009,197,2009-05-08,8,5,2009
5/9/2009,62,2009-05-09,9,5,2009
5/10/2009,55,2009-05-10,10,5,2009
5/11/2009,259,2009-05-11,11,5,2009
5/12/2009,288,2009-05-12,12,5,2009
5/13/2009,255,2009-05-13,13,5,2009
5/14/2009,248,2009-05-14,14,5,2009
5/15/2009,169,2009-05-15,15,5,2009
5/16/2009,71,2009-05-16,16,5,2009
5/17/2009,45,2009-05-17,17,5,2009
5/18/2009,222,2009-05-18,18,5,2009
5/19/2009,228,2009-05-19,19,5,2009
5/20/2009,188,2009-05-20,20,5,2009
5/21/2009,189,2009-05-21,21,5,2009
5/22/2009,180,2009-05-22,22,5,2009
5/23/2009,80,2009-05-23,23,5,2009
5/24/2009,50,2009-05-24,24,5,2009
5/25/2009,229,2009-05-25,25,5,2009
5/26/2009,203,2009-05-26,26,5,2009
5/27/2009,207,2009-05-27,27,5,2009
5/28/2009,175,2009-05-28,28,5,2009
5/29/2009,154,2009-05-29,29,5,2009
5/30/2009,85,2009-05-30,30,5,2009
5/31/2009,53,2009-05-31,31,5,2009
6/1/2009,170,2009-06-01,1,6,2009
6/2/2009,104,2009-06-02,2,6,2009
6/3/2009,95,2009-06-03,3,6,2009
6/4/2009,118,2009-06-04,4,6,2009
6/5/2009,111,2009-06-05,5,6,2009
6/6/2009,39,2009-06-06,6,6,2009
6/7/2009,35,2009-06-07,7,6,2009
6/8/2009,141,2009-06-08,8,6,2009
6/9/2009,142,2009-06-09,9,6,2009
6/10/2009,94,2009-06-10,10,6,2009
6/11/2009,29,2009-06-11,11,6,2009
6/12/2009,33,2009-06-12,12,6,2009
6/13/2009,17,2009-06-13,13,6,2009
6/14/2009,18,2009-06-14,14,6,2009
6/15/2009,112,2009-06-15,15,6,2009
6/16/2009,99,2009-06-16,16,6,2009
6/17/2009,113,2009-06-17,17,6,2009
6/18/2009,81,2009-06-18,18,6,2009
6/19/2009,64,2009-06-19,19,6,2009
6/20/2009,22,2009-06-20,20,6,2009
6/21/2009,30,2009-06-21,21,6,2009
6/22/2009,108,2009-06-22,22,6,2009
6/23/2009,103,2009-06-23,23,6,2009
6/24/2009,87,2009-06-24,24,6,2009
6/25/2009,81,2009-06-25,25,6,2009
6/26/2009,75,2009-06-26,26,6,2009
6/27/2009,16,2009-06-27,27,6,2009
6/28/2009,15,2009-06-28,28,6,2009
6/29/2009,148,2009-06-29,29,6,2009
6/30/2009,91,2009-06-30,30,6,2009
7/1/2009,111,2009-07-01,1,7,2009
7/2/2009,95,2009-07-02,2,7,2009
7/3/2009,73,2009-07-03,3,7,2009
7/4/2009,24,2009-07-04,4,7,2009
7/5/2009,21,2009-07-05,5,7,2009
7/6/2009,102,2009-07-06,6,7,2009
7/7/2009,94,2009-07-07,7,7,2009
7/8/2009,82,2009-07-08,8,7,2009
7/9/2009,22,2009-07-09,9,7,2009
7/10/2009,35,2009-07-10,10,7,2009
7/11/2009,22,2009-07-11,11,7,2009
7/12/2009,12,2009-07-12,12,7,2009
7/13/2009,77,2009-07-13,13,7,2009
7/14/2009,65,2009-07-14,14,7,2009
7/15/2009,79,2009-07-15,15,7,2009
7/16/2009,70,2009-07-16,16,7,2009
7/17/2009,76,2009-07-17,17,7,2009
7/18/2009,10,2009-07-18,18,7,2009
7/19/2009,17,2009-07-19,19,7,2009
7/20/2009,72,2009-07-20,20,7,2009
7/21/2009,80,2009-07-21,21,7,2009
7/22/2009,61,2009-07-22,22,7,2009
7/23/2009,60,2009-07-23,23,7,2009
7/24/2009,44,2009-07-24,24,7,2009
7/25/2009,12,2009-07-25,25,7,2009
7/26/2009,3,2009-07-26,26,7,2009
7/27/2009,52,2009-07-27,27,7,2009
7/28/2009,80,2009-07-28,28,7,2009
7/29/2009,48,2009-07-29,29,7,2009
7/30/2009,40,2009-07-30,30,7,2009
7/31/2009,44,2009-07-31,31,7,2009
8/1/2009,4,2009-08-01,1,8,2009
8/2/2009,14,2009-08-02,2,8,2009
8/3/2009,58,2009-08-03,3,8,2009
8/4/2009,44,2009-08-04,4,8,2009
8/5/2009,57,2009-08-05,5,8,2009
8/6/2009,45,2009-08-06,6,8,2009
8/7/2009,34,2009-08-07,7,8,2009
8/8/2009,11,2009-08-08,8,8,2009
8/9/2009,3,2009-08-09,9,8,2009
8/10/2009,48,2009-08-10,10,8,2009
8/11/2009,32,2009-08-11,11,8,2009
8/12/2009,34,2009-08-12,12,8,2009
8/13/2009,21,2009-08-13,13,8,2009
8/14/2009,25,2009-08-14,14,8,2009
8/15/2009,13,2009-08-15,15,8,2009
8/16/2009,7,2009-08-16,16,8,2009
8/17/2009,41,2009-08-17,17,8,2009
8/18/2009,37,2009-08-18,18,8,2009
8/19/2009,33,2009-08-19,19,8,2009
8/20/2009,26,2009-08-20,20,8,2009
8/21/2009,22,2009-08-21,21,8,2009
8/22/2009,7,2009-08-22,22,8,2009
8/23/2009,4,2009-08-23,23,8,2009
8/24/2009,25,2009-08-24,24,8,2009
8/25/2009,23,2009-08-25,25,8,2009
8/26/2009,25,2009-08-26,26,8,2009
8/27/2009,24,2009-08-27,27,8,2009
8/28/2009,32,2009-08-28,28,8,2009
8/29/2009,7,2009-08-29,29,8,2009
8/30/2009,7,2009-08-30,30,8,2009
8/31/2009,49,2009-08-31,31,8,2009
9/1/2009,37,2009-09-01,1,9,2009
9/2/2009,37,2009-09-02,2,9,2009
9/3/2009,36,2009-09-03,3,9,2009
9/4/2009,28,2009-09-04,4,9,2009
9/5/2009,7,2009-09-05,5,9,2009
9/6/2009,2,2009-09-06,6,9,2009
9/7/2009,11,2009-09-07,7,9,2009
9/8/2009,32,2009-09-08,8,9,2009
9/9/2009,31,2009-09-09,9,9,2009
9/10/2009,34,2009-09-10,10,9,2009
9/11/2009,31,2009-09-11,11,9,2009
9/12/2009,10,2009-09-12,12,9,2009
9/13/2009,3,2009-09-13,13,9,2009
9/14/2009,43,2009-09-14,14,9,2009
9/15/2009,50,2009-09-15,15,9,2009
9/16/2009,43,2009-09-16,16,9,2009
9/17/2009,37,2009-09-17,17,9,2009
9/18/2009,31,2009-09-18,18,9,2009
9/19/2009,10,2009-09-19,19,9,2009
9/20/2009,8,2009-09-20,20,9,2009
9/21/2009,34,2009-09-21,21,9,2009
9/22/2009,26,2009-09-22,22,9,2009
9/23/2009,33,2009-09-23,23,9,2009
9/24/2009,37,2009-09-24,24,9,2009
9/25/2009,33,2009-09-25,25,9,2009
9/26/2009,10,2009-09-26,26,9,2009
9/27/2009,7,2009-09-27,27,9,2009
9/28/2009,48,2009-09-28,28,9,2009
9/29/2009,46,2009-09-29,29,9,2009
9/30/2009,55,2009-09-30,30,9,2009
10/1/2009,37,2009-10-01,1,10,2009
10/2/2009,38,2009-10-02,2,10,2009
10/3/2009,3,2009-10-03,3,10,2009
10/4/2009,9,2009-10-04,4,10,2009
10/5/2009,60,2009-10-05,5,10,2009
10/6/2009,40,2009-10-06,6,10,2009
10/7/2009,36,2009-10-07,7,10,2009
10/8/2009,37,2009-10-08,8,10,2009
10/9/2009,46,2009-10-09,9,10,2009
10/10/2009,19,2009-10-10,10,10,2009
10/11/2009,4,2009-10-11,11,10,2009
10/12/2009,10,2009-10-12,12,10,2009
10/13/2009,46,2009-10-13,13,10,2009
10/14/2009,37,2009-10-14,14,10,2009
10/15/2009,54,2009-10-15,15,10,2009
10/16/2009,36,2009-10-16,16,10,2009
10/17/2009,8,2009-10-17,17,10,2009
10/18/2009,10,2009-10-18,18,10,2009
10/19/2009,42,2009-10-19,19,10,2009
10/20/2009,36,2009-10-20,20,10,2009
10/21/2009,34,2009-10-21,21,10,2009
10/22/2009,51,2009-10-22,22,10,2009
10/23/2009,29,2009-10-23,23,10,2009
10/24/2009,9,2009-10-24,24,10,2009
10/25/2009,9,2009-10-25,25,10,2009
10/26/2009,26,2009-10-26,26,10,2009
10/27/2009,49,2009-10-27,27,10,2009
10/28/2009,46,2009-10-28,28,10,2009
10/29/2009,28,2009-10-29,29,10,2009
10/30/2009,22,2009-10-30,30,10,2009
10/31/2009,3,2009-10-31,31,10,2009
11/1/2009,11,2009-11-01,1,11,2009
11/2/2009,4,2009-11-02,2,11,2009
11/3/2009,62,2009-11-03,3,11,2009
11/4/2009,52,2009-11-04,4,11,2009
11/5/2009,59,2009-11-05,5,11,2009
11/6/2009,44,2009-11-06,6,11,2009
11/7/2009,15,2009-11-07,7,11,2009
11/8/2009,11,2009-11-08,8,11,2009
11/9/2009,60,2009-11-09,9,11,2009
11/10/2009,46,2009-11-10,10,11,2009
11/11/2009,46,2009-11-11,11,11,2009
11/12/2009,49,2009-11-12,12,11,2009
11/13/2009,57,2009-11-13,13,11,2009
11/14/2009,13,2009-11-14,14,11,2009
11/15/2009,8,2009-11-15,15,11,2009
11/16/2009,79,2009-11-16,16,11,2009
11/17/2009,72,2009-11-17,17,11,2009
11/18/2009,65,2009-11-18,18,11,2009
11/19/2009,59,2009-11-19,19,11,2009
11/20/2009,32,2009-11-20,20,11,2009
11/21/2009,6,2009-11-21,21,11,2009
11/22/2009,23,2009-11-22,22,11,2009
11/23/2009,85,2009-11-23,23,11,2009
11/24/2009,120,2009-11-24,24,11,2009
11/25/2009,98,2009-11-25,25,11,2009
11/26/2009,108,2009-11-26,26,11,2009
11/27/2009,101,2009-11-27,27,11,2009
11/28/2009,12,2009-11-28,28,11,2009
11/29/2009,26,2009-11-29,29,11,2009
11/30/2009,127,2009-11-30,30,11,2009
12/1/2009,109,2009-12-01,1,12,2009
12/2/2009,117,2009-12-02,2,12,2009
12/3/2009,116,2009-12-03,3,12,2009
12/4/2009,115,2009-12-04,4,12,2009
12/5/2009,23,2009-12-05,5,12,2009
12/6/2009,25,2009-12-06,6,12,2009
12/7/2009,145,2009-12-07,7,12,2009
12/8/2009,123,2009-12-08,8,12,2009
12/9/2009,141,2009-12-09,9,12,2009
12/10/2009,144,2009-12-10,10,12,2009
12/11/2009,159,2009-12-11,11,12,2009
12/12/2009,31,2009-12-12,12,12,2009
12/13/2009,43,2009-12-13,13,12,2009
12/14/2009,225,2009-12-14,14,12,2009
12/15/2009,191,2009-12-15,15,12,2009
12/16/2009,226,2009-12-16,16,12,2009
12/17/2009,185,2009-12-17,17,12,2009
12/18/2009,163,2009-12-18,18,12,2009
12/19/2009,37,2009-12-19,19,12,2009
12/20/2009,30,2009-12-20,20,12,2009
12/21/2009,235,2009-12-21,21,12,2009
12/22/2009,189,2009-12-22,22,12,2009
12/23/2009,201,2009-12-23,23,12,2009
12/24/2009,54,2009-12-24,24,12,2009
12/25/2009,64,2009-12-25,25,12,2009
12/26/2009,73,2009-12-26,26,12,2009
12/27/2009,95,2009-12-27,27,12,2009
12/28/2009,373,2009-12-28,28,12,2009
12/29/2009,283,2009-12-29,29,12,2009
12/30/2009,211,2009-12-30,30,12,2009
12/31/2009,70,2009-12-31,31,12,2009
1/1/2010,102,2010-01-01,1,1,2010
1/2/2010,113,2010-01-02,2,1,2010
1/3/2010,116,2010-01-03,3,1,2010
1/4/2010,566,2010-01-04,4,1,2010
1/5/2010,440,2010-01-05,5,1,2010
1/6/2010,471,2010-01-06,6,1,2010
1/7/2010,456,2010-01-07,7,1,2010
1/8/2010,429,2010-01-08,8,1,2010
1/9/2010,160,2010-01-09,9,1,2010
1/10/2010,161,2010-01-10,10,1,2010
1/11/2010,651,2010-01-11,11,1,2010
1/12/2010,563,2010-01-12,12,1,2010
1/13/2010,579,2010-01-13,13,1,2010
1/14/2010,600,2010-01-14,14,1,2010
1/15/2010,559,2010-01-15,15,1,2010
1/16/2010,213,2010-01-16,16,1,2010
1/17/2010,187,2010-01-17,17,1,2010
1/18/2010,948,2010-01-18,18,1,2010
1/19/2010,705,2010-01-19,19,1,2010
1/20/2010,765,2010-01-20,20,1,2010
1/21/2010,772,2010-01-21,21,1,2010
1/22/2010,723,2010-01-22,22,1,2010
1/23/2010,306,2010-01-23,23,1,2010
1/24/2010,244,2010-01-24,24,1,2010
1/25/2010,1065,2010-01-25,25,1,2010
1/26/2010,931,2010-01-26,26,1,2010
1/27/2010,910,2010-01-27,27,1,2010
1/28/2010,913,2010-01-28,28,1,2010
1/29/2010,884,2010-01-29,29,1,2010
1/30/2010,384,2010-01-30,30,1,2010
1/31/2010,373,2010-01-31,31,1,2010
2/1/2010,1454,2010-02-01,1,2,2010
2/2/2010,1354,2010-02-02,2,2,2010
2/3/2010,1419,2010-02-03,3,2,2010
2/4/2010,1290,2010-02-04,4,2,2010
2/5/2010,1259,2010-02-05,5,2,2010
2/6/2010,449,2010-02-06,6,2,2010
2/7/2010,470,2010-02-07,7,2,2010
2/8/2010,1756,2010-02-08,8,2,2010
2/9/2010,1577,2010-02-09,9,2,2010
2/10/2010,1626,2010-02-10,10,2,2010
2/11/2010,1586,2010-02-11,11,2,2010
2/12/2010,1647,2010-02-12,12,2,2010
2/13/2010,736,2010-02-13,13,2,2010
2/14/2010,642,2010-02-14,14,2,2010
2/15/2010,1165,2010-02-15,15,2,2010
2/16/2010,865,2010-02-16,16,2,2010
2/17/2010,2136,2010-02-17,17,2,2010
2/18/2010,2538,2010-02-18,18,2,2010
2/19/2010,2491,2010-02-19,19,2,2010
2/20/2010,1062,2010-02-20,20,2,2010
2/21/2010,931,2010-02-21,21,2,2010
2/22/2010,3246,2010-02-22,22,2,2010
2/23/2010,2940,2010-02-23,23,2,2010
2/24/2010,2956,2010-02-24,24,2,2010
2/25/2010,2850,2010-02-25,25,2,2010
2/26/2010,2810,2010-02-26,26,2,2010
2/27/2010,1150,2010-02-27,27,2,2010
2/28/2010,1043,2010-02-28,28,2,2010
3/1/2010,3460,2010-03-01,1,3,2010
3/2/2010,2763,2010-03-02,2,3,2010
3/3/2010,2874,2010-03-03,3,3,2010
3/4/2010,3052,2010-03-04,4,3,2010
3/5/2010,2782,2010-03-05,5,3,2010
3/6/2010,1129,2010-03-06,6,3,2010
3/7/2010,1145,2010-03-07,7,3,2010
3/8/2010,3713,2010-03-08,8,3,2010
3/9/2010,3225,2010-03-09,9,3,2010
3/10/2010,3069,2010-03-10,10,3,2010
3/11/2010,2971,2010-03-11,11,3,2010
3/12/2010,2825,2010-03-12,12,3,2010
3/13/2010,1180,2010-03-13,13,3,2010
3/14/2010,1057,2010-03-14,14,3,2010
3/15/2010,3567,2010-03-15,15,3,2010
3/16/2010,3123,2010-03-16,16,3,2010
3/17/2010,3239,2010-03-17,17,3,2010
3/18/2010,3243,2010-03-18,18,3,2010
3/19/2010,2909,2010-03-19,19,3,2010
3/20/2010,1288,2010-03-20,20,3,2010
3/21/2010,1177,2010-03-21,21,3,2010
3/22/2010,4179,2010-03-22,22,3,2010
3/23/2010,3493,2010-03-23,23,3,2010
3/24/2010,3572,2010-03-24,24,3,2010
3/25/2010,3189,2010-03-25,25,3,2010
3/26/2010,3152,2010-03-26,26,3,2010
3/27/2010,1260,2010-03-27,27,3,2010
3/28/2010,1319,2010-03-28,28,3,2010
3/29/2010,4324,2010-03-29,29,3,2010
3/30/2010,3562,2010-03-30,30,3,2010
3/31/2010,3549,2010-03-31,31,3,2010
4/1/2010,2461,2010-04-01,1,4,2010
4/2/2010,1134,2010-04-02,2,4,2010
4/3/2010,1354,2010-04-03,3,4,2010
4/4/2010,1088,2010-04-04,4,4,2010
4/5/2010,4525,2010-04-05,5,4,2010
4/6/2010,3058,2010-04-06,6,4,2010
4/7/2010,2809,2010-04-07,7,4,2010
4/8/2010,2916,2010-04-08,8,4,2010
4/9/2010,2726,2010-04-09,9,4,2010
4/10/2010,1183,2010-04-10,10,4,2010
4/11/2010,985,2010-04-11,11,4,2010
4/12/2010,4061,2010-04-12,12,4,2010
4/13/2010,3167,2010-04-13,13,4,2010
4/14/2010,2988,2010-04-14,14,4,2010
4/15/2010,2987,2010-04-15,15,4,2010
4/16/2010,2713,2010-04-16,16,4,2010
4/17/2010,976,2010-04-17,17,4,2010
4/18/2010,818,2010-04-18,18,4,2010
4/19/2010,3162,2010-04-19,19,4,2010
4/20/2010,2593,2010-04-20,20,4,2010
4/21/2010,1068,2010-04-21,21,4,2010
4/22/2010,2836,2010-04-22,22,4,2010
4/23/2010,2611,2010-04-23,23,4,2010
4/24/2010,998,2010-04-24,24,4,2010
4/25/2010,887,2010-04-25,25,4,2010
4/26/2010,3383,2010-04-26,26,4,2010
4/27/2010,2608,2010-04-27,27,4,2010
4/28/2010,2860,2010-04-28,28,4,2010
4/29/2010,2584,2010-04-29,29,4,2010
4/30/2010,2320,2010-04-30,30,4,2010
5/1/2010,826,2010-05-01,1,5,2010
5/2/2010,822,2010-05-02,2,5,2010
5/3/2010,3385,2010-05-03,3,5,2010
5/4/2010,2828,2010-05-04,4,5,2010
5/5/2010,2966,2010-05-05,5,5,2010
5/6/2010,2841,2010-05-06,6,5,2010
5/7/2010,2354,2010-05-07,7,5,2010
5/8/2010,797,2010-05-08,8,5,2010
5/9/2010,559,2010-05-09,9,5,2010
5/10/2010,2812,2010-05-10,10,5,2010
5/11/2010,2116,2010-05-11,11,5,2010
5/12/2010,1873,2010-05-12,12,5,2010
5/13/2010,1711,2010-05-13,13,5,2010
5/14/2010,1618,2010-05-14,14,5,2010
5/15/2010,598,2010-05-15,15,5,2010
5/16/2010,548,2010-05-16,16,5,2010
5/17/2010,2508,2010-05-17,17,5,2010
5/18/2010,1771,2010-05-18,18,5,2010
5/19/2010,1563,2010-05-19,19,5,2010
5/20/2010,1330,2010-05-20,20,5,2010
5/21/2010,1052,2010-05-21,21,5,2010
5/22/2010,411,2010-05-22,22,5,2010
5/23/2010,340,2010-05-23,23,5,2010
5/24/2010,1619,2010-05-24,24,5,2010
5/25/2010,1250,2010-05-25,25,5,2010
5/26/2010,1251,2010-05-26,26,5,2010
5/27/2010,1012,2010-05-27,27,5,2010
5/28/2010,963,2010-05-28,28,5,2010
5/29/2010,331,2010-05-29,29,5,2010
5/30/2010,342,2010-05-30,30,5,2010
5/31/2010,1047,2010-05-31,31,5,2010
6/1/2010,794,2010-06-01,1,6,2010
6/2/2010,676,2010-06-02,2,6,2010
6/3/2010,297,2010-06-03,3,6,2010
6/4/2010,422,2010-06-04,4,6,2010
6/5/2010,241,2010-06-05,5,6,2010
6/6/2010,212,2010-06-06,6,6,2010
6/7/2010,933,2010-06-07,7,6,2010
6/8/2010,632,2010-06-08,8,6,2010
6/9/2010,679,2010-06-09,9,6,2010
6/10/2010,587,2010-06-10,10,6,2010
6/11/2010,424,2010-06-11,11,6,2010
6/12/2010,125,2010-06-12,12,6,2010
6/13/2010,113,2010-06-13,13,6,2010
6/14/2010,544,2010-06-14,14,6,2010
6/15/2010,380,2010-06-15,15,6,2010
6/16/2010,455,2010-06-16,16,6,2010
6/17/2010,385,2010-06-17,17,6,2010
6/18/2010,382,2010-06-18,18,6,2010
6/19/2010,118,2010-06-19,19,6,2010
6/20/2010,88,2010-06-20,20,6,2010
6/21/2010,461,2010-06-21,21,6,2010
6/22/2010,389,2010-06-22,22,6,2010
6/23/2010,354,2010-06-23,23,6,2010
6/24/2010,355,2010-06-24,24,6,2010
6/25/2010,250,2010-06-25,25,6,2010
6/26/2010,109,2010-06-26,26,6,2010
6/27/2010,77,2010-06-27,27,6,2010
6/28/2010,278,2010-06-28,28,6,2010
6/29/2010,299,2010-06-29,29,6,2010
6/30/2010,349,2010-06-30,30,6,2010
7/1/2010,275,2010-07-01,1,7,2010
7/2/2010,166,2010-07-02,2,7,2010
7/3/2010,80,2010-07-03,3,7,2010
7/4/2010,73,2010-07-04,4,7,2010
7/5/2010,331,2010-07-05,5,7,2010
7/6/2010,255,2010-07-06,6,7,2010
7/7/2010,251,2010-07-07,7,7,2010
7/8/2010,224,2010-07-08,8,7,2010
7/9/2010,63,2010-07-09,9,7,2010
7/10/2010,56,2010-07-10,10,7,2010
7/11/2010,59,2010-07-11,11,7,2010
7/12/2010,342,2010-07-12,12,7,2010
7/13/2010,181,2010-07-13,13,7,2010
7/14/2010,206,2010-07-14,14,7,2010
7/15/2010,185,2010-07-15,15,7,2010
7/16/2010,176,2010-07-16,16,7,2010
7/17/2010,67,2010-07-17,17,7,2010
7/18/2010,50,2010-07-18,18,7,2010
7/19/2010,258,2010-07-19,19,7,2010
7/20/2010,225,2010-07-20,20,7,2010
7/21/2010,222,2010-07-21,21,7,2010
7/22/2010,207,2010-07-22,22,7,2010
7/23/2010,228,2010-07-23,23,7,2010
7/24/2010,50,2010-07-24,24,7,2010
7/25/2010,39,2010-07-25,25,7,2010
7/26/2010,254,2010-07-26,26,7,2010
7/27/2010,191,2010-07-27,27,7,2010
7/28/2010,198,2010-07-28,28,7,2010
7/29/2010,220,2010-07-29,29,7,2010
7/30/2010,198,2010-07-30,30,7,2010
7/31/2010,49,2010-07-31,31,7,2010
8/1/2010,65,2010-08-01,1,8,2010
8/2/2010,233,2010-08-02,2,8,2010
8/3/2010,187,2010-08-03,3,8,2010
8/4/2010,187,2010-08-04,4,8,2010
8/5/2010,144,2010-08-05,5,8,2010
8/6/2010,127,2010-08-06,6,8,2010
8/7/2010,37,2010-08-07,7,8,2010
8/8/2010,34,2010-08-08,8,8,2010
8/9/2010,194,2010-08-09,9,8,2010
8/10/2010,182,2010-08-10,10,8,2010
8/11/2010,166,2010-08-11,11,8,2010
8/12/2010,169,2010-08-12,12,8,2010
8/13/2010,154,2010-08-13,13,8,2010
8/14/2010,51,2010-08-14,14,8,2010
8/15/2010,30,2010-08-15,15,8,2010
8/16/2010,170,2010-08-16,16,8,2010
8/17/2010,126,2010-08-17,17,8,2010
8/18/2010,141,2010-08-18,18,8,2010
8/19/2010,127,2010-08-19,19,8,2010
8/20/2010,125,2010-08-20,20,8,2010
8/21/2010,38,2010-08-21,21,8,2010
8/22/2010,48,2010-08-22,22,8,2010
8/23/2010,197,2010-08-23,23,8,2010
8/24/2010,160,2010-08-24,24,8,2010
8/25/2010,165,2010-08-25,25,8,2010
8/26/2010,167,2010-08-26,26,8,2010
8/27/2010,181,2010-08-27,27,8,2010
8/28/2010,66,2010-08-28,28,8,2010
8/29/2010,53,2010-08-29,29,8,2010
8/30/2010,258,2010-08-30,30,8,2010
8/31/2010,209,2010-08-31,31,8,2010
9/1/2010,174,2010-09-01,1,9,2010
9/2/2010,210,2010-09-02,2,9,2010
9/3/2010,192,2010-09-03,3,9,2010
9/4/2010,57,2010-09-04,4,9,2010
9/5/2010,62,2010-09-05,5,9,2010
9/6/2010,123,2010-09-06,6,9,2010
9/7/2010,57,2010-09-07,7,9,2010
9/8/2010,219,2010-09-08,8,9,2010
9/9/2010,223,2010-09-09,9,9,2010
9/10/2010,204,2010-09-10,10,9,2010
9/11/2010,49,2010-09-11,11,9,2010
9/12/2010,70,2010-09-12,12,9,2010
9/13/2010,264,2010-09-13,13,9,2010
9/14/2010,211,2010-09-14,14,9,2010
9/15/2010,210,2010-09-15,15,9,2010
9/16/2010,247,2010-09-16,16,9,2010
9/17/2010,226,2010-09-17,17,9,2010
9/18/2010,46,2010-09-18,18,9,2010
9/19/2010,70,2010-09-19,19,9,2010
9/20/2010,292,2010-09-20,20,9,2010
9/21/2010,218,2010-09-21,21,9,2010
9/22/2010,220,2010-09-22,22,9,2010
9/23/2010,246,2010-09-23,23,9,2010
9/24/2010,182,2010-09-24,24,9,2010
9/25/2010,66,2010-09-25,25,9,2010
9/26/2010,40,2010-09-26,26,9,2010
9/27/2010,213,2010-09-27,27,9,2010
9/28/2010,145,2010-09-28,28,9,2010
9/29/2010,170,2010-09-29,29,9,2010
9/30/2010,150,2010-09-30,30,9,2010
10/1/2010,138,2010-10-01,1,10,2010
10/2/2010,46,2010-10-02,2,10,2010
10/3/2010,45,2010-10-03,3,10,2010
10/4/2010,171,2010-10-04,4,10,2010
10/5/2010,180,2010-10-05,5,10,2010
10/6/2010,162,2010-10-06,6,10,2010
10/7/2010,162,2010-10-07,7,10,2010
10/8/2010,131,2010-10-08,8,10,2010
10/9/2010,48,2010-10-09,9,10,2010
10/10/2010,40,2010-10-10,10,10,2010
10/11/2010,79,2010-10-11,11,10,2010
10/12/2010,41,2010-10-12,12,10,2010
10/13/2010,210,2010-10-13,13,10,2010
10/14/2010,172,2010-10-14,14,10,2010
10/15/2010,131,2010-10-15,15,10,2010
10/16/2010,112,2010-10-16,16,10,2010
10/17/2010,43,2010-10-17,17,10,2010
10/18/2010,206,2010-10-18,18,10,2010
10/19/2010,174,2010-10-19,19,10,2010
10/20/2010,191,2010-10-20,20,10,2010
10/21/2010,168,2010-10-21,21,10,2010
10/22/2010,159,2010-10-22,22,10,2010
10/23/2010,81,2010-10-23,23,10,2010
10/24/2010,50,2010-10-24,24,10,2010
10/25/2010,207,2010-10-25,25,10,2010
10/26/2010,258,2010-10-26,26,10,2010
10/27/2010,182,2010-10-27,27,10,2010
10/28/2010,269,2010-10-28,28,10,2010
10/29/2010,202,2010-10-29,29,10,2010
10/30/2010,43,2010-10-30,30,10,2010
10/31/2010,38,2010-10-31,31,10,2010
11/1/2010,100,2010-11-01,1,11,2010
11/2/2010,57,2010-11-02,2,11,2010
11/3/2010,299,2010-11-03,3,11,2010
11/4/2010,272,2010-11-04,4,11,2010
11/5/2010,192,2010-11-05,5,11,2010
11/6/2010,36,2010-11-06,6,11,2010
11/7/2010,44,2010-11-07,7,11,2010
11/8/2010,324,2010-11-08,8,11,2010
11/9/2010,189,2010-11-09,9,11,2010
11/10/2010,280,2010-11-10,10,11,2010
11/11/2010,224,2010-11-11,11,11,2010
11/12/2010,147,2010-11-12,12,11,2010
11/13/2010,41,2010-11-13,13,11,2010
11/14/2010,46,2010-11-14,14,11,2010
11/15/2010,46,2010-11-15,15,11,2010
11/16/2010,281,2010-11-16,16,11,2010
11/17/2010,227,2010-11-17,17,11,2010
11/18/2010,197,2010-11-18,18,11,2010
11/19/2010,272,2010-11-19,19,11,2010
11/20/2010,54,2010-11-20,20,11,2010
11/21/2010,57,2010-11-21,21,11,2010
11/22/2010,315,2010-11-22,22,11,2010
11/23/2010,289,2010-11-23,23,11,2010
11/24/2010,251,2010-11-24,24,11,2010
11/25/2010,233,2010-11-25,25,11,2010
11/26/2010,265,2010-11-26,26,11,2010
11/27/2010,74,2010-11-27,27,11,2010
11/28/2010,40,2010-11-28,28,11,2010
11/29/2010,385,2010-11-29,29,11,2010
11/30/2010,324,2010-11-30,30,11,2010
12/1/2010,253,2010-12-01,1,12,2010
12/2/2010,314,2010-12-02,2,12,2010
12/3/2010,275,2010-12-03,3,12,2010
12/4/2010,78,2010-12-04,4,12,2010
12/5/2010,40,2010-12-05,5,12,2010
12/6/2010,373,2010-12-06,6,12,2010
12/7/2010,347,2010-12-07,7,12,2010
12/8/2010,204,2010-12-08,8,12,2010
12/9/2010,274,2010-12-09,9,12,2010
12/10/2010,313,2010-12-10,10,12,2010
12/11/2010,85,2010-12-11,11,12,2010
12/12/2010,76,2010-12-12,12,12,2010
12/13/2010,402,2010-12-13,13,12,2010
12/14/2010,331,2010-12-14,14,12,2010
12/15/2010,313,2010-12-15,15,12,2010
12/16/2010,310,2010-12-16,16,12,2010
12/17/2010,274,2010-12-17,17,12,2010
12/18/2010,71,2010-12-18,18,12,2010
12/19/2010,86,2010-12-19,19,12,2010
12/20/2010,340,2010-12-20,20,12,2010
12/21/2010,285,2010-12-21,21,12,2010
12/22/2010,272,2010-12-22,22,12,2010
12/23/2010,234,2010-12-23,23,12,2010
12/24/2010,73,2010-12-24,24,12,2010
12/25/2010,52,2010-12-25,25,12,2010
12/26/2010,90,2010-12-26,26,12,2010
12/27/2010,291,2010-12-27,27,12,2010
12/28/2010,350,2010-12-28,28,12,2010
12/29/2010,340,2010-12-29,29,12,2010
12/30/2010,288,2010-12-30,30,12,2010
12/31/2010,90,2010-12-31,31,12,2010
1/2/2011,75,2011-01-02,2,1,2011
1/3/2011,339,2011-01-03,3,1,2011
1/4/2011,384,2011-01-04,4,1,2011
1/5/2011,398,2011-01-05,5,1,2011
1/6/2011,390,2011-01-06,6,1,2011
1/7/2011,379,2011-01-07,7,1,2011
1/8/2011,115,2011-01-08,8,1,2011
1/9/2011,101,2011-01-09,9,1,2011
1/10/2011,471,2011-01-10,10,1,2011
1/11/2011,415,2011-01-11,11,1,2011
1/12/2011,401,2011-01-12,12,1,2011
1/13/2011,472,2011-01-13,13,1,2011
1/14/2011,444,2011-01-14,14,1,2011
1/15/2011,182,2011-01-15,15,1,2011
1/16/2011,147,2011-01-16,16,1,2011
1/17/2011,590,2011-01-17,17,1,2011
1/18/2011,572,2011-01-18,18,1,2011
1/19/2011,534,2011-01-19,19,1,2011
1/20/2011,517,2011-01-20,20,1,2011
1/21/2011,544,2011-01-21,21,1,2011
1/22/2011,205,2011-01-22,22,1,2011
1/23/2011,195,2011-01-23,23,1,2011
1/24/2011,704,2011-01-24,24,1,2011
1/25/2011,629,2011-01-25,25,1,2011
1/26/2011,639,2011-01-26,26,1,2011
1/27/2011,656,2011-01-27,27,1,2011
1/28/2011,671,2011-01-28,28,1,2011
1/29/2011,208,2011-01-29,29,1,2011
1/30/2011,206,2011-01-30,30,1,2011
1/31/2011,827,2011-01-31,31,1,2011
2/1/2011,680,2011-02-01,1,2,2011
2/2/2011,647,2011-02-02,2,2,2011
2/3/2011,614,2011-02-03,3,2,2011
2/4/2011,701,2011-02-04,4,2,2011
2/5/2011,282,2011-02-05,5,2,2011
2/6/2011,245,2011-02-06,6,2,2011
2/7/2011,939,2011-02-07,7,2,2011
2/8/2011,812,2011-02-08,8,2,2011
2/9/2011,868,2011-02-09,9,2,2011
2/10/2011,887,2011-02-10,10,2,2011
2/11/2011,901,2011-02-11,11,2,2011
2/12/2011,316,2011-02-12,12,2,2011
2/13/2011,254,2011-02-13,13,2,2011
2/14/2011,1103,2011-02-14,14,2,2011
2/15/2011,973,2011-02-15,15,2,2011
2/16/2011,1033,2011-02-16,16,2,2011
2/17/2011,957,2011-02-17,17,2,2011
2/18/2011,940,2011-02-18,18,2,2011
2/19/2011,360,2011-02-19,19,2,2011
2/20/2011,303,2011-02-20,20,2,2011
2/21/2011,1383,2011-02-21,21,2,2011
2/22/2011,1109,2011-02-22,22,2,2011
2/23/2011,1325,2011-02-23,23,2,2011
2/24/2011,1253,2011-02-24,24,2,2011
2/25/2011,1246,2011-02-25,25,2,2011
2/26/2011,426,2011-02-26,26,2,2011
2/27/2011,346,2011-02-27,27,2,2011
2/28/2011,1624,2011-02-28,28,2,2011
3/1/2011,1268,2011-03-01,1,3,2011
3/2/2011,1313,2011-03-02,2,3,2011
3/3/2011,1162,2011-03-03,3,3,2011
3/4/2011,1152,2011-03-04,4,3,2011
3/5/2011,350,2011-03-05,5,3,2011
3/6/2011,322,2011-03-06,6,3,2011
3/7/2011,623,2011-03-07,7,3,2011
3/8/2011,435,2011-03-08,8,3,2011
3/9/2011,1350,2011-03-09,9,3,2011
3/10/2011,1746,2011-03-10,10,3,2011
3/11/2011,1483,2011-03-11,11,3,2011
3/12/2011,424,2011-03-12,12,3,2011
3/13/2011,427,2011-03-13,13,3,2011
3/14/2011,1916,2011-03-14,14,3,2011
3/15/2011,1610,2011-03-15,15,3,2011
3/16/2011,1573,2011-03-16,16,3,2011
3/17/2011,1695,2011-03-17,17,3,2011
3/18/2011,1645,2011-03-18,18,3,2011
3/19/2011,567,2011-03-19,19,3,2011
3/20/2011,520,2011-03-20,20,3,2011
3/21/2011,2167,2011-03-21,21,3,2011
3/22/2011,1736,2011-03-22,22,3,2011
3/23/2011,1947,2011-03-23,23,3,2011
3/24/2011,1960,2011-03-24,24,3,2011
3/25/2011,2101,2011-03-25,25,3,2011
3/26/2011,711,2011-03-26,26,3,2011
3/27/2011,661,2011-03-27,27,3,2011
3/28/2011,2962,2011-03-28,28,3,2011
3/29/2011,2255,2011-03-29,29,3,2011
3/30/2011,2174,2011-03-30,30,3,2011
3/31/2011,2057,2011-03-31,31,3,2011
4/1/2011,1953,2011-04-01,1,4,2011
4/2/2011,704,2011-04-02,2,4,2011
4/3/2011,553,2011-04-03,3,4,2011
4/4/2011,2691,2011-04-04,4,4,2011
4/5/2011,2349,2011-04-05,5,4,2011
4/6/2011,2574,2011-04-06,6,4,2011
4/7/2011,2512,2011-04-07,7,4,2011
4/8/2011,2387,2011-04-08,8,4,2011
4/9/2011,804,2011-04-09,9,4,2011
4/10/2011,860,2011-04-10,10,4,2011
4/11/2011,3103,2011-04-11,11,4,2011
4/12/2011,2691,2011-04-12,12,4,2011
4/13/2011,2531,2011-04-13,13,4,2011
4/14/2011,2682,2011-04-14,14,4,2011
4/15/2011,2604,2011-04-15,15,4,2011
4/16/2011,841,2011-04-16,16,4,2011
4/17/2011,998,2011-04-17,17,4,2011
4/18/2011,3171,2011-04-18,18,4,2011
4/19/2011,2668,2011-04-19,19,4,2011
4/20/2011,2345,2011-04-20,20,4,2011
4/21/2011,980,2011-04-21,21,4,2011
4/22/2011,887,2011-04-22,22,4,2011
4/23/2011,749,2011-04-23,23,4,2011
4/24/2011,897,2011-04-24,24,4,2011
4/25/2011,3401,2011-04-25,25,4,2011
4/26/2011,2839,2011-04-26,26,4,2011
4/27/2011,2596,2011-04-27,27,4,2011
4/28/2011,2359,2011-04-28,28,4,2011
4/29/2011,2413,2011-04-29,29,4,2011
4/30/2011,967,2011-04-30,30,4,2011
5/1/2011,994,2011-05-01,1,5,2011
5/2/2011,3260,2011-05-02,2,5,2011
5/3/2011,2516,2011-05-03,3,5,2011
5/4/2011,2441,2011-05-04,4,5,2011
5/5/2011,2356,2011-05-05,5,5,2011
5/6/2011,2221,2011-05-06,6,5,2011
5/7/2011,760,2011-05-07,7,5,2011
5/8/2011,680,2011-05-08,8,5,2011
5/9/2011,2876,2011-05-09,9,5,2011
5/10/2011,2411,2011-05-10,10,5,2011
5/11/2011,2226,2011-05-11,11,5,2011
5/12/2011,2174,2011-05-12,12,5,2011
5/13/2011,1835,2011-05-13,13,5,2011
5/14/2011,643,2011-05-14,14,5,2011
5/15/2011,580,2011-05-15,15,5,2011
5/16/2011,2336,2011-05-16,16,5,2011
5/17/2011,1732,2011-05-17,17,5,2011
5/18/2011,1640,2011-05-18,18,5,2011
5/19/2011,1551,2011-05-19,19,5,2011
5/20/2011,1544,2011-05-20,20,5,2011
5/21/2011,591,2011-05-21,21,5,2011
5/22/2011,475,2011-05-22,22,5,2011
5/23/2011,1997,2011-05-23,23,5,2011
5/24/2011,1595,2011-05-24,24,5,2011
5/25/2011,1619,2011-05-25,25,5,2011
5/26/2011,1354,2011-05-26,26,5,2011
5/27/2011,1145,2011-05-27,27,5,2011
5/28/2011,347,2011-05-28,28,5,2011
5/29/2011,298,2011-05-29,29,5,2011
5/30/2011,1255,2011-05-30,30,5,2011
5/31/2011,997,2011-05-31,31,5,2011
6/1/2011,1054,2011-06-01,1,6,2011
6/2/2011,952,2011-06-02,2,6,2011
6/3/2011,838,2011-06-03,3,6,2011
6/4/2011,291,2011-06-04,4,6,2011
6/5/2011,187,2011-06-05,5,6,2011
6/6/2011,973,2011-06-06,6,6,2011
6/7/2011,746,2011-06-07,7,6,2011
6/8/2011,640,2011-06-08,8,6,2011
6/9/2011,468,2011-06-09,9,6,2011
6/10/2011,436,2011-06-10,10,6,2011
6/11/2011,127,2011-06-11,11,6,2011
6/12/2011,148,2011-06-12,12,6,2011
6/13/2011,574,2011-06-13,13,6,2011
6/14/2011,526,2011-06-14,14,6,2011
6/15/2011,575,2011-06-15,15,6,2011
6/16/2011,398,2011-06-16,16,6,2011
6/17/2011,365,2011-06-17,17,6,2011
6/18/2011,132,2011-06-18,18,6,2011
6/19/2011,106,2011-06-19,19,6,2011
6/20/2011,565,2011-06-20,20,6,2011
6/21/2011,401,2011-06-21,21,6,2011
6/22/2011,346,2011-06-22,22,6,2011
6/23/2011,125,2011-06-23,23,6,2011
6/24/2011,127,2011-06-24,24,6,2011
6/25/2011,99,2011-06-25,25,6,2011
6/26/2011,89,2011-06-26,26,6,2011
6/27/2011,363,2011-06-27,27,6,2011
6/28/2011,240,2011-06-28,28,6,2011
6/29/2011,229,2011-06-29,29,6,2011
6/30/2011,261,2011-06-30,30,6,2011
7/1/2011,264,2011-07-01,1,7,2011
7/2/2011,93,2011-07-02,2,7,2011
7/3/2011,77,2011-07-03,3,7,2011
7/4/2011,289,2011-07-04,4,7,2011
7/5/2011,215,2011-07-05,5,7,2011
7/6/2011,209,2011-07-06,6,7,2011
7/7/2011,186,2011-07-07,7,7,2011
7/8/2011,204,2011-07-08,8,7,2011
7/9/2011,44,2011-07-09,9,7,2011
7/10/2011,59,2011-07-10,10,7,2011
7/11/2011,263,2011-07-11,11,7,2011
7/12/2011,241,2011-07-12,12,7,2011
7/13/2011,229,2011-07-13,13,7,2011
7/14/2011,210,2011-07-14,14,7,2011
7/15/2011,216,2011-07-15,15,7,2011
7/16/2011,70,2011-07-16,16,7,2011
7/17/2011,60,2011-07-17,17,7,2011
7/18/2011,248,2011-07-18,18,7,2011
7/19/2011,200,2011-07-19,19,7,2011
7/20/2011,226,2011-07-20,20,7,2011
7/21/2011,197,2011-07-21,21,7,2011
7/22/2011,184,2011-07-22,22,7,2011
7/23/2011,56,2011-07-23,23,7,2011
7/24/2011,57,2011-07-24,24,7,2011
7/25/2011,239,2011-07-25,25,7,2011
7/26/2011,217,2011-07-26,26,7,2011
7/27/2011,217,2011-07-27,27,7,2011
7/28/2011,210,2011-07-28,28,7,2011
7/29/2011,169,2011-07-29,29,7,2011
7/30/2011,69,2011-07-30,30,7,2011
7/31/2011,53,2011-07-31,31,7,2011
8/1/2011,285,2011-08-01,1,8,2011
8/2/2011,199,2011-08-02,2,8,2011
8/3/2011,152,2011-08-03,3,8,2011
8/4/2011,134,2011-08-04,4,8,2011
8/5/2011,120,2011-08-05,5,8,2011
8/6/2011,40,2011-08-06,6,8,2011
8/7/2011,55,2011-08-07,7,8,2011
8/8/2011,221,2011-08-08,8,8,2011
8/9/2011,231,2011-08-09,9,8,2011
8/10/2011,181,2011-08-10,10,8,2011
8/11/2011,189,2011-08-11,11,8,2011
8/12/2011,174,2011-08-12,12,8,2011
8/13/2011,72,2011-08-13,13,8,2011
8/14/2011,49,2011-08-14,14,8,2011
8/15/2011,217,2011-08-15,15,8,2011
8/16/2011,199,2011-08-16,16,8,2011
8/17/2011,208,2011-08-17,17,8,2011
8/18/2011,215,2011-08-18,18,8,2011
8/19/2011,188,2011-08-19,19,8,2011
8/20/2011,56,2011-08-20,20,8,2011
8/21/2011,32,2011-08-21,21,8,2011
8/22/2011,178,2011-08-22,22,8,2011
8/23/2011,137,2011-08-23,23,8,2011
8/24/2011,189,2011-08-24,24,8,2011
8/25/2011,166,2011-08-25,25,8,2011
8/26/2011,195,2011-08-26,26,8,2011
8/27/2011,65,2011-08-27,27,8,2011
8/28/2011,56,2011-08-28,28,8,2011
8/29/2011,276,2011-08-29,29,8,2011
8/30/2011,255,2011-08-30,30,8,2011
8/31/2011,154,2011-08-31,31,8,2011
9/1/2011,212,2011-09-01,1,9,2011
9/2/2011,156,2011-09-02,2,9,2011
9/3/2011,52,2011-09-03,3,9,2011
9/4/2011,59,2011-09-04,4,9,2011
9/5/2011,210,2011-09-05,5,9,2011
9/6/2011,220,2011-09-06,6,9,2011
9/7/2011,77,2011-09-07,7,9,2011
9/8/2011,241,2011-09-08,8,9,2011
9/9/2011,210,2011-09-09,9,9,2011
9/10/2011,70,2011-09-10,10,9,2011
9/11/2011,54,2011-09-11,11,9,2011
9/12/2011,264,2011-09-12,12,9,2011
9/13/2011,278,2011-09-13,13,9,2011
9/14/2011,293,2011-09-14,14,9,2011
9/15/2011,278,2011-09-15,15,9,2011
9/16/2011,234,2011-09-16,16,9,2011
9/17/2011,86,2011-09-17,17,9,2011
9/18/2011,66,2011-09-18,18,9,2011
9/19/2011,326,2011-09-19,19,9,2011
9/20/2011,312,2011-09-20,20,9,2011
9/21/2011,262,2011-09-21,21,9,2011
9/22/2011,296,2011-09-22,22,9,2011
9/23/2011,261,2011-09-23,23,9,2011
9/24/2011,77,2011-09-24,24,9,2011
9/25/2011,89,2011-09-25,25,9,2011
9/26/2011,330,2011-09-26,26,9,2011
9/27/2011,360,2011-09-27,27,9,2011
9/28/2011,308,2011-09-28,28,9,2011
9/29/2011,355,2011-09-29,29,9,2011
9/30/2011,284,2011-09-30,30,9,2011
10/1/2011,113,2011-10-01,1,10,2011
10/2/2011,107,2011-10-02,2,10,2011
10/3/2011,421,2011-10-03,3,10,2011
10/4/2011,363,2011-10-04,4,10,2011
10/5/2011,361,2011-10-05,5,10,2011
10/6/2011,339,2011-10-06,6,10,2011
10/7/2011,327,2011-10-07,7,10,2011
10/8/2011,132,2011-10-08,8,10,2011
10/9/2011,105,2011-10-09,9,10,2011
10/10/2011,369,2011-10-10,10,10,2011
10/11/2011,327,2011-10-11,11,10,2011
10/12/2011,142,2011-10-12,12,10,2011
10/13/2011,389,2011-10-13,13,10,2011
10/14/2011,276,2011-10-14,14,10,2011
10/15/2011,98,2011-10-15,15,10,2011
10/16/2011,90,2011-10-16,16,10,2011
10/17/2011,398,2011-10-17,17,10,2011
10/18/2011,315,2011-10-18,18,10,2011
10/19/2011,334,2011-10-19,19,10,2011
10/20/2011,284,2011-10-20,20,10,2011
10/21/2011,287,2011-10-21,21,10,2011
10/22/2011,104,2011-10-22,22,10,2011
10/23/2011,82,2011-10-23,23,10,2011
10/24/2011,387,2011-10-24,24,10,2011
10/25/2011,381,2011-10-25,25,10,2011
10/26/2011,351,2011-10-26,26,10,2011
10/27/2011,331,2011-10-27,27,10,2011
10/28/2011,243,2011-10-28,28,10,2011
10/29/2011,100,2011-10-29,29,10,2011
10/30/2011,83,2011-10-30,30,10,2011
10/31/2011,328,2011-10-31,31,10,2011
11/1/2011,227,2011-11-01,1,11,2011
11/2/2011,84,2011-11-02,2,11,2011
11/3/2011,304,2011-11-03,3,11,2011
11/4/2011,264,2011-11-04,4,11,2011
11/5/2011,90,2011-11-05,5,11,2011
11/6/2011,96,2011-11-06,6,11,2011
11/7/2011,325,2011-11-07,7,11,2011
11/8/2011,271,2011-11-08,8,11,2011
11/9/2011,325,2011-11-09,9,11,2011
11/10/2011,284,2011-11-10,10,11,2011
11/11/2011,254,2011-11-11,11,11,2011
11/12/2011,77,2011-11-12,12,11,2011
11/13/2011,62,2011-11-13,13,11,2011
11/14/2011,119,2011-11-14,14,11,2011
11/15/2011,67,2011-11-15,15,11,2011
11/16/2011,277,2011-11-16,16,11,2011
11/17/2011,274,2011-11-17,17,11,2011
11/18/2011,261,2011-11-18,18,11,2011
11/19/2011,76,2011-11-19,19,11,2011
11/20/2011,85,2011-11-20,20,11,2011
11/21/2011,301,2011-11-21,21,11,2011
11/22/2011,240,2011-11-22,22,11,2011
11/23/2011,271,2011-11-23,23,11,2011
11/24/2011,290,2011-11-24,24,11,2011
11/25/2011,298,2011-11-25,25,11,2011
11/26/2011,105,2011-11-26,26,11,2011
11/27/2011,76,2011-11-27,27,11,2011
11/28/2011,312,2011-11-28,28,11,2011
11/29/2011,285,2011-11-29,29,11,2011
11/30/2011,285,2011-11-30,30,11,2011
12/1/2011,273,2011-12-01,1,12,2011
12/2/2011,220,2011-12-02,2,12,2011
12/3/2011,89,2011-12-03,3,12,2011
12/4/2011,81,2011-12-04,4,12,2011
12/5/2011,342,2011-12-05,5,12,2011
12/6/2011,298,2011-12-06,6,12,2011
12/7/2011,278,2011-12-07,7,12,2011
12/8/2011,251,2011-12-08,8,12,2011
12/9/2011,247,2011-12-09,9,12,2011
12/10/2011,99,2011-12-10,10,12,2011
12/11/2011,90,2011-12-11,11,12,2011
12/12/2011,364,2011-12-12,12,12,2011
12/13/2011,336,2011-12-13,13,12,2011
12/14/2011,377,2011-12-14,14,12,2011
12/15/2011,319,2011-12-15,15,12,2011
12/16/2011,269,2011-12-16,16,12,2011
12/17/2011,132,2011-12-17,17,12,2011
12/18/2011,119,2011-12-18,18,12,2011
12/19/2011,375,2011-12-19,19,12,2011
12/20/2011,307,2011-12-20,20,12,2011
12/21/2011,315,2011-12-21,21,12,2011
12/22/2011,279,2011-12-22,22,12,2011
12/23/2011,179,2011-12-23,23,12,2011
12/24/2011,81,2011-12-24,24,12,2011
12/25/2011,78,2011-12-25,25,12,2011
12/26/2011,243,2011-12-26,26,12,2011
12/27/2011,321,2011-12-27,27,12,2011
12/28/2011,281,2011-12-28,28,12,2011
12/29/2011,269,2011-12-29,29,12,2011
12/30/2011,152,2011-12-30,30,12,2011
12/31/2011,79,2011-12-31,31,12,2011
1/1/2012,60,2012-01-01,1,1,2012
1/2/2012,244,2012-01-02,2,1,2012
1/3/2012,324,2012-01-03,3,1,2012
1/4/2012,367,2012-01-04,4,1,2012
1/5/2012,392,2012-01-05,5,1,2012
1/6/2012,355,2012-01-06,6,1,2012
1/7/2012,165,2012-01-07,7,1,2012
1/8/2012,118,2012-01-08,8,1,2012
1/9/2012,437,2012-01-09,9,1,2012
1/10/2012,311,2012-01-10,10,1,2012
1/11/2012,326,2012-01-11,11,1,2012
1/12/2012,343,2012-01-12,12,1,2012
1/13/2012,354,2012-01-13,13,1,2012
1/14/2012,99,2012-01-14,14,1,2012
1/15/2012,63,2012-01-15,15,1,2012
1/16/2012,456,2012-01-16,16,1,2012
1/17/2012,375,2012-01-17,17,1,2012
1/18/2012,318,2012-01-18,18,1,2012
1/19/2012,338,2012-01-19,19,1,2012
1/20/2012,283,2012-01-20,20,1,2012
1/21/2012,110,2012-01-21,21,1,2012
1/22/2012,99,2012-01-22,22,1,2012
1/23/2012,428,2012-01-23,23,1,2012
1/24/2012,384,2012-01-24,24,1,2012
1/25/2012,285,2012-01-25,25,1,2012
1/26/2012,351,2012-01-26,26,1,2012
1/27/2012,281,2012-01-27,27,1,2012
1/28/2012,124,2012-01-28,28,1,2012
1/29/2012,106,2012-01-29,29,1,2012
1/30/2012,429,2012-01-30,30,1,2012
1/31/2012,414,2012-01-31,31,1,2012
2/1/2012,396,2012-02-01,1,2,2012
2/2/2012,398,2012-02-02,2,2,2012
2/3/2012,356,2012-02-03,3,2,2012
2/4/2012,154,2012-02-04,4,2,2012
2/5/2012,138,2012-02-05,5,2,2012
2/6/2012,473,2012-02-06,6,2,2012
2/7/2012,470,2012-02-07,7,2,2012
2/8/2012,432,2012-02-08,8,2,2012
2/9/2012,379,2012-02-09,9,2,2012
2/10/2012,393,2012-02-10,10,2,2012
2/11/2012,169,2012-02-11,11,2,2012
2/12/2012,125,2012-02-12,12,2,2012
2/13/2012,468,2012-02-13,13,2,2012
2/14/2012,452,2012-02-14,14,2,2012
2/15/2012,421,2012-02-15,15,2,2012
2/16/2012,443,2012-02-16,16,2,2012
2/17/2012,372,2012-02-17,17,2,2012
2/18/2012,168,2012-02-18,18,2,2012
2/19/2012,130,2012-02-19,19,2,2012
2/20/2012,176,2012-02-20,20,2,2012
2/21/2012,169,2012-02-21,21,2,2012
2/22/2012,392,2012-02-22,22,2,2012
2/23/2012,585,2012-02-23,23,2,2012
2/24/2012,496,2012-02-24,24,2,2012
2/25/2012,230,2012-02-25,25,2,2012
2/26/2012,200,2012-02-26,26,2,2012
2/27/2012,599,2012-02-27,27,2,2012
2/28/2012,570,2012-02-28,28,2,2012
2/29/2012,567,2012-02-29,29,2,2012
3/1/2012,563,2012-03-01,1,3,2012
3/2/2012,528,2012-03-02,2,3,2012
3/3/2012,235,2012-03-03,3,3,2012
3/4/2012,179,2012-03-04,4,3,2012
3/5/2012,683,2012-03-05,5,3,2012
3/6/2012,614,2012-03-06,6,3,2012
3/7/2012,592,2012-03-07,7,3,2012
3/8/2012,595,2012-03-08,8,3,2012
3/9/2012,523,2012-03-09,9,3,2012
3/10/2012,229,2012-03-10,10,3,2012
3/11/2012,193,2012-03-11,11,3,2012
3/12/2012,744,2012-03-12,12,3,2012
3/13/2012,633,2012-03-13,13,3,2012
3/14/2012,649,2012-03-14,14,3,2012
3/15/2012,649,2012-03-15,15,3,2012
3/16/2012,503,2012-03-16,16,3,2012
3/17/2012,197,2012-03-17,17,3,2012
3/18/2012,180,2012-03-18,18,3,2012
3/19/2012,731,2012-03-19,19,3,2012
3/20/2012,627,2012-03-20,20,3,2012
3/21/2012,635,2012-03-21,21,3,2012
3/22/2012,660,2012-03-22,22,3,2012
3/23/2012,539,2012-03-23,23,3,2012
3/24/2012,210,2012-03-24,24,3,2012
3/25/2012,189,2012-03-25,25,3,2012
3/26/2012,867,2012-03-26,26,3,2012
3/27/2012,655,2012-03-27,27,3,2012
3/28/2012,644,2012-03-28,28,3,2012
3/29/2012,561,2012-03-29,29,3,2012
3/30/2012,512,2012-03-30,30,3,2012
3/31/2012,230,2012-03-31,31,3,2012
4/1/2012,159,2012-04-01,1,4,2012
4/2/2012,792,2012-04-02,2,4,2012
4/3/2012,650,2012-04-03,3,4,2012
4/4/2012,605,2012-04-04,4,4,2012
4/5/2012,442,2012-04-05,5,4,2012
4/6/2012,177,2012-04-06,6,4,2012
4/7/2012,208,2012-04-07,7,4,2012
4/8/2012,170,2012-04-08,8,4,2012
4/9/2012,713,2012-04-09,9,4,2012
4/10/2012,715,2012-04-10,10,4,2012
4/11/2012,702,2012-04-11,11,4,2012
4/12/2012,620,2012-04-12,12,4,2012
4/13/2012,593,2012-04-13,13,4,2012
4/14/2012,232,2012-04-14,14,4,2012
4/15/2012,183,2012-04-15,15,4,2012
4/16/2012,855,2012-04-16,16,4,2012
4/17/2012,741,2012-04-17,17,4,2012
4/18/2012,757,2012-04-18,18,4,2012
4/19/2012,714,2012-04-19,19,4,2012
4/20/2012,722,2012-04-20,20,4,2012
4/21/2012,182,2012-04-21,21,4,2012
4/22/2012,166,2012-04-22,22,4,2012
4/23/2012,887,2012-04-23,23,4,2012
4/24/2012,797,2012-04-24,24,4,2012
4/25/2012,837,2012-04-25,25,4,2012
4/26/2012,893,2012-04-26,26,4,2012
4/27/2012,667,2012-04-27,27,4,2012
4/28/2012,253,2012-04-28,28,4,2012
4/29/2012,154,2012-04-29,29,4,2012
4/30/2012,373,2012-04-30,30,4,2012
5/1/2012,180,2012-05-01,1,5,2012
5/2/2012,744,2012-05-02,2,5,2012
5/3/2012,593,2012-05-03,3,5,2012
5/4/2012,632,2012-05-04,4,5,2012
5/5/2012,191,2012-05-05,5,5,2012
5/6/2012,165,2012-05-06,6,5,2012
5/7/2012,779,2012-05-07,7,5,2012
5/8/2012,660,2012-05-08,8,5,2012
5/9/2012,583,2012-05-09,9,5,2012
5/10/2012,564,2012-05-10,10,5,2012
5/11/2012,522,2012-05-11,11,5,2012
5/12/2012,145,2012-05-12,12,5,2012
5/13/2012,98,2012-05-13,13,5,2012
5/14/2012,470,2012-05-14,14,5,2012
5/15/2012,441,2012-05-15,15,5,2012
5/16/2012,439,2012-05-16,16,5,2012
5/17/2012,424,2012-05-17,17,5,2012
5/18/2012,403,2012-05-18,18,5,2012
5/19/2012,177,2012-05-19,19,5,2012
5/20/2012,136,2012-05-20,20,5,2012
5/21/2012,598,2012-05-21,21,5,2012
5/22/2012,449,2012-05-22,22,5,2012
5/23/2012,474,2012-05-23,23,5,2012
5/24/2012,425,2012-05-24,24,5,2012
5/25/2012,392,2012-05-25,25,5,2012
5/26/2012,124,2012-05-26,26,5,2012
5/27/2012,116,2012-05-27,27,5,2012
5/28/2012,536,2012-05-28,28,5,2012
5/29/2012,480,2012-05-29,29,5,2012
5/30/2012,505,2012-05-30,30,5,2012
5/31/2012,446,2012-05-31,31,5,2012
6/1/2012,359,2012-06-01,1,6,2012
6/2/2012,172,2012-06-02,2,6,2012
6/3/2012,152,2012-06-03,3,6,2012
6/4/2012,597,2012-06-04,4,6,2012
6/5/2012,349,2012-06-05,5,6,2012
6/6/2012,310,2012-06-06,6,6,2012
6/7/2012,117,2012-06-07,7,6,2012
6/8/2012,130,2012-06-08,8,6,2012
6/9/2012,116,2012-06-09,9,6,2012
6/10/2012,119,2012-06-10,10,6,2012
6/11/2012,464,2012-06-11,11,6,2012
6/12/2012,408,2012-06-12,12,6,2012
6/13/2012,369,2012-06-13,13,6,2012
6/14/2012,364,2012-06-14,14,6,2012
6/15/2012,358,2012-06-15,15,6,2012
6/16/2012,128,2012-06-16,16,6,2012
6/17/2012,115,2012-06-17,17,6,2012
6/18/2012,462,2012-06-18,18,6,2012
6/19/2012,384,2012-06-19,19,6,2012
6/20/2012,316,2012-06-20,20,6,2012
6/21/2012,298,2012-06-21,21,6,2012
6/22/2012,260,2012-06-22,22,6,2012
6/23/2012,111,2012-06-23,23,6,2012
6/24/2012,110,2012-06-24,24,6,2012
6/25/2012,380,2012-06-25,25,6,2012
6/26/2012,341,2012-06-26,26,6,2012
6/27/2012,276,2012-06-27,27,6,2012
6/28/2012,323,2012-06-28,28,6,2012
6/29/2012,294,2012-06-29,29,6,2012
6/30/2012,116,2012-06-30,30,6,2012
7/1/2012,78,2012-07-01,1,7,2012
7/2/2012,342,2012-07-02,2,7,2012
7/3/2012,274,2012-07-03,3,7,2012
7/4/2012,292,2012-07-04,4,7,2012
7/5/2012,311,2012-07-05,5,7,2012
7/6/2012,218,2012-07-06,6,7,2012
7/7/2012,83,2012-07-07,7,7,2012
7/8/2012,63,2012-07-08,8,7,2012
7/9/2012,74,2012-07-09,9,7,2012
7/10/2012,295,2012-07-10,10,7,2012
7/11/2012,228,2012-07-11,11,7,2012
7/12/2012,226,2012-07-12,12,7,2012
7/13/2012,168,2012-07-13,13,7,2012
7/14/2012,62,2012-07-14,14,7,2012
7/15/2012,30,2012-07-15,15,7,2012
7/16/2012,181,2012-07-16,16,7,2012
7/17/2012,170,2012-07-17,17,7,2012
7/18/2012,177,2012-07-18,18,7,2012
7/19/2012,115,2012-07-19,19,7,2012
7/20/2012,135,2012-07-20,20,7,2012
7/21/2012,48,2012-07-21,21,7,2012
7/22/2012,46,2012-07-22,22,7,2012
7/23/2012,171,2012-07-23,23,7,2012
7/24/2012,203,2012-07-24,24,7,2012
7/25/2012,196,2012-07-25,25,7,2012
7/26/2012,152,2012-07-26,26,7,2012
7/27/2012,156,2012-07-27,27,7,2012
7/28/2012,54,2012-07-28,28,7,2012
7/29/2012,46,2012-07-29,29,7,2012
7/30/2012,214,2012-07-30,30,7,2012
7/31/2012,175,2012-07-31,31,7,2012
8/1/2012,153,2012-08-01,1,8,2012
8/2/2012,149,2012-08-02,2,8,2012
8/3/2012,152,2012-08-03,3,8,2012
8/4/2012,52,2012-08-04,4,8,2012
8/5/2012,51,2012-08-05,5,8,2012
8/6/2012,161,2012-08-06,6,8,2012
8/7/2012,190,2012-08-07,7,8,2012
8/8/2012,202,2012-08-08,8,8,2012
8/9/2012,191,2012-08-09,9,8,2012
8/10/2012,110,2012-08-10,10,8,2012
8/11/2012,40,2012-08-11,11,8,2012
8/12/2012,36,2012-08-12,12,8,2012
8/13/2012,150,2012-08-13,13,8,2012
8/14/2012,160,2012-08-14,14,8,2012
8/15/2012,131,2012-08-15,15,8,2012
8/16/2012,144,2012-08-16,16,8,2012
8/17/2012,141,2012-08-17,17,8,2012
8/18/2012,43,2012-08-18,18,8,2012
8/19/2012,38,2012-08-19,19,8,2012
8/20/2012,182,2012-08-20,20,8,2012
8/21/2012,122,2012-08-21,21,8,2012
8/22/2012,134,2012-08-22,22,8,2012
8/23/2012,150,2012-08-23,23,8,2012
8/24/2012,134,2012-08-24,24,8,2012
8/25/2012,38,2012-08-25,25,8,2012
8/26/2012,46,2012-08-26,26,8,2012
8/27/2012,152,2012-08-27,27,8,2012
8/28/2012,112,2012-08-28,28,8,2012
8/29/2012,124,2012-08-29,29,8,2012
8/30/2012,123,2012-08-30,30,8,2012
8/31/2012,119,2012-08-31,31,8,2012
9/1/2012,47,2012-09-01,1,9,2012
9/2/2012,41,2012-09-02,2,9,2012
9/3/2012,136,2012-09-03,3,9,2012
9/4/2012,120,2012-09-04,4,9,2012
9/5/2012,130,2012-09-05,5,9,2012
9/6/2012,112,2012-09-06,6,9,2012
9/7/2012,43,2012-09-07,7,9,2012
9/8/2012,43,2012-09-08,8,9,2012
9/9/2012,36,2012-09-09,9,9,2012
9/10/2012,159,2012-09-10,10,9,2012
9/11/2012,148,2012-09-11,11,9,2012
9/12/2012,131,2012-09-12,12,9,2012
9/13/2012,175,2012-09-13,13,9,2012
9/14/2012,112,2012-09-14,14,9,2012
9/15/2012,38,2012-09-15,15,9,2012
9/16/2012,38,2012-09-16,16,9,2012
9/17/2012,168,2012-09-17,17,9,2012
9/18/2012,156,2012-09-18,18,9,2012
9/19/2012,129,2012-09-19,19,9,2012
9/20/2012,132,2012-09-20,20,9,2012
9/21/2012,119,2012-09-21,21,9,2012
9/22/2012,34,2012-09-22,22,9,2012
9/23/2012,34,2012-09-23,23,9,2012
9/24/2012,168,2012-09-24,24,9,2012
9/25/2012,149,2012-09-25,25,9,2012
9/26/2012,125,2012-09-26,26,9,2012
9/27/2012,104,2012-09-27,27,9,2012
9/28/2012,85,2012-09-28,28,9,2012
9/29/2012,25,2012-09-29,29,9,2012
9/30/2012,40,2012-09-30,30,9,2012
10/1/2012,157,2012-10-01,1,10,2012
10/2/2012,129,2012-10-02,2,10,2012
10/3/2012,130,2012-10-03,3,10,2012
10/4/2012,122,2012-10-04,4,10,2012
10/5/2012,133,2012-10-05,5,10,2012
10/6/2012,37,2012-10-06,6,10,2012
10/7/2012,40,2012-10-07,7,10,2012
10/8/2012,167,2012-10-08,8,10,2012
10/9/2012,150,2012-10-09,9,10,2012
10/10/2012,142,2012-10-10,10,10,2012
10/11/2012,137,2012-10-11,11,10,2012
10/12/2012,37,2012-10-12,12,10,2012
10/13/2012,34,2012-10-13,13,10,2012
10/14/2012,33,2012-10-14,14,10,2012
10/15/2012,168,2012-10-15,15,10,2012
10/16/2012,179,2012-10-16,16,10,2012
10/17/2012,148,2012-10-17,17,10,2012
10/18/2012,148,2012-10-18,18,10,2012
10/19/2012,129,2012-10-19,19,10,2012
10/20/2012,53,2012-10-20,20,10,2012
10/21/2012,29,2012-10-21,21,10,2012
10/22/2012,199,2012-10-22,22,10,2012
10/23/2012,163,2012-10-23,23,10,2012
10/24/2012,135,2012-10-24,24,10,2012
10/25/2012,176,2012-10-25,25,10,2012
10/26/2012,140,2012-10-26,26,10,2012
10/27/2012,46,2012-10-27,27,10,2012
10/28/2012,54,2012-10-28,28,10,2012
10/29/2012,225,2012-10-29,29,10,2012
10/30/2012,189,2012-10-30,30,10,2012
10/31/2012,179,2012-10-31,31,10,2012
11/1/2012,142,2012-11-01,1,11,2012
11/2/2012,44,2012-11-02,2,11,2012
11/3/2012,66,2012-11-03,3,11,2012
11/4/2012,46,2012-11-04,4,11,2012
11/5/2012,242,2012-11-05,5,11,2012
11/6/2012,190,2012-11-06,6,11,2012
11/7/2012,197,2012-11-07,7,11,2012
11/8/2012,182,2012-11-08,8,11,2012
11/9/2012,135,2012-11-09,9,11,2012
11/10/2012,76,2012-11-10,10,11,2012
11/11/2012,51,2012-11-11,11,11,2012
11/12/2012,209,2012-11-12,12,11,2012
11/13/2012,190,2012-11-13,13,11,2012
11/14/2012,155,2012-11-14,14,11,2012
11/15/2012,56,2012-11-15,15,11,2012
11/16/2012,72,2012-11-16,16,11,2012
11/17/2012,64,2012-11-17,17,11,2012
11/18/2012,50,2012-11-18,18,11,2012
11/19/2012,208,2012-11-19,19,11,2012
11/20/2012,154,2012-11-20,20,11,2012
11/21/2012,260,2012-11-21,21,11,2012
11/22/2012,211,2012-11-22,22,11,2012
11/23/2012,195,2012-11-23,23,11,2012
11/24/2012,55,2012-11-24,24,11,2012
11/25/2012,63,2012-11-25,25,11,2012
11/26/2012,252,2012-11-26,26,11,2012
11/27/2012,186,2012-11-27,27,11,2012
11/28/2012,210,2012-11-28,28,11,2012
11/29/2012,217,2012-11-29,29,11,2012
11/30/2012,203,2012-11-30,30,11,2012
12/1/2012,60,2012-12-01,1,12,2012
12/2/2012,56,2012-12-02,2,12,2012
12/3/2012,264,2012-12-03,3,12,2012
12/4/2012,224,2012-12-04,4,12,2012
12/5/2012,221,2012-12-05,5,12,2012
12/6/2012,220,2012-12-06,6,12,2012
12/7/2012,195,2012-12-07,7,12,2012
12/8/2012,70,2012-12-08,8,12,2012
12/9/2012,67,2012-12-09,9,12,2012
12/10/2012,252,2012-12-10,10,12,2012
12/11/2012,242,2012-12-11,11,12,2012
12/12/2012,163,2012-12-12,12,12,2012
12/13/2012,189,2012-12-13,13,12,2012
12/14/2012,208,2012-12-14,14,12,2012
12/15/2012,45,2012-12-15,15,12,2012
12/16/2012,53,2012-12-16,16,12,2012
12/17/2012,252,2012-12-17,17,12,2012
12/18/2012,213,2012-12-18,18,12,2012
12/19/2012,234,2012-12-19,19,12,2012
12/20/2012,226,2012-12-20,20,12,2012
12/21/2012,199,2012-12-21,21,12,2012
12/22/2012,78,2012-12-22,22,12,2012
12/23/2012,69,2012-12-23,23,12,2012
12/24/2012,57,2012-12-24,24,12,2012
12/25/2012,61,2012-12-25,25,12,2012
12/26/2012,228,2012-12-26,26,12,2012
12/27/2012,324,2012-12-27,27,12,2012
12/28/2012,232,2012-12-28,28,12,2012
12/29/2012,113,2012-12-29,29,12,2012
12/30/2012,187,2012-12-30,30,12,2012
12/31/2012,160,2012-12-31,31,12,2012
1/1/2013,88,2013-01-01,1,1,2013
1/2/2013,330,2013-01-02,2,1,2013
1/3/2013,461,2013-01-03,3,1,2013
1/4/2013,467,2013-01-04,4,1,2013
1/5/2013,177,2013-01-05,5,1,2013
1/6/2013,138,2013-01-06,6,1,2013
1/7/2013,643,2013-01-07,7,1,2013
1/8/2013,612,2013-01-08,8,1,2013
1/9/2013,566,2013-01-09,9,1,2013
1/10/2013,578,2013-01-10,10,1,2013
1/11/2013,566,2013-01-11,11,1,2013
1/12/2013,209,2013-01-12,12,1,2013
1/13/2013,182,2013-01-13,13,1,2013
1/14/2013,857,2013-01-14,14,1,2013
1/15/2013,717,2013-01-15,15,1,2013
1/16/2013,717,2013-01-16,16,1,2013
1/17/2013,693,2013-01-17,17,1,2013
1/18/2013,708,2013-01-18,18,1,2013
1/19/2013,256,2013-01-19,19,1,2013
1/20/2013,278,2013-01-20,20,1,2013
1/21/2013,1344,2013-01-21,21,1,2013
1/22/2013,1007,2013-01-22,22,1,2013
1/23/2013,937,2013-01-23,23,1,2013
1/24/2013,1152,2013-01-24,24,1,2013
1/25/2013,975,2013-01-25,25,1,2013
1/26/2013,363,2013-01-26,26,1,2013
1/27/2013,331,2013-01-27,27,1,2013
1/28/2013,1430,2013-01-28,28,1,2013
1/29/2013,1169,2013-01-29,29,1,2013
1/30/2013,1356,2013-01-30,30,1,2013
1/31/2013,1396,2013-01-31,31,1,2013
2/1/2013,1314,2013-02-01,1,2,2013
2/2/2013,509,2013-02-02,2,2,2013
2/3/2013,453,2013-02-03,3,2,2013
2/4/2013,1859,2013-02-04,4,2,2013
2/5/2013,1595,2013-02-05,5,2,2013
2/6/2013,1602,2013-02-06,6,2,2013
2/7/2013,1547,2013-02-07,7,2,2013
2/8/2013,1344,2013-02-08,8,2,2013
2/9/2013,552,2013-02-09,9,2,2013
2/10/2013,542,2013-02-10,10,2,2013
2/11/2013,811,2013-02-11,11,2,2013
2/12/2013,719,2013-02-12,12,2,2013
2/13/2013,1597,2013-02-13,13,2,2013
2/14/2013,2160,2013-02-14,14,2,2013
2/15/2013,2023,2013-02-15,15,2,2013
2/16/2013,814,2013-02-16,16,2,2013
2/17/2013,775,2013-02-17,17,2,2013
2/18/2013,2611,2013-02-18,18,2,2013
2/19/2013,2197,2013-02-19,19,2,2013
2/20/2013,2456,2013-02-20,20,2,2013
2/21/2013,2539,2013-02-21,21,2,2013
2/22/2013,2563,2013-02-22,22,2,2013
2/23/2013,985,2013-02-23,23,2,2013
2/24/2013,1010,2013-02-24,24,2,2013
2/25/2013,3753,2013-02-25,25,2,2013
2/26/2013,3461,2013-02-26,26,2,2013
2/27/2013,3353,2013-02-27,27,2,2013
2/28/2013,3394,2013-02-28,28,2,2013
3/1/2013,3040,2013-03-01,1,3,2013
3/2/2013,1399,2013-03-02,2,3,2013
3/3/2013,1467,2013-03-03,3,3,2013
3/4/2013,4764,2013-03-04,4,3,2013
3/5/2013,4086,2013-03-05,5,3,2013
3/6/2013,4089,2013-03-06,6,3,2013
3/7/2013,4168,2013-03-07,7,3,2013
3/8/2013,3516,2013-03-08,8,3,2013
3/9/2013,1815,2013-03-09,9,3,2013
3/10/2013,1713,2013-03-10,10,3,2013
3/11/2013,5309,2013-03-11,11,3,2013
3/12/2013,4552,2013-03-12,12,3,2013
3/13/2013,5014,2013-03-13,13,3,2013
3/14/2013,4791,2013-03-14,14,3,2013
3/15/2013,4783,2013-03-15,15,3,2013
3/16/2013,2088,2013-03-16,16,3,2013
3/17/2013,2231,2013-03-17,17,3,2013
3/18/2013,5687,2013-03-18,18,3,2013
3/19/2013,4769,2013-03-19,19,3,2013
3/20/2013,5451,2013-03-20,20,3,2013
3/21/2013,5071,2013-03-21,21,3,2013
3/22/2013,4659,2013-03-22,22,3,2013
3/23/2013,2293,2013-03-23,23,3,2013
3/24/2013,1830,2013-03-24,24,3,2013
3/25/2013,6469,2013-03-25,25,3,2013
3/26/2013,4982,2013-03-26,26,3,2013
3/27/2013,4730,2013-03-27,27,3,2013
3/28/2013,3537,2013-03-28,28,3,2013
3/29/2013,1836,2013-03-29,29,3,2013
3/30/2013,1628,2013-03-30,30,3,2013
3/31/2013,1796,2013-03-31,31,3,2013
4/1/2013,6253,2013-04-01,1,4,2013
4/2/2013,5472,2013-04-02,2,4,2013
4/3/2013,5454,2013-04-03,3,4,2013
4/4/2013,5633,2013-04-04,4,4,2013
4/5/2013,4385,2013-04-05,5,4,2013
4/6/2013,2148,2013-04-06,6,4,2013
4/7/2013,1998,2013-04-07,7,4,2013
4/8/2013,6932,2013-04-08,8,4,2013
4/9/2013,5992,2013-04-09,9,4,2013
4/10/2013,5683,2013-04-10,10,4,2013
4/11/2013,5443,2013-04-11,11,4,2013
4/12/2013,5264,2013-04-12,12,4,2013
4/13/2013,2015,2013-04-13,13,4,2013
4/14/2013,2051,2013-04-14,14,4,2013
4/15/2013,6448,2013-04-15,15,4,2013
4/16/2013,5720,2013-04-16,16,4,2013
4/17/2013,5476,2013-04-17,17,4,2013
4/18/2013,5176,2013-04-18,18,4,2013
4/19/2013,4691,2013-04-19,19,4,2013
4/20/2013,2038,2013-04-20,20,4,2013
4/21/2013,1731,2013-04-21,21,4,2013
4/22/2013,5760,2013-04-22,22,4,2013
4/23/2013,4702,2013-04-23,23,4,2013
4/24/2013,4522,2013-04-24,24,4,2013
4/25/2013,3996,2013-04-25,25,4,2013
4/26/2013,3666,2013-04-26,26,4,2013
4/27/2013,1295,2013-04-27,27,4,2013
4/28/2013,1304,2013-04-28,28,4,2013
4/29/2013,4426,2013-04-29,29,4,2013
4/30/2013,3461,2013-04-30,30,4,2013
5/1/2013,1203,2013-05-01,1,5,2013
5/2/2013,3405,2013-05-02,2,5,2013
5/3/2013,2756,2013-05-03,3,5,2013
5/4/2013,1095,2013-05-04,4,5,2013
5/5/2013,1027,2013-05-05,5,5,2013
5/6/2013,3459,2013-05-06,6,5,2013
5/7/2013,2481,2013-05-07,7,5,2013
5/8/2013,2261,2013-05-08,8,5,2013
5/9/2013,2118,2013-05-09,9,5,2013
5/10/2013,2088,2013-05-10,10,5,2013
5/11/2013,876,2013-05-11,11,5,2013
5/12/2013,820,2013-05-12,12,5,2013
5/13/2013,3038,2013-05-13,13,5,2013
5/14/2013,2693,2013-05-14,14,5,2013
5/15/2013,2590,2013-05-15,15,5,2013
5/16/2013,2418,2013-05-16,16,5,2013
5/17/2013,2063,2013-05-17,17,5,2013
5/18/2013,761,2013-05-18,18,5,2013
5/19/2013,664,2013-05-19,19,5,2013
5/20/2013,2603,2013-05-20,20,5,2013
5/21/2013,2145,2013-05-21,21,5,2013
5/22/2013,1940,2013-05-22,22,5,2013
5/23/2013,1727,2013-05-23,23,5,2013
5/24/2013,1304,2013-05-24,24,5,2013
5/25/2013,461,2013-05-25,25,5,2013
5/26/2013,433,2013-05-26,26,5,2013
5/27/2013,1663,2013-05-27,27,5,2013
5/28/2013,1304,2013-05-28,28,5,2013
5/29/2013,966,2013-05-29,29,5,2013
5/30/2013,360,2013-05-30,30,5,2013
5/31/2013,518,2013-05-31,31,5,2013
6/1/2013,364,2013-06-01,1,6,2013
6/2/2013,285,2013-06-02,2,6,2013
6/3/2013,1411,2013-06-03,3,6,2013
6/4/2013,954,2013-06-04,4,6,2013
6/5/2013,964,2013-06-05,5,6,2013
6/6/2013,911,2013-06-06,6,6,2013
6/7/2013,863,2013-06-07,7,6,2013
6/8/2013,309,2013-06-08,8,6,2013
6/9/2013,242,2013-06-09,9,6,2013
6/10/2013,1096,2013-06-10,10,6,2013
6/11/2013,897,2013-06-11,11,6,2013
6/12/2013,879,2013-06-12,12,6,2013
6/13/2013,692,2013-06-13,13,6,2013
6/14/2013,695,2013-06-14,14,6,2013
6/15/2013,226,2013-06-15,15,6,2013
6/16/2013,194,2013-06-16,16,6,2013
6/17/2013,707,2013-06-17,17,6,2013
6/18/2013,638,2013-06-18,18,6,2013
6/19/2013,622,2013-06-19,19,6,2013
6/20/2013,572,2013-06-20,20,6,2013
6/21/2013,489,2013-06-21,21,6,2013
6/22/2013,169,2013-06-22,22,6,2013
6/23/2013,166,2013-06-23,23,6,2013
6/24/2013,550,2013-06-24,24,6,2013
6/25/2013,464,2013-06-25,25,6,2013
6/26/2013,425,2013-06-26,26,6,2013
6/27/2013,343,2013-06-27,27,6,2013
6/28/2013,358,2013-06-28,28,6,2013
6/29/2013,147,2013-06-29,29,6,2013
6/30/2013,135,2013-06-30,30,6,2013
7/1/2013,514,2013-07-01,1,7,2013
7/2/2013,358,2013-07-02,2,7,2013
7/3/2013,349,2013-07-03,3,7,2013
7/4/2013,392,2013-07-04,4,7,2013
7/5/2013,312,2013-07-05,5,7,2013
7/6/2013,96,2013-07-06,6,7,2013
7/7/2013,92,2013-07-07,7,7,2013
7/8/2013,200,2013-07-08,8,7,2013
7/9/2013,101,2013-07-09,9,7,2013
7/10/2013,389,2013-07-10,10,7,2013
7/11/2013,281,2013-07-11,11,7,2013
7/12/2013,312,2013-07-12,12,7,2013
7/13/2013,75,2013-07-13,13,7,2013
7/14/2013,88,2013-07-14,14,7,2013
7/15/2013,319,2013-07-15,15,7,2013
7/16/2013,293,2013-07-16,16,7,2013
7/17/2013,290,2013-07-17,17,7,2013
7/18/2013,221,2013-07-18,18,7,2013
7/19/2013,203,2013-07-19,19,7,2013
7/20/2013,94,2013-07-20,20,7,2013
7/21/2013,74,2013-07-21,21,7,2013
7/22/2013,241,2013-07-22,22,7,2013
7/23/2013,165,2013-07-23,23,7,2013
7/24/2013,126,2013-07-24,24,7,2013
7/25/2013,98,2013-07-25,25,7,2013
7/26/2013,88,2013-07-26,26,7,2013
7/27/2013,37,2013-07-27,27,7,2013
7/28/2013,30,2013-07-28,28,7,2013
7/29/2013,139,2013-07-29,29,7,2013
7/30/2013,160,2013-07-30,30,7,2013
7/31/2013,151,2013-07-31,31,7,2013
8/1/2013,149,2013-08-01,1,8,2013
8/2/2013,120,2013-08-02,2,8,2013
8/3/2013,58,2013-08-03,3,8,2013
8/4/2013,43,2013-08-04,4,8,2013
8/5/2013,191,2013-08-05,5,8,2013
8/6/2013,170,2013-08-06,6,8,2013
8/7/2013,210,2013-08-07,7,8,2013
8/8/2013,202,2013-08-08,8,8,2013
8/9/2013,170,2013-08-09,9,8,2013
8/10/2013,51,2013-08-10,10,8,2013
8/11/2013,40,2013-08-11,11,8,2013
8/12/2013,182,2013-08-12,12,8,2013
8/13/2013,201,2013-08-13,13,8,2013
8/14/2013,141,2013-08-14,14,8,2013
8/15/2013,106,2013-08-15,15,8,2013
8/16/2013,98,2013-08-16,16,8,2013
8/17/2013,42,2013-08-17,17,8,2013
8/18/2013,39,2013-08-18,18,8,2013
8/19/2013,148,2013-08-19,19,8,2013
8/20/2013,157,2013-08-20,20,8,2013
8/21/2013,131,2013-08-21,21,8,2013
8/22/2013,138,2013-08-22,22,8,2013
8/23/2013,120,2013-08-23,23,8,2013
8/24/2013,38,2013-08-24,24,8,2013
8/25/2013,57,2013-08-25,25,8,2013
8/26/2013,163,2013-08-26,26,8,2013
8/27/2013,127,2013-08-27,27,8,2013
8/28/2013,94,2013-08-28,28,8,2013
8/29/2013,109,2013-08-29,29,8,2013
8/30/2013,103,2013-08-30,30,8,2013
8/31/2013,49,2013-08-31,31,8,2013
9/1/2013,44,2013-09-01,1,9,2013
9/2/2013,155,2013-09-02,2,9,2013
9/3/2013,152,2013-09-03,3,9,2013
9/4/2013,104,2013-09-04,4,9,2013
9/5/2013,118,2013-09-05,5,9,2013
9/6/2013,97,2013-09-06,6,9,2013
9/7/2013,47,2013-09-07,7,9,2013
9/8/2013,28,2013-09-08,8,9,2013
9/9/2013,175,2013-09-09,9,9,2013
9/10/2013,127,2013-09-10,10,9,2013
9/11/2013,131,2013-09-11,11,9,2013
9/12/2013,106,2013-09-12,12,9,2013
9/13/2013,150,2013-09-13,13,9,2013
9/14/2013,32,2013-09-14,14,9,2013
9/15/2013,39,2013-09-15,15,9,2013
9/16/2013,197,2013-09-16,16,9,2013
9/17/2013,121,2013-09-17,17,9,2013
9/18/2013,121,2013-09-18,18,9,2013
9/19/2013,141,2013-09-19,19,9,2013
9/20/2013,148,2013-09-20,20,9,2013
9/21/2013,55,2013-09-21,21,9,2013
9/22/2013,55,2013-09-22,22,9,2013
9/23/2013,202,2013-09-23,23,9,2013
9/24/2013,165,2013-09-24,24,9,2013
9/25/2013,127,2013-09-25,25,9,2013
9/26/2013,146,2013-09-26,26,9,2013
9/27/2013,101,2013-09-27,27,9,2013
9/28/2013,36,2013-09-28,28,9,2013
9/29/2013,32,2013-09-29,29,9,2013
9/30/2013,149,2013-09-30,30,9,2013
10/1/2013,128,2013-10-01,1,10,2013
10/2/2013,144,2013-10-02,2,10,2013
10/3/2013,143,2013-10-03,3,10,2013
10/4/2013,107,2013-10-04,4,10,2013
10/5/2013,35,2013-10-05,5,10,2013
10/6/2013,40,2013-10-06,6,10,2013
10/7/2013,151,2013-10-07,7,10,2013
10/8/2013,121,2013-10-08,8,10,2013
10/9/2013,157,2013-10-09,9,10,2013
10/10/2013,151,2013-10-10,10,10,2013
10/11/2013,104,2013-10-11,11,10,2013
10/12/2013,28,2013-10-12,12,10,2013
10/13/2013,42,2013-10-13,13,10,2013
10/14/2013,162,2013-10-14,14,10,2013
10/15/2013,136,2013-10-15,15,10,2013
10/16/2013,130,2013-10-16,16,10,2013
10/17/2013,140,2013-10-17,17,10,2013
10/18/2013,141,2013-10-18,18,10,2013
10/19/2013,46,2013-10-19,19,10,2013
10/20/2013,52,2013-10-20,20,10,2013
10/21/2013,177,2013-10-21,21,10,2013
10/22/2013,166,2013-10-22,22,10,2013
10/23/2013,159,2013-10-23,23,10,2013
10/24/2013,184,2013-10-24,24,10,2013
10/25/2013,154,2013-10-25,25,10,2013
10/26/2013,53,2013-10-26,26,10,2013
10/27/2013,68,2013-10-27,27,10,2013
10/28/2013,92,2013-10-28,28,10,2013
10/29/2013,192,2013-10-29,29,10,2013
10/30/2013,190,2013-10-30,30,10,2013
10/31/2013,178,2013-10-31,31,10,2013
11/1/2013,144,2013-11-01,1,11,2013
11/2/2013,62,2013-11-02,2,11,2013
11/3/2013,56,2013-11-03,3,11,2013
11/4/2013,170,2013-11-04,4,11,2013
11/5/2013,155,2013-11-05,5,11,2013
11/6/2013,176,2013-11-06,6,11,2013
11/7/2013,154,2013-11-07,7,11,2013
11/8/2013,129,2013-11-08,8,11,2013
11/9/2013,55,2013-11-09,9,11,2013
11/10/2013,59,2013-11-10,10,11,2013
11/11/2013,232,2013-11-11,11,11,2013
11/12/2013,199,2013-11-12,12,11,2013
11/13/2013,185,2013-11-13,13,11,2013
11/14/2013,206,2013-11-14,14,11,2013
11/15/2013,53,2013-11-15,15,11,2013
11/16/2013,62,2013-11-16,16,11,2013
11/17/2013,46,2013-11-17,17,11,2013
11/18/2013,214,2013-11-18,18,11,2013
11/19/2013,172,2013-11-19,19,11,2013
11/20/2013,146,2013-11-20,20,11,2013
11/21/2013,252,2013-11-21,21,11,2013
11/22/2013,219,2013-11-22,22,11,2013
11/23/2013,62,2013-11-23,23,11,2013
11/24/2013,51,2013-11-24,24,11,2013
11/25/2013,250,2013-11-25,25,11,2013
11/26/2013,215,2013-11-26,26,11,2013
11/27/2013,224,2013-11-27,27,11,2013
11/28/2013,234,2013-11-28,28,11,2013
11/29/2013,222,2013-11-29,29,11,2013
11/30/2013,70,2013-11-30,30,11,2013
12/1/2013,83,2013-12-01,1,12,2013
12/2/2013,250,2013-12-02,2,12,2013
12/3/2013,210,2013-12-03,3,12,2013
12/4/2013,226,2013-12-04,4,12,2013
12/5/2013,212,2013-12-05,5,12,2013
12/6/2013,194,2013-12-06,6,12,2013
12/7/2013,90,2013-12-07,7,12,2013
12/8/2013,89,2013-12-08,8,12,2013
12/9/2013,288,2013-12-09,9,12,2013
12/10/2013,262,2013-12-10,10,12,2013
12/11/2013,244,2013-12-11,11,12,2013
12/12/2013,208,2013-12-12,12,12,2013
12/13/2013,227,2013-12-13,13,12,2013
12/14/2013,102,2013-12-14,14,12,2013
12/15/2013,78,2013-12-15,15,12,2013
12/16/2013,277,2013-12-16,16,12,2013
12/17/2013,247,2013-12-17,17,12,2013
12/18/2013,252,2013-12-18,18,12,2013
12/19/2013,237,2013-12-19,19,12,2013
12/20/2013,240,2013-12-20,20,12,2013
12/21/2013,93,2013-12-21,21,12,2013
12/22/2013,80,2013-12-22,22,12,2013
12/23/2013,144,2013-12-23,23,12,2013
12/24/2013,66,2013-12-24,24,12,2013
12/25/2013,64,2013-12-25,25,12,2013
12/26/2013,237,2013-12-26,26,12,2013
12/27/2013,238,2013-12-27,27,12,2013
12/28/2013,100,2013-12-28,28,12,2013
12/29/2013,74,2013-12-29,29,12,2013
12/30/2013,181,2013-12-30,30,12,2013
12/31/2013,62,2013-12-31,31,12,2013
1/1/2014,63,2014-01-01,1,1,2014
1/2/2014,195,2014-01-02,2,1,2014
1/3/2014,202,2014-01-03,3,1,2014
1/4/2014,90,2014-01-04,4,1,2014
1/5/2014,85,2014-01-05,5,1,2014
1/6/2014,246,2014-01-06,6,1,2014
1/7/2014,236,2014-01-07,7,1,2014
1/8/2014,277,2014-01-08,8,1,2014
1/9/2014,266,2014-01-09,9,1,2014
1/10/2014,242,2014-01-10,10,1,2014
1/11/2014,105,2014-01-11,11,1,2014
1/12/2014,106,2014-01-12,12,1,2014
1/13/2014,307,2014-01-13,13,1,2014
1/14/2014,304,2014-01-14,14,1,2014
1/15/2014,301,2014-01-15,15,1,2014
1/16/2014,320,2014-01-16,16,1,2014
1/17/2014,330,2014-01-17,17,1,2014
1/18/2014,129,2014-01-18,18,1,2014
1/19/2014,120,2014-01-19,19,1,2014
1/20/2014,399,2014-01-20,20,1,2014
1/21/2014,396,2014-01-21,21,1,2014
1/22/2014,423,2014-01-22,22,1,2014
1/23/2014,373,2014-01-23,23,1,2014
1/24/2014,346,2014-01-24,24,1,2014
1/25/2014,134,2014-01-25,25,1,2014
1/26/2014,143,2014-01-26,26,1,2014
1/27/2014,469,2014-01-27,27,1,2014
1/28/2014,488,2014-01-28,28,1,2014
1/29/2014,515,2014-01-29,29,1,2014
1/30/2014,524,2014-01-30,30,1,2014
1/31/2014,488,2014-01-31,31,1,2014
2/1/2014,196,2014-02-01,1,2,2014
2/2/2014,164,2014-02-02,2,2,2014
2/3/2014,595,2014-02-03,3,2,2014
2/4/2014,603,2014-02-04,4,2,2014
2/5/2014,583,2014-02-05,5,2,2014
2/6/2014,564,2014-02-06,6,2,2014
2/7/2014,572,2014-02-07,7,2,2014
2/8/2014,182,2014-02-08,8,2,2014
2/9/2014,221,2014-02-09,9,2,2014
2/10/2014,785,2014-02-10,10,2,2014
2/11/2014,750,2014-02-11,11,2,2014
2/12/2014,833,2014-02-12,12,2,2014
2/13/2014,859,2014-02-13,13,2,2014
2/14/2014,715,2014-02-14,14,2,2014
2/15/2014,295,2014-02-15,15,2,2014
2/16/2014,274,2014-02-16,16,2,2014
2/17/2014,1032,2014-02-17,17,2,2014
2/18/2014,884,2014-02-18,18,2,2014
2/19/2014,1008,2014-02-19,19,2,2014
2/20/2014,1168,2014-02-20,20,2,2014
2/21/2014,975,2014-02-21,21,2,2014
2/22/2014,397,2014-02-22,22,2,2014
2/23/2014,305,2014-02-23,23,2,2014
2/24/2014,1257,2014-02-24,24,2,2014
2/25/2014,1150,2014-02-25,25,2,2014
2/26/2014,1064,2014-02-26,26,2,2014
2/27/2014,1106,2014-02-27,27,2,2014
2/28/2014,981,2014-02-28,28,2,2014
3/1/2014,450,2014-03-01,1,3,2014
3/2/2014,334,2014-03-02,2,3,2014
3/3/2014,548,2014-03-03,3,3,2014
3/4/2014,496,2014-03-04,4,3,2014
3/5/2014,1023,2014-03-05,5,3,2014
3/6/2014,1433,2014-03-06,6,3,2014
3/7/2014,1281,2014-03-07,7,3,2014
3/8/2014,542,2014-03-08,8,3,2014
3/9/2014,450,2014-03-09,9,3,2014
3/10/2014,1454,2014-03-10,10,3,2014
3/11/2014,1424,2014-03-11,11,3,2014
3/12/2014,1368,2014-03-12,12,3,2014
3/13/2014,1556,2014-03-13,13,3,2014
3/14/2014,1483,2014-03-14,14,3,2014
3/15/2014,716,2014-03-15,15,3,2014
3/16/2014,599,2014-03-16,16,3,2014
3/17/2014,1955,2014-03-17,17,3,2014
3/18/2014,1955,2014-03-18,18,3,2014
3/19/2014,1800,2014-03-19,19,3,2014
3/20/2014,1999,2014-03-20,20,3,2014
3/21/2014,1863,2014-03-21,21,3,2014
3/22/2014,868,2014-03-22,22,3,2014
3/23/2014,841,2014-03-23,23,3,2014
3/24/2014,2595,2014-03-24,24,3,2014
3/25/2014,2469,2014-03-25,25,3,2014
3/26/2014,2669,2014-03-26,26,3,2014
3/27/2014,2854,2014-03-27,27,3,2014
3/28/2014,2971,2014-03-28,28,3,2014
3/29/2014,1359,2014-03-29,29,3,2014
3/30/2014,1115,2014-03-30,30,3,2014
3/31/2014,3610,2014-03-31,31,3,2014
4/1/2014,3336,2014-04-01,1,4,2014
4/2/2014,3778,2014-04-02,2,4,2014
4/3/2014,3416,2014-04-03,3,4,2014
4/4/2014,3354,2014-04-04,4,4,2014
4/5/2014,1441,2014-04-05,5,4,2014
4/6/2014,1287,2014-04-06,6,4,2014
4/7/2014,4529,2014-04-07,7,4,2014
4/8/2014,4436,2014-04-08,8,4,2014
4/9/2014,4674,2014-04-09,9,4,2014
4/10/2014,5328,2014-04-10,10,4,2014
4/11/2014,4874,2014-04-11,11,4,2014
4/12/2014,2242,2014-04-12,12,4,2014
4/13/2014,1676,2014-04-13,13,4,2014
4/14/2014,6208,2014-04-14,14,4,2014
4/15/2014,4920,2014-04-15,15,4,2014
4/16/2014,5404,2014-04-16,16,4,2014
4/17/2014,4456,2014-04-17,17,4,2014
4/18/2014,2677,2014-04-18,18,4,2014
4/19/2014,2603,2014-04-19,19,4,2014
4/20/2014,2178,2014-04-20,20,4,2014
4/21/2014,3081,2014-04-21,21,4,2014
4/22/2014,7345,2014-04-22,22,4,2014
4/23/2014,6471,2014-04-23,23,4,2014
4/24/2014,6452,2014-04-24,24,4,2014
4/25/2014,5820,2014-04-25,25,4,2014
4/26/2014,2808,2014-04-26,26,4,2014
4/27/2014,1790,2014-04-27,27,4,2014
4/28/2014,6598,2014-04-28,28,4,2014
4/29/2014,5844,2014-04-29,29,4,2014
4/30/2014,6248,2014-04-30,30,4,2014
5/1/2014,2733,2014-05-01,1,5,2014
5/2/2014,4184,2014-05-02,2,5,2014
5/3/2014,2568,2014-05-03,3,5,2014
5/4/2014,1747,2014-05-04,4,5,2014
5/5/2014,6662,2014-05-05,5,5,2014
5/6/2014,5443,2014-05-06,6,5,2014
5/7/2014,5013,2014-05-07,7,5,2014
5/8/2014,4535,2014-05-08,8,5,2014
5/9/2014,4082,2014-05-09,9,5,2014
5/10/2014,1745,2014-05-10,10,5,2014
5/11/2014,1114,2014-05-11,11,5,2014
5/12/2014,4544,2014-05-12,12,5,2014
5/13/2014,4145,2014-05-13,13,5,2014
5/14/2014,4348,2014-05-14,14,5,2014
5/15/2014,4056,2014-05-15,15,5,2014
5/16/2014,3801,2014-05-16,16,5,2014
5/17/2014,1659,2014-05-17,17,5,2014
5/18/2014,1151,2014-05-18,18,5,2014
5/19/2014,4404,2014-05-19,19,5,2014
5/20/2014,3989,2014-05-20,20,5,2014
5/21/2014,3479,2014-05-21,21,5,2014
5/22/2014,3450,2014-05-22,22,5,2014
5/23/2014,2667,2014-05-23,23,5,2014
5/24/2014,1055,2014-05-24,24,5,2014
5/25/2014,828,2014-05-25,25,5,2014
5/26/2014,3196,2014-05-26,26,5,2014
5/27/2014,2669,2014-05-27,27,5,2014
5/28/2014,2541,2014-05-28,28,5,2014
5/29/2014,2638,2014-05-29,29,5,2014
5/30/2014,2298,2014-05-30,30,5,2014
5/31/2014,863,2014-05-31,31,5,2014
6/1/2014,758,2014-06-01,1,6,2014
6/2/2014,2422,2014-06-02,2,6,2014
6/3/2014,2123,2014-06-03,3,6,2014
6/4/2014,1733,2014-06-04,4,6,2014
6/5/2014,1802,2014-06-05,5,6,2014
6/6/2014,1513,2014-06-06,6,6,2014
6/7/2014,689,2014-06-07,7,6,2014
6/8/2014,517,2014-06-08,8,6,2014
6/9/2014,1759,2014-06-09,9,6,2014
6/10/2014,1877,2014-06-10,10,6,2014
6/11/2014,1462,2014-06-11,11,6,2014
6/12/2014,963,2014-06-12,12,6,2014
6/13/2014,1234,2014-06-13,13,6,2014
6/14/2014,511,2014-06-14,14,6,2014
6/15/2014,441,2014-06-15,15,6,2014
6/16/2014,1665,2014-06-16,16,6,2014
6/17/2014,951,2014-06-17,17,6,2014
6/18/2014,1237,2014-06-18,18,6,2014
6/19/2014,427,2014-06-19,19,6,2014
6/20/2014,660,2014-06-20,20,6,2014
6/21/2014,362,2014-06-21,21,6,2014
6/22/2014,330,2014-06-22,22,6,2014
6/23/2014,990,2014-06-23,23,6,2014
6/24/2014,1115,2014-06-24,24,6,2014
6/25/2014,1185,2014-06-25,25,6,2014
6/26/2014,1041,2014-06-26,26,6,2014
6/27/2014,963,2014-06-27,27,6,2014
6/28/2014,293,2014-06-28,28,6,2014
6/29/2014,283,2014-06-29,29,6,2014
6/30/2014,892,2014-06-30,30,6,2014
7/1/2014,734,2014-07-01,1,7,2014
7/2/2014,701,2014-07-02,2,7,2014
7/3/2014,762,2014-07-03,3,7,2014
7/4/2014,496,2014-07-04,4,7,2014
7/5/2014,297,2014-07-05,5,7,2014
7/6/2014,221,2014-07-06,6,7,2014
7/7/2014,827,2014-07-07,7,7,2014
7/8/2014,472,2014-07-08,8,7,2014
7/9/2014,248,2014-07-09,9,7,2014
7/10/2014,596,2014-07-10,10,7,2014
7/11/2014,507,2014-07-11,11,7,2014
7/12/2014,198,2014-07-12,12,7,2014
7/13/2014,183,2014-07-13,13,7,2014
7/14/2014,640,2014-07-14,14,7,2014
7/15/2014,561,2014-07-15,15,7,2014
7/16/2014,507,2014-07-16,16,7,2014
7/17/2014,600,2014-07-17,17,7,2014
7/18/2014,482,2014-07-18,18,7,2014
7/19/2014,145,2014-07-19,19,7,2014
7/20/2014,161,2014-07-20,20,7,2014
7/21/2014,486,2014-07-21,21,7,2014
7/22/2014,530,2014-07-22,22,7,2014
7/23/2014,503,2014-07-23,23,7,2014
7/24/2014,440,2014-07-24,24,7,2014
7/25/2014,316,2014-07-25,25,7,2014
7/26/2014,128,2014-07-26,26,7,2014
7/27/2014,96,2014-07-27,27,7,2014
7/28/2014,421,2014-07-28,28,7,2014
7/29/2014,451,2014-07-29,29,7,2014
7/30/2014,363,2014-07-30,30,7,2014
7/31/2014,326,2014-07-31,31,7,2014
8/1/2014,351,2014-08-01,1,8,2014
8/2/2014,130,2014-08-02,2,8,2014
8/3/2014,121,2014-08-03,3,8,2014
8/4/2014,500,2014-08-04,4,8,2014
8/5/2014,336,2014-08-05,5,8,2014
8/6/2014,334,2014-08-06,6,8,2014
8/7/2014,308,2014-08-07,7,8,2014
8/8/2014,265,2014-08-08,8,8,2014
8/9/2014,103,2014-08-09,9,8,2014
8/10/2014,133,2014-08-10,10,8,2014
8/11/2014,341,2014-08-11,11,8,2014
8/12/2014,333,2014-08-12,12,8,2014
8/13/2014,332,2014-08-13,13,8,2014
8/14/2014,272,2014-08-14,14,8,2014
8/15/2014,244,2014-08-15,15,8,2014
8/16/2014,114,2014-08-16,16,8,2014
8/17/2014,86,2014-08-17,17,8,2014
8/18/2014,397,2014-08-18,18,8,2014
8/19/2014,292,2014-08-19,19,8,2014
8/20/2014,282,2014-08-20,20,8,2014
8/21/2014,271,2014-08-21,21,8,2014
8/22/2014,293,2014-08-22,22,8,2014
8/23/2014,105,2014-08-23,23,8,2014
8/24/2014,114,2014-08-24,24,8,2014
8/25/2014,353,2014-08-25,25,8,2014
8/26/2014,332,2014-08-26,26,8,2014
8/27/2014,284,2014-08-27,27,8,2014
8/28/2014,300,2014-08-28,28,8,2014
8/29/2014,223,2014-08-29,29,8,2014
8/30/2014,104,2014-08-30,30,8,2014
8/31/2014,75,2014-08-31,31,8,2014
9/1/2014,276,2014-09-01,1,9,2014
9/2/2014,340,2014-09-02,2,9,2014
9/3/2014,271,2014-09-03,3,9,2014
9/4/2014,269,2014-09-04,4,9,2014
9/5/2014,220,2014-09-05,5,9,2014
9/6/2014,94,2014-09-06,6,9,2014
9/7/2014,75,2014-09-07,7,9,2014
9/8/2014,333,2014-09-08,8,9,2014
9/9/2014,296,2014-09-09,9,9,2014
9/10/2014,342,2014-09-10,10,9,2014
9/11/2014,277,2014-09-11,11,9,2014
9/12/2014,291,2014-09-12,12,9,2014
9/13/2014,104,2014-09-13,13,9,2014
9/14/2014,98,2014-09-14,14,9,2014
9/15/2014,364,2014-09-15,15,9,2014
9/16/2014,340,2014-09-16,16,9,2014
9/17/2014,319,2014-09-17,17,9,2014
9/18/2014,297,2014-09-18,18,9,2014
9/19/2014,280,2014-09-19,19,9,2014
9/20/2014,86,2014-09-20,20,9,2014
9/21/2014,70,2014-09-21,21,9,2014
9/22/2014,345,2014-09-22,22,9,2014
9/23/2014,291,2014-09-23,23,9,2014
9/24/2014,338,2014-09-24,24,9,2014
9/25/2014,260,2014-09-25,25,9,2014
9/26/2014,272,2014-09-26,26,9,2014
9/27/2014,106,2014-09-27,27,9,2014
9/28/2014,112,2014-09-28,28,9,2014
9/29/2014,362,2014-09-29,29,9,2014
9/30/2014,346,2014-09-30,30,9,2014
10/1/2014,326,2014-10-01,1,10,2014
10/2/2014,329,2014-10-02,2,10,2014
10/3/2014,275,2014-10-03,3,10,2014
10/4/2014,93,2014-10-04,4,10,2014
10/5/2014,93,2014-10-05,5,10,2014
10/6/2014,340,2014-10-06,6,10,2014
10/7/2014,302,2014-10-07,7,10,2014
10/8/2014,296,2014-10-08,8,10,2014
10/9/2014,337,2014-10-09,9,10,2014
10/10/2014,361,2014-10-10,10,10,2014
10/11/2014,136,2014-10-11,11,10,2014
10/12/2014,111,2014-10-12,12,10,2014
10/13/2014,385,2014-10-13,13,10,2014
10/14/2014,366,2014-10-14,14,10,2014
10/15/2014,298,2014-10-15,15,10,2014
10/16/2014,360,2014-10-16,16,10,2014
10/17/2014,344,2014-10-17,17,10,2014
10/18/2014,112,2014-10-18,18,10,2014
10/19/2014,118,2014-10-19,19,10,2014
10/20/2014,432,2014-10-20,20,10,2014
10/21/2014,393,2014-10-21,21,10,2014
10/22/2014,334,2014-10-22,22,10,2014
10/23/2014,325,2014-10-23,23,10,2014
10/24/2014,322,2014-10-24,24,10,2014
10/25/2014,133,2014-10-25,25,10,2014
10/26/2014,108,2014-10-26,26,10,2014
10/27/2014,271,2014-10-27,27,10,2014
10/28/2014,381,2014-10-28,28,10,2014
10/29/2014,426,2014-10-29,29,10,2014
10/30/2014,315,2014-10-30,30,10,2014
10/31/2014,260,2014-10-31,31,10,2014
11/1/2014,131,2014-11-01,1,11,2014
11/2/2014,111,2014-11-02,2,11,2014
11/3/2014,412,2014-11-03,3,11,2014
11/4/2014,310,2014-11-04,4,11,2014
11/5/2014,358,2014-11-05,5,11,2014
11/6/2014,345,2014-11-06,6,11,2014
11/7/2014,291,2014-11-07,7,11,2014
11/8/2014,119,2014-11-08,8,11,2014
11/9/2014,112,2014-11-09,9,11,2014
11/10/2014,384,2014-11-10,10,11,2014
11/11/2014,399,2014-11-11,11,11,2014
11/12/2014,416,2014-11-12,12,11,2014
11/13/2014,392,2014-11-13,13,11,2014
11/14/2014,298,2014-11-14,14,11,2014
11/15/2014,91,2014-11-15,15,11,2014
11/16/2014,91,2014-11-16,16,11,2014
11/17/2014,388,2014-11-17,17,11,2014
11/18/2014,353,2014-11-18,18,11,2014
11/19/2014,369,2014-11-19,19,11,2014
11/20/2014,224,2014-11-20,20,11,2014
11/21/2014,299,2014-11-21,21,11,2014
11/22/2014,108,2014-11-22,22,11,2014
11/23/2014,97,2014-11-23,23,11,2014
11/24/2014,420,2014-11-24,24,11,2014
11/25/2014,427,2014-11-25,25,11,2014
11/26/2014,349,2014-11-26,26,11,2014
11/27/2014,357,2014-11-27,27,11,2014
11/28/2014,302,2014-11-28,28,11,2014
11/29/2014,109,2014-11-29,29,11,2014
11/30/2014,117,2014-11-30,30,11,2014
12/1/2014,440,2014-12-01,1,12,2014
12/2/2014,397,2014-12-02,2,12,2014
12/3/2014,400,2014-12-03,3,12,2014
12/4/2014,336,2014-12-04,4,12,2014
12/5/2014,289,2014-12-05,5,12,2014
12/6/2014,142,2014-12-06,6,12,2014
12/7/2014,123,2014-12-07,7,12,2014
12/8/2014,443,2014-12-08,8,12,2014
12/9/2014,457,2014-12-09,9,12,2014
12/10/2014,413,2014-12-10,10,12,2014
12/11/2014,358,2014-12-11,11,12,2014
12/12/2014,377,2014-12-12,12,12,2014
12/13/2014,144,2014-12-13,13,12,2014
12/14/2014,115,2014-12-14,14,12,2014
12/15/2014,524,2014-12-15,15,12,2014
12/16/2014,495,2014-12-16,16,12,2014
12/17/2014,409,2014-12-17,17,12,2014
12/18/2014,415,2014-12-18,18,12,2014
12/19/2014,353,2014-12-19,19,12,2014
12/20/2014,153,2014-12-20,20,12,2014
12/21/2014,159,2014-12-21,21,12,2014
12/22/2014,489,2014-12-22,22,12,2014
12/23/2014,323,2014-12-23,23,12,2014
12/24/2014,148,2014-12-24,24,12,2014
12/25/2014,132,2014-12-25,25,12,2014
12/26/2014,243,2014-12-26,26,12,2014
12/27/2014,221,2014-12-27,27,12,2014
12/28/2014,228,2014-12-28,28,12,2014
12/29/2014,787,2014-12-29,29,12,2014
12/30/2014,596,2014-12-30,30,12,2014
12/31/2014,247,2014-12-31,31,12,2014
1/1/2015,166,2015-01-01,1,1,2015
1/2/2015,377,2015-01-02,2,1,2015
1/3/2015,244,2015-01-03,3,1,2015
1/4/2015,315,2015-01-04,4,1,2015
1/5/2015,1158,2015-01-05,5,1,2015
1/6/2015,1041,2015-01-06,6,1,2015
1/7/2015,1027,2015-01-07,7,1,2015
1/8/2015,1059,2015-01-08,8,1,2015
1/9/2015,1045,2015-01-09,9,1,2015
1/10/2015,397,2015-01-10,10,1,2015
1/11/2015,378,2015-01-11,11,1,2015
1/12/2015,1518,2015-01-12,12,1,2015
1/13/2015,1350,2015-01-13,13,1,2015
1/14/2015,1411,2015-01-14,14,1,2015
1/15/2015,1501,2015-01-15,15,1,2015
1/16/2015,1403,2015-01-16,16,1,2015
1/17/2015,589,2015-01-17,17,1,2015
1/18/2015,542,2015-01-18,18,1,2015
1/19/2015,2223,2015-01-19,19,1,2015
1/20/2015,1945,2015-01-20,20,1,2015
1/21/2015,2315,2015-01-21,21,1,2015
1/22/2015,2224,2015-01-22,22,1,2015
1/23/2015,2267,2015-01-23,23,1,2015
1/24/2015,1099,2015-01-24,24,1,2015
1/25/2015,1002,2015-01-25,25,1,2015
1/26/2015,3829,2015-01-26,26,1,2015
1/27/2015,3284,2015-01-27,27,1,2015
1/28/2015,3501,2015-01-28,28,1,2015
1/29/2015,3722,2015-01-29,29,1,2015
1/30/2015,3515,2015-01-30,30,1,2015
1/31/2015,1546,2015-01-31,31,1,2015
2/1/2015,1385,2015-02-01,1,2,2015
2/2/2015,5454,2015-02-02,2,2,2015
2/3/2015,4811,2015-02-03,3,2,2015
2/4/2015,4216,2015-02-04,4,2,2015
2/5/2015,4457,2015-02-05,5,2,2015
2/6/2015,4332,2015-02-06,6,2,2015
2/7/2015,1897,2015-02-07,7,2,2015
2/8/2015,1811,2015-02-08,8,2,2015
2/9/2015,6761,2015-02-09,9,2,2015
2/10/2015,5885,2015-02-10,10,2,2015
2/11/2015,5881,2015-02-11,11,2,2015
2/12/2015,6070,2015-02-12,12,2,2015
2/13/2015,5494,2015-02-13,13,2,2015
2/14/2015,2661,2015-02-14,14,2,2015
2/15/2015,2246,2015-02-15,15,2,2015
2/16/2015,3405,2015-02-16,16,2,2015
2/17/2015,2885,2015-02-17,17,2,2015
2/18/2015,5914,2015-02-18,18,2,2015
2/19/2015,7314,2015-02-19,19,2,2015
2/20/2015,6927,2015-02-20,20,2,2015
2/21/2015,3336,2015-02-21,21,2,2015
2/22/2015,2937,2015-02-22,22,2,2015
2/23/2015,9836,2015-02-23,23,2,2015
2/24/2015,8734,2015-02-24,24,2,2015
2/25/2015,8374,2015-02-25,25,2,2015
2/26/2015,8109,2015-02-26,26,2,2015
2/27/2015,7932,2015-02-27,27,2,2015
2/28/2015,4079,2015-02-28,28,2,2015
3/1/2015,3445,2015-03-01,1,3,2015
3/2/2015,10774,2015-03-02,2,3,2015
3/3/2015,10652,2015-03-03,3,3,2015
3/4/2015,10570,2015-03-04,4,3,2015
3/5/2015,10848,2015-03-05,5,3,2015
3/6/2015,9756,2015-03-06,6,3,2015
3/7/2015,4562,2015-03-07,7,3,2015
3/8/2015,3827,2015-03-08,8,3,2015
3/9/2015,12717,2015-03-09,9,3,2015
3/10/2015,11823,2015-03-10,10,3,2015
3/11/2015,12221,2015-03-11,11,3,2015
3/12/2015,12465,2015-03-12,12,3,2015
3/13/2015,12670,2015-03-13,13,3,2015
3/14/2015,5325,2015-03-14,14,3,2015
3/15/2015,4908,2015-03-15,15,3,2015
3/16/2015,15521,2015-03-16,16,3,2015
3/17/2015,14428,2015-03-17,17,3,2015
3/18/2015,13529,2015-03-18,18,3,2015
3/19/2015,12651,2015-03-19,19,3,2015
3/20/2015,12121,2015-03-20,20,3,2015
3/21/2015,5228,2015-03-21,21,3,2015
3/22/2015,4550,2015-03-22,22,3,2015
3/23/2015,16453,2015-03-23,23,3,2015
3/24/2015,14568,2015-03-24,24,3,2015
3/25/2015,14174,2015-03-25,25,3,2015
3/26/2015,13384,2015-03-26,26,3,2015
3/27/2015,12303,2015-03-27,27,3,2015
3/28/2015,5405,2015-03-28,28,3,2015
3/29/2015,4324,2015-03-29,29,3,2015
3/30/2015,14871,2015-03-30,30,3,2015
3/31/2015,12909,2015-03-31,31,3,2015
4/1/2015,11596,2015-04-01,1,4,2015
4/2/2015,8917,2015-04-02,2,4,2015
4/3/2015,4388,2015-04-03,3,4,2015
4/4/2015,4702,2015-04-04,4,4,2015
4/5/2015,3942,2015-04-05,5,4,2015
4/6/2015,14096,2015-04-06,6,4,2015
4/7/2015,11058,2015-04-07,7,4,2015
4/8/2015,11061,2015-04-08,8,4,2015
4/9/2015,11229,2015-04-09,9,4,2015
4/10/2015,11445,2015-04-10,10,4,2015
4/11/2015,5444,2015-04-11,11,4,2015
4/12/2015,4911,2015-04-12,12,4,2015
4/13/2015,14231,2015-04-13,13,4,2015
4/14/2015,12807,2015-04-14,14,4,2015
4/15/2015,11975,2015-04-15,15,4,2015
4/16/2015,11707,2015-04-16,16,4,2015
4/17/2015,10127,2015-04-17,17,4,2015
4/18/2015,4587,2015-04-18,18,4,2015
4/19/2015,3992,2015-04-19,19,4,2015
4/20/2015,8034,2015-04-20,20,4,2015
4/21/2015,5024,2015-04-21,21,4,2015
4/22/2015,13189,2015-04-22,22,4,2015
4/23/2015,11601,2015-04-23,23,4,2015
4/24/2015,10471,2015-04-24,24,4,2015
4/25/2015,4401,2015-04-25,25,4,2015
4/26/2015,3595,2015-04-26,26,4,2015
4/27/2015,12680,2015-04-27,27,4,2015
4/28/2015,11578,2015-04-28,28,4,2015
4/29/2015,9386,2015-04-29,29,4,2015
4/30/2015,8548,2015-04-30,30,4,2015
5/1/2015,3669,2015-05-01,1,5,2015
5/2/2015,3581,2015-05-02,2,5,2015
5/3/2015,3291,2015-05-03,3,5,2015
5/4/2015,10853,2015-05-04,4,5,2015
5/5/2015,9214,2015-05-05,5,5,2015
5/6/2015,8342,2015-05-06,6,5,2015
5/7/2015,7403,2015-05-07,7,5,2015
5/8/2015,6100,2015-05-08,8,5,2015
5/9/2015,2742,2015-05-09,9,5,2015
5/10/2015,2154,2015-05-10,10,5,2015
5/11/2015,10109,2015-05-11,11,5,2015
5/12/2015,6203,2015-05-12,12,5,2015
5/13/2015,5767,2015-05-13,13,5,2015
5/14/2015,5096,2015-05-14,14,5,2015
5/15/2015,4543,2015-05-15,15,5,2015
5/16/2015,1947,2015-05-16,16,5,2015
5/17/2015,1669,2015-05-17,17,5,2015
5/18/2015,5528,2015-05-18,18,5,2015
5/19/2015,4526,2015-05-19,19,5,2015
5/20/2015,4107,2015-05-20,20,5,2015
5/21/2015,3809,2015-05-21,21,5,2015
5/22/2015,3315,2015-05-22,22,5,2015
5/23/2015,1353,2015-05-23,23,5,2015
5/24/2015,1139,2015-05-24,24,5,2015
5/25/2015,4246,2015-05-25,25,5,2015
5/26/2015,3687,2015-05-26,26,5,2015
5/27/2015,3264,2015-05-27,27,5,2015
5/28/2015,2744,2015-05-28,28,5,2015
5/29/2015,2276,2015-05-29,29,5,2015
5/30/2015,968,2015-05-30,30,5,2015
5/31/2015,682,2015-05-31,31,5,2015
6/1/2015,3018,2015-06-01,1,6,2015
6/2/2015,2183,2015-06-02,2,6,2015
6/3/2015,1903,2015-06-03,3,6,2015
6/4/2015,815,2015-06-04,4,6,2015
6/5/2015,1185,2015-06-05,5,6,2015
6/6/2015,769,2015-06-06,6,6,2015
6/7/2015,683,2015-06-07,7,6,2015
6/8/2015,2559,2015-06-08,8,6,2015
6/9/2015,1947,2015-06-09,9,6,2015
6/10/2015,1917,2015-06-10,10,6,2015
6/11/2015,1724,2015-06-11,11,6,2015
6/12/2015,1361,2015-06-12,12,6,2015
6/13/2015,448,2015-06-13,13,6,2015
6/14/2015,464,2015-06-14,14,6,2015
6/15/2015,1937,2015-06-15,15,6,2015
6/16/2015,1311,2015-06-16,16,6,2015
6/17/2015,1291,2015-06-17,17,6,2015
6/18/2015,1274,2015-06-18,18,6,2015
6/19/2015,889,2015-06-19,19,6,2015
6/20/2015,358,2015-06-20,20,6,2015
6/21/2015,327,2015-06-21,21,6,2015
6/22/2015,1355,2015-06-22,22,6,2015
6/23/2015,993,2015-06-23,23,6,2015
6/24/2015,831,2015-06-24,24,6,2015
6/25/2015,933,2015-06-25,25,6,2015
6/26/2015,724,2015-06-26,26,6,2015
6/27/2015,258,2015-06-27,27,6,2015
6/28/2015,217,2015-06-28,28,6,2015
6/29/2015,846,2015-06-29,29,6,2015
6/30/2015,1042,2015-06-30,30,6,2015
7/1/2015,732,2015-07-01,1,7,2015
7/2/2015,619,2015-07-02,2,7,2015
7/3/2015,662,2015-07-03,3,7,2015
7/4/2015,184,2015-07-04,4,7,2015
7/5/2015,145,2015-07-05,5,7,2015
7/6/2015,684,2015-07-06,6,7,2015
7/7/2015,544,2015-07-07,7,7,2015
7/8/2015,437,2015-07-08,8,7,2015
7/9/2015,143,2015-07-09,9,7,2015
7/10/2015,227,2015-07-10,10,7,2015
7/11/2015,159,2015-07-11,11,7,2015
7/12/2015,141,2015-07-12,12,7,2015
7/13/2015,574,2015-07-13,13,7,2015
7/14/2015,512,2015-07-14,14,7,2015
7/15/2015,470,2015-07-15,15,7,2015
7/16/2015,482,2015-07-16,16,7,2015
7/17/2015,416,2015-07-17,17,7,2015
7/18/2015,136,2015-07-18,18,7,2015
7/19/2015,91,2015-07-19,19,7,2015
7/20/2015,530,2015-07-20,20,7,2015
7/21/2015,429,2015-07-21,21,7,2015
7/22/2015,436,2015-07-22,22,7,2015
7/23/2015,443,2015-07-23,23,7,2015
7/24/2015,363,2015-07-24,24,7,2015
7/25/2015,100,2015-07-25,25,7,2015
7/26/2015,117,2015-07-26,26,7,2015
7/27/2015,470,2015-07-27,27,7,2015
7/28/2015,424,2015-07-28,28,7,2015
7/29/2015,418,2015-07-29,29,7,2015
7/30/2015,414,2015-07-30,30,7,2015
7/31/2015,321,2015-07-31,31,7,2015
8/1/2015,123,2015-08-01,1,8,2015
8/2/2015,95,2015-08-02,2,8,2015
8/3/2015,437,2015-08-03,3,8,2015
8/4/2015,372,2015-08-04,4,8,2015
8/5/2015,351,2015-08-05,5,8,2015
8/6/2015,336,2015-08-06,6,8,2015
8/7/2015,274,2015-08-07,7,8,2015
8/8/2015,81,2015-08-08,8,8,2015
8/9/2015,87,2015-08-09,9,8,2015
8/10/2015,394,2015-08-10,10,8,2015
8/11/2015,319,2015-08-11,11,8,2015
8/12/2015,273,2015-08-12,12,8,2015
8/13/2015,311,2015-08-13,13,8,2015
8/14/2015,283,2015-08-14,14,8,2015
8/15/2015,84,2015-08-15,15,8,2015
8/16/2015,92,2015-08-16,16,8,2015
8/17/2015,400,2015-08-17,17,8,2015
8/18/2015,329,2015-08-18,18,8,2015
8/19/2015,350,2015-08-19,19,8,2015
8/20/2015,322,2015-08-20,20,8,2015
8/21/2015,269,2015-08-21,21,8,2015
8/22/2015,87,2015-08-22,22,8,2015
8/23/2015,99,2015-08-23,23,8,2015
8/24/2015,334,2015-08-24,24,8,2015
8/25/2015,301,2015-08-25,25,8,2015
8/26/2015,260,2015-08-26,26,8,2015
8/27/2015,237,2015-08-27,27,8,2015
8/28/2015,203,2015-08-28,28,8,2015
8/29/2015,83,2015-08-29,29,8,2015
8/30/2015,83,2015-08-30,30,8,2015
8/31/2015,386,2015-08-31,31,8,2015
9/1/2015,318,2015-09-01,1,9,2015
9/2/2015,229,2015-09-02,2,9,2015
9/3/2015,229,2015-09-03,3,9,2015
9/4/2015,217,2015-09-04,4,9,2015
9/5/2015,62,2015-09-05,5,9,2015
9/6/2015,69,2015-09-06,6,9,2015
9/7/2015,104,2015-09-07,7,9,2015
9/8/2015,238,2015-09-08,8,9,2015
9/9/2015,239,2015-09-09,9,9,2015
9/10/2015,246,2015-09-10,10,9,2015
9/11/2015,207,2015-09-11,11,9,2015
9/12/2015,73,2015-09-12,12,9,2015
9/13/2015,59,2015-09-13,13,9,2015
9/14/2015,259,2015-09-14,14,9,2015
9/15/2015,284,2015-09-15,15,9,2015
9/16/2015,264,2015-09-16,16,9,2015
9/17/2015,326,2015-09-17,17,9,2015
9/18/2015,350,2015-09-18,18,9,2015
9/19/2015,110,2015-09-19,19,9,2015
9/20/2015,118,2015-09-20,20,9,2015
9/21/2015,399,2015-09-21,21,9,2015
9/22/2015,368,2015-09-22,22,9,2015
9/23/2015,393,2015-09-23,23,9,2015
9/24/2015,393,2015-09-24,24,9,2015
9/25/2015,285,2015-09-25,25,9,2015
9/26/2015,116,2015-09-26,26,9,2015
9/27/2015,101,2015-09-27,27,9,2015
9/28/2015,398,2015-09-28,28,9,2015
9/29/2015,337,2015-09-29,29,9,2015
9/30/2015,344,2015-09-30,30,9,2015
10/1/2015,341,2015-10-01,1,10,2015
10/2/2015,357,2015-10-02,2,10,2015
10/3/2015,117,2015-10-03,3,10,2015
10/4/2015,111,2015-10-04,4,10,2015
10/5/2015,394,2015-10-05,5,10,2015
10/6/2015,384,2015-10-06,6,10,2015
10/7/2015,381,2015-10-07,7,10,2015
10/8/2015,413,2015-10-08,8,10,2015
10/9/2015,323,2015-10-09,9,10,2015
10/10/2015,143,2015-10-10,10,10,2015
10/11/2015,122,2015-10-11,11,10,2015
10/12/2015,131,2015-10-12,12,10,2015
10/13/2015,446,2015-10-13,13,10,2015
10/14/2015,444,2015-10-14,14,10,2015
10/15/2015,448,2015-10-15,15,10,2015
10/16/2015,453,2015-10-16,16,10,2015
10/17/2015,154,2015-10-17,17,10,2015
10/18/2015,131,2015-10-18,18,10,2015
10/19/2015,498,2015-10-19,19,10,2015
10/20/2015,442,2015-10-20,20,10,2015
10/21/2015,462,2015-10-21,21,10,2015
10/22/2015,442,2015-10-22,22,10,2015
10/23/2015,412,2015-10-23,23,10,2015
10/24/2015,160,2015-10-24,24,10,2015
10/25/2015,118,2015-10-25,25,10,2015
10/26/2015,452,2015-10-26,26,10,2015
10/27/2015,437,2015-10-27,27,10,2015
10/28/2015,419,2015-10-28,28,10,2015
10/29/2015,454,2015-10-29,29,10,2015
10/30/2015,269,2015-10-30,30,10,2015
10/31/2015,128,2015-10-31,31,10,2015
11/1/2015,134,2015-11-01,1,11,2015
11/2/2015,164,2015-11-02,2,11,2015
11/3/2015,556,2015-11-03,3,11,2015
11/4/2015,472,2015-11-04,4,11,2015
11/5/2015,465,2015-11-05,5,11,2015
11/6/2015,469,2015-11-06,6,11,2015
11/7/2015,168,2015-11-07,7,11,2015
11/8/2015,156,2015-11-08,8,11,2015
11/9/2015,529,2015-11-09,9,11,2015
11/10/2015,541,2015-11-10,10,11,2015
11/11/2015,555,2015-11-11,11,11,2015
11/12/2015,556,2015-11-12,12,11,2015
11/13/2015,538,2015-11-13,13,11,2015
11/14/2015,227,2015-11-14,14,11,2015
11/15/2015,211,2015-11-15,15,11,2015
11/16/2015,709,2015-11-16,16,11,2015
11/17/2015,649,2015-11-17,17,11,2015
11/18/2015,622,2015-11-18,18,11,2015
11/19/2015,632,2015-11-19,19,11,2015
11/20/2015,376,2015-11-20,20,11,2015
11/21/2015,231,2015-11-21,21,11,2015
11/22/2015,213,2015-11-22,22,11,2015
11/23/2015,830,2015-11-23,23,11,2015
11/24/2015,667,2015-11-24,24,11,2015
11/25/2015,629,2015-11-25,25,11,2015
11/26/2015,719,2015-11-26,26,11,2015
11/27/2015,669,2015-11-27,27,11,2015
11/28/2015,333,2015-11-28,28,11,2015
11/29/2015,291,2015-11-29,29,11,2015
11/30/2015,946,2015-11-30,30,11,2015
12/1/2015,805,2015-12-01,1,12,2015
12/2/2015,900,2015-12-02,2,12,2015
12/3/2015,836,2015-12-03,3,12,2015
12/4/2015,815,2015-12-04,4,12,2015
12/5/2015,351,2015-12-05,5,12,2015
12/6/2015,313,2015-12-06,6,12,2015
12/7/2015,997,2015-12-07,7,12,2015
12/8/2015,892,2015-12-08,8,12,2015
12/9/2015,1100,2015-12-09,9,12,2015
12/10/2015,1091,2015-12-10,10,12,2015
12/11/2015,981,2015-12-11,11,12,2015
12/12/2015,429,2015-12-12,12,12,2015
12/13/2015,450,2015-12-13,13,12,2015
12/14/2015,1362,2015-12-14,14,12,2015
12/15/2015,1202,2015-12-15,15,12,2015
12/16/2015,1239,2015-12-16,16,12,2015
12/17/2015,1178,2015-12-17,17,12,2015
12/18/2015,1122,2015-12-18,18,12,2015
12/19/2015,437,2015-12-19,19,12,2015
12/20/2015,472,2015-12-20,20,12,2015
12/21/2015,1322,2015-12-21,21,12,2015
12/22/2015,1152,2015-12-22,22,12,2015
12/23/2015,1037,2015-12-23,23,12,2015
12/24/2015,487,2015-12-24,24,12,2015
12/25/2015,354,2015-12-25,25,12,2015
12/26/2015,587,2015-12-26,26,12,2015
12/27/2015,562,2015-12-27,27,12,2015
12/28/2015,1601,2015-12-28,28,12,2015
12/29/2015,1409,2015-12-29,29,12,2015
12/30/2015,1314,2015-12-30,30,12,2015
12/31/2015,688,2015-12-31,31,12,2015
1/1/2016,565,2016-01-01,1,1,2016
1/2/2016,774,2016-01-02,2,1,2016
1/3/2016,838,2016-01-03,3,1,2016
1/4/2016,2338,2016-01-04,4,1,2016
1/5/2016,2196,2016-01-05,5,1,2016
1/6/2016,2279,2016-01-06,6,1,2016
1/7/2016,2311,2016-01-07,7,1,2016
1/8/2016,1979,2016-01-08,8,1,2016
1/9/2016,1220,2016-01-09,9,1,2016
1/10/2016,1059,2016-01-10,10,1,2016
1/11/2016,2635,2016-01-11,11,1,2016
1/12/2016,2365,2016-01-12,12,1,2016
1/13/2016,2525,2016-01-13,13,1,2016
1/14/2016,2534,2016-01-14,14,1,2016
1/15/2016,2174,2016-01-15,15,1,2016
1/16/2016,1274,2016-01-16,16,1,2016
1/17/2016,1219,2016-01-17,17,1,2016
1/18/2016,3287,2016-01-18,18,1,2016
1/19/2016,2987,2016-01-19,19,1,2016
1/20/2016,2740,2016-01-20,20,1,2016
1/21/2016,2959,2016-01-21,21,1,2016
1/22/2016,2926,2016-01-22,22,1,2016
1/23/2016,1539,2016-01-23,23,1,2016
1/24/2016,1360,2016-01-24,24,1,2016
1/25/2016,3371,2016-01-25,25,1,2016
1/26/2016,3226,2016-01-26,26,1,2016
1/27/2016,3105,2016-01-27,27,1,2016
1/28/2016,3254,2016-01-28,28,1,2016
1/29/2016,3246,2016-01-29,29,1,2016
1/30/2016,1794,2016-01-30,30,1,2016
1/31/2016,1561,2016-01-31,31,1,2016
2/1/2016,4069,2016-02-01,1,2,2016
2/2/2016,3804,2016-02-02,2,2,2016
2/3/2016,3827,2016-02-03,3,2,2016
2/4/2016,3744,2016-02-04,4,2,2016
2/5/2016,3423,2016-02-05,5,2,2016
2/6/2016,1837,2016-02-06,6,2,2016
2/7/2016,1571,2016-02-07,7,2,2016
2/8/2016,2116,2016-02-08,8,2,2016
2/9/2016,2187,2016-02-09,9,2,2016
2/10/2016,3817,2016-02-10,10,2,2016
2/11/2016,4802,2016-02-11,11,2,2016
2/12/2016,4526,2016-02-12,12,2,2016
2/13/2016,2494,2016-02-13,13,2,2016
2/14/2016,2281,2016-02-14,14,2,2016
2/15/2016,5314,2016-02-15,15,2,2016
2/16/2016,4714,2016-02-16,16,2,2016
2/17/2016,4729,2016-02-17,17,2,2016
2/18/2016,4752,2016-02-18,18,2,2016
2/19/2016,4368,2016-02-19,19,2,2016
2/20/2016,2431,2016-02-20,20,2,2016
2/21/2016,2003,2016-02-21,21,2,2016
2/22/2016,5657,2016-02-22,22,2,2016
2/23/2016,4782,2016-02-23,23,2,2016
2/24/2016,4838,2016-02-24,24,2,2016
2/25/2016,5001,2016-02-25,25,2,2016
2/26/2016,4921,2016-02-26,26,2,2016
2/27/2016,2664,2016-02-27,27,2,2016
2/28/2016,2341,2016-02-28,28,2,2016
2/29/2016,6098,2016-02-29,29,2,2016
3/1/2016,4907,2016-03-01,1,3,2016
3/2/2016,5023,2016-03-02,2,3,2016
3/3/2016,4998,2016-03-03,3,3,2016
3/4/2016,4622,2016-03-04,4,3,2016
3/5/2016,2476,2016-03-05,5,3,2016
3/6/2016,2304,2016-03-06,6,3,2016
3/7/2016,6159,2016-03-07,7,3,2016
3/8/2016,5635,2016-03-08,8,3,2016
3/9/2016,5668,2016-03-09,9,3,2016
3/10/2016,5120,2016-03-10,10,3,2016
3/11/2016,4321,2016-03-11,11,3,2016
3/12/2016,2305,2016-03-12,12,3,2016
3/13/2016,2058,2016-03-13,13,3,2016
3/14/2016,5692,2016-03-14,14,3,2016
3/15/2016,5226,2016-03-15,15,3,2016
3/16/2016,5028,2016-03-16,16,3,2016
3/17/2016,5047,2016-03-17,17,3,2016
3/18/2016,4350,2016-03-18,18,3,2016
3/19/2016,2549,2016-03-19,19,3,2016
3/20/2016,2325,2016-03-20,20,3,2016
3/21/2016,5969,2016-03-21,21,3,2016
3/22/2016,5356,2016-03-22,22,3,2016
3/23/2016,4827,2016-03-23,23,3,2016
3/24/2016,3670,2016-03-24,24,3,2016
3/25/2016,1928,2016-03-25,25,3,2016
3/26/2016,2279,2016-03-26,26,3,2016
3/27/2016,1922,2016-03-27,27,3,2016
3/28/2016,5578,2016-03-28,28,3,2016
3/29/2016,5030,2016-03-29,29,3,2016
3/30/2016,4937,2016-03-30,30,3,2016
3/31/2016,4454,2016-03-31,31,3,2016
4/1/2016,3923,2016-04-01,1,4,2016
4/2/2016,2001,2016-04-02,2,4,2016
4/3/2016,1866,2016-04-03,3,4,2016
4/4/2016,4938,2016-04-04,4,4,2016
4/5/2016,4082,2016-04-05,5,4,2016
4/6/2016,3865,2016-04-06,6,4,2016
4/7/2016,3780,2016-04-07,7,4,2016
4/8/2016,3551,2016-04-08,8,4,2016
4/9/2016,1659,2016-04-09,9,4,2016
4/10/2016,1555,2016-04-10,10,4,2016
4/11/2016,4155,2016-04-11,11,4,2016
4/12/2016,3705,2016-04-12,12,4,2016
4/13/2016,3257,2016-04-13,13,4,2016
4/14/2016,3536,2016-04-14,14,4,2016
4/15/2016,2996,2016-04-15,15,4,2016
4/16/2016,1537,2016-04-16,16,4,2016
4/17/2016,1371,2016-04-17,17,4,2016
4/18/2016,3706,2016-04-18,18,4,2016
4/19/2016,3162,2016-04-19,19,4,2016
4/20/2016,2972,2016-04-20,20,4,2016
4/21/2016,1531,2016-04-21,21,4,2016
4/22/2016,1771,2016-04-22,22,4,2016
4/23/2016,1345,2016-04-23,23,4,2016
4/24/2016,1193,2016-04-24,24,4,2016
4/25/2016,3556,2016-04-25,25,4,2016
4/26/2016,2929,2016-04-26,26,4,2016
4/27/2016,2273,2016-04-27,27,4,2016
4/28/2016,2236,2016-04-28,28,4,2016
4/29/2016,1749,2016-04-29,29,4,2016
4/30/2016,959,2016-04-30,30,4,2016
5/1/2016,847,2016-05-01,1,5,2016
5/2/2016,2467,2016-05-02,2,5,2016
5/3/2016,2118,2016-05-03,3,5,2016
5/4/2016,1985,2016-05-04,4,5,2016
5/5/2016,1945,2016-05-05,5,5,2016
5/6/2016,1642,2016-05-06,6,5,2016
5/7/2016,713,2016-05-07,7,5,2016
5/8/2016,513,2016-05-08,8,5,2016
5/9/2016,1701,2016-05-09,9,5,2016
5/10/2016,1388,2016-05-10,10,5,2016
5/11/2016,1251,2016-05-11,11,5,2016
5/12/2016,1256,2016-05-12,12,5,2016
5/13/2016,1000,2016-05-13,13,5,2016
5/14/2016,549,2016-05-14,14,5,2016
5/15/2016,474,2016-05-15,15,5,2016
5/16/2016,1258,2016-05-16,16,5,2016
5/17/2016,1206,2016-05-17,17,5,2016
5/18/2016,1058,2016-05-18,18,5,2016
5/19/2016,793,2016-05-19,19,5,2016
5/20/2016,902,2016-05-20,20,5,2016
5/21/2016,317,2016-05-21,21,5,2016
5/22/2016,279,2016-05-22,22,5,2016
5/23/2016,903,2016-05-23,23,5,2016
5/24/2016,716,2016-05-24,24,5,2016
5/25/2016,823,2016-05-25,25,5,2016
5/26/2016,317,2016-05-26,26,5,2016
5/27/2016,346,2016-05-27,27,5,2016
5/28/2016,241,2016-05-28,28,5,2016
5/29/2016,235,2016-05-29,29,5,2016
5/30/2016,796,2016-05-30,30,5,2016
5/31/2016,538,2016-05-31,31,5,2016
6/1/2016,580,2016-06-01,1,6,2016
6/2/2016,576,2016-06-02,2,6,2016
6/3/2016,433,2016-06-03,3,6,2016
6/4/2016,202,2016-06-04,4,6,2016
6/5/2016,150,2016-06-05,5,6,2016
6/6/2016,549,2016-06-06,6,6,2016
6/7/2016,435,2016-06-07,7,6,2016
6/8/2016,357,2016-06-08,8,6,2016
6/9/2016,364,2016-06-09,9,6,2016
6/10/2016,435,2016-06-10,10,6,2016
6/11/2016,97,2016-06-11,11,6,2016
6/12/2016,83,2016-06-12,12,6,2016
6/13/2016,314,2016-06-13,13,6,2016
6/14/2016,288,2016-06-14,14,6,2016
6/15/2016,323,2016-06-15,15,6,2016
6/16/2016,369,2016-06-16,16,6,2016
6/17/2016,260,2016-06-17,17,6,2016
6/18/2016,120,2016-06-18,18,6,2016
6/19/2016,86,2016-06-19,19,6,2016
6/20/2016,320,2016-06-20,20,6,2016
6/21/2016,251,2016-06-21,21,6,2016
6/22/2016,224,2016-06-22,22,6,2016
6/23/2016,209,2016-06-23,23,6,2016
6/24/2016,236,2016-06-24,24,6,2016
6/25/2016,78,2016-06-25,25,6,2016
6/26/2016,69,2016-06-26,26,6,2016
6/27/2016,274,2016-06-27,27,6,2016
6/28/2016,208,2016-06-28,28,6,2016
6/29/2016,196,2016-06-29,29,6,2016
6/30/2016,180,2016-06-30,30,6,2016
7/1/2016,194,2016-07-01,1,7,2016
7/2/2016,94,2016-07-02,2,7,2016
7/3/2016,85,2016-07-03,3,7,2016
7/4/2016,265,2016-07-04,4,7,2016
7/5/2016,265,2016-07-05,5,7,2016
7/6/2016,244,2016-07-06,6,7,2016
7/7/2016,231,2016-07-07,7,7,2016
7/8/2016,136,2016-07-08,8,7,2016
7/9/2016,73,2016-07-09,9,7,2016
7/10/2016,70,2016-07-10,10,7,2016
7/11/2016,173,2016-07-11,11,7,2016
7/12/2016,163,2016-07-12,12,7,2016
7/13/2016,214,2016-07-13,13,7,2016
7/14/2016,145,2016-07-14,14,7,2016
7/15/2016,211,2016-07-15,15,7,2016
7/16/2016,69,2016-07-16,16,7,2016
7/17/2016,68,2016-07-17,17,7,2016
7/18/2016,175,2016-07-18,18,7,2016
7/19/2016,138,2016-07-19,19,7,2016
7/20/2016,123,2016-07-20,20,7,2016
7/21/2016,123,2016-07-21,21,7,2016
7/22/2016,103,2016-07-22,22,7,2016
7/23/2016,50,2016-07-23,23,7,2016
7/24/2016,62,2016-07-24,24,7,2016
7/25/2016,149,2016-07-25,25,7,2016
7/26/2016,173,2016-07-26,26,7,2016
7/27/2016,134,2016-07-27,27,7,2016
7/28/2016,152,2016-07-28,28,7,2016
7/29/2016,127,2016-07-29,29,7,2016
7/30/2016,50,2016-07-30,30,7,2016
7/31/2016,50,2016-07-31,31,7,2016
8/1/2016,177,2016-08-01,1,8,2016
8/2/2016,132,2016-08-02,2,8,2016
8/3/2016,165,2016-08-03,3,8,2016
8/4/2016,152,2016-08-04,4,8,2016
8/5/2016,138,2016-08-05,5,8,2016
8/6/2016,56,2016-08-06,6,8,2016
8/7/2016,60,2016-08-07,7,8,2016
8/8/2016,151,2016-08-08,8,8,2016
8/9/2016,161,2016-08-09,9,8,2016
8/10/2016,170,2016-08-10,10,8,2016
8/11/2016,151,2016-08-11,11,8,2016
8/12/2016,123,2016-08-12,12,8,2016
8/13/2016,53,2016-08-13,13,8,2016
8/14/2016,46,2016-08-14,14,8,2016
8/15/2016,156,2016-08-15,15,8,2016
8/16/2016,164,2016-08-16,16,8,2016
8/17/2016,159,2016-08-17,17,8,2016
8/18/2016,177,2016-08-18,18,8,2016
8/19/2016,168,2016-08-19,19,8,2016
8/20/2016,48,2016-08-20,20,8,2016
8/21/2016,35,2016-08-21,21,8,2016
8/22/2016,130,2016-08-22,22,8,2016
8/23/2016,135,2016-08-23,23,8,2016
8/24/2016,134,2016-08-24,24,8,2016
8/25/2016,141,2016-08-25,25,8,2016
8/26/2016,115,2016-08-26,26,8,2016
8/27/2016,63,2016-08-27,27,8,2016
8/28/2016,67,2016-08-28,28,8,2016
8/29/2016,211,2016-08-29,29,8,2016
8/30/2016,189,2016-08-30,30,8,2016
8/31/2016,157,2016-08-31,31,8,2016
9/1/2016,157,2016-09-01,1,9,2016
9/2/2016,132,2016-09-02,2,9,2016
9/3/2016,55,2016-09-03,3,9,2016
9/4/2016,48,2016-09-04,4,9,2016
9/5/2016,183,2016-09-05,5,9,2016
9/6/2016,122,2016-09-06,6,9,2016
9/7/2016,65,2016-09-07,7,9,2016
9/8/2016,125,2016-09-08,8,9,2016
9/9/2016,144,2016-09-09,9,9,2016
9/10/2016,82,2016-09-10,10,9,2016
9/11/2016,51,2016-09-11,11,9,2016
9/12/2016,216,2016-09-12,12,9,2016
9/13/2016,215,2016-09-13,13,9,2016
9/14/2016,211,2016-09-14,14,9,2016
9/15/2016,183,2016-09-15,15,9,2016
9/16/2016,226,2016-09-16,16,9,2016
9/17/2016,77,2016-09-17,17,9,2016
9/18/2016,72,2016-09-18,18,9,2016
9/19/2016,223,2016-09-19,19,9,2016
9/20/2016,157,2016-09-20,20,9,2016
9/21/2016,179,2016-09-21,21,9,2016
9/22/2016,162,2016-09-22,22,9,2016
9/23/2016,180,2016-09-23,23,9,2016
9/24/2016,80,2016-09-24,24,9,2016
9/25/2016,61,2016-09-25,25,9,2016
9/26/2016,238,2016-09-26,26,9,2016
9/27/2016,161,2016-09-27,27,9,2016
9/28/2016,215,2016-09-28,28,9,2016
9/29/2016,209,2016-09-29,29,9,2016
9/30/2016,162,2016-09-30,30,9,2016
10/1/2016,63,2016-10-01,1,10,2016
10/2/2016,64,2016-10-02,2,10,2016
10/3/2016,207,2016-10-03,3,10,2016
10/4/2016,192,2016-10-04,4,10,2016
10/5/2016,185,2016-10-05,5,10,2016
10/6/2016,174,2016-10-06,6,10,2016
10/7/2016,190,2016-10-07,7,10,2016
10/8/2016,100,2016-10-08,8,10,2016
10/9/2016,84,2016-10-09,9,10,2016
10/10/2016,227,2016-10-10,10,10,2016
10/11/2016,212,2016-10-11,11,10,2016
10/12/2016,98,2016-10-12,12,10,2016
10/13/2016,211,2016-10-13,13,10,2016
10/14/2016,187,2016-10-14,14,10,2016
10/15/2016,99,2016-10-15,15,10,2016
10/16/2016,111,2016-10-16,16,10,2016
10/17/2016,334,2016-10-17,17,10,2016
10/18/2016,321,2016-10-18,18,10,2016
10/19/2016,381,2016-10-19,19,10,2016
10/20/2016,294,2016-10-20,20,10,2016
10/21/2016,276,2016-10-21,21,10,2016
10/22/2016,136,2016-10-22,22,10,2016
10/23/2016,114,2016-10-23,23,10,2016
10/24/2016,348,2016-10-24,24,10,2016
10/25/2016,331,2016-10-25,25,10,2016
10/26/2016,306,2016-10-26,26,10,2016
10/27/2016,320,2016-10-27,27,10,2016
10/28/2016,222,2016-10-28,28,10,2016
10/29/2016,118,2016-10-29,29,10,2016
10/30/2016,117,2016-10-30,30,10,2016
10/31/2016,316,2016-10-31,31,10,2016
11/1/2016,279,2016-11-01,1,11,2016
11/2/2016,146,2016-11-02,2,11,2016
11/3/2016,329,2016-11-03,3,11,2016
11/4/2016,345,2016-11-04,4,11,2016
11/5/2016,115,2016-11-05,5,11,2016
11/6/2016,122,2016-11-06,6,11,2016
11/7/2016,432,2016-11-07,7,11,2016
11/8/2016,380,2016-11-08,8,11,2016
11/9/2016,407,2016-11-09,9,11,2016
11/10/2016,381,2016-11-10,10,11,2016
11/11/2016,332,2016-11-11,11,11,2016
11/12/2016,154,2016-11-12,12,11,2016
11/13/2016,104,2016-11-13,13,11,2016
11/14/2016,192,2016-11-14,14,11,2016
11/15/2016,158,2016-11-15,15,11,2016
11/16/2016,453,2016-11-16,16,11,2016
11/17/2016,425,2016-11-17,17,11,2016
11/18/2016,372,2016-11-18,18,11,2016
11/19/2016,138,2016-11-19,19,11,2016
11/20/2016,156,2016-11-20,20,11,2016
11/21/2016,443,2016-11-21,21,11,2016
11/22/2016,362,2016-11-22,22,11,2016
11/23/2016,345,2016-11-23,23,11,2016
11/24/2016,364,2016-11-24,24,11,2016
11/25/2016,386,2016-11-25,25,11,2016
11/26/2016,142,2016-11-26,26,11,2016
11/27/2016,151,2016-11-27,27,11,2016
11/28/2016,496,2016-11-28,28,11,2016
11/29/2016,442,2016-11-29,29,11,2016
11/30/2016,368,2016-11-30,30,11,2016
12/1/2016,369,2016-12-01,1,12,2016
12/2/2016,334,2016-12-02,2,12,2016
12/3/2016,150,2016-12-03,3,12,2016
12/4/2016,184,2016-12-04,4,12,2016
12/5/2016,432,2016-12-05,5,12,2016
12/6/2016,397,2016-12-06,6,12,2016
12/7/2016,383,2016-12-07,7,12,2016
12/8/2016,335,2016-12-08,8,12,2016
12/9/2016,294,2016-12-09,9,12,2016
12/10/2016,185,2016-12-10,10,12,2016
12/11/2016,148,2016-12-11,11,12,2016
12/12/2016,457,2016-12-12,12,12,2016
12/13/2016,390,2016-12-13,13,12,2016
12/14/2016,409,2016-12-14,14,12,2016
12/15/2016,327,2016-12-15,15,12,2016
12/16/2016,260,2016-12-16,16,12,2016
12/17/2016,159,2016-12-17,17,12,2016
12/18/2016,160,2016-12-18,18,12,2016
12/19/2016,361,2016-12-19,19,12,2016
12/20/2016,311,2016-12-20,20,12,2016
12/21/2016,322,2016-12-21,21,12,2016
12/22/2016,325,2016-12-22,22,12,2016
12/23/2016,247,2016-12-23,23,12,2016
12/24/2016,118,2016-12-24,24,12,2016
12/25/2016,142,2016-12-25,25,12,2016
12/26/2016,352,2016-12-26,26,12,2016
12/27/2016,404,2016-12-27,27,12,2016
12/28/2016,404,2016-12-28,28,12,2016
12/29/2016,328,2016-12-29,29,12,2016
12/30/2016,267,2016-12-30,30,12,2016
12/31/2016,158,2016-12-31,31,12,2016
1/1/2017,122,2017-01-01,1,1,2017
1/2/2017,362,2017-01-02,2,1,2017
1/3/2017,396,2017-01-03,3,1,2017
1/4/2017,400,2017-01-04,4,1,2017
1/5/2017,431,2017-01-05,5,1,2017
1/6/2017,357,2017-01-06,6,1,2017
1/7/2017,186,2017-01-07,7,1,2017
1/8/2017,153,2017-01-08,8,1,2017
1/9/2017,468,2017-01-09,9,1,2017
1/10/2017,416,2017-01-10,10,1,2017
1/11/2017,394,2017-01-11,11,1,2017
1/12/2017,333,2017-01-12,12,1,2017
1/13/2017,335,2017-01-13,13,1,2017
1/14/2017,157,2017-01-14,14,1,2017
1/15/2017,162,2017-01-15,15,1,2017
1/16/2017,364,2017-01-16,16,1,2017
1/17/2017,378,2017-01-17,17,1,2017
1/18/2017,359,2017-01-18,18,1,2017
1/19/2017,361,2017-01-19,19,1,2017
1/20/2017,273,2017-01-20,20,1,2017
1/21/2017,165,2017-01-21,21,1,2017
1/22/2017,147,2017-01-22,22,1,2017
1/23/2017,423,2017-01-23,23,1,2017
1/24/2017,414,2017-01-24,24,1,2017
1/25/2017,447,2017-01-25,25,1,2017
1/26/2017,442,2017-01-26,26,1,2017
1/27/2017,366,2017-01-27,27,1,2017
1/28/2017,208,2017-01-28,28,1,2017
1/29/2017,177,2017-01-29,29,1,2017
1/30/2017,524,2017-01-30,30,1,2017
1/31/2017,465,2017-01-31,31,1,2017
2/1/2017,418,2017-02-01,1,2,2017
2/2/2017,469,2017-02-02,2,2,2017
2/3/2017,380,2017-02-03,3,2,2017
2/4/2017,219,2017-02-04,4,2,2017
2/5/2017,212,2017-02-05,5,2,2017
2/6/2017,501,2017-02-06,6,2,2017
2/7/2017,471,2017-02-07,7,2,2017
2/8/2017,451,2017-02-08,8,2,2017
2/9/2017,480,2017-02-09,9,2,2017
2/10/2017,439,2017-02-10,10,2,2017
2/11/2017,220,2017-02-11,11,2,2017
2/12/2017,199,2017-02-12,12,2,2017
2/13/2017,541,2017-02-13,13,2,2017
2/14/2017,536,2017-02-14,14,2,2017
2/15/2017,505,2017-02-15,15,2,2017
2/16/2017,486,2017-02-16,16,2,2017
2/17/2017,478,2017-02-17,17,2,2017
2/18/2017,219,2017-02-18,18,2,2017
2/19/2017,198,2017-02-19,19,2,2017
2/20/2017,607,2017-02-20,20,2,2017
2/21/2017,562,2017-02-21,21,2,2017
2/22/2017,510,2017-02-22,22,2,2017
2/23/2017,461,2017-02-23,23,2,2017
2/24/2017,401,2017-02-24,24,2,2017
2/25/2017,152,2017-02-25,25,2,2017
2/26/2017,142,2017-02-26,26,2,2017
2/27/2017,222,2017-02-27,27,2,2017
2/28/2017,256,2017-02-28,28,2,2017
3/1/2017,457,2017-03-01,1,3,2017
3/2/2017,518,2017-03-02,2,3,2017
3/3/2017,401,2017-03-03,3,3,2017
3/4/2017,251,2017-03-04,4,3,2017
3/5/2017,213,2017-03-05,5,3,2017
3/6/2017,555,2017-03-06,6,3,2017
3/7/2017,434,2017-03-07,7,3,2017
3/8/2017,449,2017-03-08,8,3,2017
3/9/2017,476,2017-03-09,9,3,2017
3/10/2017,479,2017-03-10,10,3,2017
3/11/2017,208,2017-03-11,11,3,2017
3/12/2017,190,2017-03-12,12,3,2017
3/13/2017,534,2017-03-13,13,3,2017
3/14/2017,483,2017-03-14,14,3,2017
3/15/2017,533,2017-03-15,15,3,2017
3/16/2017,496,2017-03-16,16,3,2017
3/17/2017,439,2017-03-17,17,3,2017
3/18/2017,183,2017-03-18,18,3,2017
3/19/2017,148,2017-03-19,19,3,2017
3/20/2017,478,2017-03-20,20,3,2017
3/21/2017,415,2017-03-21,21,3,2017
3/22/2017,447,2017-03-22,22,3,2017
3/23/2017,425,2017-03-23,23,3,2017
3/24/2017,390,2017-03-24,24,3,2017
3/25/2017,195,2017-03-25,25,3,2017
3/26/2017,156,2017-03-26,26,3,2017
3/27/2017,432,2017-03-27,27,3,2017
3/28/2017,473,2017-03-28,28,3,2017
3/29/2017,398,2017-03-29,29,3,2017
3/30/2017,457,2017-03-30,30,3,2017
3/31/2017,320,2017-03-31,31,3,2017
4/1/2017,154,2017-04-01,1,4,2017
4/2/2017,126,2017-04-02,2,4,2017
4/3/2017,420,2017-04-03,3,4,2017
4/4/2017,449,2017-04-04,4,4,2017
4/5/2017,435,2017-04-05,5,4,2017
4/6/2017,373,2017-04-06,6,4,2017
4/7/2017,306,2017-04-07,7,4,2017
4/8/2017,172,2017-04-08,8,4,2017
4/9/2017,153,2017-04-09,9,4,2017
4/10/2017,431,2017-04-10,10,4,2017
4/11/2017,391,2017-04-11,11,4,2017
4/12/2017,378,2017-04-12,12,4,2017
4/13/2017,299,2017-04-13,13,4,2017
4/14/2017,137,2017-04-14,14,4,2017
4/15/2017,144,2017-04-15,15,4,2017
4/16/2017,139,2017-04-16,16,4,2017
4/17/2017,427,2017-04-17,17,4,2017
4/18/2017,358,2017-04-18,18,4,2017
4/19/2017,362,2017-04-19,19,4,2017
4/20/2017,315,2017-04-20,20,4,2017
4/21/2017,157,2017-04-21,21,4,2017
4/22/2017,140,2017-04-22,22,4,2017
4/23/2017,124,2017-04-23,23,4,2017
4/24/2017,387,2017-04-24,24,4,2017
4/25/2017,384,2017-04-25,25,4,2017
4/26/2017,288,2017-04-26,26,4,2017
4/27/2017,242,2017-04-27,27,4,2017
4/28/2017,191,2017-04-28,28,4,2017
4/29/2017,83,2017-04-29,29,4,2017
4/30/2017,94,2017-04-30,30,4,2017
5/1/2017,124,2017-05-01,1,5,2017
5/2/2017,294,2017-05-02,2,5,2017
5/3/2017,268,2017-05-03,3,5,2017
5/4/2017,278,2017-05-04,4,5,2017
5/5/2017,232,2017-05-05,5,5,2017
5/6/2017,108,2017-05-06,6,5,2017
5/7/2017,93,2017-05-07,7,5,2017
5/8/2017,303,2017-05-08,8,5,2017
5/9/2017,251,2017-05-09,9,5,2017
5/10/2017,256,2017-05-10,10,5,2017
5/11/2017,236,2017-05-11,11,5,2017
5/12/2017,197,2017-05-12,12,5,2017
5/13/2017,92,2017-05-13,13,5,2017
5/14/2017,68,2017-05-14,14,5,2017
5/15/2017,278,2017-05-15,15,5,2017
5/16/2017,272,2017-05-16,16,5,2017
5/17/2017,239,2017-05-17,17,5,2017
5/18/2017,206,2017-05-18,18,5,2017
5/19/2017,179,2017-05-19,19,5,2017
5/20/2017,70,2017-05-20,20,5,2017
5/21/2017,67,2017-05-21,21,5,2017
5/22/2017,213,2017-05-22,22,5,2017
5/23/2017,196,2017-05-23,23,5,2017
5/24/2017,224,2017-05-24,24,5,2017
5/25/2017,200,2017-05-25,25,5,2017
5/26/2017,179,2017-05-26,26,5,2017
5/27/2017,96,2017-05-27,27,5,2017
5/28/2017,92,2017-05-28,28,5,2017
5/29/2017,254,2017-05-29,29,5,2017
5/30/2017,280,2017-05-30,30,5,2017
5/31/2017,225,2017-05-31,31,5,2017
6/1/2017,196,2017-06-01,1,6,2017
6/2/2017,137,2017-06-02,2,6,2017
6/3/2017,76,2017-06-03,3,6,2017
6/4/2017,77,2017-06-04,4,6,2017
6/5/2017,191,2017-06-05,5,6,2017
6/6/2017,225,2017-06-06,6,6,2017
6/7/2017,245,2017-06-07,7,6,2017
6/8/2017,186,2017-06-08,8,6,2017
6/9/2017,186,2017-06-09,9,6,2017
6/10/2017,62,2017-06-10,10,6,2017
6/11/2017,42,2017-06-11,11,6,2017
6/12/2017,150,2017-06-12,12,6,2017
6/13/2017,140,2017-06-13,13,6,2017
6/14/2017,159,2017-06-14,14,6,2017
6/15/2017,61,2017-06-15,15,6,2017
6/16/2017,83,2017-06-16,16,6,2017
6/17/2017,60,2017-06-17,17,6,2017
6/18/2017,65,2017-06-18,18,6,2017
6/19/2017,208,2017-06-19,19,6,2017
6/20/2017,183,2017-06-20,20,6,2017
6/21/2017,148,2017-06-21,21,6,2017
6/22/2017,147,2017-06-22,22,6,2017
6/23/2017,124,2017-06-23,23,6,2017
6/24/2017,60,2017-06-24,24,6,2017
6/25/2017,41,2017-06-25,25,6,2017
6/26/2017,163,2017-06-26,26,6,2017
6/27/2017,152,2017-06-27,27,6,2017
6/28/2017,139,2017-06-28,28,6,2017
6/29/2017,119,2017-06-29,29,6,2017
6/30/2017,122,2017-06-30,30,6,2017
7/1/2017,38,2017-07-01,1,7,2017
7/2/2017,34,2017-07-02,2,7,2017
7/3/2017,110,2017-07-03,3,7,2017
7/4/2017,94,2017-07-04,4,7,2017
7/5/2017,78,2017-07-05,5,7,2017
7/6/2017,88,2017-07-06,6,7,2017
7/7/2017,90,2017-07-07,7,7,2017
7/8/2017,44,2017-07-08,8,7,2017
7/9/2017,37,2017-07-09,9,7,2017
7/10/2017,141,2017-07-10,10,7,2017
7/11/2017,124,2017-07-11,11,7,2017
7/12/2017,97,2017-07-12,12,7,2017
7/13/2017,91,2017-07-13,13,7,2017
7/14/2017,84,2017-07-14,14,7,2017
7/15/2017,46,2017-07-15,15,7,2017
7/16/2017,39,2017-07-16,16,7,2017
7/17/2017,115,2017-07-17,17,7,2017
7/18/2017,90,2017-07-18,18,7,2017
7/19/2017,93,2017-07-19,19,7,2017
7/20/2017,88,2017-07-20,20,7,2017
7/21/2017,84,2017-07-21,21,7,2017
7/22/2017,38,2017-07-22,22,7,2017
7/23/2017,36,2017-07-23,23,7,2017
7/24/2017,109,2017-07-24,24,7,2017
7/25/2017,123,2017-07-25,25,7,2017
7/26/2017,91,2017-07-26,26,7,2017
7/27/2017,112,2017-07-27,27,7,2017
7/28/2017,98,2017-07-28,28,7,2017
7/29/2017,44,2017-07-29,29,7,2017
7/30/2017,37,2017-07-30,30,7,2017
7/31/2017,105,2017-07-31,31,7,2017
8/1/2017,89,2017-08-01,1,8,2017
8/2/2017,106,2017-08-02,2,8,2017
8/3/2017,101,2017-08-03,3,8,2017
8/4/2017,83,2017-08-04,4,8,2017
8/5/2017,36,2017-08-05,5,8,2017
8/6/2017,29,2017-08-06,6,8,2017
8/7/2017,115,2017-08-07,7,8,2017
8/8/2017,108,2017-08-08,8,8,2017
8/9/2017,128,2017-08-09,9,8,2017
8/10/2017,101,2017-08-10,10,8,2017
8/11/2017,86,2017-08-11,11,8,2017
8/12/2017,51,2017-08-12,12,8,2017
8/13/2017,28,2017-08-13,13,8,2017
8/14/2017,117,2017-08-14,14,8,2017
8/15/2017,129,2017-08-15,15,8,2017
8/16/2017,114,2017-08-16,16,8,2017
8/17/2017,115,2017-08-17,17,8,2017
8/18/2017,89,2017-08-18,18,8,2017
8/19/2017,40,2017-08-19,19,8,2017
8/20/2017,42,2017-08-20,20,8,2017
8/21/2017,108,2017-08-21,21,8,2017
8/22/2017,124,2017-08-22,22,8,2017
8/23/2017,126,2017-08-23,23,8,2017
8/24/2017,122,2017-08-24,24,8,2017
8/25/2017,136,2017-08-25,25,8,2017
8/26/2017,54,2017-08-26,26,8,2017
8/27/2017,38,2017-08-27,27,8,2017
8/28/2017,165,2017-08-28,28,8,2017
8/29/2017,184,2017-08-29,29,8,2017
8/30/2017,152,2017-08-30,30,8,2017
8/31/2017,155,2017-08-31,31,8,2017
9/1/2017,135,2017-09-01,1,9,2017
9/2/2017,79,2017-09-02,2,9,2017
9/3/2017,65,2017-09-03,3,9,2017
9/4/2017,181,2017-09-04,4,9,2017
9/5/2017,201,2017-09-05,5,9,2017
9/6/2017,156,2017-09-06,6,9,2017
9/7/2017,56,2017-09-07,7,9,2017
9/8/2017,102,2017-09-08,8,9,2017
9/9/2017,78,2017-09-09,9,9,2017
9/10/2017,93,2017-09-10,10,9,2017
9/11/2017,214,2017-09-11,11,9,2017
9/12/2017,258,2017-09-12,12,9,2017
9/13/2017,247,2017-09-13,13,9,2017
9/14/2017,220,2017-09-14,14,9,2017
9/15/2017,202,2017-09-15,15,9,2017
9/16/2017,90,2017-09-16,16,9,2017
9/17/2017,75,2017-09-17,17,9,2017
9/18/2017,313,2017-09-18,18,9,2017
9/19/2017,262,2017-09-19,19,9,2017
9/20/2017,250,2017-09-20,20,9,2017
9/21/2017,258,2017-09-21,21,9,2017
9/22/2017,245,2017-09-22,22,9,2017
9/23/2017,123,2017-09-23,23,9,2017
9/24/2017,81,2017-09-24,24,9,2017
9/25/2017,313,2017-09-25,25,9,2017
9/26/2017,300,2017-09-26,26,9,2017
9/27/2017,278,2017-09-27,27,9,2017
9/28/2017,279,2017-09-28,28,9,2017
9/29/2017,282,2017-09-29,29,9,2017
9/30/2017,100,2017-09-30,30,9,2017
10/1/2017,96,2017-10-01,1,10,2017
10/2/2017,324,2017-10-02,2,10,2017
10/3/2017,309,2017-10-03,3,10,2017
10/4/2017,294,2017-10-04,4,10,2017
10/5/2017,312,2017-10-05,5,10,2017
10/6/2017,313,2017-10-06,6,10,2017
10/7/2017,120,2017-10-07,7,10,2017
10/8/2017,114,2017-10-08,8,10,2017
10/9/2017,368,2017-10-09,9,10,2017
10/10/2017,343,2017-10-10,10,10,2017
10/11/2017,309,2017-10-11,11,10,2017
10/12/2017,148,2017-10-12,12,10,2017
10/13/2017,215,2017-10-13,13,10,2017
10/14/2017,128,2017-10-14,14,10,2017
10/15/2017,106,2017-10-15,15,10,2017
10/16/2017,377,2017-10-16,16,10,2017
10/17/2017,359,2017-10-17,17,10,2017
10/18/2017,410,2017-10-18,18,10,2017
10/19/2017,381,2017-10-19,19,10,2017
10/20/2017,329,2017-10-20,20,10,2017
10/21/2017,147,2017-10-21,21,10,2017
10/22/2017,110,2017-10-22,22,10,2017
10/23/2017,344,2017-10-23,23,10,2017
10/24/2017,276,2017-10-24,24,10,2017
10/25/2017,338,2017-10-25,25,10,2017
10/26/2017,340,2017-10-26,26,10,2017
10/27/2017,268,2017-10-27,27,10,2017
10/28/2017,136,2017-10-28,28,10,2017
10/29/2017,97,2017-10-29,29,10,2017
10/30/2017,342,2017-10-30,30,10,2017
10/31/2017,301,2017-10-31,31,10,2017
11/1/2017,266,2017-11-01,1,11,2017
11/2/2017,106,2017-11-02,2,11,2017
11/3/2017,197,2017-11-03,3,11,2017
11/4/2017,147,2017-11-04,4,11,2017
11/5/2017,116,2017-11-05,5,11,2017
11/6/2017,349,2017-11-06,6,11,2017
11/7/2017,331,2017-11-07,7,11,2017
11/8/2017,328,2017-11-08,8,11,2017
11/9/2017,270,2017-11-09,9,11,2017
11/10/2017,276,2017-11-10,10,11,2017
11/11/2017,107,2017-11-11,11,11,2017
11/12/2017,147,2017-11-12,12,11,2017
11/13/2017,367,2017-11-13,13,11,2017
11/14/2017,264,2017-11-14,14,11,2017
11/15/2017,151,2017-11-15,15,11,2017
11/16/2017,351,2017-11-16,16,11,2017
11/17/2017,264,2017-11-17,17,11,2017
11/18/2017,111,2017-11-18,18,11,2017
11/19/2017,98,2017-11-19,19,11,2017
11/20/2017,230,2017-11-20,20,11,2017
11/21/2017,283,2017-11-21,21,11,2017
11/22/2017,277,2017-11-22,22,11,2017
11/23/2017,264,2017-11-23,23,11,2017
11/24/2017,298,2017-11-24,24,11,2017
11/25/2017,102,2017-11-25,25,11,2017
11/26/2017,108,2017-11-26,26,11,2017
11/27/2017,298,2017-11-27,27,11,2017
11/28/2017,272,2017-11-28,28,11,2017
11/29/2017,306,2017-11-29,29,11,2017
11/30/2017,295,2017-11-30,30,11,2017
12/1/2017,240,2017-12-01,1,12,2017
12/2/2017,118,2017-12-02,2,12,2017
12/3/2017,123,2017-12-03,3,12,2017
12/4/2017,340,2017-12-04,4,12,2017
12/5/2017,309,2017-12-05,5,12,2017
12/6/2017,328,2017-12-06,6,12,2017
12/7/2017,299,2017-12-07,7,12,2017
12/8/2017,209,2017-12-08,8,12,2017
12/9/2017,135,2017-12-09,9,12,2017
12/10/2017,127,2017-12-10,10,12,2017
12/11/2017,319,2017-12-11,11,12,2017
12/12/2017,292,2017-12-12,12,12,2017
12/13/2017,337,2017-12-13,13,12,2017
12/14/2017,316,2017-12-14,14,12,2017
12/15/2017,295,2017-12-15,15,12,2017
12/16/2017,129,2017-12-16,16,12,2017
12/17/2017,137,2017-12-17,17,12,2017
12/18/2017,303,2017-12-18,18,12,2017
12/19/2017,302,2017-12-19,19,12,2017
12/20/2017,309,2017-12-20,20,12,2017
12/21/2017,266,2017-12-21,21,12,2017
12/22/2017,220,2017-12-22,22,12,2017
12/23/2017,81,2017-12-23,23,12,2017
12/24/2017,82,2017-12-24,24,12,2017
12/25/2017,73,2017-12-25,25,12,2017
12/26/2017,234,2017-12-26,26,12,2017
12/27/2017,280,2017-12-27,27,12,2017
12/28/2017,227,2017-12-28,28,12,2017
12/29/2017,180,2017-12-29,29,12,2017
12/30/2017,141,2017-12-30,30,12,2017
12/31/2017,77,2017-12-31,31,12,2017
1/1/2018,79,2018-01-01,1,1,2018
1/2/2018,234,2018-01-02,2,1,2018
1/3/2018,289,2018-01-03,3,1,2018
1/4/2018,304,2018-01-04,4,1,2018
1/5/2018,261,2018-01-05,5,1,2018
1/6/2018,152,2018-01-06,6,1,2018
1/7/2018,97,2018-01-07,7,1,2018
1/8/2018,281,2018-01-08,8,1,2018
1/9/2018,259,2018-01-09,9,1,2018
1/10/2018,322,2018-01-10,10,1,2018
1/11/2018,336,2018-01-11,11,1,2018
1/12/2018,329,2018-01-12,12,1,2018
1/13/2018,156,2018-01-13,13,1,2018
1/14/2018,146,2018-01-14,14,1,2018
1/15/2018,428,2018-01-15,15,1,2018
1/16/2018,397,2018-01-16,16,1,2018
1/17/2018,450,2018-01-17,17,1,2018
1/18/2018,505,2018-01-18,18,1,2018
1/19/2018,381,2018-01-19,19,1,2018
1/20/2018,206,2018-01-20,20,1,2018
1/21/2018,192,2018-01-21,21,1,2018
1/22/2018,521,2018-01-22,22,1,2018
1/23/2018,477,2018-01-23,23,1,2018
1/24/2018,499,2018-01-24,24,1,2018
1/25/2018,381,2018-01-25,25,1,2018
1/26/2018,312,2018-01-26,26,1,2018
1/27/2018,153,2018-01-27,27,1,2018
1/28/2018,168,2018-01-28,28,1,2018
1/29/2018,446,2018-01-29,29,1,2018
1/30/2018,429,2018-01-30,30,1,2018
1/31/2018,469,2018-01-31,31,1,2018
2/1/2018,433,2018-02-01,1,2,2018
2/2/2018,430,2018-02-02,2,2,2018
2/3/2018,194,2018-02-03,3,2,2018
2/4/2018,134,2018-02-04,4,2,2018
2/5/2018,499,2018-02-05,5,2,2018
2/6/2018,425,2018-02-06,6,2,2018
2/7/2018,369,2018-02-07,7,2,2018
2/8/2018,411,2018-02-08,8,2,2018
2/9/2018,306,2018-02-09,9,2,2018
2/10/2018,171,2018-02-10,10,2,2018
2/11/2018,141,2018-02-11,11,2,2018
2/12/2018,199,2018-02-12,12,2,2018
2/13/2018,153,2018-02-13,13,2,2018
2/14/2018,346,2018-02-14,14,2,2018
2/15/2018,393,2018-02-15,15,2,2018
2/16/2018,365,2018-02-16,16,2,2018
2/17/2018,178,2018-02-17,17,2,2018
2/18/2018,139,2018-02-18,18,2,2018
2/19/2018,425,2018-02-19,19,2,2018
2/20/2018,381,2018-02-20,20,2,2018
2/21/2018,394,2018-02-21,21,2,2018
2/22/2018,413,2018-02-22,22,2,2018
2/23/2018,364,2018-02-23,23,2,2018
2/24/2018,154,2018-02-24,24,2,2018
2/25/2018,147,2018-02-25,25,2,2018
2/26/2018,450,2018-02-26,26,2,2018
2/27/2018,390,2018-02-27,27,2,2018
2/28/2018,375,2018-02-28,28,2,2018
3/1/2018,366,2018-03-01,1,3,2018
3/2/2018,371,2018-03-02,2,3,2018
3/3/2018,164,2018-03-03,3,3,2018
3/4/2018,114,2018-03-04,4,3,2018
3/5/2018,444,2018-03-05,5,3,2018
3/6/2018,361,2018-03-06,6,3,2018
3/7/2018,389,2018-03-07,7,3,2018
3/8/2018,309,2018-03-08,8,3,2018
3/9/2018,336,2018-03-09,9,3,2018
3/10/2018,190,2018-03-10,10,3,2018
3/11/2018,137,2018-03-11,11,3,2018
3/12/2018,405,2018-03-12,12,3,2018
3/13/2018,388,2018-03-13,13,3,2018
3/14/2018,362,2018-03-14,14,3,2018
3/15/2018,388,2018-03-15,15,3,2018
3/16/2018,344,2018-03-16,16,3,2018
3/17/2018,150,2018-03-17,17,3,2018
3/18/2018,151,2018-03-18,18,3,2018
3/19/2018,406,2018-03-19,19,3,2018
3/20/2018,387,2018-03-20,20,3,2018
3/21/2018,358,2018-03-21,21,3,2018
3/22/2018,338,2018-03-22,22,3,2018
3/23/2018,325,2018-03-23,23,3,2018
3/24/2018,156,2018-03-24,24,3,2018
3/25/2018,143,2018-03-25,25,3,2018
3/26/2018,449,2018-03-26,26,3,2018
3/27/2018,311,2018-03-27,27,3,2018
3/28/2018,395,2018-03-28,28,3,2018
3/29/2018,260,2018-03-29,29,3,2018
3/30/2018,157,2018-03-30,30,3,2018
3/31/2018,152,2018-03-31,31,3,2018
4/1/2018,144,2018-04-01,1,4,2018
4/2/2018,390,2018-04-02,2,4,2018
4/3/2018,342,2018-04-03,3,4,2018
4/4/2018,393,2018-04-04,4,4,2018
4/5/2018,315,2018-04-05,5,4,2018
4/6/2018,287,2018-04-06,6,4,2018
4/7/2018,162,2018-04-07,7,4,2018
4/8/2018,150,2018-04-08,8,4,2018
4/9/2018,370,2018-04-09,9,4,2018
4/10/2018,403,2018-04-10,10,4,2018
4/11/2018,405,2018-04-11,11,4,2018
4/12/2018,348,2018-04-12,12,4,2018
4/13/2018,343,2018-04-13,13,4,2018
4/14/2018,165,2018-04-14,14,4,2018
4/15/2018,118,2018-04-15,15,4,2018
4/16/2018,383,2018-04-16,16,4,2018
4/17/2018,299,2018-04-17,17,4,2018
4/18/2018,310,2018-04-18,18,4,2018
4/19/2018,314,2018-04-19,19,4,2018
4/20/2018,264,2018-04-20,20,4,2018
4/21/2018,117,2018-04-21,21,4,2018
4/22/2018,127,2018-04-22,22,4,2018
4/23/2018,425,2018-04-23,23,4,2018
4/24/2018,357,2018-04-24,24,4,2018
4/25/2018,329,2018-04-25,25,4,2018
4/26/2018,280,2018-04-26,26,4,2018
4/27/2018,294,2018-04-27,27,4,2018
4/28/2018,116,2018-04-28,28,4,2018
4/29/2018,108,2018-04-29,29,4,2018
4/30/2018,181,2018-04-30,30,4,2018
5/1/2018,152,2018-05-01,1,5,2018
5/2/2018,393,2018-05-02,2,5,2018
5/3/2018,379,2018-05-03,3,5,2018
5/4/2018,329,2018-05-04,4,5,2018
5/5/2018,146,2018-05-05,5,5,2018
5/6/2018,141,2018-05-06,6,5,2018
5/7/2018,346,2018-05-07,7,5,2018
5/8/2018,323,2018-05-08,8,5,2018
5/9/2018,320,2018-05-09,9,5,2018
5/10/2018,294,2018-05-10,10,5,2018
5/11/2018,250,2018-05-11,11,5,2018
5/12/2018,164,2018-05-12,12,5,2018
5/13/2018,107,2018-05-13,13,5,2018
5/14/2018,352,2018-05-14,14,5,2018
5/15/2018,312,2018-05-15,15,5,2018
5/16/2018,331,2018-05-16,16,5,2018
5/17/2018,322,2018-05-17,17,5,2018
5/18/2018,295,2018-05-18,18,5,2018
5/19/2018,120,2018-05-19,19,5,2018
5/20/2018,95,2018-05-20,20,5,2018
5/21/2018,275,2018-05-21,21,5,2018
5/22/2018,219,2018-05-22,22,5,2018
5/23/2018,198,2018-05-23,23,5,2018
5/24/2018,231,2018-05-24,24,5,2018
5/25/2018,179,2018-05-25,25,5,2018
5/26/2018,106,2018-05-26,26,5,2018
5/27/2018,88,2018-05-27,27,5,2018
5/28/2018,291,2018-05-28,28,5,2018
5/29/2018,221,2018-05-29,29,5,2018
5/30/2018,189,2018-05-30,30,5,2018
5/31/2018,82,2018-05-31,31,5,2018
6/1/2018,95,2018-06-01,1,6,2018
6/2/2018,83,2018-06-02,2,6,2018
6/3/2018,78,2018-06-03,3,6,2018
6/4/2018,196,2018-06-04,4,6,2018
6/5/2018,180,2018-06-05,5,6,2018
6/6/2018,209,2018-06-06,6,6,2018
6/7/2018,185,2018-06-07,7,6,2018
6/8/2018,132,2018-06-08,8,6,2018
6/9/2018,77,2018-06-09,9,6,2018
6/10/2018,66,2018-06-10,10,6,2018
6/11/2018,226,2018-06-11,11,6,2018
6/12/2018,245,2018-06-12,12,6,2018
6/13/2018,204,2018-06-13,13,6,2018
6/14/2018,234,2018-06-14,14,6,2018
6/15/2018,172,2018-06-15,15,6,2018
6/16/2018,57,2018-06-16,16,6,2018
6/17/2018,46,2018-06-17,17,6,2018
6/18/2018,221,2018-06-18,18,6,2018
6/19/2018,157,2018-06-19,19,6,2018
6/20/2018,185,2018-06-20,20,6,2018
6/21/2018,158,2018-06-21,21,6,2018
6/22/2018,137,2018-06-22,22,6,2018
6/23/2018,86,2018-06-23,23,6,2018
6/24/2018,87,2018-06-24,24,6,2018
6/25/2018,232,2018-06-25,25,6,2018
6/26/2018,183,2018-06-26,26,6,2018
6/27/2018,183,2018-06-27,27,6,2018
6/28/2018,179,2018-06-28,28,6,2018
6/29/2018,155,2018-06-29,29,6,2018
6/30/2018,69,2018-06-30,30,6,2018
7/1/2018,51,2018-07-01,1,7,2018
7/2/2018,152,2018-07-02,2,7,2018
7/3/2018,201,2018-07-03,3,7,2018
7/4/2018,166,2018-07-04,4,7,2018
7/5/2018,117,2018-07-05,5,7,2018
7/6/2018,139,2018-07-06,6,7,2018
7/7/2018,64,2018-07-07,7,7,2018
7/8/2018,71,2018-07-08,8,7,2018
7/9/2018,71,2018-07-09,9,7,2018
7/10/2018,158,2018-07-10,10,7,2018
7/11/2018,107,2018-07-11,11,7,2018
7/12/2018,102,2018-07-12,12,7,2018
7/13/2018,94,2018-07-13,13,7,2018
7/14/2018,48,2018-07-14,14,7,2018
7/15/2018,42,2018-07-15,15,7,2018
7/16/2018,138,2018-07-16,16,7,2018
7/17/2018,135,2018-07-17,17,7,2018
7/18/2018,125,2018-07-18,18,7,2018
7/19/2018,117,2018-07-19,19,7,2018
7/20/2018,130,2018-07-20,20,7,2018
7/21/2018,47,2018-07-21,21,7,2018
7/22/2018,35,2018-07-22,22,7,2018
7/23/2018,139,2018-07-23,23,7,2018
7/24/2018,120,2018-07-24,24,7,2018
7/25/2018,118,2018-07-25,25,7,2018
7/26/2018,102,2018-07-26,26,7,2018
7/27/2018,108,2018-07-27,27,7,2018
7/28/2018,50,2018-07-28,28,7,2018
7/29/2018,41,2018-07-29,29,7,2018
7/30/2018,169,2018-07-30,30,7,2018
7/31/2018,130,2018-07-31,31,7,2018
8/1/2018,124,2018-08-01,1,8,2018
8/2/2018,104,2018-08-02,2,8,2018
8/3/2018,85,2018-08-03,3,8,2018
8/4/2018,48,2018-08-04,4,8,2018
8/5/2018,41,2018-08-05,5,8,2018
8/6/2018,114,2018-08-06,6,8,2018
8/7/2018,89,2018-08-07,7,8,2018
8/8/2018,113,2018-08-08,8,8,2018
8/9/2018,106,2018-08-09,9,8,2018
8/10/2018,85,2018-08-10,10,8,2018
8/11/2018,32,2018-08-11,11,8,2018
8/12/2018,34,2018-08-12,12,8,2018
8/13/2018,115,2018-08-13,13,8,2018
8/14/2018,108,2018-08-14,14,8,2018
8/15/2018,128,2018-08-15,15,8,2018
8/16/2018,116,2018-08-16,16,8,2018
8/17/2018,76,2018-08-17,17,8,2018
8/18/2018,47,2018-08-18,18,8,2018
8/19/2018,43,2018-08-19,19,8,2018
8/20/2018,137,2018-08-20,20,8,2018
8/21/2018,142,2018-08-21,21,8,2018
8/22/2018,142,2018-08-22,22,8,2018
8/23/2018,132,2018-08-23,23,8,2018
8/24/2018,102,2018-08-24,24,8,2018
8/25/2018,49,2018-08-25,25,8,2018
8/26/2018,30,2018-08-26,26,8,2018
8/27/2018,116,2018-08-27,27,8,2018
8/28/2018,114,2018-08-28,28,8,2018
8/29/2018,127,2018-08-29,29,8,2018
8/30/2018,129,2018-08-30,30,8,2018
8/31/2018,106,2018-08-31,31,8,2018
9/1/2018,66,2018-09-01,1,9,2018
9/2/2018,55,2018-09-02,2,9,2018
9/3/2018,138,2018-09-03,3,9,2018
9/4/2018,90,2018-09-04,4,9,2018
9/5/2018,110,2018-09-05,5,9,2018
9/6/2018,100,2018-09-06,6,9,2018
9/7/2018,33,2018-09-07,7,9,2018
9/8/2018,51,2018-09-08,8,9,2018
9/9/2018,59,2018-09-09,9,9,2018
9/10/2018,114,2018-09-10,10,9,2018
9/11/2018,111,2018-09-11,11,9,2018
9/12/2018,131,2018-09-12,12,9,2018
9/13/2018,118,2018-09-13,13,9,2018
9/14/2018,100,2018-09-14,14,9,2018
9/15/2018,36,2018-09-15,15,9,2018
9/16/2018,44,2018-09-16,16,9,2018
9/17/2018,123,2018-09-17,17,9,2018
9/18/2018,137,2018-09-18,18,9,2018
9/19/2018,109,2018-09-19,19,9,2018
9/20/2018,136,2018-09-20,20,9,2018
9/21/2018,112,2018-09-21,21,9,2018
9/22/2018,41,2018-09-22,22,9,2018
9/23/2018,54,2018-09-23,23,9,2018
9/24/2018,167,2018-09-24,24,9,2018
9/25/2018,166,2018-09-25,25,9,2018
9/26/2018,156,2018-09-26,26,9,2018
9/27/2018,152,2018-09-27,27,9,2018
9/28/2018,130,2018-09-28,28,9,2018
9/29/2018,83,2018-09-29,29,9,2018
9/30/2018,55,2018-09-30,30,9,2018
10/1/2018,154,2018-10-01,1,10,2018
10/2/2018,137,2018-10-02,2,10,2018
10/3/2018,187,2018-10-03,3,10,2018
10/4/2018,162,2018-10-04,4,10,2018
10/5/2018,151,2018-10-05,5,10,2018
10/6/2018,68,2018-10-06,6,10,2018
10/7/2018,55,2018-10-07,7,10,2018
10/8/2018,144,2018-10-08,8,10,2018
10/9/2018,141,2018-10-09,9,10,2018
10/10/2018,145,2018-10-10,10,10,2018
10/11/2018,128,2018-10-11,11,10,2018
10/12/2018,76,2018-10-12,12,10,2018
10/13/2018,73,2018-10-13,13,10,2018
10/14/2018,74,2018-10-14,14,10,2018
10/15/2018,193,2018-10-15,15,10,2018
10/16/2018,202,2018-10-16,16,10,2018
10/17/2018,206,2018-10-17,17,10,2018
10/18/2018,199,2018-10-18,18,10,2018
10/19/2018,173,2018-10-19,19,10,2018
10/20/2018,79,2018-10-20,20,10,2018
10/21/2018,74,2018-10-21,21,10,2018
10/22/2018,203,2018-10-22,22,10,2018
10/23/2018,207,2018-10-23,23,10,2018
10/24/2018,165,2018-10-24,24,10,2018
10/25/2018,182,2018-10-25,25,10,2018
10/26/2018,152,2018-10-26,26,10,2018
10/27/2018,90,2018-10-27,27,10,2018
10/28/2018,64,2018-10-28,28,10,2018
10/29/2018,240,2018-10-29,29,10,2018
10/30/2018,210,2018-10-30,30,10,2018
10/31/2018,168,2018-10-31,31,10,2018
11/1/2018,198,2018-11-01,1,11,2018
11/2/2018,86,2018-11-02,2,11,2018
11/3/2018,85,2018-11-03,3,11,2018
11/4/2018,79,2018-11-04,4,11,2018
11/5/2018,222,2018-11-05,5,11,2018
11/6/2018,211,2018-11-06,6,11,2018
11/7/2018,232,2018-11-07,7,11,2018
11/8/2018,184,2018-11-08,8,11,2018
11/9/2018,176,2018-11-09,9,11,2018
11/10/2018,111,2018-11-10,10,11,2018
11/11/2018,97,2018-11-11,11,11,2018
11/12/2018,274,2018-11-12,12,11,2018
11/13/2018,254,2018-11-13,13,11,2018
11/14/2018,255,2018-11-14,14,11,2018
11/15/2018,98,2018-11-15,15,11,2018
11/16/2018,152,2018-11-16,16,11,2018
11/17/2018,115,2018-11-17,17,11,2018
11/18/2018,84,2018-11-18,18,11,2018
11/19/2018,224,2018-11-19,19,11,2018
11/20/2018,189,2018-11-20,20,11,2018
11/21/2018,314,2018-11-21,21,11,2018
11/22/2018,309,2018-11-22,22,11,2018
11/23/2018,273,2018-11-23,23,11,2018
11/24/2018,125,2018-11-24,24,11,2018
11/25/2018,89,2018-11-25,25,11,2018
11/26/2018,317,2018-11-26,26,11,2018
11/27/2018,270,2018-11-27,27,11,2018
11/28/2018,335,2018-11-28,28,11,2018
11/29/2018,281,2018-11-29,29,11,2018
11/30/2018,261,2018-11-30,30,11,2018
12/1/2018,126,2018-12-01,1,12,2018
12/2/2018,114,2018-12-02,2,12,2018
12/3/2018,371,2018-12-03,3,12,2018
12/4/2018,336,2018-12-04,4,12,2018
12/5/2018,326,2018-12-05,5,12,2018
12/6/2018,371,2018-12-06,6,12,2018
12/7/2018,326,2018-12-07,7,12,2018
12/8/2018,138,2018-12-08,8,12,2018
12/9/2018,116,2018-12-09,9,12,2018
12/10/2018,417,2018-12-10,10,12,2018
12/11/2018,410,2018-12-11,11,12,2018
12/12/2018,383,2018-12-12,12,12,2018
12/13/2018,415,2018-12-13,13,12,2018
12/14/2018,364,2018-12-14,14,12,2018
12/15/2018,178,2018-12-15,15,12,2018
12/16/2018,173,2018-12-16,16,12,2018
12/17/2018,471,2018-12-17,17,12,2018
12/18/2018,430,2018-12-18,18,12,2018
12/19/2018,428,2018-12-19,19,12,2018
12/20/2018,422,2018-12-20,20,12,2018
12/21/2018,411,2018-12-21,21,12,2018
12/22/2018,220,2018-12-22,22,12,2018
12/23/2018,164,2018-12-23,23,12,2018
12/24/2018,207,2018-12-24,24,12,2018
12/25/2018,171,2018-12-25,25,12,2018
12/26/2018,447,2018-12-26,26,12,2018
12/27/2018,538,2018-12-27,27,12,2018
12/28/2018,439,2018-12-28,28,12,2018
12/29/2018,278,2018-12-29,29,12,2018
12/30/2018,282,2018-12-30,30,12,2018
12/31/2018,267,2018-12-31,31,12,2018
1/1/2019,247,2019-01-01,1,1,2019
1/2/2019,633,2019-01-02,2,1,2019
1/3/2019,808,2019-01-03,3,1,2019
1/4/2019,746,2019-01-04,4,1,2019
1/5/2019,354,2019-01-05,5,1,2019
1/6/2019,351,2019-01-06,6,1,2019
1/7/2019,929,2019-01-07,7,1,2019
1/8/2019,837,2019-01-08,8,1,2019
1/9/2019,806,2019-01-09,9,1,2019
1/10/2019,904,2019-01-10,10,1,2019
1/11/2019,708,2019-01-11,11,1,2019
1/12/2019,396,2019-01-12,12,1,2019
1/13/2019,457,2019-01-13,13,1,2019
1/14/2019,1067,2019-01-14,14,1,2019
1/15/2019,1035,2019-01-15,15,1,2019
1/16/2019,1064,2019-01-16,16,1,2019
1/17/2019,967,2019-01-17,17,1,2019
1/18/2019,937,2019-01-18,18,1,2019
1/19/2019,540,2019-01-19,19,1,2019
1/20/2019,675,2019-01-20,20,1,2019
1/21/2019,1475,2019-01-21,21,1,2019
1/22/2019,1461,2019-01-22,22,1,2019
1/23/2019,1488,2019-01-23,23,1,2019
1/24/2019,1490,2019-01-24,24,1,2019
1/25/2019,1313,2019-01-25,25,1,2019
1/26/2019,776,2019-01-26,26,1,2019
1/27/2019,811,2019-01-27,27,1,2019
1/28/2019,2245,2019-01-28,28,1,2019
1/29/2019,2169,2019-01-29,29,1,2019
1/30/2019,2036,2019-01-30,30,1,2019
1/31/2019,1999,2019-01-31,31,1,2019
2/1/2019,1892,2019-02-01,1,2,2019
2/2/2019,1052,2019-02-02,2,2,2019
2/3/2019,931,2019-02-03,3,2,2019
2/4/2019,2640,2019-02-04,4,2,2019
2/5/2019,2324,2019-02-05,5,2,2019
2/6/2019,2388,2019-02-06,6,2,2019
2/7/2019,2419,2019-02-07,7,2,2019
2/8/2019,2499,2019-02-08,8,2,2019
2/9/2019,1436,2019-02-09,9,2,2019
2/10/2019,1227,2019-02-10,10,2,2019
2/11/2019,3371,2019-02-11,11,2,2019
2/12/2019,2819,2019-02-12,12,2,2019
2/13/2019,2788,2019-02-13,13,2,2019
2/14/2019,2937,2019-02-14,14,2,2019
2/15/2019,2793,2019-02-15,15,2,2019
2/16/2019,1377,2019-02-16,16,2,2019
2/17/2019,1401,2019-02-17,17,2,2019
2/18/2019,3848,2019-02-18,18,2,2019
2/19/2019,3540,2019-02-19,19,2,2019
2/20/2019,3444,2019-02-20,20,2,2019
2/21/2019,3117,2019-02-21,21,2,2019
2/22/2019,3114,2019-02-22,22,2,2019
2/23/2019,1589,2019-02-23,23,2,2019
2/24/2019,1454,2019-02-24,24,2,2019
2/25/2019,4139,2019-02-25,25,2,2019
2/26/2019,3414,2019-02-26,26,2,2019
2/27/2019,3536,2019-02-27,27,2,2019
2/28/2019,2915,2019-02-28,28,2,2019
3/1/2019,2822,2019-03-01,1,3,2019
3/2/2019,1598,2019-03-02,2,3,2019
3/3/2019,1569,2019-03-03,3,3,2019
3/4/2019,2087,2019-03-04,4,3,2019
3/5/2019,1884,2019-03-05,5,3,2019
3/6/2019,3538,2019-03-06,6,3,2019
3/7/2019,3974,2019-03-07,7,3,2019
3/8/2019,3549,2019-03-08,8,3,2019
3/9/2019,1829,2019-03-09,9,3,2019
3/10/2019,1584,2019-03-10,10,3,2019
3/11/2019,4027,2019-03-11,11,3,2019
3/12/2019,3874,2019-03-12,12,3,2019
3/13/2019,4061,2019-03-13,13,3,2019
3/14/2019,3773,2019-03-14,14,3,2019
3/15/2019,3637,2019-03-15,15,3,2019
3/16/2019,1914,2019-03-16,16,3,2019
3/17/2019,1877,2019-03-17,17,3,2019
3/18/2019,5124,2019-03-18,18,3,2019
3/19/2019,4400,2019-03-19,19,3,2019
3/20/2019,4532,2019-03-20,20,3,2019
3/21/2019,4156,2019-03-21,21,3,2019
3/22/2019,3814,2019-03-22,22,3,2019
3/23/2019,2159,2019-03-23,23,3,2019
3/24/2019,2417,2019-03-24,24,3,2019
3/25/2019,5652,2019-03-25,25,3,2019
3/26/2019,5556,2019-03-26,26,3,2019
3/27/2019,5760,2019-03-27,27,3,2019
3/28/2019,5100,2019-03-28,28,3,2019
3/29/2019,4670,2019-03-29,29,3,2019
3/30/2019,2407,2019-03-30,30,3,2019
3/31/2019,2579,2019-03-31,31,3,2019
4/1/2019,6294,2019-04-01,1,4,2019
4/2/2019,5952,2019-04-02,2,4,2019
4/3/2019,6046,2019-04-03,3,4,2019
4/4/2019,6112,2019-04-04,4,4,2019
4/5/2019,5402,2019-04-05,5,4,2019
4/6/2019,2772,2019-04-06,6,4,2019
4/7/2019,2654,2019-04-07,7,4,2019
4/8/2019,6501,2019-04-08,8,4,2019
4/9/2019,6028,2019-04-09,9,4,2019
4/10/2019,6099,2019-04-10,10,4,2019
4/11/2019,6079,2019-04-11,11,4,2019
4/12/2019,6133,2019-04-12,12,4,2019
4/13/2019,3398,2019-04-13,13,4,2019
4/14/2019,2675,2019-04-14,14,4,2019
4/15/2019,7772,2019-04-15,15,4,2019
4/16/2019,7239,2019-04-16,16,4,2019
4/17/2019,6794,2019-04-17,17,4,2019
4/18/2019,5627,2019-04-18,18,4,2019
4/19/2019,2997,2019-04-19,19,4,2019
4/20/2019,3323,2019-04-20,20,4,2019
4/21/2019,2902,2019-04-21,21,4,2019
4/22/2019,8960,2019-04-22,22,4,2019
4/23/2019,8089,2019-04-23,23,4,2019
4/24/2019,7712,2019-04-24,24,4,2019
4/25/2019,7482,2019-04-25,25,4,2019
4/26/2019,7121,2019-04-26,26,4,2019
4/27/2019,3916,2019-04-27,27,4,2019
4/28/2019,3156,2019-04-28,28,4,2019
4/29/2019,8584,2019-04-29,29,4,2019
4/30/2019,7368,2019-04-30,30,4,2019
5/1/2019,3851,2019-05-01,1,5,2019
5/2/2019,7759,2019-05-02,2,5,2019
5/3/2019,7414,2019-05-03,3,5,2019
5/4/2019,3834,2019-05-04,4,5,2019
5/5/2019,3324,2019-05-05,5,5,2019
5/6/2019,9142,2019-05-06,6,5,2019
5/7/2019,7806,2019-05-07,7,5,2019
5/8/2019,7336,2019-05-08,8,5,2019
5/9/2019,6941,2019-05-09,9,5,2019
5/10/2019,6903,2019-05-10,10,5,2019
5/11/2019,3441,2019-05-11,11,5,2019
5/12/2019,3137,2019-05-12,12,5,2019
5/13/2019,9592,2019-05-13,13,5,2019
5/14/2019,8328,2019-05-14,14,5,2019
5/15/2019,7645,2019-05-15,15,5,2019
5/16/2019,6998,2019-05-16,16,5,2019
5/17/2019,6567,2019-05-17,17,5,2019
5/18/2019,3183,2019-05-18,18,5,2019
5/19/2019,2973,2019-05-19,19,5,2019
5/20/2019,8705,2019-05-20,20,5,2019
5/21/2019,7405,2019-05-21,21,5,2019
5/22/2019,7035,2019-05-22,22,5,2019
5/23/2019,6625,2019-05-23,23,5,2019
5/24/2019,5728,2019-05-24,24,5,2019
5/25/2019,2190,2019-05-25,25,5,2019
5/26/2019,2110,2019-05-26,26,5,2019
5/27/2019,6158,2019-05-27,27,5,2019
5/28/2019,5465,2019-05-28,28,5,2019
5/29/2019,5326,2019-05-29,29,5,2019
5/30/2019,5165,2019-05-30,30,5,2019
5/31/2019,4497,2019-05-31,31,5,2019
6/1/2019,2044,2019-06-01,1,6,2019
6/2/2019,1753,2019-06-02,2,6,2019
6/3/2019,4402,2019-06-03,3,6,2019
6/4/2019,3574,2019-06-04,4,6,2019
6/5/2019,3189,2019-06-05,5,6,2019
6/6/2019,3235,2019-06-06,6,6,2019
6/7/2019,2963,2019-06-07,7,6,2019
6/8/2019,1442,2019-06-08,8,6,2019
6/9/2019,1381,2019-06-09,9,6,2019
6/10/2019,3984,2019-06-10,10,6,2019
6/11/2019,3559,2019-06-11,11,6,2019
6/12/2019,3196,2019-06-12,12,6,2019
6/13/2019,3043,2019-06-13,13,6,2019
6/14/2019,2671,2019-06-14,14,6,2019
6/15/2019,1310,2019-06-15,15,6,2019
6/16/2019,1116,2019-06-16,16,6,2019
6/17/2019,3242,2019-06-17,17,6,2019
6/18/2019,2824,2019-06-18,18,6,2019
6/19/2019,2321,2019-06-19,19,6,2019
6/20/2019,1163,2019-06-20,20,6,2019
6/21/2019,1504,2019-06-21,21,6,2019
6/22/2019,958,2019-06-22,22,6,2019
6/23/2019,861,2019-06-23,23,6,2019
6/24/2019,2882,2019-06-24,24,6,2019
6/25/2019,2476,2019-06-25,25,6,2019
6/26/2019,2393,2019-06-26,26,6,2019
6/27/2019,2185,2019-06-27,27,6,2019
6/28/2019,1983,2019-06-28,28,6,2019
6/29/2019,1003,2019-06-29,29,6,2019
6/30/2019,807,2019-06-30,30,6,2019
7/1/2019,2275,2019-07-01,1,7,2019
7/2/2019,2129,2019-07-02,2,7,2019
7/3/2019,1754,2019-07-03,3,7,2019
7/4/2019,1391,2019-07-04,4,7,2019
7/5/2019,1090,2019-07-05,5,7,2019
7/6/2019,364,2019-07-06,6,7,2019
7/7/2019,353,2019-07-07,7,7,2019
7/8/2019,691,2019-07-08,8,7,2019
7/9/2019,470,2019-07-09,9,7,2019
7/10/2019,1326,2019-07-10,10,7,2019
7/11/2019,1065,2019-07-11,11,7,2019
7/12/2019,955,2019-07-12,12,7,2019
7/13/2019,447,2019-07-13,13,7,2019
7/14/2019,351,2019-07-14,14,7,2019
7/15/2019,1157,2019-07-15,15,7,2019
7/16/2019,967,2019-07-16,16,7,2019
7/17/2019,778,2019-07-17,17,7,2019
7/18/2019,641,2019-07-18,18,7,2019
7/19/2019,612,2019-07-19,19,7,2019
7/20/2019,304,2019-07-20,20,7,2019
7/21/2019,276,2019-07-21,21,7,2019
7/22/2019,879,2019-07-22,22,7,2019
7/23/2019,801,2019-07-23,23,7,2019
7/24/2019,719,2019-07-24,24,7,2019
7/25/2019,684,2019-07-25,25,7,2019
7/26/2019,618,2019-07-26,26,7,2019
7/27/2019,316,2019-07-27,27,7,2019
7/28/2019,257,2019-07-28,28,7,2019
7/29/2019,661,2019-07-29,29,7,2019
7/30/2019,654,2019-07-30,30,7,2019
7/31/2019,607,2019-07-31,31,7,2019
8/1/2019,569,2019-08-01,1,8,2019
8/2/2019,581,2019-08-02,2,8,2019
8/3/2019,204,2019-08-03,3,8,2019
8/4/2019,117,2019-08-04,4,8,2019
8/5/2019,562,2019-08-05,5,8,2019
8/6/2019,518,2019-08-06,6,8,2019
8/7/2019,557,2019-08-07,7,8,2019
8/8/2019,549,2019-08-08,8,8,2019
8/9/2019,451,2019-08-09,9,8,2019
8/10/2019,266,2019-08-10,10,8,2019
8/11/2019,184,2019-08-11,11,8,2019
8/12/2019,599,2019-08-12,12,8,2019
8/13/2019,517,2019-08-13,13,8,2019
8/14/2019,397,2019-08-14,14,8,2019
8/15/2019,357,2019-08-15,15,8,2019
8/16/2019,349,2019-08-16,16,8,2019
8/17/2019,235,2019-08-17,17,8,2019
8/18/2019,193,2019-08-18,18,8,2019
8/19/2019,487,2019-08-19,19,8,2019
8/20/2019,441,2019-08-20,20,8,2019
8/21/2019,414,2019-08-21,21,8,2019
8/22/2019,380,2019-08-22,22,8,2019
8/23/2019,372,2019-08-23,23,8,2019
8/24/2019,146,2019-08-24,24,8,2019
8/25/2019,150,2019-08-25,25,8,2019
8/26/2019,454,2019-08-26,26,8,2019
8/27/2019,416,2019-08-27,27,8,2019
8/28/2019,410,2019-08-28,28,8,2019
8/29/2019,340,2019-08-29,29,8,2019
8/30/2019,347,2019-08-30,30,8,2019
8/31/2019,155,2019-08-31,31,8,2019
9/1/2019,148,2019-09-01,1,9,2019
9/2/2019,418,2019-09-02,2,9,2019
9/3/2019,345,2019-09-03,3,9,2019
9/4/2019,367,2019-09-04,4,9,2019
9/5/2019,314,2019-09-05,5,9,2019
9/6/2019,264,2019-09-06,6,9,2019
9/7/2019,138,2019-09-07,7,9,2019
9/8/2019,149,2019-09-08,8,9,2019
9/9/2019,452,2019-09-09,9,9,2019
9/10/2019,400,2019-09-10,10,9,2019
9/11/2019,406,2019-09-11,11,9,2019
9/12/2019,423,2019-09-12,12,9,2019
9/13/2019,350,2019-09-13,13,9,2019
9/14/2019,205,2019-09-14,14,9,2019
9/15/2019,239,2019-09-15,15,9,2019
9/16/2019,562,2019-09-16,16,9,2019
9/17/2019,461,2019-09-17,17,9,2019
9/18/2019,486,2019-09-18,18,9,2019
9/19/2019,466,2019-09-19,19,9,2019
9/20/2019,480,2019-09-20,20,9,2019
9/21/2019,205,2019-09-21,21,9,2019
9/22/2019,154,2019-09-22,22,9,2019
9/23/2019,481,2019-09-23,23,9,2019
9/24/2019,492,2019-09-24,24,9,2019
9/25/2019,370,2019-09-25,25,9,2019
9/26/2019,381,2019-09-26,26,9,2019
9/27/2019,393,2019-09-27,27,9,2019
9/28/2019,154,2019-09-28,28,9,2019
9/29/2019,149,2019-09-29,29,9,2019
9/30/2019,457,2019-09-30,30,9,2019
10/1/2019,436,2019-10-01,1,10,2019
10/2/2019,463,2019-10-02,2,10,2019
10/3/2019,465,2019-10-03,3,10,2019
10/4/2019,402,2019-10-04,4,10,2019
10/5/2019,216,2019-10-05,5,10,2019
10/6/2019,178,2019-10-06,6,10,2019
10/7/2019,438,2019-10-07,7,10,2019
10/8/2019,433,2019-10-08,8,10,2019
10/9/2019,465,2019-10-09,9,10,2019
10/10/2019,408,2019-10-10,10,10,2019
10/11/2019,369,2019-10-11,11,10,2019
10/12/2019,167,2019-10-12,12,10,2019
10/13/2019,234,2019-10-13,13,10,2019
10/14/2019,478,2019-10-14,14,10,2019
10/15/2019,472,2019-10-15,15,10,2019
10/16/2019,482,2019-10-16,16,10,2019
10/17/2019,432,2019-10-17,17,10,2019
10/18/2019,467,2019-10-18,18,10,2019
10/19/2019,217,2019-10-19,19,10,2019
10/20/2019,207,2019-10-20,20,10,2019
10/21/2019,471,2019-10-21,21,10,2019
10/22/2019,441,2019-10-22,22,10,2019
10/23/2019,403,2019-10-23,23,10,2019
10/24/2019,362,2019-10-24,24,10,2019
10/25/2019,365,2019-10-25,25,10,2019
10/26/2019,206,2019-10-26,26,10,2019
10/27/2019,168,2019-10-27,27,10,2019
10/28/2019,329,2019-10-28,28,10,2019
10/29/2019,534,2019-10-29,29,10,2019
10/30/2019,426,2019-10-30,30,10,2019
10/31/2019,522,2019-10-31,31,10,2019
11/1/2019,394,2019-11-01,1,11,2019
11/2/2019,201,2019-11-02,2,11,2019
11/3/2019,225,2019-11-03,3,11,2019
11/4/2019,650,2019-11-04,4,11,2019
11/5/2019,516,2019-11-05,5,11,2019
11/6/2019,477,2019-11-06,6,11,2019
11/7/2019,436,2019-11-07,7,11,2019
11/8/2019,428,2019-11-08,8,11,2019
11/9/2019,221,2019-11-09,9,11,2019
11/10/2019,191,2019-11-10,10,11,2019
11/11/2019,575,2019-11-11,11,11,2019
11/12/2019,538,2019-11-12,12,11,2019
11/13/2019,484,2019-11-13,13,11,2019
11/14/2019,402,2019-11-14,14,11,2019
11/15/2019,176,2019-11-15,15,11,2019
11/16/2019,251,2019-11-16,16,11,2019
11/17/2019,203,2019-11-17,17,11,2019
11/18/2019,582,2019-11-18,18,11,2019
11/19/2019,504,2019-11-19,19,11,2019
11/20/2019,413,2019-11-20,20,11,2019
11/21/2019,534,2019-11-21,21,11,2019
11/22/2019,538,2019-11-22,22,11,2019
11/23/2019,263,2019-11-23,23,11,2019
11/24/2019,201,2019-11-24,24,11,2019
11/25/2019,669,2019-11-25,25,11,2019
11/26/2019,539,2019-11-26,26,11,2019
11/27/2019,572,2019-11-27,27,11,2019
11/28/2019,463,2019-11-28,28,11,2019
11/29/2019,453,2019-11-29,29,11,2019
11/30/2019,249,2019-11-30,30,11,2019
12/1/2019,241,2019-12-01,1,12,2019
12/2/2019,619,2019-12-02,2,12,2019
12/3/2019,521,2019-12-03,3,12,2019
12/4/2019,571,2019-12-04,4,12,2019
12/5/2019,505,2019-12-05,5,12,2019
12/6/2019,518,2019-12-06,6,12,2019
12/7/2019,306,2019-12-07,7,12,2019
12/8/2019,290,2019-12-08,8,12,2019
12/9/2019,739,2019-12-09,9,12,2019
12/10/2019,584,2019-12-10,10,12,2019
12/11/2019,550,2019-12-11,11,12,2019
12/12/2019,622,2019-12-12,12,12,2019
12/13/2019,572,2019-12-13,13,12,2019
12/14/2019,330,2019-12-14,14,12,2019
12/15/2019,358,2019-12-15,15,12,2019
12/16/2019,834,2019-12-16,16,12,2019
12/17/2019,651,2019-12-17,17,12,2019
12/18/2019,616,2019-12-18,18,12,2019
12/19/2019,662,2019-12-19,19,12,2019
12/20/2019,646,2019-12-20,20,12,2019
12/21/2019,354,2019-12-21,21,12,2019
12/22/2019,363,2019-12-22,22,12,2019
12/23/2019,635,2019-12-23,23,12,2019
12/24/2019,321,2019-12-24,24,12,2019
12/25/2019,324,2019-12-25,25,12,2019
12/26/2019,702,2019-12-26,26,12,2019
12/27/2019,694,2019-12-27,27,12,2019
12/28/2019,448,2019-12-28,28,12,2019
12/29/2019,446,2019-12-29,29,12,2019
12/30/2019,880,2019-12-30,30,12,2019
12/31/2019,364,2019-12-31,31,12,2019
1/1/2020,436,2020-01-01,1,1,2020
1/2/2020,909,2020-01-02,2,1,2020
1/3/2020,1066,2020-01-03,3,1,2020
1/4/2020,657,2020-01-04,4,1,2020
1/5/2020,605,2020-01-05,5,1,2020
1/6/2020,1457,2020-01-06,6,1,2020
1/7/2020,1434,2020-01-07,7,1,2020
1/8/2020,1406,2020-01-08,8,1,2020
1/9/2020,1405,2020-01-09,9,1,2020
1/10/2020,1372,2020-01-10,10,1,2020
1/11/2020,761,2020-01-11,11,1,2020
1/12/2020,672,2020-01-12,12,1,2020
1/13/2020,2073,2020-01-13,13,1,2020
1/14/2020,1948,2020-01-14,14,1,2020
1/15/2020,1867,2020-01-15,15,1,2020
1/16/2020,1928,2020-01-16,16,1,2020
1/17/2020,1915,2020-01-17,17,1,2020
1/18/2020,991,2020-01-18,18,1,2020
1/19/2020,1045,2020-01-19,19,1,2020
1/20/2020,2663,2020-01-20,20,1,2020
1/21/2020,2673,2020-01-21,21,1,2020
1/22/2020,2836,2020-01-22,22,1,2020
1/23/2020,2340,2020-01-23,23,1,2020
1/24/2020,2405,2020-01-24,24,1,2020
1/25/2020,1215,2020-01-25,25,1,2020
1/26/2020,1245,2020-01-26,26,1,2020
1/27/2020,3811,2020-01-27,27,1,2020
1/28/2020,3158,2020-01-28,28,1,2020
1/29/2020,2991,2020-01-29,29,1,2020
1/30/2020,2883,2020-01-30,30,1,2020
1/31/2020,2731,2020-01-31,31,1,2020
2/1/2020,1455,2020-02-01,1,2,2020
2/2/2020,1414,2020-02-02,2,2,2020
2/3/2020,4017,2020-02-03,3,2,2020
2/4/2020,3680,2020-02-04,4,2,2020
2/5/2020,3758,2020-02-05,5,2,2020
2/6/2020,3725,2020-02-06,6,2,2020
2/7/2020,3550,2020-02-07,7,2,2020
2/8/2020,1975,2020-02-08,8,2,2020
2/9/2020,1741,2020-02-09,9,2,2020
2/10/2020,4783,2020-02-10,10,2,2020
2/11/2020,4249,2020-02-11,11,2,2020
2/12/2020,4147,2020-02-12,12,2,2020
2/13/2020,4361,2020-02-13,13,2,2020
2/14/2020,4266,2020-02-14,14,2,2020
2/15/2020,2180,2020-02-15,15,2,2020
2/16/2020,2059,2020-02-16,16,2,2020
2/17/2020,5682,2020-02-17,17,2,2020
2/18/2020,4863,2020-02-18,18,2,2020
2/19/2020,4674,2020-02-19,19,2,2020
2/20/2020,4458,2020-02-20,20,2,2020
2/21/2020,3820,2020-02-21,21,2,2020
2/22/2020,1759,2020-02-22,22,2,2020
2/23/2020,1745,2020-02-23,23,2,2020
2/24/2020,2612,2020-02-24,24,2,2020
2/25/2020,2225,2020-02-25,25,2,2020
2/26/2020,3605,2020-02-26,26,2,2020
2/27/2020,4361,2020-02-27,27,2,2020
2/28/2020,4124,2020-02-28,28,2,2020
2/29/2020,1986,2020-02-29,29,2,2020
3/1/2020,1879,2020-03-01,1,3,2020
3/2/2020,4949,2020-03-02,2,3,2020
3/3/2020,4425,2020-03-03,3,3,2020
3/4/2020,4114,2020-03-04,4,3,2020
3/5/2020,4162,2020-03-05,5,3,2020
3/6/2020,3509,2020-03-06,6,3,2020
3/7/2020,1799,2020-03-07,7,3,2020
3/8/2020,1674,2020-03-08,8,3,2020
3/9/2020,4848,2020-03-09,9,3,2020
3/10/2020,4506,2020-03-10,10,3,2020
3/11/2020,3922,2020-03-11,11,3,2020
3/12/2020,3828,2020-03-12,12,3,2020
3/13/2020,3521,2020-03-13,13,3,2020
3/14/2020,1684,2020-03-14,14,3,2020
3/15/2020,1542,2020-03-15,15,3,2020
3/16/2020,4229,2020-03-16,16,3,2020
3/17/2020,3563,2020-03-17,17,3,2020
3/18/2020,3208,2020-03-18,18,3,2020
3/19/2020,2604,2020-03-19,19,3,2020
3/20/2020,2342,2020-03-20,20,3,2020
3/21/2020,770,2020-03-21,21,3,2020
3/22/2020,677,2020-03-22,22,3,2020
3/23/2020,2399,2020-03-23,23,3,2020
3/24/2020,2037,2020-03-24,24,3,2020
3/25/2020,2208,2020-03-25,25,3,2020
3/26/2020,2095,2020-03-26,26,3,2020
3/27/2020,2141,2020-03-27,27,3,2020
3/28/2020,964,2020-03-28,28,3,2020
3/29/2020,839,2020-03-29,29,3,2020
3/30/2020,3040,2020-03-30,30,3,2020
3/31/2020,2355,2020-03-31,31,3,2020
4/1/2020,2291,2020-04-01,1,4,2020
4/2/2020,2238,2020-04-02,2,4,2020
4/3/2020,2195,2020-04-03,3,4,2020
4/4/2020,891,2020-04-04,4,4,2020
4/5/2020,740,2020-04-05,5,4,2020
4/6/2020,2814,2020-04-06,6,4,2020
4/7/2020,2118,2020-04-07,7,4,2020
4/8/2020,2112,2020-04-08,8,4,2020
4/9/2020,1598,2020-04-09,9,4,2020
4/10/2020,759,2020-04-10,10,4,2020
4/11/2020,872,2020-04-11,11,4,2020
4/12/2020,724,2020-04-12,12,4,2020
4/13/2020,2859,2020-04-13,13,4,2020
4/14/2020,2187,2020-04-14,14,4,2020
4/15/2020,2178,2020-04-15,15,4,2020
4/16/2020,2107,2020-04-16,16,4,2020
4/17/2020,2140,2020-04-17,17,4,2020
4/18/2020,874,2020-04-18,18,4,2020
4/19/2020,780,2020-04-19,19,4,2020
4/20/2020,1504,2020-04-20,20,4,2020
4/21/2020,881,2020-04-21,21,4,2020
4/22/2020,2776,2020-04-22,22,4,2020
4/23/2020,2107,2020-04-23,23,4,2020
4/24/2020,1998,2020-04-24,24,4,2020
4/25/2020,863,2020-04-25,25,4,2020
4/26/2020,738,2020-04-26,26,4,2020
4/27/2020,2549,2020-04-27,27,4,2020
4/28/2020,1919,2020-04-28,28,4,2020
4/29/2020,1802,2020-04-29,29,4,2020
4/30/2020,1785,2020-04-30,30,4,2020
5/1/2020,740,2020-05-01,1,5,2020
5/2/2020,803,2020-05-02,2,5,2020
5/3/2020,688,2020-05-03,3,5,2020
5/4/2020,2275,2020-05-04,4,5,2020
5/5/2020,1928,2020-05-05,5,5,2020
5/6/2020,1777,2020-05-06,6,5,2020
5/7/2020,1475,2020-05-07,7,5,2020
5/8/2020,1336,2020-05-08,8,5,2020
5/9/2020,654,2020-05-09,9,5,2020
5/10/2020,514,2020-05-10,10,5,2020
5/11/2020,2055,2020-05-11,11,5,2020
5/12/2020,1587,2020-05-12,12,5,2020
5/13/2020,1579,2020-05-13,13,5,2020
5/14/2020,1280,2020-05-14,14,5,2020
5/15/2020,1346,2020-05-15,15,5,2020
5/16/2020,562,2020-05-16,16,5,2020
5/17/2020,524,2020-05-17,17,5,2020
5/18/2020,1700,2020-05-18,18,5,2020
5/19/2020,1306,2020-05-19,19,5,2020
5/20/2020,1260,2020-05-20,20,5,2020
5/21/2020,1170,2020-05-21,21,5,2020
5/22/2020,1168,2020-05-22,22,5,2020
5/23/2020,448,2020-05-23,23,5,2020
5/24/2020,301,2020-05-24,24,5,2020
5/25/2020,461,2020-05-25,25,5,2020
5/26/2020,1053,2020-05-26,26,5,2020
5/27/2020,871,2020-05-27,27,5,2020
5/28/2020,817,2020-05-28,28,5,2020
5/29/2020,785,2020-05-29,29,5,2020
5/30/2020,349,2020-05-30,30,5,2020
5/31/2020,306,2020-05-31,31,5,2020
6/1/2020,1075,2020-06-01,1,6,2020
6/2/2020,822,2020-06-02,2,6,2020
6/3/2020,771,2020-06-03,3,6,2020
6/4/2020,761,2020-06-04,4,6,2020
6/5/2020,734,2020-06-05,5,6,2020
6/6/2020,348,2020-06-06,6,6,2020
6/7/2020,314,2020-06-07,7,6,2020
6/8/2020,993,2020-06-08,8,6,2020
6/9/2020,925,2020-06-09,9,6,2020
6/10/2020,830,2020-06-10,10,6,2020
6/11/2020,405,2020-06-11,11,6,2020
6/12/2020,598,2020-06-12,12,6,2020
6/13/2020,389,2020-06-13,13,6,2020
6/14/2020,353,2020-06-14,14,6,2020
6/15/2020,1110,2020-06-15,15,6,2020
6/16/2020,987,2020-06-16,16,6,2020
6/17/2020,780,2020-06-17,17,6,2020
6/18/2020,730,2020-06-18,18,6,2020
6/19/2020,733,2020-06-19,19,6,2020
6/20/2020,396,2020-06-20,20,6,2020
6/21/2020,311,2020-06-21,21,6,2020
6/22/2020,1074,2020-06-22,22,6,2020
6/23/2020,806,2020-06-23,23,6,2020
6/24/2020,810,2020-06-24,24,6,2020
6/25/2020,754,2020-06-25,25,6,2020
6/26/2020,682,2020-06-26,26,6,2020
6/27/2020,253,2020-06-27,27,6,2020
6/28/2020,271,2020-06-28,28,6,2020
6/29/2020,761,2020-06-29,29,6,2020
6/30/2020,701,2020-06-30,30,6,2020
7/1/2020,613,2020-07-01,1,7,2020
7/2/2020,492,2020-07-02,2,7,2020
7/3/2020,480,2020-07-03,3,7,2020
7/4/2020,246,2020-07-04,4,7,2020
7/5/2020,247,2020-07-05,5,7,2020
7/6/2020,685,2020-07-06,6,7,2020
7/7/2020,649,2020-07-07,7,7,2020
7/8/2020,659,2020-07-08,8,7,2020
7/9/2020,539,2020-07-09,9,7,2020
7/10/2020,506,2020-07-10,10,7,2020
7/11/2020,246,2020-07-11,11,7,2020
7/12/2020,235,2020-07-12,12,7,2020
7/13/2020,781,2020-07-13,13,7,2020
7/14/2020,617,2020-07-14,14,7,2020
7/15/2020,578,2020-07-15,15,7,2020
7/16/2020,521,2020-07-16,16,7,2020
7/17/2020,517,2020-07-17,17,7,2020
7/18/2020,231,2020-07-18,18,7,2020
7/19/2020,195,2020-07-19,19,7,2020
7/20/2020,656,2020-07-20,20,7,2020
7/21/2020,518,2020-07-21,21,7,2020
7/22/2020,550,2020-07-22,22,7,2020
7/23/2020,488,2020-07-23,23,7,2020
7/24/2020,545,2020-07-24,24,7,2020
7/25/2020,200,2020-07-25,25,7,2020
7/26/2020,168,2020-07-26,26,7,2020
7/27/2020,562,2020-07-27,27,7,2020
7/28/2020,510,2020-07-28,28,7,2020
7/29/2020,453,2020-07-29,29,7,2020
7/30/2020,355,2020-07-30,30,7,2020
7/31/2020,388,2020-07-31,31,7,2020
8/1/2020,166,2020-08-01,1,8,2020
8/2/2020,151,2020-08-02,2,8,2020
8/3/2020,438,2020-08-03,3,8,2020
8/4/2020,380,2020-08-04,4,8,2020
8/5/2020,355,2020-08-05,5,8,2020
8/6/2020,334,2020-08-06,6,8,2020
8/7/2020,321,2020-08-07,7,8,2020
8/8/2020,159,2020-08-08,8,8,2020
8/9/2020,141,2020-08-09,9,8,2020
8/10/2020,436,2020-08-10,10,8,2020
8/11/2020,350,2020-08-11,11,8,2020
8/12/2020,378,2020-08-12,12,8,2020
8/13/2020,393,2020-08-13,13,8,2020
8/14/2020,392,2020-08-14,14,8,2020
8/15/2020,157,2020-08-15,15,8,2020
8/16/2020,125,2020-08-16,16,8,2020
8/17/2020,418,2020-08-17,17,8,2020
8/18/2020,353,2020-08-18,18,8,2020
8/19/2020,324,2020-08-19,19,8,2020
8/20/2020,281,2020-08-20,20,8,2020
8/21/2020,181,2020-08-21,21,8,2020
8/22/2020,68,2020-08-22,22,8,2020
8/23/2020,86,2020-08-23,23,8,2020
8/24/2020,288,2020-08-24,24,8,2020
8/25/2020,253,2020-08-25,25,8,2020
8/26/2020,243,2020-08-26,26,8,2020
8/27/2020,284,2020-08-27,27,8,2020
8/28/2020,279,2020-08-28,28,8,2020
8/29/2020,104,2020-08-29,29,8,2020
8/30/2020,136,2020-08-30,30,8,2020
8/31/2020,346,2020-08-31,31,8,2020
9/1/2020,300,2020-09-01,1,9,2020
9/2/2020,307,2020-09-02,2,9,2020
9/3/2020,300,2020-09-03,3,9,2020
9/4/2020,261,2020-09-04,4,9,2020
9/5/2020,108,2020-09-05,5,9,2020
9/6/2020,111,2020-09-06,6,9,2020
9/7/2020,133,2020-09-07,7,9,2020
9/8/2020,372,2020-09-08,8,9,2020
9/9/2020,310,2020-09-09,9,9,2020
9/10/2020,350,2020-09-10,10,9,2020
9/11/2020,269,2020-09-11,11,9,2020
9/12/2020,162,2020-09-12,12,9,2020
9/13/2020,116,2020-09-13,13,9,2020
9/14/2020,414,2020-09-14,14,9,2020
9/15/2020,333,2020-09-15,15,9,2020
9/16/2020,322,2020-09-16,16,9,2020
9/17/2020,291,2020-09-17,17,9,2020
9/18/2020,310,2020-09-18,18,9,2020
9/19/2020,148,2020-09-19,19,9,2020
9/20/2020,158,2020-09-20,20,9,2020
9/21/2020,336,2020-09-21,21,9,2020
9/22/2020,261,2020-09-22,22,9,2020
9/23/2020,268,2020-09-23,23,9,2020
9/24/2020,289,2020-09-24,24,9,2020
9/25/2020,301,2020-09-25,25,9,2020
9/26/2020,147,2020-09-26,26,9,2020
9/27/2020,159,2020-09-27,27,9,2020
9/28/2020,387,2020-09-28,28,9,2020
9/29/2020,328,2020-09-29,29,9,2020
9/30/2020,369,2020-09-30,30,9,2020
10/1/2020,300,2020-10-01,1,10,2020
10/2/2020,279,2020-10-02,2,10,2020
10/3/2020,111,2020-10-03,3,10,2020
10/4/2020,119,2020-10-04,4,10,2020
10/5/2020,425,2020-10-05,5,10,2020
10/6/2020,296,2020-10-06,6,10,2020
10/7/2020,336,2020-10-07,7,10,2020
10/8/2020,292,2020-10-08,8,10,2020
10/9/2020,273,2020-10-09,9,10,2020
10/10/2020,132,2020-10-10,10,10,2020
10/11/2020,103,2020-10-11,11,10,2020
10/12/2020,133,2020-10-12,12,10,2020
10/13/2020,354,2020-10-13,13,10,2020
10/14/2020,302,2020-10-14,14,10,2020
10/15/2020,283,2020-10-15,15,10,2020
10/16/2020,241,2020-10-16,16,10,2020
10/17/2020,126,2020-10-17,17,10,2020
10/18/2020,107,2020-10-18,18,10,2020
10/19/2020,352,2020-10-19,19,10,2020
10/20/2020,296,2020-10-20,20,10,2020
10/21/2020,315,2020-10-21,21,10,2020
10/22/2020,284,2020-10-22,22,10,2020
10/23/2020,301,2020-10-23,23,10,2020
10/24/2020,107,2020-10-24,24,10,2020
10/25/2020,125,2020-10-25,25,10,2020
10/26/2020,324,2020-10-26,26,10,2020
10/27/2020,311,2020-10-27,27,10,2020
10/28/2020,281,2020-10-28,28,10,2020
10/29/2020,270,2020-10-29,29,10,2020
10/30/2020,164,2020-10-30,30,10,2020
10/31/2020,109,2020-10-31,31,10,2020
11/1/2020,93,2020-11-01,1,11,2020
11/2/2020,118,2020-11-02,2,11,2020
11/3/2020,297,2020-11-03,3,11,2020
11/4/2020,273,2020-11-04,4,11,2020
11/5/2020,267,2020-11-05,5,11,2020
11/6/2020,254,2020-11-06,6,11,2020
11/7/2020,120,2020-11-07,7,11,2020
11/8/2020,130,2020-11-08,8,11,2020
11/9/2020,348,2020-11-09,9,11,2020
11/10/2020,264,2020-11-10,10,11,2020
11/11/2020,302,2020-11-11,11,11,2020
11/12/2020,296,2020-11-12,12,11,2020
11/13/2020,282,2020-11-13,13,11,2020
11/14/2020,144,2020-11-14,14,11,2020
11/15/2020,140,2020-11-15,15,11,2020
11/16/2020,374,2020-11-16,16,11,2020
11/17/2020,324,2020-11-17,17,11,2020
11/18/2020,300,2020-11-18,18,11,2020
11/19/2020,282,2020-11-19,19,11,2020
11/20/2020,216,2020-11-20,20,11,2020
11/21/2020,155,2020-11-21,21,11,2020
11/22/2020,123,2020-11-22,22,11,2020
11/23/2020,330,2020-11-23,23,11,2020
11/24/2020,336,2020-11-24,24,11,2020
11/25/2020,364,2020-11-25,25,11,2020
11/26/2020,324,2020-11-26,26,11,2020
11/27/2020,289,2020-11-27,27,11,2020
11/28/2020,161,2020-11-28,28,11,2020
11/29/2020,152,2020-11-29,29,11,2020
11/30/2020,419,2020-11-30,30,11,2020
12/1/2020,391,2020-12-01,1,12,2020
12/2/2020,353,2020-12-02,2,12,2020
12/3/2020,370,2020-12-03,3,12,2020
12/4/2020,309,2020-12-04,4,12,2020
12/5/2020,170,2020-12-05,5,12,2020
12/6/2020,156,2020-12-06,6,12,2020
12/7/2020,329,2020-12-07,7,12,2020
12/8/2020,328,2020-12-08,8,12,2020
12/9/2020,368,2020-12-09,9,12,2020
12/10/2020,367,2020-12-10,10,12,2020
12/11/2020,337,2020-12-11,11,12,2020
12/12/2020,157,2020-12-12,12,12,2020
12/13/2020,151,2020-12-13,13,12,2020
12/14/2020,447,2020-12-14,14,12,2020
12/15/2020,384,2020-12-15,15,12,2020
12/16/2020,366,2020-12-16,16,12,2020
12/17/2020,360,2020-12-17,17,12,2020
12/18/2020,349,2020-12-18,18,12,2020
12/19/2020,176,2020-12-19,19,12,2020
12/20/2020,183,2020-12-20,20,12,2020
12/21/2020,432,2020-12-21,21,12,2020
12/22/2020,329,2020-12-22,22,12,2020
12/23/2020,348,2020-12-23,23,12,2020
12/24/2020,161,2020-12-24,24,12,2020
12/25/2020,138,2020-12-25,25,12,2020
12/26/2020,185,2020-12-26,26,12,2020
12/27/2020,158,2020-12-27,27,12,2020
12/28/2020,434,2020-12-28,28,12,2020
12/29/2020,453,2020-12-29,29,12,2020
12/30/2020,371,2020-12-30,30,12,2020
12/31/2020,237,2020-12-31,31,12,2020
1/1/2021,150,2021-01-01,1,1,2021
1/2/2021,185,2021-01-02,2,1,2021
1/3/2021,43,2021-01-03,3,1,2021
1/4/2021,145,2021-01-04,4,1,2021
1/5/2021,247,2021-01-05,5,1,2021
1/6/2021,318,2021-01-06,6,1,2021
1/7/2021,394,2021-01-07,7,1,2021
1/8/2021,391,2021-01-08,8,1,2021
1/9/2021,241,2021-01-09,9,1,2021
1/10/2021,205,2021-01-10,10,1,2021
1/11/2021,553,2021-01-11,11,1,2021
1/12/2021,573,2021-01-12,12,1,2021
1/13/2021,581,2021-01-13,13,1,2021
1/14/2021,562,2021-01-14,14,1,2021
1/15/2021,542,2021-01-15,15,1,2021
1/16/2021,294,2021-01-16,16,1,2021
1/17/2021,272,2021-01-17,17,1,2021
1/18/2021,847,2021-01-18,18,1,2021
1/19/2021,683,2021-01-19,19,1,2021
1/20/2021,718,2021-01-20,20,1,2021
1/21/2021,705,2021-01-21,21,1,2021
1/22/2021,647,2021-01-22,22,1,2021
1/23/2021,325,2021-01-23,23,1,2021
1/24/2021,299,2021-01-24,24,1,2021
1/25/2021,882,2021-01-25,25,1,2021
1/26/2021,858,2021-01-26,26,1,2021
1/27/2021,821,2021-01-27,27,1,2021
1/28/2021,877,2021-01-28,28,1,2021
1/29/2021,811,2021-01-29,29,1,2021
1/30/2021,410,2021-01-30,30,1,2021
1/31/2021,362,2021-01-31,31,1,2021
2/1/2021,1153,2021-02-01,1,2,2021
2/2/2021,1034,2021-02-02,2,2,2021
2/3/2021,1119,2021-02-03,3,2,2021
2/4/2021,1095,2021-02-04,4,2,2021
2/5/2021,959,2021-02-05,5,2,2021
2/6/2021,478,2021-02-06,6,2,2021
2/7/2021,453,2021-02-07,7,2,2021
2/8/2021,1468,2021-02-08,8,2,2021
2/9/2021,1307,2021-02-09,9,2,2021
2/10/2021,1383,2021-02-10,10,2,2021
2/11/2021,1171,2021-02-11,11,2,2021
2/12/2021,1223,2021-02-12,12,2,2021
2/13/2021,621,2021-02-13,13,2,2021
2/14/2021,634,2021-02-14,14,2,2021
2/15/2021,1657,2021-02-15,15,2,2021
2/16/2021,1637,2021-02-16,16,2,2021
2/17/2021,1625,2021-02-17,17,2,2021
2/18/2021,1663,2021-02-18,18,2,2021
2/19/2021,1637,2021-02-19,19,2,2021
2/20/2021,716,2021-02-20,20,2,2021
2/21/2021,674,2021-02-21,21,2,2021
2/22/2021,2073,2021-02-22,22,2,2021
2/23/2021,2113,2021-02-23,23,2,2021
2/24/2021,1868,2021-02-24,24,2,2021
2/25/2021,1922,2021-02-25,25,2,2021
2/26/2021,1934,2021-02-26,26,2,2021
2/27/2021,832,2021-02-27,27,2,2021
2/28/2021,867,2021-02-28,28,2,2021
3/1/2021,2817,2021-03-01,1,3,2021
3/2/2021,2425,2021-03-02,2,3,2021
3/3/2021,2319,2021-03-03,3,3,2021
3/4/2021,2068,2021-03-04,4,3,2021
3/5/2021,2082,2021-03-05,5,3,2021
3/6/2021,962,2021-03-06,6,3,2021
3/7/2021,949,2021-03-07,7,3,2021
3/8/2021,2852,2021-03-08,8,3,2021
3/9/2021,2522,2021-03-09,9,3,2021
3/10/2021,2436,2021-03-10,10,3,2021
3/11/2021,2418,2021-03-11,11,3,2021
3/12/2021,2258,2021-03-12,12,3,2021
3/13/2021,1093,2021-03-13,13,3,2021
3/14/2021,940,2021-03-14,14,3,2021
3/15/2021,3057,2021-03-15,15,3,2021
3/16/2021,2738,2021-03-16,16,3,2021
3/17/2021,2462,2021-03-17,17,3,2021
3/18/2021,2671,2021-03-18,18,3,2021
3/19/2021,2282,2021-03-19,19,3,2021
3/20/2021,1084,2021-03-20,20,3,2021
3/21/2021,1024,2021-03-21,21,3,2021
3/22/2021,3421,2021-03-22,22,3,2021
3/23/2021,3112,2021-03-23,23,3,2021
3/24/2021,2908,2021-03-24,24,3,2021
3/25/2021,2869,2021-03-25,25,3,2021
3/26/2021,2705,2021-03-26,26,3,2021
3/27/2021,1045,2021-03-27,27,3,2021
3/28/2021,1005,2021-03-28,28,3,2021
3/29/2021,4049,2021-03-29,29,3,2021
3/30/2021,3149,2021-03-30,30,3,2021
3/31/2021,3169,2021-03-31,31,3,2021
4/1/2021,2384,2021-04-01,1,4,2021
4/2/2021,1369,2021-04-02,2,4,2021
4/3/2021,1325,2021-04-03,3,4,2021
4/4/2021,1099,2021-04-04,4,4,2021
4/5/2021,4676,2021-04-05,5,4,2021
4/6/2021,3804,2021-04-06,6,4,2021
4/7/2021,3850,2021-04-07,7,4,2021
4/8/2021,3561,2021-04-08,8,4,2021
4/9/2021,3266,2021-04-09,9,4,2021
4/10/2021,1549,2021-04-10,10,4,2021
4/11/2021,1352,2021-04-11,11,4,2021
4/12/2021,4458,2021-04-12,12,4,2021
4/13/2021,3617,2021-04-13,13,4,2021
4/14/2021,3270,2021-04-14,14,4,2021
4/15/2021,3510,2021-04-15,15,4,2021
4/16/2021,3419,2021-04-16,16,4,2021
4/17/2021,1477,2021-04-17,17,4,2021
4/18/2021,1340,2021-04-18,18,4,2021
4/19/2021,4241,2021-04-19,19,4,2021
4/20/2021,3489,2021-04-20,20,4,2021
4/21/2021,1737,2021-04-21,21,4,2021
4/22/2021,3526,2021-04-22,22,4,2021
4/23/2021,3153,2021-04-23,23,4,2021
4/24/2021,1609,2021-04-24,24,4,2021
4/25/2021,1408,2021-04-25,25,4,2021
4/26/2021,4245,2021-04-26,26,4,2021
4/27/2021,3550,2021-04-27,27,4,2021
4/28/2021,3260,2021-04-28,28,4,2021
4/29/2021,2938,2021-04-29,29,4,2021
4/30/2021,2541,2021-04-30,30,4,2021
5/1/2021,1247,2021-05-01,1,5,2021
5/2/2021,1205,2021-05-02,2,5,2021
5/3/2021,3645,2021-05-03,3,5,2021
5/4/2021,3111,2021-05-04,4,5,2021
5/5/2021,2812,2021-05-05,5,5,2021
5/6/2021,2824,2021-05-06,6,5,2021
5/7/2021,2389,2021-05-07,7,5,2021
5/8/2021,1028,2021-05-08,8,5,2021
5/9/2021,904,2021-05-09,9,5,2021
5/10/2021,3221,2021-05-10,10,5,2021
5/11/2021,2726,2021-05-11,11,5,2021
5/12/2021,2486,2021-05-12,12,5,2021
5/13/2021,2072,2021-05-13,13,5,2021
5/14/2021,2093,2021-05-14,14,5,2021
5/15/2021,959,2021-05-15,15,5,2021
5/16/2021,837,2021-05-16,16,5,2021
5/17/2021,2782,2021-05-17,17,5,2021
5/18/2021,2436,2021-05-18,18,5,2021
5/19/2021,2254,2021-05-19,19,5,2021
5/20/2021,2039,2021-05-20,20,5,2021
5/21/2021,1858,2021-05-21,21,5,2021
5/22/2021,756,2021-05-22,22,5,2021
5/23/2021,640,2021-05-23,23,5,2021
5/24/2021,1972,2021-05-24,24,5,2021
5/25/2021,1664,2021-05-25,25,5,2021
5/26/2021,1702,2021-05-26,26,5,2021
5/27/2021,1617,2021-05-27,27,5,2021
5/28/2021,1699,2021-05-28,28,5,2021
5/29/2021,797,2021-05-29,29,5,2021
5/30/2021,630,2021-05-30,30,5,2021
5/31/2021,1743,2021-05-31,31,5,2021
6/1/2021,1544,2021-06-01,1,6,2021
6/2/2021,1353,2021-06-02,2,6,2021
6/3/2021,819,2021-06-03,3,6,2021
6/4/2021,1072,2021-06-04,4,6,2021
6/5/2021,597,2021-06-05,5,6,2021
6/6/2021,564,2021-06-06,6,6,2021
6/7/2021,1772,2021-06-07,7,6,2021
6/8/2021,1410,2021-06-08,8,6,2021
6/9/2021,1305,2021-06-09,9,6,2021
6/10/2021,1227,2021-06-10,10,6,2021
6/11/2021,1050,2021-06-11,11,6,2021
6/12/2021,438,2021-06-12,12,6,2021
6/13/2021,397,2021-06-13,13,6,2021
6/14/2021,1313,2021-06-14,14,6,2021
6/15/2021,1084,2021-06-15,15,6,2021
6/16/2021,1048,2021-06-16,16,6,2021
6/17/2021,972,2021-06-17,17,6,2021
6/18/2021,864,2021-06-18,18,6,2021
6/19/2021,369,2021-06-19,19,6,2021
6/20/2021,331,2021-06-20,20,6,2021
6/21/2021,1059,2021-06-21,21,6,2021
6/22/2021,889,2021-06-22,22,6,2021
6/23/2021,798,2021-06-23,23,6,2021
6/24/2021,773,2021-06-24,24,6,2021
6/25/2021,679,2021-06-25,25,6,2021
6/26/2021,350,2021-06-26,26,6,2021
6/27/2021,330,2021-06-27,27,6,2021
6/28/2021,866,2021-06-28,28,6,2021
6/29/2021,541,2021-06-29,29,6,2021
6/30/2021,477,2021-06-30,30,6,2021
7/1/2021,436,2021-07-01,1,7,2021
7/2/2021,444,2021-07-02,2,7,2021
7/3/2021,237,2021-07-03,3,7,2021
7/4/2021,194,2021-07-04,4,7,2021
7/5/2021,642,2021-07-05,5,7,2021
7/6/2021,542,2021-07-06,6,7,2021
7/7/2021,508,2021-07-07,7,7,2021
7/8/2021,485,2021-07-08,8,7,2021
7/9/2021,216,2021-07-09,9,7,2021
7/10/2021,194,2021-07-10,10,7,2021
7/11/2021,189,2021-07-11,11,7,2021
7/12/2021,582,2021-07-12,12,7,2021
7/13/2021,551,2021-07-13,13,7,2021
7/14/2021,550,2021-07-14,14,7,2021
7/15/2021,467,2021-07-15,15,7,2021
7/16/2021,414,2021-07-16,16,7,2021
7/17/2021,216,2021-07-17,17,7,2021
7/18/2021,178,2021-07-18,18,7,2021
7/19/2021,421,2021-07-19,19,7,2021
7/20/2021,369,2021-07-20,20,7,2021
7/21/2021,380,2021-07-21,21,7,2021
7/22/2021,332,2021-07-22,22,7,2021
7/23/2021,307,2021-07-23,23,7,2021
7/24/2021,155,2021-07-24,24,7,2021
7/25/2021,153,2021-07-25,25,7,2021
7/26/2021,426,2021-07-26,26,7,2021
7/27/2021,443,2021-07-27,27,7,2021
7/28/2021,300,2021-07-28,28,7,2021
7/29/2021,205,2021-07-29,29,7,2021
7/30/2021,212,2021-07-30,30,7,2021
7/31/2021,92,2021-07-31,31,7,2021
8/1/2021,96,2021-08-01,1,8,2021
8/2/2021,340,2021-08-02,2,8,2021
8/3/2021,291,2021-08-03,3,8,2021
8/4/2021,247,2021-08-04,4,8,2021
8/5/2021,289,2021-08-05,5,8,2021
8/6/2021,224,2021-08-06,6,8,2021
8/7/2021,111,2021-08-07,7,8,2021
8/8/2021,105,2021-08-08,8,8,2021
8/9/2021,327,2021-08-09,9,8,2021
8/10/2021,376,2021-08-10,10,8,2021
8/11/2021,295,2021-08-11,11,8,2021
8/12/2021,302,2021-08-12,12,8,2021
8/13/2021,255,2021-08-13,13,8,2021
8/14/2021,112,2021-08-14,14,8,2021
8/15/2021,109,2021-08-15,15,8,2021
8/16/2021,369,2021-08-16,16,8,2021
8/17/2021,302,2021-08-17,17,8,2021
8/18/2021,397,2021-08-18,18,8,2021
8/19/2021,312,2021-08-19,19,8,2021
8/20/2021,327,2021-08-20,20,8,2021
8/21/2021,132,2021-08-21,21,8,2021
8/22/2021,138,2021-08-22,22,8,2021
8/23/2021,388,2021-08-23,23,8,2021
8/24/2021,397,2021-08-24,24,8,2021
8/25/2021,386,2021-08-25,25,8,2021
8/26/2021,362,2021-08-26,26,8,2021
8/27/2021,294,2021-08-27,27,8,2021
8/28/2021,127,2021-08-28,28,8,2021
8/29/2021,100,2021-08-29,29,8,2021
8/30/2021,315,2021-08-30,30,8,2021
8/31/2021,304,2021-08-31,31,8,2021
9/1/2021,318,2021-09-01,1,9,2021
9/2/2021,315,2021-09-02,2,9,2021
9/3/2021,263,2021-09-03,3,9,2021
9/4/2021,154,2021-09-04,4,9,2021
9/5/2021,127,2021-09-05,5,9,2021
9/6/2021,215,2021-09-06,6,9,2021
9/7/2021,157,2021-09-07,7,9,2021
9/8/2021,368,2021-09-08,8,9,2021
9/9/2021,374,2021-09-09,9,9,2021
9/10/2021,268,2021-09-10,10,9,2021
9/11/2021,120,2021-09-11,11,9,2021
9/12/2021,123,2021-09-12,12,9,2021
9/13/2021,372,2021-09-13,13,9,2021
9/14/2021,340,2021-09-14,14,9,2021
9/15/2021,339,2021-09-15,15,9,2021
9/16/2021,322,2021-09-16,16,9,2021
9/17/2021,258,2021-09-17,17,9,2021
9/18/2021,125,2021-09-18,18,9,2021
9/19/2021,151,2021-09-19,19,9,2021
9/20/2021,404,2021-09-20,20,9,2021
9/21/2021,410,2021-09-21,21,9,2021
9/22/2021,321,2021-09-22,22,9,2021
9/23/2021,286,2021-09-23,23,9,2021
9/24/2021,283,2021-09-24,24,9,2021
9/25/2021,150,2021-09-25,25,9,2021
9/26/2021,133,2021-09-26,26,9,2021
9/27/2021,373,2021-09-27,27,9,2021
9/28/2021,409,2021-09-28,28,9,2021
9/29/2021,366,2021-09-29,29,9,2021
9/30/2021,320,2021-09-30,30,9,2021
10/1/2021,284,2021-10-01,1,10,2021
10/2/2021,125,2021-10-02,2,10,2021
10/3/2021,110,2021-10-03,3,10,2021
10/4/2021,322,2021-10-04,4,10,2021
10/5/2021,323,2021-10-05,5,10,2021
10/6/2021,275,2021-10-06,6,10,2021
10/7/2021,261,2021-10-07,7,10,2021
10/8/2021,262,2021-10-08,8,10,2021
10/9/2021,108,2021-10-09,9,10,2021
10/10/2021,85,2021-10-10,10,10,2021
10/11/2021,162,2021-10-11,11,10,2021
10/12/2021,125,2021-10-12,12,10,2021
10/13/2021,355,2021-10-13,13,10,2021
10/14/2021,333,2021-10-14,14,10,2021
10/15/2021,331,2021-10-15,15,10,2021
10/16/2021,150,2021-10-16,16,10,2021
10/17/2021,127,2021-10-17,17,10,2021
10/18/2021,342,2021-10-18,18,10,2021
10/19/2021,319,2021-10-19,19,10,2021
10/20/2021,276,2021-10-20,20,10,2021
10/21/2021,270,2021-10-21,21,10,2021
10/22/2021,287,2021-10-22,22,10,2021
10/23/2021,157,2021-10-23,23,10,2021
10/24/2021,141,2021-10-24,24,10,2021
10/25/2021,343,2021-10-25,25,10,2021
10/26/2021,279,2021-10-26,26,10,2021
10/27/2021,285,2021-10-27,27,10,2021
10/28/2021,290,2021-10-28,28,10,2021
10/29/2021,211,2021-10-29,29,10,2021
10/30/2021,137,2021-10-30,30,10,2021
10/31/2021,97,2021-10-31,31,10,2021
11/1/2021,164,2021-11-01,1,11,2021
11/2/2021,158,2021-11-02,2,11,2021
11/3/2021,359,2021-11-03,3,11,2021
11/4/2021,346,2021-11-04,4,11,2021
11/5/2021,328,2021-11-05,5,11,2021
11/6/2021,178,2021-11-06,6,11,2021
11/7/2021,136,2021-11-07,7,11,2021
11/8/2021,360,2021-11-08,8,11,2021
11/9/2021,345,2021-11-09,9,11,2021
11/10/2021,310,2021-11-10,10,11,2021
11/11/2021,332,2021-11-11,11,11,2021
11/12/2021,266,2021-11-12,12,11,2021
11/13/2021,123,2021-11-13,13,11,2021
11/14/2021,91,2021-11-14,14,11,2021
11/15/2021,173,2021-11-15,15,11,2021
11/16/2021,426,2021-11-16,16,11,2021
11/17/2021,415,2021-11-17,17,11,2021
11/18/2021,426,2021-11-18,18,11,2021
11/19/2021,324,2021-11-19,19,11,2021
11/20/2021,148,2021-11-20,20,11,2021
11/21/2021,133,2021-11-21,21,11,2021
11/22/2021,432,2021-11-22,22,11,2021
11/23/2021,427,2021-11-23,23,11,2021
11/24/2021,376,2021-11-24,24,11,2021
11/25/2021,366,2021-11-25,25,11,2021
11/26/2021,312,2021-11-26,26,11,2021
11/27/2021,156,2021-11-27,27,11,2021
11/28/2021,170,2021-11-28,28,11,2021
11/29/2021,515,2021-11-29,29,11,2021
11/30/2021,424,2021-11-30,30,11,2021
12/1/2021,492,2021-12-01,1,12,2021
12/2/2021,428,2021-12-02,2,12,2021
12/3/2021,425,2021-12-03,3,12,2021
12/4/2021,225,2021-12-04,4,12,2021
12/5/2021,191,2021-12-05,5,12,2021
12/6/2021,596,2021-12-06,6,12,2021
12/7/2021,476,2021-12-07,7,12,2021
12/8/2021,440,2021-12-08,8,12,2021
12/9/2021,470,2021-12-09,9,12,2021
12/10/2021,475,2021-12-10,10,12,2021
12/11/2021,276,2021-12-11,11,12,2021
12/12/2021,273,2021-12-12,12,12,2021
12/13/2021,663,2021-12-13,13,12,2021
12/14/2021,651,2021-12-14,14,12,2021
12/15/2021,656,2021-12-15,15,12,2021
12/16/2021,603,2021-12-16,16,12,2021
12/17/2021,559,2021-12-17,17,12,2021
