date,total_cases
1/7/2000,15
1/8/2000,1
1/9/2000,3
1/10/2000,30
1/11/2000,24
1/12/2000,19
1/13/2000,32
1/14/2000,29
1/15/2000,2
1/16/2000,4
1/17/2000,50
1/18/2000,36
1/19/2000,35
1/20/2000,28
1/21/2000,56
1/23/2000,2
1/24/2000,59
1/25/2000,31
1/26/2000,37
1/27/2000,57
1/28/2000,41
1/29/2000,3
1/30/2000,1
1/31/2000,38
2/1/2000,43
2/2/2000,40
2/3/2000,27
2/4/2000,55
2/5/2000,3
2/6/2000,2
2/7/2000,56
2/8/2000,41
2/9/2000,50
2/10/2000,36
2/11/2000,34
2/12/2000,2
2/13/2000,1
2/14/2000,64
2/15/2000,57
2/16/2000,51
2/17/2000,32
2/18/2000,29
2/19/2000,8
2/20/2000,1
2/21/2000,43
2/22/2000,49
2/23/2000,42
2/24/2000,34
2/25/2000,42
2/26/2000,3
2/27/2000,1
2/28/2000,65
2/29/2000,44
3/1/2000,47
3/2/2000,40
3/3/2000,40
3/4/2000,2
3/5/2000,1
3/6/2000,2
3/7/2000,2
3/8/2000,17
3/9/2000,62
3/10/2000,41
3/11/2000,4
3/12/2000,1
3/13/2000,59
3/14/2000,52
3/15/2000,44
3/16/2000,64
3/17/2000,47
3/18/2000,2
3/19/2000,6
3/20/2000,62
3/21/2000,60
3/22/2000,65
3/23/2000,51
3/24/2000,51
3/25/2000,2
3/26/2000,1
3/27/2000,99
3/28/2000,73
3/29/2000,48
3/30/2000,68
3/31/2000,71
4/1/2000,13
4/2/2000,2
4/3/2000,116
4/4/2000,80
4/5/2000,110
4/6/2000,99
4/7/2000,104
4/8/2000,5
4/9/2000,5
4/10/2000,159
4/11/2000,145
4/12/2000,109
4/13/2000,120
4/14/2000,124
4/15/2000,8
4/16/2000,3
4/17/2000,156
4/18/2000,128
4/19/2000,125
4/20/2000,38
4/21/2000,2
4/22/2000,10
4/23/2000,8
4/24/2000,196
4/25/2000,147
4/26/2000,133
4/27/2000,135
4/28/2000,123
4/29/2000,1
4/30/2000,1
5/1/2000,7
5/2/2000,246
5/3/2000,164
5/4/2000,164
5/5/2000,156
5/6/2000,5
5/7/2000,3
5/8/2000,198
5/9/2000,157
5/10/2000,147
5/11/2000,96
5/12/2000,124
5/13/2000,7
5/14/2000,3
5/15/2000,187
5/16/2000,150
5/17/2000,139
5/18/2000,106
5/19/2000,106
5/20/2000,2
5/21/2000,2
5/22/2000,146
5/23/2000,100
5/24/2000,87
5/25/2000,103
5/26/2000,84
5/27/2000,7
5/28/2000,4
5/29/2000,94
5/30/2000,70
5/31/2000,67
6/1/2000,59
6/2/2000,64
6/3/2000,2
6/4/2000,6
6/5/2000,79
6/6/2000,56
6/7/2000,47
6/8/2000,63
6/9/2000,61
6/10/2000,4
6/11/2000,7
6/12/2000,78
6/13/2000,60
6/14/2000,43
6/15/2000,45
6/16/2000,53
6/17/2000,5
6/19/2000,57
6/20/2000,33
6/21/2000,29
6/22/2000,3
6/23/2000,13
6/24/2000,2
6/25/2000,4
6/26/2000,48
6/27/2000,34
6/28/2000,42
6/29/2000,29
6/30/2000,29
7/2/2000,1
7/3/2000,47
7/4/2000,34
7/5/2000,15
7/6/2000,20
7/7/2000,24
7/10/2000,45
7/11/2000,32
7/12/2000,16
7/13/2000,15
7/14/2000,16
7/15/2000,1
7/17/2000,14
7/18/2000,10
7/19/2000,12
7/20/2000,7
7/21/2000,4
7/23/2000,1
7/24/2000,7
7/25/2000,11
7/26/2000,5
7/27/2000,8
7/28/2000,6
7/31/2000,16
8/1/2000,22
8/2/2000,11
8/3/2000,7
8/4/2000,18
8/6/2000,1
8/7/2000,28
8/8/2000,23
8/9/2000,10
8/10/2000,23
8/11/2000,13
8/14/2000,21
8/15/2000,14
8/16/2000,10
8/17/2000,8
8/18/2000,13
8/21/2000,26
8/22/2000,9
8/23/2000,18
8/24/2000,16
8/25/2000,14
8/28/2000,13
8/29/2000,11
8/30/2000,10
8/31/2000,15
9/1/2000,13
9/2/2000,1
9/4/2000,15
9/5/2000,14
9/6/2000,7
9/8/2000,6
9/11/2000,10
9/12/2000,23
9/13/2000,14
9/14/2000,16
9/15/2000,20
9/16/2000,1
9/18/2000,15
9/19/2000,24
9/20/2000,14
9/21/2000,10
9/22/2000,11
9/23/2000,2
9/25/2000,13
9/26/2000,14
9/27/2000,10
9/28/2000,5
9/29/2000,4
10/2/2000,14
10/3/2000,11
10/4/2000,13
10/5/2000,24
10/6/2000,12
10/7/2000,1
10/9/2000,21
10/10/2000,17
10/11/2000,18
10/13/2000,7
10/14/2000,1
10/16/2000,22
10/17/2000,13
10/18/2000,9
10/19/2000,17
10/20/2000,18
10/23/2000,21
10/24/2000,13
10/25/2000,23
10/26/2000,16
10/27/2000,19
10/29/2000,1
10/30/2000,18
10/31/2000,23
11/1/2000,17
11/2/2000,1
11/5/2000,1
11/6/2000,16
11/7/2000,16
11/8/2000,10
11/9/2000,11
11/10/2000,12
11/11/2000,1
11/12/2000,1
11/13/2000,19
11/14/2000,19
11/15/2000,2
11/16/2000,14
11/17/2000,16
11/20/2000,31
11/21/2000,16
11/22/2000,12
11/23/2000,9
11/24/2000,16
11/26/2000,1
11/27/2000,29
11/28/2000,17
11/29/2000,23
11/30/2000,22
12/1/2000,21
12/2/2000,2
12/4/2000,30
12/5/2000,32
12/6/2000,20
12/7/2000,14
12/8/2000,16
12/9/2000,2
12/10/2000,3
12/11/2000,32
12/12/2000,33
12/13/2000,25
12/14/2000,21
12/15/2000,16
12/18/2000,25
12/19/2000,12
12/20/2000,17
12/21/2000,19
12/22/2000,20
12/23/2000,2
12/24/2000,2
12/26/2000,33
12/27/2000,24
12/28/2000,27
12/29/2000,26
12/30/2000,11
1/1/2001,3
1/2/2001,38
1/3/2001,39
1/4/2001,36
1/5/2001,54
1/7/2001,1
1/8/2001,84
1/9/2001,59
1/10/2001,70
1/11/2001,81
1/12/2001,86
1/13/2001,2
1/14/2001,3
1/15/2001,121
1/16/2001,112
1/17/2001,93
1/18/2001,90
1/19/2001,93
1/20/2001,8
1/21/2001,1
1/22/2001,154
1/23/2001,135
1/24/2001,104
1/25/2001,138
1/26/2001,135
1/27/2001,5
1/28/2001,5
1/29/2001,235
1/30/2001,169
1/31/2001,167
2/1/2001,189
2/2/2001,172
2/3/2001,6
2/4/2001,9
2/5/2001,298
2/6/2001,198
2/7/2001,207
2/8/2001,183
2/9/2001,179
2/10/2001,5
2/11/2001,6
2/12/2001,263
2/13/2001,223
2/14/2001,229
2/15/2001,219
2/16/2001,225
2/17/2001,11
2/18/2001,11
2/19/2001,395
2/20/2001,281
2/21/2001,238
2/22/2001,262
2/23/2001,283
2/24/2001,10
2/25/2001,13
2/26/2001,27
2/27/2001,11
2/28/2001,227
3/1/2001,463
3/2/2001,345
3/3/2001,12
3/4/2001,14
3/5/2001,476
3/6/2001,318
3/7/2001,170
3/8/2001,322
3/9/2001,305
3/10/2001,17
3/11/2001,17
3/12/2001,526
3/13/2001,423
3/14/2001,420
3/15/2001,461
3/16/2001,527
3/17/2001,17
3/18/2001,25
3/19/2001,678
3/20/2001,774
3/21/2001,593
3/22/2001,631
3/23/2001,699
3/24/2001,39
3/25/2001,27
3/26/2001,1160
3/27/2001,813
3/28/2001,772
3/29/2001,752
3/30/2001,765
3/31/2001,52
4/1/2001,41
4/2/2001,1112
4/3/2001,973
4/4/2001,915
4/5/2001,1072
4/6/2001,985
4/7/2001,101
4/8/2001,60
4/9/2001,1520
4/10/2001,1204
4/11/2001,1048
4/12/2001,528
4/13/2001,52
4/14/2001,90
4/15/2001,81
4/16/2001,1962
4/17/2001,1371
4/18/2001,1243
4/19/2001,1231
4/20/2001,1227
4/21/2001,95
4/22/2001,77
4/23/2001,1772
4/24/2001,1441
4/25/2001,1191
4/26/2001,1422
4/27/2001,1379
4/28/2001,158
4/29/2001,84
4/30/2001,1201
5/1/2001,103
5/2/2001,2121
5/3/2001,1598
5/4/2001,1523
5/5/2001,130
5/6/2001,77
5/7/2001,2027
5/8/2001,1448
5/9/2001,1447
5/10/2001,1482
5/11/2001,1250
5/12/2001,142
5/13/2001,66
5/14/2001,1813
5/15/2001,1326
5/16/2001,1065
5/17/2001,1093
5/18/2001,831
5/19/2001,127
5/20/2001,76
5/21/2001,1217
5/22/2001,836
5/23/2001,842
5/24/2001,753
5/25/2001,737
5/26/2001,116
5/27/2001,52
5/28/2001,859
5/29/2001,707
5/30/2001,692
5/31/2001,593
6/1/2001,607
6/2/2001,74
6/3/2001,59
6/4/2001,909
6/5/2001,702
6/6/2001,704
6/7/2001,654
6/8/2001,554
6/9/2001,68
6/10/2001,40
6/11/2001,905
6/12/2001,542
6/13/2001,582
6/14/2001,56
6/15/2001,69
6/16/2001,38
6/17/2001,21
6/18/2001,905
6/19/2001,489
6/20/2001,488
6/21/2001,381
6/22/2001,277
6/23/2001,30
6/24/2001,16
6/25/2001,489
6/26/2001,339
6/27/2001,284
6/28/2001,259
6/29/2001,230
6/30/2001,16
7/1/2001,10
7/2/2001,307
7/3/2001,204
7/4/2001,190
7/5/2001,170
7/6/2001,166
7/7/2001,13
7/8/2001,7
7/9/2001,15
7/10/2001,238
7/11/2001,162
7/12/2001,165
7/13/2001,116
7/14/2001,4
7/15/2001,5
7/16/2001,169
7/17/2001,124
7/18/2001,114
7/19/2001,138
7/20/2001,111
7/21/2001,9
7/22/2001,8
7/23/2001,145
7/24/2001,98
7/25/2001,89
7/26/2001,107
7/27/2001,75
7/28/2001,4
7/29/2001,2
7/30/2001,105
7/31/2001,87
8/1/2001,97
8/2/2001,84
8/3/2001,70
8/4/2001,6
8/5/2001,8
8/6/2001,93
8/7/2001,93
8/8/2001,75
8/9/2001,65
8/10/2001,67
8/11/2001,7
8/12/2001,2
8/13/2001,99
8/14/2001,107
8/15/2001,50
8/16/2001,82
8/17/2001,62
8/18/2001,4
8/19/2001,1
8/20/2001,120
8/21/2001,73
8/22/2001,60
8/23/2001,73
8/24/2001,66
8/25/2001,1
8/26/2001,3
8/27/2001,109
8/28/2001,82
8/29/2001,75
8/30/2001,87
8/31/2001,78
9/1/2001,4
9/2/2001,6
9/3/2001,98
9/4/2001,77
9/5/2001,91
9/6/2001,57
9/7/2001,3
9/8/2001,3
9/9/2001,3
9/10/2001,136
9/11/2001,86
9/12/2001,66
9/13/2001,76
9/14/2001,75
9/15/2001,3
9/16/2001,2
9/17/2001,79
9/18/2001,70
9/19/2001,48
9/20/2001,45
9/21/2001,43
9/22/2001,2
9/23/2001,1
9/24/2001,85
9/25/2001,76
9/26/2001,66
9/27/2001,57
9/28/2001,55
9/29/2001,3
9/30/2001,2
10/1/2001,73
10/2/2001,72
10/3/2001,29
10/4/2001,57
10/5/2001,46
10/6/2001,2
10/7/2001,1
10/8/2001,80
10/9/2001,63
10/10/2001,55
10/11/2001,45
10/12/2001,1
10/13/2001,4
10/14/2001,3
10/15/2001,76
10/16/2001,72
10/17/2001,59
10/18/2001,68
10/19/2001,46
10/20/2001,2
10/21/2001,3
10/22/2001,84
10/23/2001,67
10/24/2001,48
10/25/2001,46
10/26/2001,44
10/27/2001,3
10/28/2001,6
10/29/2001,58
10/30/2001,61
10/31/2001,53
11/1/2001,36
11/2/2001,1
11/3/2001,4
11/4/2001,9
11/5/2001,87
11/6/2001,77
11/7/2001,57
11/8/2001,49
11/9/2001,50
11/10/2001,7
11/11/2001,4
11/12/2001,65
11/13/2001,40
11/14/2001,35
11/15/2001,3
11/16/2001,11
11/17/2001,3
11/18/2001,4
11/19/2001,74
11/20/2001,44
11/21/2001,48
11/22/2001,48
11/23/2001,51
11/24/2001,5
11/25/2001,10
11/26/2001,70
11/27/2001,58
11/28/2001,53
11/29/2001,44
11/30/2001,35
12/1/2001,6
12/3/2001,106
12/4/2001,58
12/5/2001,64
12/6/2001,29
12/7/2001,37
12/8/2001,3
12/9/2001,3
12/10/2001,60
12/11/2001,55
12/12/2001,53
12/13/2001,41
12/14/2001,47
12/15/2001,5
12/16/2001,6
12/17/2001,75
12/18/2001,67
12/19/2001,45
12/20/2001,54
12/21/2001,52
12/22/2001,5
12/23/2001,6
12/24/2001,24
12/25/2001,3
12/26/2001,60
12/27/2001,70
12/28/2001,64
12/29/2001,13
12/30/2001,7
12/31/2001,12
1/1/2002,7
1/2/2002,68
1/3/2002,81
1/4/2002,54
1/5/2002,9
1/6/2002,7
1/7/2002,108
1/8/2002,107
1/9/2002,94
1/10/2002,98
1/11/2002,99
1/12/2002,15
1/13/2002,12
1/14/2002,157
1/15/2002,106
1/16/2002,104
1/17/2002,144
1/18/2002,175
1/19/2002,35
1/20/2002,38
1/21/2002,269
1/22/2002,254
1/23/2002,316
1/24/2002,283
1/25/2002,213
1/26/2002,30
1/27/2002,31
1/28/2002,347
1/29/2002,315
1/30/2002,335
1/31/2002,342
2/1/2002,335
2/2/2002,75
2/3/2002,57
2/4/2002,604
2/5/2002,520
2/6/2002,462
2/7/2002,476
2/8/2002,518
2/9/2002,81
2/10/2002,67
2/11/2002,130
2/12/2002,100
2/13/2002,418
2/14/2002,856
2/15/2002,706
2/16/2002,159
2/17/2002,127
2/18/2002,1061
2/19/2002,1013
2/20/2002,1053
2/21/2002,997
2/22/2002,1117
2/23/2002,233
2/24/2002,201
2/25/2002,1806
2/26/2002,1573
2/27/2002,1516
2/28/2002,1457
3/1/2002,1343
3/2/2002,250
3/3/2002,255
3/4/2002,1925
3/5/2002,1457
3/6/2002,1307
3/7/2002,1397
3/8/2002,1326
3/9/2002,265
3/10/2002,210
3/11/2002,1670
3/12/2002,1316
3/13/2002,1099
3/14/2002,1271
3/15/2002,1195
3/16/2002,242
3/17/2002,238
3/18/2002,1596
3/19/2002,1310
3/20/2002,1224
3/21/2002,1052
3/22/2002,1176
3/23/2002,268
3/24/2002,212
3/25/2002,1489
3/26/2002,1286
3/27/2002,1046
3/28/2002,796
3/29/2002,317
3/30/2002,292
3/31/2002,250
4/1/2002,1537
4/2/2002,1182
4/3/2002,953
4/4/2002,967
4/5/2002,910
4/6/2002,301
4/7/2002,233
4/8/2002,1237
4/9/2002,979
4/10/2002,953
4/11/2002,925
4/12/2002,838
4/13/2002,249
4/14/2002,215
4/15/2002,1022
4/16/2002,757
4/17/2002,716
4/18/2002,766
4/19/2002,616
4/20/2002,237
4/21/2002,236
4/22/2002,882
4/23/2002,726
4/24/2002,750
4/25/2002,729
4/26/2002,595
4/27/2002,141
4/28/2002,203
4/29/2002,867
4/30/2002,674
5/1/2002,155
5/2/2002,671
5/3/2002,545
5/4/2002,139
5/5/2002,160
5/6/2002,793
5/7/2002,567
5/8/2002,490
5/9/2002,501
5/10/2002,472
5/11/2002,191
5/12/2002,152
5/13/2002,656
5/14/2002,524
5/15/2002,505
5/16/2002,544
5/17/2002,450
5/18/2002,151
5/19/2002,132
5/20/2002,619
5/21/2002,432
5/22/2002,347
5/23/2002,361
5/24/2002,295
5/25/2002,140
5/26/2002,128
5/27/2002,414
5/28/2002,342
5/29/2002,250
5/30/2002,122
5/31/2002,158
6/1/2002,98
6/2/2002,73
6/3/2002,324
6/4/2002,282
6/5/2002,222
6/6/2002,216
6/7/2002,215
6/8/2002,72
6/9/2002,63
6/10/2002,287
6/11/2002,248
6/12/2002,198
6/13/2002,193
6/14/2002,159
6/15/2002,75
6/16/2002,42
6/17/2002,190
6/18/2002,177
6/19/2002,192
6/20/2002,191
6/21/2002,125
6/22/2002,25
6/23/2002,34
6/24/2002,174
6/25/2002,131
6/26/2002,65
6/27/2002,136
6/28/2002,115
6/29/2002,22
6/30/2002,26
7/1/2002,114
7/2/2002,119
7/3/2002,89
7/4/2002,93
7/5/2002,94
7/6/2002,22
7/7/2002,16
7/8/2002,61
7/9/2002,13
7/10/2002,88
7/11/2002,67
7/12/2002,55
7/13/2002,9
7/14/2002,7
7/15/2002,66
7/16/2002,38
7/17/2002,39
7/18/2002,50
7/19/2002,43
7/20/2002,9
7/21/2002,4
7/22/2002,49
7/23/2002,38
7/24/2002,33
7/25/2002,32
7/26/2002,35
7/27/2002,12
7/28/2002,10
7/29/2002,57
7/30/2002,44
7/31/2002,43
8/1/2002,38
8/2/2002,32
8/3/2002,2
8/4/2002,5
8/5/2002,50
8/6/2002,52
8/7/2002,54
8/8/2002,65
8/9/2002,55
8/10/2002,3
8/11/2002,3
8/12/2002,71
8/13/2002,67
8/14/2002,53
8/15/2002,51
8/16/2002,47
8/17/2002,8
8/18/2002,7
8/19/2002,69
8/20/2002,77
8/21/2002,71
8/22/2002,66
8/23/2002,65
8/24/2002,7
8/25/2002,9
8/26/2002,63
8/27/2002,44
8/28/2002,67
8/29/2002,52
8/30/2002,35
8/31/2002,4
9/1/2002,6
9/2/2002,50
9/3/2002,40
9/4/2002,23
9/5/2002,30
9/6/2002,38
9/7/2002,2
9/8/2002,2
9/9/2002,51
9/10/2002,57
9/11/2002,34
9/12/2002,46
9/13/2002,35
9/14/2002,1
9/15/2002,3
9/16/2002,39
9/17/2002,38
9/18/2002,30
9/19/2002,50
9/20/2002,36
9/21/2002,5
9/22/2002,3
9/23/2002,28
9/24/2002,23
9/25/2002,25
9/26/2002,33
9/27/2002,24
9/28/2002,3
9/30/2002,27
10/1/2002,40
10/2/2002,23
10/3/2002,25
10/4/2002,23
10/5/2002,5
10/6/2002,5
10/7/2002,28
10/8/2002,20
10/9/2002,32
10/10/2002,25
10/11/2002,29
10/12/2002,5
10/13/2002,3
10/14/2002,23
10/15/2002,37
10/16/2002,26
10/17/2002,29
10/18/2002,25
10/20/2002,1
10/21/2002,35
10/22/2002,26
10/23/2002,28
10/24/2002,29
10/25/2002,27
10/26/2002,1
10/27/2002,2
10/28/2002,11
10/29/2002,42
10/30/2002,32
10/31/2002,31
11/1/2002,18
11/2/2002,4
11/3/2002,1
11/4/2002,46
11/5/2002,38
11/6/2002,25
11/7/2002,55
11/8/2002,33
11/9/2002,2
11/10/2002,5
11/11/2002,49
11/12/2002,30
11/13/2002,22
11/14/2002,44
11/15/2002,5
11/16/2002,5
11/17/2002,5
11/18/2002,68
11/19/2002,43
11/20/2002,47
11/21/2002,49
11/22/2002,52
11/23/2002,5
11/24/2002,8
11/25/2002,109
11/26/2002,64
11/27/2002,67
11/28/2002,54
11/29/2002,64
11/30/2002,10
12/1/2002,5
12/2/2002,99
12/3/2002,86
12/4/2002,87
12/5/2002,75
12/6/2002,77
12/7/2002,12
12/8/2002,8
12/9/2002,87
12/10/2002,66
12/11/2002,69
12/12/2002,53
12/13/2002,69
12/14/2002,8
12/15/2002,4
12/16/2002,80
12/17/2002,74
12/18/2002,67
12/19/2002,54
12/20/2002,73
12/21/2002,3
12/22/2002,5
12/23/2002,79
12/24/2002,20
12/25/2002,9
12/26/2002,62
12/27/2002,67
12/28/2002,7
12/29/2002,11
12/30/2002,92
12/31/2002,30
1/1/2003,13
1/2/2003,82
1/3/2003,101
1/4/2003,16
1/5/2003,17
1/6/2003,176
1/7/2003,123
1/8/2003,109
1/9/2003,148
1/10/2003,122
1/11/2003,27
1/12/2003,16
1/13/2003,218
1/14/2003,155
1/15/2003,204
1/16/2003,152
1/17/2003,212
1/18/2003,38
1/19/2003,37
1/20/2003,237
1/21/2003,257
1/22/2003,209
1/23/2003,185
1/24/2003,209
1/25/2003,35
1/26/2003,39
1/27/2003,308
1/28/2003,212
1/29/2003,230
1/30/2003,235
1/31/2003,272
2/1/2003,52
2/2/2003,61
2/3/2003,349
2/4/2003,279
2/5/2003,282
2/6/2003,291
2/7/2003,300
2/8/2003,52
2/9/2003,52
2/10/2003,407
2/11/2003,324
2/12/2003,292
2/13/2003,287
2/14/2003,283
2/15/2003,42
2/16/2003,33
2/17/2003,334
2/18/2003,313
2/19/2003,355
2/20/2003,351
2/21/2003,323
2/22/2003,54
2/23/2003,44
2/24/2003,550
2/25/2003,391
2/26/2003,411
2/27/2003,436
2/28/2003,349
3/1/2003,42
3/2/2003,54
3/3/2003,76
3/4/2003,44
3/5/2003,348
3/6/2003,570
3/7/2003,496
3/8/2003,61
3/9/2003,42
3/10/2003,603
3/11/2003,459
3/12/2003,495
3/13/2003,540
3/14/2003,586
3/15/2003,53
3/16/2003,65
3/17/2003,807
3/18/2003,600
3/19/2003,561
3/20/2003,534
3/21/2003,520
3/22/2003,43
3/23/2003,51
3/24/2003,630
3/25/2003,487
3/26/2003,420
3/27/2003,475
3/28/2003,448
3/29/2003,46
3/30/2003,53
3/31/2003,664
4/1/2003,469
4/2/2003,480
4/3/2003,436
4/4/2003,328
4/5/2003,42
4/6/2003,36
4/7/2003,412
4/8/2003,339
4/9/2003,417
4/10/2003,349
4/11/2003,359
4/12/2003,55
4/13/2003,41
4/14/2003,426
4/15/2003,383
4/16/2003,344
4/17/2003,180
4/18/2003,48
4/19/2003,34
4/20/2003,38
4/21/2003,37
4/22/2003,382
4/23/2003,331
4/24/2003,325
4/25/2003,316
4/26/2003,40
4/27/2003,36
4/28/2003,390
4/29/2003,289
4/30/2003,246
5/1/2003,43
5/2/2003,96
5/3/2003,38
5/4/2003,27
5/5/2003,328
5/6/2003,232
5/7/2003,231
5/8/2003,201
5/9/2003,154
5/10/2003,25
5/11/2003,43
5/12/2003,259
5/13/2003,244
5/14/2003,173
5/15/2003,182
5/16/2003,187
5/17/2003,20
5/18/2003,15
5/19/2003,195
5/20/2003,198
5/21/2003,193
5/22/2003,202
5/23/2003,131
5/24/2003,17
5/25/2003,12
5/26/2003,184
5/27/2003,163
5/28/2003,158
5/29/2003,109
5/30/2003,111
5/31/2003,9
6/1/2003,25
6/2/2003,151
6/3/2003,124
6/4/2003,134
6/5/2003,95
6/6/2003,107
6/7/2003,19
6/8/2003,14
6/9/2003,139
6/10/2003,91
6/11/2003,112
6/12/2003,95
6/13/2003,80
6/14/2003,11
6/15/2003,10
6/16/2003,133
6/17/2003,91
6/18/2003,81
6/19/2003,14
6/20/2003,21
6/21/2003,9
6/22/2003,9
6/23/2003,149
6/24/2003,74
6/25/2003,81
6/26/2003,75
6/27/2003,78
6/28/2003,3
6/29/2003,12
6/30/2003,90
7/1/2003,68
7/2/2003,57
7/3/2003,63
7/4/2003,77
7/5/2003,9
7/6/2003,7
7/7/2003,62
7/8/2003,60
7/9/2003,14
7/10/2003,68
7/11/2003,45
7/12/2003,2
7/13/2003,1
7/14/2003,51
7/15/2003,54
7/16/2003,42
7/17/2003,40
7/18/2003,41
7/19/2003,4
7/20/2003,3
7/21/2003,55
7/22/2003,50
7/23/2003,37
7/24/2003,35
7/25/2003,34
7/26/2003,12
7/27/2003,3
7/28/2003,36
7/29/2003,41
7/30/2003,35
7/31/2003,36
8/1/2003,32
8/2/2003,4
8/3/2003,4
8/4/2003,34
8/5/2003,39
8/6/2003,37
8/7/2003,29
8/8/2003,32
8/9/2003,7
8/10/2003,3
8/11/2003,27
8/12/2003,28
8/13/2003,23
8/14/2003,24
8/15/2003,18
8/16/2003,3
8/17/2003,4
8/18/2003,38
8/19/2003,25
8/20/2003,23
8/21/2003,27
8/22/2003,24
8/23/2003,4
8/24/2003,2
8/25/2003,28
8/26/2003,16
8/27/2003,20
8/28/2003,23
8/29/2003,16
8/30/2003,2
8/31/2003,2
9/1/2003,16
9/2/2003,17
9/3/2003,22
9/4/2003,13
9/5/2003,21
9/6/2003,9
9/7/2003,3
9/8/2003,21
9/9/2003,24
9/10/2003,26
9/11/2003,12
9/12/2003,17
9/13/2003,2
9/14/2003,3
9/15/2003,24
9/16/2003,15
9/17/2003,15
9/18/2003,26
9/19/2003,22
9/20/2003,2
9/21/2003,1
9/22/2003,15
9/23/2003,18
9/24/2003,19
9/25/2003,19
9/26/2003,27
9/27/2003,2
9/28/2003,2
9/29/2003,27
9/30/2003,26
10/1/2003,33
10/2/2003,20
10/3/2003,14
10/4/2003,5
10/5/2003,2
10/6/2003,34
10/7/2003,19
10/8/2003,23
10/9/2003,24
10/10/2003,13
10/11/2003,2
10/12/2003,2
10/13/2003,19
10/14/2003,18
10/15/2003,12
10/16/2003,23
10/17/2003,24
10/18/2003,3
10/19/2003,2
10/20/2003,30
10/21/2003,25
10/22/2003,39
10/23/2003,25
10/24/2003,15
10/25/2003,4
10/26/2003,2
10/27/2003,17
10/28/2003,22
10/29/2003,38
10/30/2003,22
10/31/2003,25
11/1/2003,2
11/3/2003,32
11/4/2003,26
11/5/2003,30
11/6/2003,31
11/7/2003,18
11/8/2003,2
11/9/2003,3
11/10/2003,32
11/11/2003,28
11/12/2003,22
11/13/2003,25
11/14/2003,14
11/15/2003,6
11/16/2003,5
11/17/2003,42
11/18/2003,23
11/19/2003,39
11/20/2003,31
11/21/2003,23
11/22/2003,3
11/23/2003,6
11/24/2003,28
11/25/2003,33
11/26/2003,32
11/27/2003,42
11/28/2003,33
11/29/2003,3
11/30/2003,3
12/1/2003,52
12/2/2003,45
12/3/2003,57
12/4/2003,42
12/5/2003,38
12/6/2003,5
12/7/2003,1
12/8/2003,57
12/9/2003,52
12/10/2003,51
12/11/2003,53
12/12/2003,41
12/13/2003,10
12/14/2003,5
12/15/2003,49
12/16/2003,53
12/17/2003,45
12/18/2003,34
12/19/2003,39
12/20/2003,4
12/21/2003,3
12/22/2003,52
12/23/2003,28
12/24/2003,11
12/25/2003,1
12/26/2003,10
12/27/2003,5
12/28/2003,6
12/29/2003,43
12/30/2003,29
12/31/2003,13
1/1/2004,4
1/2/2004,7
1/3/2004,6
1/4/2004,2
1/5/2004,55
1/6/2004,70
1/7/2004,51
1/8/2004,38
1/9/2004,41
1/10/2004,4
1/11/2004,3
1/12/2004,62
1/13/2004,53
1/14/2004,62
1/15/2004,50
1/16/2004,63
1/17/2004,4
1/18/2004,6
1/19/2004,60
1/20/2004,61
1/21/2004,71
1/22/2004,60
1/23/2004,53
1/24/2004,9
1/25/2004,6
1/26/2004,55
1/27/2004,45
1/28/2004,67
1/29/2004,57
1/30/2004,67
1/31/2004,6
2/1/2004,4
2/2/2004,73
2/3/2004,60
2/4/2004,75
2/5/2004,81
2/6/2004,50
2/7/2004,9
2/8/2004,9
2/9/2004,120
2/10/2004,89
2/11/2004,96
2/12/2004,97
2/13/2004,79
2/14/2004,15
2/15/2004,15
2/16/2004,158
2/17/2004,116
2/18/2004,109
2/19/2004,95
2/20/2004,101
2/21/2004,12
2/22/2004,15
2/23/2004,11
2/24/2004,16
2/25/2004,41
2/26/2004,113
2/27/2004,82
2/28/2004,20
2/29/2004,22
3/1/2004,117
3/2/2004,85
3/3/2004,111
3/4/2004,95
3/5/2004,81
3/6/2004,16
3/7/2004,8
3/8/2004,122
3/9/2004,108
3/10/2004,109
3/11/2004,113
3/12/2004,113
3/13/2004,19
3/14/2004,15
3/15/2004,138
3/16/2004,97
3/17/2004,98
3/18/2004,119
3/19/2004,83
3/20/2004,18
3/21/2004,7
3/22/2004,119
3/23/2004,99
3/24/2004,99
3/25/2004,83
3/26/2004,79
3/27/2004,8
3/28/2004,8
3/29/2004,107
3/30/2004,100
3/31/2004,97
4/1/2004,94
4/2/2004,67
4/3/2004,13
4/4/2004,8
4/5/2004,129
4/6/2004,85
4/7/2004,80
4/8/2004,65
4/9/2004,14
4/10/2004,13
4/11/2004,5
4/12/2004,141
4/13/2004,75
4/14/2004,61
4/15/2004,91
4/16/2004,77
4/17/2004,17
4/18/2004,15
4/19/2004,118
4/20/2004,80
4/21/2004,14
4/22/2004,130
4/23/2004,103
4/24/2004,25
4/25/2004,10
4/26/2004,148
4/27/2004,92
4/28/2004,99
4/29/2004,92
4/30/2004,104
5/1/2004,21
5/2/2004,9
5/3/2004,142
5/4/2004,119
5/5/2004,112
5/6/2004,80
5/7/2004,76
5/8/2004,19
5/9/2004,13
5/10/2004,115
5/11/2004,108
5/12/2004,100
5/13/2004,98
5/14/2004,74
5/15/2004,20
5/16/2004,8
5/17/2004,102
5/18/2004,98
5/19/2004,91
5/20/2004,63
5/21/2004,65
5/22/2004,17
5/23/2004,5
5/24/2004,93
5/25/2004,109
5/26/2004,57
5/27/2004,60
5/28/2004,45
5/29/2004,3
5/30/2004,5
5/31/2004,68
6/1/2004,49
6/2/2004,56
6/3/2004,61
6/4/2004,38
6/5/2004,8
6/6/2004,3
6/7/2004,48
6/8/2004,48
6/9/2004,29
6/10/2004,3
6/11/2004,6
6/12/2004,3
6/13/2004,1
6/14/2004,59
6/15/2004,52
6/16/2004,37
6/17/2004,26
6/18/2004,32
6/19/2004,2
6/20/2004,4
6/21/2004,47
6/22/2004,30
6/23/2004,38
6/24/2004,42
6/25/2004,33
6/26/2004,8
6/27/2004,6
6/28/2004,42
6/29/2004,27
6/30/2004,42
7/1/2004,29
7/2/2004,31
7/3/2004,4
7/5/2004,54
7/6/2004,27
7/7/2004,32
7/8/2004,36
7/9/2004,3
7/10/2004,3
7/11/2004,1
7/12/2004,30
7/13/2004,33
7/14/2004,25
7/15/2004,26
7/16/2004,19
7/17/2004,10
7/19/2004,16
7/20/2004,14
7/21/2004,18
7/22/2004,18
7/23/2004,8
7/24/2004,2
7/25/2004,1
7/26/2004,15
7/27/2004,19
7/28/2004,19
7/29/2004,21
7/30/2004,15
7/31/2004,2
8/1/2004,1
8/2/2004,24
8/3/2004,17
8/4/2004,20
8/5/2004,13
8/6/2004,21
8/7/2004,3
8/8/2004,1
8/9/2004,18
8/10/2004,23
8/11/2004,18
8/12/2004,13
8/13/2004,15
8/14/2004,3
8/15/2004,1
8/16/2004,13
8/17/2004,11
8/18/2004,16
8/19/2004,15
8/20/2004,16
8/21/2004,2
8/22/2004,2
8/23/2004,34
8/24/2004,17
8/25/2004,22
8/26/2004,17
8/27/2004,20
8/28/2004,4
8/29/2004,2
8/30/2004,26
8/31/2004,16
9/1/2004,31
9/2/2004,32
9/3/2004,14
9/4/2004,1
9/5/2004,2
9/6/2004,8
9/7/2004,7
9/8/2004,27
9/9/2004,20
9/10/2004,27
9/11/2004,4
9/12/2004,1
9/13/2004,16
9/14/2004,28
9/15/2004,30
9/16/2004,20
9/17/2004,20
9/18/2004,4
9/19/2004,6
9/20/2004,24
9/21/2004,27
9/22/2004,30
9/23/2004,25
9/24/2004,25
9/25/2004,4
9/26/2004,6
9/27/2004,33
9/28/2004,27
9/29/2004,29
9/30/2004,18
10/1/2004,17
10/2/2004,1
10/3/2004,1
10/4/2004,18
10/5/2004,27
10/6/2004,21
10/7/2004,24
10/8/2004,19
10/9/2004,8
10/10/2004,3
10/11/2004,7
10/12/2004,5
10/13/2004,26
10/14/2004,30
10/15/2004,16
10/16/2004,3
10/17/2004,2
10/18/2004,37
10/19/2004,17
10/20/2004,23
10/21/2004,29
10/22/2004,28
10/23/2004,4
10/24/2004,3
10/25/2004,35
10/26/2004,26
10/27/2004,32
10/28/2004,26
10/29/2004,30
10/30/2004,5
10/31/2004,5
11/1/2004,4
11/2/2004,5
11/3/2004,38
11/4/2004,32
11/5/2004,32
11/6/2004,3
11/7/2004,4
11/8/2004,38
11/9/2004,25
11/10/2004,34
11/11/2004,24
11/12/2004,20
11/13/2004,2
11/14/2004,1
11/15/2004,2
11/16/2004,34
11/17/2004,29
11/18/2004,30
11/19/2004,25
11/20/2004,3
11/21/2004,9
11/22/2004,38
11/23/2004,39
11/24/2004,40
11/25/2004,33
11/26/2004,36
11/27/2004,8
11/28/2004,2
11/29/2004,28
11/30/2004,28
12/1/2004,40
12/2/2004,46
12/3/2004,34
12/4/2004,3
12/5/2004,6
12/6/2004,51
12/7/2004,45
12/8/2004,24
12/9/2004,27
12/10/2004,28
12/11/2004,4
12/12/2004,3
12/13/2004,38
12/14/2004,31
12/15/2004,24
12/16/2004,35
12/17/2004,33
12/18/2004,4
12/19/2004,4
12/20/2004,42
12/21/2004,35
12/22/2004,12
12/23/2004,27
12/24/2004,3
12/25/2004,5
12/26/2004,2
12/27/2004,31
12/28/2004,38
12/29/2004,29
12/30/2004,24
12/31/2004,6
1/1/2005,3
1/2/2005,6
1/3/2005,54
1/4/2005,25
1/5/2005,40
1/6/2005,25
1/7/2005,46
1/8/2005,10
1/9/2005,4
1/10/2005,44
1/11/2005,42
1/12/2005,43
1/13/2005,47
1/14/2005,38
1/15/2005,8
1/16/2005,5
1/17/2005,65
1/18/2005,62
1/19/2005,50
1/20/2005,50
1/21/2005,41
1/22/2005,7
1/23/2005,6
1/24/2005,67
1/25/2005,66
1/26/2005,59
1/27/2005,54
1/28/2005,59
1/29/2005,8
1/30/2005,8
1/31/2005,70
2/1/2005,76
2/2/2005,74
2/3/2005,70
2/4/2005,56
2/5/2005,9
2/6/2005,10
2/7/2005,5
2/8/2005,5
2/9/2005,53
2/10/2005,85
2/11/2005,92
2/12/2005,10
2/13/2005,9
2/14/2005,85
2/15/2005,69
2/16/2005,61
2/17/2005,63
2/18/2005,53
2/19/2005,13
2/20/2005,7
2/21/2005,94
2/22/2005,79
2/23/2005,110
2/24/2005,93
2/25/2005,85
2/26/2005,10
2/27/2005,7
2/28/2005,104
3/1/2005,100
3/2/2005,70
3/3/2005,85
3/4/2005,56
3/5/2005,12
3/6/2005,10
3/7/2005,78
3/8/2005,62
3/9/2005,88
3/10/2005,77
3/11/2005,68
3/12/2005,15
3/13/2005,11
3/14/2005,104
3/15/2005,76
3/16/2005,87
3/17/2005,83
3/18/2005,75
3/19/2005,6
3/20/2005,7
3/21/2005,142
3/22/2005,84
3/23/2005,112
3/24/2005,50
3/25/2005,7
3/26/2005,8
3/27/2005,20
3/28/2005,147
3/29/2005,107
3/30/2005,117
3/31/2005,123
4/1/2005,144
4/2/2005,16
4/3/2005,20
4/4/2005,172
4/5/2005,133
4/6/2005,127
4/7/2005,140
4/8/2005,138
4/9/2005,22
4/10/2005,22
4/11/2005,155
4/12/2005,159
4/13/2005,143
4/14/2005,144
4/15/2005,143
4/16/2005,13
4/17/2005,12
4/18/2005,192
4/19/2005,179
4/20/2005,169
4/21/2005,29
4/22/2005,71
4/23/2005,19
4/24/2005,29
4/25/2005,205
4/26/2005,162
4/27/2005,162
4/28/2005,131
4/29/2005,155
4/30/2005,23
5/1/2005,19
5/2/2005,181
5/3/2005,152
5/4/2005,193
5/5/2005,137
5/6/2005,133
5/7/2005,18
5/8/2005,22
5/9/2005,186
5/10/2005,149
5/11/2005,137
5/12/2005,142
5/13/2005,144
5/14/2005,23
5/15/2005,22
5/16/2005,199
5/17/2005,161
5/18/2005,134
5/19/2005,142
5/20/2005,123
5/21/2005,20
5/22/2005,15
5/23/2005,182
5/24/2005,167
5/25/2005,108
5/26/2005,19
5/27/2005,37
5/28/2005,21
5/29/2005,6
5/30/2005,258
5/31/2005,140
6/1/2005,159
6/2/2005,143
6/3/2005,120
6/4/2005,11
6/5/2005,17
6/6/2005,157
6/7/2005,134
6/8/2005,96
6/9/2005,137
6/10/2005,120
6/11/2005,15
6/12/2005,11
6/13/2005,160
6/14/2005,103
6/15/2005,99
6/16/2005,113
6/17/2005,111
6/18/2005,12
6/19/2005,10
6/20/2005,169
6/21/2005,97
6/22/2005,120
6/23/2005,81
6/24/2005,95
6/25/2005,8
6/26/2005,13
6/27/2005,126
6/28/2005,101
6/29/2005,93
6/30/2005,75
7/1/2005,92
7/2/2005,9
7/3/2005,9
7/4/2005,99
7/5/2005,93
7/6/2005,69
7/7/2005,58
7/8/2005,62
7/9/2005,3
7/10/2005,14
7/11/2005,84
7/12/2005,79
7/13/2005,69
7/14/2005,80
7/15/2005,62
7/16/2005,6
7/17/2005,7
7/18/2005,53
7/19/2005,52
7/20/2005,41
7/21/2005,55
7/22/2005,47
7/23/2005,3
7/24/2005,4
7/25/2005,53
7/26/2005,38
7/27/2005,45
7/28/2005,54
7/29/2005,65
7/30/2005,7
7/31/2005,6
8/1/2005,56
8/2/2005,47
8/3/2005,55
8/4/2005,54
8/5/2005,42
8/6/2005,5
8/7/2005,4
8/8/2005,60
8/9/2005,29
8/10/2005,45
8/11/2005,40
8/12/2005,24
8/13/2005,8
8/14/2005,3
8/15/2005,47
8/16/2005,46
8/17/2005,41
8/18/2005,53
8/19/2005,28
8/20/2005,5
8/21/2005,8
8/22/2005,48
8/23/2005,35
8/24/2005,27
8/25/2005,41
8/26/2005,26
8/27/2005,3
8/28/2005,3
8/29/2005,46
8/30/2005,42
8/31/2005,42
9/1/2005,34
9/2/2005,26
9/3/2005,2
9/4/2005,3
9/5/2005,34
9/6/2005,34
9/8/2005,32
9/9/2005,23
9/10/2005,7
9/11/2005,4
9/12/2005,35
9/13/2005,38
9/14/2005,25
9/15/2005,37
9/16/2005,29
9/17/2005,4
9/18/2005,3
9/19/2005,36
9/20/2005,40
9/21/2005,39
9/22/2005,42
9/23/2005,22
9/24/2005,5
9/26/2005,39
9/27/2005,19
9/28/2005,28
9/29/2005,21
9/30/2005,24
10/1/2005,5
10/2/2005,4
10/3/2005,28
10/4/2005,35
10/5/2005,37
10/6/2005,23
10/7/2005,24
10/8/2005,4
10/10/2005,42
10/11/2005,36
10/12/2005,2
10/13/2005,21
10/14/2005,35
10/15/2005,4
10/16/2005,2
10/17/2005,51
10/18/2005,43
10/19/2005,25
10/20/2005,31
10/21/2005,37
10/22/2005,2
10/23/2005,1
10/24/2005,41
10/25/2005,37
10/26/2005,47
10/27/2005,37
10/28/2005,14
10/29/2005,5
10/30/2005,5
10/31/2005,35
11/1/2005,20
11/2/2005,3
11/3/2005,44
11/4/2005,43
11/5/2005,5
11/6/2005,1
11/7/2005,53
11/8/2005,42
11/9/2005,47
11/10/2005,38
11/11/2005,32
11/12/2005,10
11/13/2005,1
11/14/2005,23
11/15/2005,6
11/16/2005,66
11/17/2005,46
11/18/2005,52
11/19/2005,8
11/20/2005,6
11/21/2005,83
11/22/2005,52
11/23/2005,56
11/24/2005,59
11/25/2005,50
11/26/2005,5
11/27/2005,2
11/28/2005,57
11/29/2005,56
11/30/2005,39
12/1/2005,45
12/2/2005,28
12/3/2005,4
12/4/2005,5
12/5/2005,51
12/6/2005,62
12/7/2005,54
12/8/2005,52
12/9/2005,41
12/10/2005,14
12/11/2005,11
12/12/2005,84
12/13/2005,62
12/14/2005,50
12/15/2005,53
12/16/2005,48
12/17/2005,6
12/18/2005,10
12/19/2005,66
12/20/2005,51
12/21/2005,46
12/22/2005,54
12/23/2005,25
12/24/2005,7
12/25/2005,2
12/26/2005,67
12/27/2005,55
12/28/2005,52
12/29/2005,52
12/30/2005,23
12/31/2005,10
1/1/2006,7
1/2/2006,61
1/3/2006,92
1/4/2006,90
1/5/2006,98
1/6/2006,88
1/7/2006,15
1/8/2006,15
1/9/2006,131
1/10/2006,117
1/11/2006,135
1/12/2006,104
1/13/2006,145
1/14/2006,27
1/15/2006,27
1/16/2006,213
1/17/2006,119
1/18/2006,179
1/19/2006,190
1/20/2006,159
1/21/2006,33
1/22/2006,32
1/23/2006,275
1/24/2006,199
1/25/2006,200
1/26/2006,249
1/27/2006,231
1/28/2006,38
1/29/2006,35
1/30/2006,294
1/31/2006,270
2/1/2006,270
2/2/2006,273
2/3/2006,264
2/4/2006,57
2/5/2006,57
2/6/2006,375
2/7/2006,300
2/8/2006,329
2/9/2006,310
2/10/2006,311
2/11/2006,54
2/12/2006,51
2/13/2006,436
2/14/2006,372
2/15/2006,359
2/16/2006,339
2/17/2006,283
2/18/2006,61
2/19/2006,53
2/20/2006,541
2/21/2006,387
2/22/2006,375
2/23/2006,421
2/24/2006,416
2/25/2006,108
2/26/2006,74
2/27/2006,150
2/28/2006,86
3/1/2006,423
3/2/2006,760
3/3/2006,491
3/4/2006,119
3/5/2006,79
3/6/2006,729
3/7/2006,571
3/8/2006,544
3/9/2006,575
3/10/2006,587
3/11/2006,165
3/12/2006,171
3/13/2006,1055
3/14/2006,775
3/15/2006,837
3/16/2006,943
3/17/2006,857
3/18/2006,233
3/19/2006,186
3/20/2006,1460
3/21/2006,1141
3/22/2006,1087
3/23/2006,1120
3/24/2006,1237
3/25/2006,292
3/26/2006,281
3/27/2006,1558
3/28/2006,1434
3/29/2006,1408
3/30/2006,1361
3/31/2006,1418
4/1/2006,410
4/2/2006,367
4/3/2006,2072
4/4/2006,1675
4/5/2006,1550
4/6/2006,1489
4/7/2006,1540
4/8/2006,476
4/9/2006,364
4/10/2006,2212
4/11/2006,1841
4/12/2006,1728
4/13/2006,1037
4/14/2006,421
4/15/2006,444
4/16/2006,284
4/17/2006,2229
4/18/2006,1639
4/19/2006,1429
4/20/2006,1321
4/21/2006,444
4/22/2006,464
4/23/2006,327
4/24/2006,2303
4/25/2006,1825
4/26/2006,1649
4/27/2006,1622
4/28/2006,1533
4/29/2006,330
4/30/2006,348
5/1/2006,394
5/2/2006,1926
5/3/2006,1377
5/4/2006,1333
5/5/2006,1146
5/6/2006,315
5/7/2006,291
5/8/2006,1547
5/9/2006,1169
5/10/2006,1092
5/11/2006,989
5/12/2006,908
5/13/2006,206
5/14/2006,155
5/15/2006,1015
5/16/2006,711
5/17/2006,746
5/18/2006,703
5/19/2006,612
5/20/2006,107
5/21/2006,92
5/22/2006,821
5/23/2006,568
5/24/2006,621
5/25/2006,500
5/26/2006,438
5/27/2006,113
5/28/2006,96
5/29/2006,738
5/30/2006,514
5/31/2006,478
6/1/2006,513
6/2/2006,425
6/3/2006,74
6/4/2006,51
6/5/2006,472
6/6/2006,352
6/7/2006,338
6/8/2006,365
6/9/2006,297
6/10/2006,70
6/11/2006,52
6/12/2006,352
6/13/2006,231
6/14/2006,290
6/15/2006,52
6/16/2006,102
6/17/2006,35
6/18/2006,32
6/19/2006,338
6/20/2006,248
6/21/2006,254
6/22/2006,174
6/23/2006,170
6/24/2006,22
6/25/2006,13
6/26/2006,223
6/27/2006,103
6/28/2006,145
6/29/2006,111
6/30/2006,113
7/1/2006,11
7/2/2006,20
7/3/2006,158
7/4/2006,106
7/5/2006,115
7/6/2006,103
7/7/2006,94
7/8/2006,18
7/9/2006,13
7/10/2006,139
7/11/2006,107
7/12/2006,115
7/13/2006,89
7/14/2006,77
7/15/2006,9
7/16/2006,6
7/17/2006,107
7/18/2006,80
7/19/2006,61
7/20/2006,69
7/21/2006,70
7/22/2006,19
7/23/2006,8
7/24/2006,89
7/25/2006,65
7/26/2006,64
7/27/2006,74
7/28/2006,62
7/29/2006,5
7/30/2006,10
7/31/2006,79
8/1/2006,56
8/2/2006,57
8/3/2006,60
8/4/2006,49
8/5/2006,14
8/6/2006,1
8/7/2006,85
8/8/2006,98
8/9/2006,80
8/10/2006,63
8/11/2006,56
8/12/2006,13
8/13/2006,11
8/14/2006,66
8/15/2006,53
8/16/2006,69
8/17/2006,59
8/18/2006,66
8/19/2006,13
8/20/2006,11
8/21/2006,65
8/22/2006,67
8/23/2006,40
8/24/2006,42
8/25/2006,41
8/26/2006,20
8/27/2006,6
8/28/2006,63
8/29/2006,47
8/30/2006,36
8/31/2006,57
9/1/2006,62
9/2/2006,7
9/3/2006,3
9/4/2006,66
9/5/2006,49
9/6/2006,40
9/7/2006,4
9/8/2006,14
9/9/2006,8
9/10/2006,4
9/11/2006,115
9/12/2006,80
9/13/2006,56
9/14/2006,46
9/15/2006,45
9/16/2006,6
9/17/2006,9
9/18/2006,62
9/19/2006,38
9/20/2006,55
9/21/2006,45
9/22/2006,50
9/23/2006,4
9/24/2006,3
9/25/2006,72
9/26/2006,44
9/27/2006,66
9/28/2006,57
9/29/2006,41
9/30/2006,5
10/1/2006,4
10/2/2006,61
10/3/2006,55
10/4/2006,61
10/5/2006,54
10/6/2006,37
10/7/2006,4
10/8/2006,5
10/9/2006,61
10/10/2006,63
10/11/2006,50
10/12/2006,7
10/13/2006,21
10/14/2006,8
10/15/2006,5
10/16/2006,93
10/17/2006,55
10/18/2006,64
10/19/2006,62
10/20/2006,61
10/21/2006,6
10/22/2006,3
10/23/2006,74
10/24/2006,38
10/25/2006,83
10/26/2006,68
10/27/2006,58
10/28/2006,10
10/29/2006,6
10/30/2006,89
10/31/2006,72
11/1/2006,70
11/2/2006,3
11/3/2006,13
11/4/2006,9
11/5/2006,7
11/6/2006,86
11/7/2006,70
11/8/2006,59
11/9/2006,71
11/10/2006,59
11/11/2006,8
11/12/2006,3
11/13/2006,86
11/14/2006,61
11/15/2006,14
11/16/2006,94
11/17/2006,81
11/18/2006,14
11/19/2006,8
11/20/2006,95
11/21/2006,97
11/22/2006,83
11/23/2006,102
11/24/2006,82
11/25/2006,15
11/26/2006,13
11/27/2006,116
11/28/2006,83
11/29/2006,99
11/30/2006,90
12/1/2006,74
12/2/2006,20
12/3/2006,14
12/4/2006,132
12/5/2006,100
12/6/2006,92
12/7/2006,113
12/8/2006,88
12/9/2006,16
12/10/2006,13
12/11/2006,132
12/12/2006,126
12/13/2006,126
12/14/2006,126
12/15/2006,121
12/16/2006,19
12/17/2006,12
12/18/2006,202
12/19/2006,121
12/20/2006,104
12/21/2006,100
12/22/2006,102
12/23/2006,15
12/24/2006,14
12/25/2006,16
12/26/2006,156
12/27/2006,149
12/28/2006,148
12/29/2006,122
12/30/2006,97
12/31/2006,74
1/1/2007,12
1/2/2007,122
1/3/2007,187
1/4/2007,157
1/5/2007,157
1/6/2007,48
1/7/2007,24
1/8/2007,260
1/9/2007,232
1/10/2007,211
1/11/2007,223
1/12/2007,260
1/13/2007,42
1/14/2007,35
1/15/2007,341
1/16/2007,254
1/17/2007,294
1/18/2007,267
1/19/2007,327
1/20/2007,54
1/21/2007,39
1/22/2007,480
1/23/2007,388
1/24/2007,356
1/25/2007,408
1/26/2007,371
1/27/2007,50
1/28/2007,69
1/29/2007,694
1/30/2007,567
1/31/2007,559
2/1/2007,514
2/2/2007,547
2/3/2007,113
2/4/2007,93
2/5/2007,871
2/6/2007,753
2/7/2007,654
2/8/2007,719
2/9/2007,681
2/10/2007,111
2/11/2007,98
2/12/2007,1187
2/13/2007,1001
2/14/2007,892
2/15/2007,915
2/16/2007,909
2/17/2007,153
2/18/2007,116
2/19/2007,295
2/20/2007,139
2/21/2007,907
2/22/2007,1400
2/23/2007,1234
2/24/2007,182
2/25/2007,162
2/26/2007,1682
2/27/2007,1338
2/28/2007,1265
3/1/2007,1313
3/2/2007,1189
3/3/2007,254
3/4/2007,213
3/5/2007,2126
3/6/2007,1742
3/7/2007,1489
3/8/2007,1520
3/9/2007,1588
3/10/2007,537
3/11/2007,277
3/12/2007,2426
3/13/2007,2058
3/14/2007,2148
3/15/2007,2003
3/16/2007,1821
3/17/2007,602
3/18/2007,420
3/19/2007,2427
3/20/2007,2149
3/21/2007,2140
3/22/2007,2274
3/23/2007,2252
3/24/2007,518
3/25/2007,391
3/26/2007,3156
3/27/2007,2431
3/28/2007,2228
3/29/2007,2305
3/30/2007,2134
3/31/2007,490
4/1/2007,421
4/2/2007,3161
4/3/2007,2434
4/4/2007,2223
4/5/2007,1416
4/6/2007,458
4/7/2007,473
4/8/2007,392
4/9/2007,3416
4/10/2007,2562
4/11/2007,2330
4/12/2007,2296
4/13/2007,2230
4/14/2007,555
4/15/2007,541
4/16/2007,3325
4/17/2007,2268
4/18/2007,2314
4/19/2007,2169
4/20/2007,2330
4/21/2007,478
4/22/2007,511
4/23/2007,3012
4/24/2007,2456
4/25/2007,2329
4/26/2007,2112
4/27/2007,1987
4/28/2007,446
4/29/2007,406
4/30/2007,1236
5/1/2007,366
5/2/2007,2733
5/3/2007,2181
5/4/2007,1776
5/5/2007,449
5/6/2007,371
5/7/2007,2288
5/8/2007,1875
5/9/2007,1397
5/10/2007,1320
5/11/2007,1061
5/12/2007,301
5/13/2007,244
5/14/2007,1991
5/15/2007,1482
5/16/2007,1338
5/17/2007,1275
5/18/2007,1239
5/19/2007,200
5/20/2007,209
5/21/2007,1529
5/22/2007,996
5/23/2007,795
5/24/2007,780
5/25/2007,643
5/26/2007,144
5/27/2007,126
5/28/2007,1094
5/29/2007,740
5/30/2007,579
5/31/2007,574
6/1/2007,526
6/2/2007,98
6/3/2007,86
6/4/2007,583
6/5/2007,462
6/6/2007,329
6/7/2007,85
6/8/2007,137
6/9/2007,58
6/10/2007,72
6/11/2007,565
6/12/2007,411
6/13/2007,304
6/14/2007,394
6/15/2007,321
6/16/2007,55
6/17/2007,57
6/18/2007,361
6/19/2007,319
6/20/2007,367
6/21/2007,268
6/22/2007,209
6/23/2007,38
6/24/2007,57
6/25/2007,347
6/26/2007,284
6/27/2007,229
6/28/2007,219
6/29/2007,216
6/30/2007,28
7/1/2007,40
7/2/2007,255
7/3/2007,209
7/4/2007,186
7/5/2007,203
7/6/2007,198
7/7/2007,72
7/8/2007,22
7/9/2007,57
7/10/2007,241
7/11/2007,182
7/12/2007,169
7/13/2007,167
7/14/2007,34
7/15/2007,38
7/16/2007,178
7/17/2007,173
7/18/2007,144
7/19/2007,124
7/20/2007,99
7/21/2007,42
7/22/2007,17
7/23/2007,141
7/24/2007,128
7/25/2007,121
7/26/2007,92
7/27/2007,111
7/28/2007,8
7/29/2007,14
7/30/2007,114
7/31/2007,87
8/1/2007,121
8/2/2007,78
8/3/2007,75
8/4/2007,14
8/5/2007,11
8/6/2007,76
8/7/2007,100
8/8/2007,80
8/9/2007,93
8/10/2007,112
8/11/2007,13
8/12/2007,16
8/13/2007,136
8/14/2007,68
8/15/2007,66
8/16/2007,69
8/17/2007,55
8/18/2007,11
8/19/2007,15
8/20/2007,88
8/21/2007,73
8/22/2007,62
8/23/2007,83
8/24/2007,62
8/25/2007,13
8/26/2007,13
8/27/2007,101
8/28/2007,74
8/29/2007,73
8/30/2007,80
8/31/2007,73
9/1/2007,17
9/2/2007,19
9/3/2007,96
9/4/2007,90
9/5/2007,93
9/6/2007,116
9/7/2007,20
9/8/2007,19
9/9/2007,18
9/10/2007,112
9/11/2007,102
9/12/2007,84
9/13/2007,92
9/14/2007,87
9/15/2007,15
9/16/2007,16
9/17/2007,124
9/18/2007,96
9/19/2007,81
9/20/2007,91
9/21/2007,93
9/22/2007,16
9/23/2007,8
9/24/2007,98
9/25/2007,83
9/26/2007,79
9/27/2007,93
9/28/2007,91
9/29/2007,18
9/30/2007,12
10/1/2007,118
10/2/2007,87
10/3/2007,99
10/4/2007,98
10/5/2007,95
10/6/2007,24
10/7/2007,20
10/8/2007,92
10/9/2007,113
10/10/2007,129
10/11/2007,107
10/12/2007,21
10/13/2007,16
10/14/2007,18
10/15/2007,182
10/16/2007,170
10/17/2007,216
10/18/2007,172
10/19/2007,171
10/20/2007,29
10/21/2007,26
10/22/2007,269
10/23/2007,199
10/24/2007,171
10/25/2007,163
10/26/2007,158
10/27/2007,31
10/28/2007,23
10/29/2007,301
10/30/2007,250
10/31/2007,262
11/1/2007,208
11/2/2007,31
11/3/2007,22
11/4/2007,37
11/5/2007,243
11/6/2007,165
11/7/2007,191
11/8/2007,208
11/9/2007,172
11/10/2007,30
11/11/2007,29
11/12/2007,232
11/13/2007,192
11/14/2007,197
11/15/2007,30
11/16/2007,56
11/17/2007,36
11/18/2007,31
11/19/2007,280
11/20/2007,156
11/21/2007,278
11/22/2007,258
11/23/2007,276
11/24/2007,51
11/25/2007,45
11/26/2007,386
11/27/2007,298
11/28/2007,246
11/29/2007,218
11/30/2007,231
12/1/2007,40
12/2/2007,28
12/3/2007,330
12/4/2007,231
12/5/2007,216
12/6/2007,235
12/7/2007,195
12/8/2007,40
12/9/2007,25
12/10/2007,290
12/11/2007,210
12/12/2007,155
12/13/2007,187
12/14/2007,214
12/15/2007,39
12/16/2007,40
12/17/2007,265
12/18/2007,234
12/19/2007,196
12/20/2007,175
12/21/2007,168
12/22/2007,41
12/23/2007,31
12/24/2007,47
12/25/2007,25
12/26/2007,217
12/27/2007,200
12/28/2007,183
12/29/2007,50
12/30/2007,47
12/31/2007,64
1/1/2008,26
1/2/2008,213
1/3/2008,249
1/4/2008,245
1/5/2008,44
1/6/2008,31
1/7/2008,261
1/8/2008,248
1/9/2008,253
1/10/2008,270
1/11/2008,268
1/12/2008,44
1/13/2008,37
1/14/2008,397
1/15/2008,308
1/16/2008,309
1/17/2008,257
1/18/2008,292
1/19/2008,51
1/20/2008,48
1/21/2008,326
1/22/2008,267
1/23/2008,244
1/24/2008,267
1/25/2008,241
1/26/2008,47
1/27/2008,24
1/28/2008,345
1/29/2008,203
1/30/2008,255
1/31/2008,216
2/1/2008,273
2/2/2008,46
2/3/2008,43
2/4/2008,63
2/5/2008,30
2/6/2008,220
2/7/2008,283
2/8/2008,252
2/9/2008,51
2/10/2008,39
2/11/2008,313
2/12/2008,266
2/13/2008,269
2/14/2008,279
2/15/2008,269
2/16/2008,68
2/17/2008,44
2/18/2008,355
2/19/2008,308
2/20/2008,299
2/21/2008,272
2/22/2008,287
2/23/2008,57
2/24/2008,46
2/25/2008,404
2/26/2008,345
2/27/2008,322
2/28/2008,307
2/29/2008,278
3/1/2008,52
3/2/2008,45
3/3/2008,408
3/4/2008,360
3/5/2008,363
3/6/2008,363
3/7/2008,341
3/8/2008,63
3/9/2008,52
3/10/2008,435
3/11/2008,360
3/12/2008,310
3/13/2008,268
3/14/2008,312
3/15/2008,55
3/16/2008,49
3/17/2008,365
3/18/2008,321
3/19/2008,380
3/20/2008,303
3/21/2008,86
3/22/2008,85
3/23/2008,79
3/24/2008,901
3/25/2008,915
3/26/2008,1116
3/27/2008,1144
3/28/2008,1177
3/29/2008,197
3/30/2008,185
3/31/2008,1515
4/1/2008,1404
4/2/2008,1279
4/3/2008,1297
4/4/2008,1223
4/5/2008,215
4/6/2008,179
4/7/2008,1535
4/8/2008,1311
4/9/2008,1247
4/10/2008,1409
4/11/2008,1211
4/12/2008,266
4/13/2008,168
4/14/2008,1553
4/15/2008,1097
4/16/2008,1033
4/17/2008,1011
4/18/2008,940
4/19/2008,170
4/20/2008,128
4/21/2008,157
4/22/2008,1260
4/23/2008,1025
4/24/2008,864
4/25/2008,917
4/26/2008,168
4/27/2008,144
4/28/2008,1144
4/29/2008,840
4/30/2008,722
5/1/2008,118
5/2/2008,165
5/3/2008,84
5/4/2008,68
5/5/2008,756
5/6/2008,502
5/7/2008,370
5/8/2008,340
5/9/2008,368
5/10/2008,61
5/11/2008,29
5/12/2008,442
5/13/2008,327
5/14/2008,327
5/15/2008,308
5/16/2008,281
5/17/2008,49
5/18/2008,68
5/19/2008,452
5/20/2008,351
5/21/2008,296
5/22/2008,54
5/23/2008,101
5/24/2008,50
5/25/2008,36
5/26/2008,389
5/27/2008,296
5/28/2008,309
5/29/2008,211
5/30/2008,187
5/31/2008,32
6/1/2008,24
6/2/2008,229
6/3/2008,195
6/4/2008,155
6/5/2008,161
6/6/2008,168
6/7/2008,29
6/8/2008,21
6/9/2008,244
6/10/2008,204
6/11/2008,187
6/12/2008,148
6/13/2008,131
6/14/2008,32
6/15/2008,26
6/16/2008,171
6/17/2008,146
6/18/2008,133
6/19/2008,116
6/20/2008,116
6/21/2008,44
6/22/2008,19
6/23/2008,151
6/24/2008,85
6/25/2008,89
6/26/2008,123
6/27/2008,82
6/28/2008,18
6/29/2008,23
6/30/2008,128
7/1/2008,83
7/2/2008,118
7/3/2008,102
7/4/2008,104
7/5/2008,20
7/6/2008,19
7/7/2008,108
7/8/2008,87
7/9/2008,14
7/10/2008,89
7/11/2008,53
7/12/2008,17
7/13/2008,9
7/14/2008,84
7/15/2008,90
7/16/2008,58
7/17/2008,59
7/18/2008,49
7/19/2008,17
7/20/2008,8
7/21/2008,84
7/22/2008,70
7/23/2008,74
7/24/2008,60
7/25/2008,64
7/26/2008,11
7/27/2008,14
7/28/2008,79
7/29/2008,72
7/30/2008,57
7/31/2008,57
8/1/2008,63
8/2/2008,22
8/3/2008,11
8/4/2008,55
8/5/2008,55
8/6/2008,55
8/7/2008,77
8/8/2008,47
8/9/2008,19
8/10/2008,9
8/11/2008,69
8/12/2008,53
8/13/2008,54
8/14/2008,43
8/15/2008,63
8/16/2008,3
8/17/2008,14
8/18/2008,107
8/19/2008,63
8/20/2008,74
8/21/2008,75
8/22/2008,72
8/23/2008,19
8/24/2008,15
8/25/2008,79
8/26/2008,79
8/27/2008,82
8/28/2008,87
8/29/2008,71
8/30/2008,14
8/31/2008,16
9/1/2008,84
9/2/2008,55
9/3/2008,67
9/4/2008,63
9/5/2008,65
9/6/2008,16
9/7/2008,10
9/8/2008,79
9/9/2008,74
9/10/2008,77
9/11/2008,97
9/12/2008,97
9/13/2008,11
9/14/2008,12
9/15/2008,107
9/16/2008,51
9/17/2008,68
9/18/2008,63
9/19/2008,66
9/20/2008,11
9/21/2008,8
9/22/2008,69
9/23/2008,69
9/24/2008,43
9/25/2008,65
9/26/2008,55
9/27/2008,10
9/28/2008,10
9/29/2008,71
9/30/2008,62
10/1/2008,59
10/2/2008,63
10/3/2008,42
10/4/2008,10
10/5/2008,12
10/6/2008,74
10/7/2008,44
10/8/2008,41
10/9/2008,55
10/10/2008,50
10/11/2008,14
10/12/2008,20
10/13/2008,80
10/14/2008,76
10/15/2008,85
10/16/2008,64
10/17/2008,54
10/18/2008,17
10/19/2008,9
10/20/2008,80
10/21/2008,62
10/22/2008,63
10/23/2008,83
10/24/2008,82
10/25/2008,3
10/26/2008,15
10/27/2008,43
10/28/2008,82
10/29/2008,90
10/30/2008,71
10/31/2008,69
11/1/2008,16
11/2/2008,9
11/3/2008,100
11/4/2008,90
11/5/2008,90
11/6/2008,65
11/7/2008,72
11/8/2008,11
11/9/2008,11
11/10/2008,88
11/11/2008,81
11/12/2008,80
11/13/2008,83
11/14/2008,74
11/15/2008,17
11/16/2008,15
11/17/2008,126
11/18/2008,102
11/19/2008,96
11/20/2008,46
11/21/2008,72
11/22/2008,17
11/23/2008,15
11/24/2008,121
11/25/2008,96
11/26/2008,101
11/27/2008,87
11/28/2008,80
11/29/2008,15
11/30/2008,11
12/1/2008,114
12/2/2008,104
12/3/2008,100
12/4/2008,78
12/5/2008,98
12/6/2008,21
12/7/2008,14
12/8/2008,91
12/9/2008,98
12/10/2008,107
12/11/2008,83
12/12/2008,91
12/13/2008,21
12/14/2008,13
12/15/2008,107
12/16/2008,86
12/17/2008,104
12/18/2008,114
12/19/2008,98
12/20/2008,30
12/21/2008,24
12/22/2008,134
12/23/2008,88
12/24/2008,41
12/25/2008,12
12/26/2008,32
12/27/2008,18
12/28/2008,28
12/29/2008,141
12/30/2008,107
12/31/2008,52
1/1/2009,21
1/2/2009,37
1/3/2009,24
1/4/2009,15
1/5/2009,186
1/6/2009,127
1/7/2009,137
1/8/2009,155
1/9/2009,148
1/10/2009,28
1/11/2009,31
1/12/2009,202
1/13/2009,165
1/14/2009,182
1/15/2009,160
1/16/2009,141
1/17/2009,17
1/18/2009,22
1/19/2009,223
1/20/2009,189
1/21/2009,189
1/22/2009,171
1/23/2009,168
1/24/2009,39
1/25/2009,33
1/26/2009,234
1/27/2009,161
1/28/2009,185
1/29/2009,192
1/30/2009,187
1/31/2009,37
2/1/2009,45
2/2/2009,269
2/3/2009,235
2/4/2009,243
2/5/2009,213
2/6/2009,233
2/7/2009,55
2/8/2009,36
2/9/2009,287
2/10/2009,207
2/11/2009,233
2/12/2009,226
2/13/2009,215
2/14/2009,45
2/15/2009,57
2/16/2009,328
2/17/2009,246
2/18/2009,267
2/19/2009,289
2/20/2009,260
2/21/2009,54
2/22/2009,53
2/23/2009,84
2/24/2009,65
2/25/2009,201
2/26/2009,349
2/27/2009,321
2/28/2009,69
3/1/2009,56
3/2/2009,433
3/3/2009,346
3/4/2009,351
3/5/2009,321
3/6/2009,270
3/7/2009,64
3/8/2009,49
3/9/2009,439
3/10/2009,350
3/11/2009,295
3/12/2009,337
3/13/2009,357
3/14/2009,73
3/15/2009,82
3/16/2009,439
3/17/2009,419
3/18/2009,397
3/19/2009,413
3/20/2009,369
3/21/2009,69
3/22/2009,60
3/23/2009,444
3/24/2009,386
3/25/2009,409
3/26/2009,424
3/27/2009,384
3/28/2009,75
3/29/2009,80
3/30/2009,498
3/31/2009,461
4/1/2009,434
4/2/2009,464
4/3/2009,375
4/4/2009,86
4/5/2009,104
4/6/2009,612
4/7/2009,451
4/8/2009,419
4/9/2009,331
4/10/2009,72
4/11/2009,81
4/12/2009,72
4/13/2009,500
4/14/2009,359
4/15/2009,424
4/16/2009,403
4/17/2009,355
4/18/2009,80
4/19/2009,79
4/20/2009,146
4/21/2009,84
4/22/2009,490
4/23/2009,360
4/24/2009,358
4/25/2009,75
4/26/2009,51
4/27/2009,420
4/28/2009,308
4/29/2009,302
4/30/2009,260
5/1/2009,71
5/2/2009,56
5/3/2009,60
5/4/2009,281
5/5/2009,247
5/6/2009,207
5/7/2009,206
5/8/2009,197
5/9/2009,62
5/10/2009,55
5/11/2009,259
5/12/2009,288
5/13/2009,255
5/14/2009,248
5/15/2009,169
5/16/2009,71
5/17/2009,45
5/18/2009,222
5/19/2009,228
5/20/2009,188
5/21/2009,189
5/22/2009,180
5/23/2009,80
5/24/2009,50
5/25/2009,229
5/26/2009,203
5/27/2009,207
5/28/2009,175
5/29/2009,154
5/30/2009,85
5/31/2009,53
6/1/2009,170
6/2/2009,104
6/3/2009,95
6/4/2009,118
6/5/2009,111
6/6/2009,39
6/7/2009,35
6/8/2009,141
6/9/2009,142
6/10/2009,94
6/11/2009,29
6/12/2009,33
6/13/2009,17
6/14/2009,18
6/15/2009,112
6/16/2009,99
6/17/2009,113
6/18/2009,81
6/19/2009,64
6/20/2009,22
6/21/2009,30
6/22/2009,108
6/23/2009,103
6/24/2009,87
6/25/2009,81
6/26/2009,75
6/27/2009,16
6/28/2009,15
6/29/2009,148
6/30/2009,91
7/1/2009,111
7/2/2009,95
7/3/2009,73
7/4/2009,24
7/5/2009,21
7/6/2009,102
7/7/2009,94
7/8/2009,82
7/9/2009,22
7/10/2009,35
7/11/2009,22
7/12/2009,12
7/13/2009,77
7/14/2009,65
7/15/2009,79
7/16/2009,70
7/17/2009,76
7/18/2009,10
7/19/2009,17
7/20/2009,72
7/21/2009,80
7/22/2009,61
7/23/2009,60
7/24/2009,44
7/25/2009,12
7/26/2009,3
7/27/2009,52
7/28/2009,80
7/29/2009,48
7/30/2009,40
7/31/2009,44
8/1/2009,4
8/2/2009,14
8/3/2009,58
8/4/2009,44
8/5/2009,57
8/6/2009,45
8/7/2009,34
8/8/2009,11
8/9/2009,3
8/10/2009,48
8/11/2009,32
8/12/2009,34
8/13/2009,21
8/14/2009,25
8/15/2009,13
8/16/2009,7
8/17/2009,41
8/18/2009,37
8/19/2009,33
8/20/2009,26
8/21/2009,22
8/22/2009,7
8/23/2009,4
8/24/2009,25
8/25/2009,23
8/26/2009,25
8/27/2009,24
8/28/2009,32
8/29/2009,7
8/30/2009,7
8/31/2009,49
9/1/2009,37
9/2/2009,37
9/3/2009,36
9/4/2009,28
9/5/2009,7
9/6/2009,2
9/7/2009,11
9/8/2009,32
9/9/2009,31
9/10/2009,34
9/11/2009,31
9/12/2009,10
9/13/2009,3
9/14/2009,43
9/15/2009,50
9/16/2009,43
9/17/2009,37
9/18/2009,31
9/19/2009,10
9/20/2009,8
9/21/2009,34
9/22/2009,26
9/23/2009,33
9/24/2009,37
9/25/2009,33
9/26/2009,10
9/27/2009,7
9/28/2009,48
9/29/2009,46
9/30/2009,55
10/1/2009,37
10/2/2009,38
10/3/2009,3
10/4/2009,9
10/5/2009,60
10/6/2009,40
10/7/2009,36
10/8/2009,37
10/9/2009,46
10/10/2009,19
10/11/2009,4
10/12/2009,10
10/13/2009,46
10/14/2009,37
10/15/2009,54
10/16/2009,36
10/17/2009,8
10/18/2009,10
10/19/2009,42
10/20/2009,36
10/21/2009,34
10/22/2009,51
10/23/2009,29
10/24/2009,9
10/25/2009,9
10/26/2009,26
10/27/2009,49
10/28/2009,46
10/29/2009,28
10/30/2009,22
10/31/2009,3
11/1/2009,11
11/2/2009,4
11/3/2009,62
11/4/2009,52
11/5/2009,59
11/6/2009,44
11/7/2009,15
11/8/2009,11
11/9/2009,60
11/10/2009,46
11/11/2009,46
11/12/2009,49
11/13/2009,57
11/14/2009,13
11/15/2009,8
11/16/2009,79
11/17/2009,72
11/18/2009,65
11/19/2009,59
11/20/2009,32
11/21/2009,6
11/22/2009,23
11/23/2009,85
11/24/2009,120
11/25/2009,98
11/26/2009,108
11/27/2009,101
11/28/2009,12
11/29/2009,26
11/30/2009,127
12/1/2009,109
12/2/2009,117
12/3/2009,116
12/4/2009,115
12/5/2009,23
12/6/2009,25
12/7/2009,145
12/8/2009,123
12/9/2009,141
12/10/2009,144
12/11/2009,159
12/12/2009,31
12/13/2009,43
12/14/2009,225
12/15/2009,191
12/16/2009,226
12/17/2009,185
12/18/2009,163
12/19/2009,37
12/20/2009,30
12/21/2009,235
12/22/2009,189
12/23/2009,201
12/24/2009,54
12/25/2009,64
12/26/2009,73
12/27/2009,95
12/28/2009,373
12/29/2009,283
12/30/2009,211
12/31/2009,70
1/1/2010,102
1/2/2010,113
1/3/2010,116
1/4/2010,566
1/5/2010,440
1/6/2010,471
1/7/2010,456
1/8/2010,429
1/9/2010,160
1/10/2010,161
1/11/2010,651
1/12/2010,563
1/13/2010,579
1/14/2010,600
1/15/2010,559
1/16/2010,213
1/17/2010,187
1/18/2010,948
1/19/2010,705
1/20/2010,765
1/21/2010,772
1/22/2010,723
1/23/2010,306
1/24/2010,244
1/25/2010,1065
1/26/2010,931
1/27/2010,910
1/28/2010,913
1/29/2010,884
1/30/2010,384
1/31/2010,373
2/1/2010,1454
2/2/2010,1354
2/3/2010,1419
2/4/2010,1290
2/5/2010,1259
2/6/2010,449
2/7/2010,470
2/8/2010,1756
2/9/2010,1577
2/10/2010,1626
2/11/2010,1586
2/12/2010,1647
2/13/2010,736
2/14/2010,642
2/15/2010,1165
2/16/2010,865
2/17/2010,2136
2/18/2010,2538
2/19/2010,2491
2/20/2010,1062
2/21/2010,931
2/22/2010,3246
2/23/2010,2940
2/24/2010,2956
2/25/2010,2850
2/26/2010,2810
2/27/2010,1150
2/28/2010,1043
3/1/2010,3460
3/2/2010,2763
3/3/2010,2874
3/4/2010,3052
3/5/2010,2782
3/6/2010,1129
3/7/2010,1145
3/8/2010,3713
3/9/2010,3225
3/10/2010,3069
3/11/2010,2971
3/12/2010,2825
3/13/2010,1180
3/14/2010,1057
3/15/2010,3567
3/16/2010,3123
3/17/2010,3239
3/18/2010,3243
3/19/2010,2909
3/20/2010,1288
3/21/2010,1177
3/22/2010,4179
3/23/2010,3493
3/24/2010,3572
3/25/2010,3189
3/26/2010,3152
3/27/2010,1260
3/28/2010,1319
3/29/2010,4324
3/30/2010,3562
3/31/2010,3549
4/1/2010,2461
4/2/2010,1134
4/3/2010,1354
4/4/2010,1088
4/5/2010,4525
4/6/2010,3058
4/7/2010,2809
4/8/2010,2916
4/9/2010,2726
4/10/2010,1183
4/11/2010,985
4/12/2010,4061
4/13/2010,3167
4/14/2010,2988
4/15/2010,2987
4/16/2010,2713
4/17/2010,976
4/18/2010,818
4/19/2010,3162
4/20/2010,2593
4/21/2010,1068
4/22/2010,2836
4/23/2010,2611
4/24/2010,998
4/25/2010,887
4/26/2010,3383
4/27/2010,2608
4/28/2010,2860
4/29/2010,2584
4/30/2010,2320
5/1/2010,826
5/2/2010,822
5/3/2010,3385
5/4/2010,2828
5/5/2010,2966
5/6/2010,2841
5/7/2010,2354
5/8/2010,797
5/9/2010,559
5/10/2010,2812
5/11/2010,2116
5/12/2010,1873
5/13/2010,1711
5/14/2010,1618
5/15/2010,598
5/16/2010,548
5/17/2010,2508
5/18/2010,1771
5/19/2010,1563
5/20/2010,1330
5/21/2010,1052
5/22/2010,411
5/23/2010,340
5/24/2010,1619
5/25/2010,1250
5/26/2010,1251
5/27/2010,1012
5/28/2010,963
5/29/2010,331
5/30/2010,342
5/31/2010,1047
6/1/2010,794
6/2/2010,676
6/3/2010,297
6/4/2010,422
6/5/2010,241
6/6/2010,212
6/7/2010,933
6/8/2010,632
6/9/2010,679
6/10/2010,587
6/11/2010,424
6/12/2010,125
6/13/2010,113
6/14/2010,544
6/15/2010,380
6/16/2010,455
6/17/2010,385
6/18/2010,382
6/19/2010,118
6/20/2010,88
6/21/2010,461
6/22/2010,389
6/23/2010,354
6/24/2010,355
6/25/2010,250
6/26/2010,109
6/27/2010,77
6/28/2010,278
6/29/2010,299
6/30/2010,349
7/1/2010,275
7/2/2010,166
7/3/2010,80
7/4/2010,73
7/5/2010,331
7/6/2010,255
7/7/2010,251
7/8/2010,224
7/9/2010,63
7/10/2010,56
7/11/2010,59
7/12/2010,342
7/13/2010,181
7/14/2010,206
7/15/2010,185
7/16/2010,176
7/17/2010,67
7/18/2010,50
7/19/2010,258
7/20/2010,225
7/21/2010,222
7/22/2010,207
7/23/2010,228
7/24/2010,50
7/25/2010,39
7/26/2010,254
7/27/2010,191
7/28/2010,198
7/29/2010,220
7/30/2010,198
7/31/2010,49
8/1/2010,65
8/2/2010,233
8/3/2010,187
8/4/2010,187
8/5/2010,144
8/6/2010,127
8/7/2010,37
8/8/2010,34
8/9/2010,194
8/10/2010,182
8/11/2010,166
8/12/2010,169
8/13/2010,154
8/14/2010,51
8/15/2010,30
8/16/2010,170
8/17/2010,126
8/18/2010,141
8/19/2010,127
8/20/2010,125
8/21/2010,38
8/22/2010,48
8/23/2010,197
8/24/2010,160
8/25/2010,165
8/26/2010,167
8/27/2010,181
8/28/2010,66
8/29/2010,53
8/30/2010,258
8/31/2010,209
9/1/2010,174
9/2/2010,210
9/3/2010,192
9/4/2010,57
9/5/2010,62
9/6/2010,123
9/7/2010,57
9/8/2010,219
9/9/2010,223
9/10/2010,204
9/11/2010,49
9/12/2010,70
9/13/2010,264
9/14/2010,211
9/15/2010,210
9/16/2010,247
9/17/2010,226
9/18/2010,46
9/19/2010,70
9/20/2010,292
9/21/2010,218
9/22/2010,220
9/23/2010,246
9/24/2010,182
9/25/2010,66
9/26/2010,40
9/27/2010,213
9/28/2010,145
9/29/2010,170
9/30/2010,150
10/1/2010,138
10/2/2010,46
10/3/2010,45
10/4/2010,171
10/5/2010,180
10/6/2010,162
10/7/2010,162
10/8/2010,131
10/9/2010,48
10/10/2010,40
10/11/2010,79
10/12/2010,41
10/13/2010,210
10/14/2010,172
10/15/2010,131
10/16/2010,112
10/17/2010,43
10/18/2010,206
10/19/2010,174
10/20/2010,191
10/21/2010,168
10/22/2010,159
10/23/2010,81
10/24/2010,50
10/25/2010,207
10/26/2010,258
10/27/2010,182
10/28/2010,269
10/29/2010,202
10/30/2010,43
10/31/2010,38
11/1/2010,100
11/2/2010,57
11/3/2010,299
11/4/2010,272
11/5/2010,192
11/6/2010,36
11/7/2010,44
11/8/2010,324
11/9/2010,189
11/10/2010,280
11/11/2010,224
11/12/2010,147
11/13/2010,41
11/14/2010,46
11/15/2010,46
11/16/2010,281
11/17/2010,227
11/18/2010,197
11/19/2010,272
11/20/2010,54
11/21/2010,57
11/22/2010,315
11/23/2010,289
11/24/2010,251
11/25/2010,233
11/26/2010,265
11/27/2010,74
11/28/2010,40
11/29/2010,385
11/30/2010,324
12/1/2010,253
12/2/2010,314
12/3/2010,275
12/4/2010,78
12/5/2010,40
12/6/2010,373
12/7/2010,347
12/8/2010,204
12/9/2010,274
12/10/2010,313
12/11/2010,85
12/12/2010,76
12/13/2010,402
12/14/2010,331
12/15/2010,313
12/16/2010,310
12/17/2010,274
12/18/2010,71
12/19/2010,86
12/20/2010,340
12/21/2010,285
12/22/2010,272
12/23/2010,234
12/24/2010,73
12/25/2010,52
12/26/2010,90
12/27/2010,291
12/28/2010,350
12/29/2010,340
12/30/2010,288
12/31/2010,90
1/2/2011,75
1/3/2011,339
1/4/2011,384
1/5/2011,398
1/6/2011,390
1/7/2011,379
1/8/2011,115
1/9/2011,101
1/10/2011,471
1/11/2011,415
1/12/2011,401
1/13/2011,472
1/14/2011,444
1/15/2011,182
1/16/2011,147
1/17/2011,590
1/18/2011,572
1/19/2011,534
1/20/2011,517
1/21/2011,544
1/22/2011,205
1/23/2011,195
1/24/2011,704
1/25/2011,629
1/26/2011,639
1/27/2011,656
1/28/2011,671
1/29/2011,208
1/30/2011,206
1/31/2011,827
2/1/2011,680
2/2/2011,647
2/3/2011,614
2/4/2011,701
2/5/2011,282
2/6/2011,245
2/7/2011,939
2/8/2011,812
2/9/2011,868
2/10/2011,887
2/11/2011,901
2/12/2011,316
2/13/2011,254
2/14/2011,1103
2/15/2011,973
2/16/2011,1033
2/17/2011,957
2/18/2011,940
2/19/2011,360
2/20/2011,303
2/21/2011,1383
2/22/2011,1109
2/23/2011,1325
2/24/2011,1253
2/25/2011,1246
2/26/2011,426
2/27/2011,346
2/28/2011,1624
3/1/2011,1268
3/2/2011,1313
3/3/2011,1162
3/4/2011,1152
3/5/2011,350
3/6/2011,322
3/7/2011,623
3/8/2011,435
3/9/2011,1350
3/10/2011,1746
3/11/2011,1483
3/12/2011,424
3/13/2011,427
3/14/2011,1916
3/15/2011,1610
3/16/2011,1573
3/17/2011,1695
3/18/2011,1645
3/19/2011,567
3/20/2011,520
3/21/2011,2167
3/22/2011,1736
3/23/2011,1947
3/24/2011,1960
3/25/2011,2101
3/26/2011,711
3/27/2011,661
3/28/2011,2962
3/29/2011,2255
3/30/2011,2174
3/31/2011,2057
4/1/2011,1953
4/2/2011,704
4/3/2011,553
4/4/2011,2691
4/5/2011,2349
4/6/2011,2574
4/7/2011,2512
4/8/2011,2387
4/9/2011,804
4/10/2011,860
4/11/2011,3103
4/12/2011,2691
4/13/2011,2531
4/14/2011,2682
4/15/2011,2604
4/16/2011,841
4/17/2011,998
4/18/2011,3171
4/19/2011,2668
4/20/2011,2345
4/21/2011,980
4/22/2011,887
4/23/2011,749
4/24/2011,897
4/25/2011,3401
4/26/2011,2839
4/27/2011,2596
4/28/2011,2359
4/29/2011,2413
4/30/2011,967
5/1/2011,994
5/2/2011,3260
5/3/2011,2516
5/4/2011,2441
5/5/2011,2356
5/6/2011,2221
5/7/2011,760
5/8/2011,680
5/9/2011,2876
5/10/2011,2411
5/11/2011,2226
5/12/2011,2174
5/13/2011,1835
5/14/2011,643
5/15/2011,580
5/16/2011,2336
5/17/2011,1732
5/18/2011,1640
5/19/2011,1551
5/20/2011,1544
5/21/2011,591
5/22/2011,475
5/23/2011,1997
5/24/2011,1595
5/25/2011,1619
5/26/2011,1354
5/27/2011,1145
5/28/2011,347
5/29/2011,298
5/30/2011,1255
5/31/2011,997
6/1/2011,1054
6/2/2011,952
6/3/2011,838
6/4/2011,291
6/5/2011,187
6/6/2011,973
6/7/2011,746
6/8/2011,640
6/9/2011,468
6/10/2011,436
6/11/2011,127
6/12/2011,148
6/13/2011,574
6/14/2011,526
6/15/2011,575
6/16/2011,398
6/17/2011,365
6/18/2011,132
6/19/2011,106
6/20/2011,565
6/21/2011,401
6/22/2011,346
6/23/2011,125
6/24/2011,127
6/25/2011,99
6/26/2011,89
6/27/2011,363
6/28/2011,240
6/29/2011,229
6/30/2011,261
7/1/2011,264
7/2/2011,93
7/3/2011,77
7/4/2011,289
7/5/2011,215
7/6/2011,209
7/7/2011,186
7/8/2011,204
7/9/2011,44
7/10/2011,59
7/11/2011,263
7/12/2011,241
7/13/2011,229
7/14/2011,210
7/15/2011,216
7/16/2011,70
7/17/2011,60
7/18/2011,248
7/19/2011,200
7/20/2011,226
7/21/2011,197
7/22/2011,184
7/23/2011,56
7/24/2011,57
7/25/2011,239
7/26/2011,217
7/27/2011,217
7/28/2011,210
7/29/2011,169
7/30/2011,69
7/31/2011,53
8/1/2011,285
8/2/2011,199
8/3/2011,152
8/4/2011,134
8/5/2011,120
8/6/2011,40
8/7/2011,55
8/8/2011,221
8/9/2011,231
8/10/2011,181
8/11/2011,189
8/12/2011,174
8/13/2011,72
8/14/2011,49
8/15/2011,217
8/16/2011,199
8/17/2011,208
8/18/2011,215
8/19/2011,188
8/20/2011,56
8/21/2011,32
8/22/2011,178
8/23/2011,137
8/24/2011,189
8/25/2011,166
8/26/2011,195
8/27/2011,65
8/28/2011,56
8/29/2011,276
8/30/2011,255
8/31/2011,154
9/1/2011,212
9/2/2011,156
9/3/2011,52
9/4/2011,59
9/5/2011,210
9/6/2011,220
9/7/2011,77
9/8/2011,241
9/9/2011,210
9/10/2011,70
9/11/2011,54
9/12/2011,264
9/13/2011,278
9/14/2011,293
9/15/2011,278
9/16/2011,234
9/17/2011,86
9/18/2011,66
9/19/2011,326
9/20/2011,312
9/21/2011,262
9/22/2011,296
9/23/2011,261
9/24/2011,77
9/25/2011,89
9/26/2011,330
9/27/2011,360
9/28/2011,308
9/29/2011,355
9/30/2011,284
10/1/2011,113
10/2/2011,107
10/3/2011,421
10/4/2011,363
10/5/2011,361
10/6/2011,339
10/7/2011,327
10/8/2011,132
10/9/2011,105
10/10/2011,369
10/11/2011,327
10/12/2011,142
10/13/2011,389
10/14/2011,276
10/15/2011,98
10/16/2011,90
10/17/2011,398
10/18/2011,315
10/19/2011,334
10/20/2011,284
10/21/2011,287
10/22/2011,104
10/23/2011,82
10/24/2011,387
10/25/2011,381
10/26/2011,351
10/27/2011,331
10/28/2011,243
10/29/2011,100
10/30/2011,83
10/31/2011,328
11/1/2011,227
11/2/2011,84
11/3/2011,304
11/4/2011,264
11/5/2011,90
11/6/2011,96
11/7/2011,325
11/8/2011,271
11/9/2011,325
11/10/2011,284
11/11/2011,254
11/12/2011,77
11/13/2011,62
11/14/2011,119
11/15/2011,67
11/16/2011,277
11/17/2011,274
11/18/2011,261
11/19/2011,76
11/20/2011,85
11/21/2011,301
11/22/2011,240
11/23/2011,271
11/24/2011,290
11/25/2011,298
11/26/2011,105
11/27/2011,76
11/28/2011,312
11/29/2011,285
11/30/2011,285
12/1/2011,273
12/2/2011,220
12/3/2011,89
12/4/2011,81
12/5/2011,342
12/6/2011,298
12/7/2011,278
12/8/2011,251
12/9/2011,247
12/10/2011,99
12/11/2011,90
12/12/2011,364
12/13/2011,336
12/14/2011,377
12/15/2011,319
12/16/2011,269
12/17/2011,132
12/18/2011,119
12/19/2011,375
12/20/2011,307
12/21/2011,315
12/22/2011,279
12/23/2011,179
12/24/2011,81
12/25/2011,78
12/26/2011,243
12/27/2011,321
12/28/2011,281
12/29/2011,269
12/30/2011,152
12/31/2011,79
1/1/2012,60
1/2/2012,244
1/3/2012,324
1/4/2012,367
1/5/2012,392
1/6/2012,355
1/7/2012,165
1/8/2012,118
1/9/2012,437
1/10/2012,311
1/11/2012,326
1/12/2012,343
1/13/2012,354
1/14/2012,99
1/15/2012,63
1/16/2012,456
1/17/2012,375
1/18/2012,318
1/19/2012,338
1/20/2012,283
1/21/2012,110
1/22/2012,99
1/23/2012,428
1/24/2012,384
1/25/2012,285
1/26/2012,351
1/27/2012,281
1/28/2012,124
1/29/2012,106
1/30/2012,429
1/31/2012,414
2/1/2012,396
2/2/2012,398
2/3/2012,356
2/4/2012,154
2/5/2012,138
2/6/2012,473
2/7/2012,470
2/8/2012,432
2/9/2012,379
2/10/2012,393
2/11/2012,169
2/12/2012,125
2/13/2012,468
2/14/2012,452
2/15/2012,421
2/16/2012,443
2/17/2012,372
2/18/2012,168
2/19/2012,130
2/20/2012,176
2/21/2012,169
2/22/2012,392
2/23/2012,585
2/24/2012,496
2/25/2012,230
2/26/2012,200
2/27/2012,599
2/28/2012,570
2/29/2012,567
3/1/2012,563
3/2/2012,528
3/3/2012,235
3/4/2012,179
3/5/2012,683
3/6/2012,614
3/7/2012,592
3/8/2012,595
3/9/2012,523
3/10/2012,229
3/11/2012,193
3/12/2012,744
3/13/2012,633
3/14/2012,649
3/15/2012,649
3/16/2012,503
3/17/2012,197
3/18/2012,180
3/19/2012,731
3/20/2012,627
3/21/2012,635
3/22/2012,660
3/23/2012,539
3/24/2012,210
3/25/2012,189
3/26/2012,867
3/27/2012,655
3/28/2012,644
3/29/2012,561
3/30/2012,512
3/31/2012,230
4/1/2012,159
4/2/2012,792
4/3/2012,650
4/4/2012,605
4/5/2012,442
4/6/2012,177
4/7/2012,208
4/8/2012,170
4/9/2012,713
4/10/2012,715
4/11/2012,702
4/12/2012,620
4/13/2012,593
4/14/2012,232
4/15/2012,183
4/16/2012,855
4/17/2012,741
4/18/2012,757
4/19/2012,714
4/20/2012,722
4/21/2012,182
4/22/2012,166
4/23/2012,887
4/24/2012,797
4/25/2012,837
4/26/2012,893
4/27/2012,667
4/28/2012,253
4/29/2012,154
4/30/2012,373
5/1/2012,180
5/2/2012,744
5/3/2012,593
5/4/2012,632
5/5/2012,191
5/6/2012,165
5/7/2012,779
5/8/2012,660
5/9/2012,583
5/10/2012,564
5/11/2012,522
5/12/2012,145
5/13/2012,98
5/14/2012,470
5/15/2012,441
5/16/2012,439
5/17/2012,424
5/18/2012,403
5/19/2012,177
5/20/2012,136
5/21/2012,598
5/22/2012,449
5/23/2012,474
5/24/2012,425
5/25/2012,392
5/26/2012,124
5/27/2012,116
5/28/2012,536
5/29/2012,480
5/30/2012,505
5/31/2012,446
6/1/2012,359
6/2/2012,172
6/3/2012,152
6/4/2012,597
6/5/2012,349
6/6/2012,310
6/7/2012,117
6/8/2012,130
6/9/2012,116
6/10/2012,119
6/11/2012,464
6/12/2012,408
6/13/2012,369
6/14/2012,364
6/15/2012,358
6/16/2012,128
6/17/2012,115
6/18/2012,462
6/19/2012,384
6/20/2012,316
6/21/2012,298
6/22/2012,260
6/23/2012,111
6/24/2012,110
6/25/2012,380
6/26/2012,341
6/27/2012,276
6/28/2012,323
6/29/2012,294
6/30/2012,116
7/1/2012,78
7/2/2012,342
7/3/2012,274
7/4/2012,292
7/5/2012,311
7/6/2012,218
7/7/2012,83
7/8/2012,63
7/9/2012,74
7/10/2012,295
7/11/2012,228
7/12/2012,226
7/13/2012,168
7/14/2012,62
7/15/2012,30
7/16/2012,181
7/17/2012,170
7/18/2012,177
7/19/2012,115
7/20/2012,135
7/21/2012,48
7/22/2012,46
7/23/2012,171
7/24/2012,203
7/25/2012,196
7/26/2012,152
7/27/2012,156
7/28/2012,54
7/29/2012,46
7/30/2012,214
7/31/2012,175
8/1/2012,153
8/2/2012,149
8/3/2012,152
8/4/2012,52
8/5/2012,51
8/6/2012,161
8/7/2012,190
8/8/2012,202
8/9/2012,191
8/10/2012,110
8/11/2012,40
8/12/2012,36
8/13/2012,150
8/14/2012,160
8/15/2012,131
8/16/2012,144
8/17/2012,141
8/18/2012,43
8/19/2012,38
8/20/2012,182
8/21/2012,122
8/22/2012,134
8/23/2012,150
8/24/2012,134
8/25/2012,38
8/26/2012,46
8/27/2012,152
8/28/2012,112
8/29/2012,124
8/30/2012,123
8/31/2012,119
9/1/2012,47
9/2/2012,41
9/3/2012,136
9/4/2012,120
9/5/2012,130
9/6/2012,112
9/7/2012,43
9/8/2012,43
9/9/2012,36
9/10/2012,159
9/11/2012,148
9/12/2012,131
9/13/2012,175
9/14/2012,112
9/15/2012,38
9/16/2012,38
9/17/2012,168
9/18/2012,156
9/19/2012,129
9/20/2012,132
9/21/2012,119
9/22/2012,34
9/23/2012,34
9/24/2012,168
9/25/2012,149
9/26/2012,125
9/27/2012,104
9/28/2012,85
9/29/2012,25
9/30/2012,40
10/1/2012,157
10/2/2012,129
10/3/2012,130
10/4/2012,122
10/5/2012,133
10/6/2012,37
10/7/2012,40
10/8/2012,167
10/9/2012,150
10/10/2012,142
10/11/2012,137
10/12/2012,37
10/13/2012,34
10/14/2012,33
10/15/2012,168
10/16/2012,179
10/17/2012,148
10/18/2012,148
10/19/2012,129
10/20/2012,53
10/21/2012,29
10/22/2012,199
10/23/2012,163
10/24/2012,135
10/25/2012,176
10/26/2012,140
10/27/2012,46
10/28/2012,54
10/29/2012,225
10/30/2012,189
10/31/2012,179
11/1/2012,142
11/2/2012,44
11/3/2012,66
11/4/2012,46
11/5/2012,242
11/6/2012,190
11/7/2012,197
11/8/2012,182
11/9/2012,135
11/10/2012,76
11/11/2012,51
11/12/2012,209
11/13/2012,190
11/14/2012,155
11/15/2012,56
11/16/2012,72
11/17/2012,64
11/18/2012,50
11/19/2012,208
11/20/2012,154
11/21/2012,260
11/22/2012,211
11/23/2012,195
11/24/2012,55
11/25/2012,63
11/26/2012,252
11/27/2012,186
11/28/2012,210
11/29/2012,217
11/30/2012,203
12/1/2012,60
12/2/2012,56
12/3/2012,264
12/4/2012,224
12/5/2012,221
12/6/2012,220
12/7/2012,195
12/8/2012,70
12/9/2012,67
12/10/2012,252
12/11/2012,242
12/12/2012,163
12/13/2012,189
12/14/2012,208
12/15/2012,45
12/16/2012,53
12/17/2012,252
12/18/2012,213
12/19/2012,234
12/20/2012,226
12/21/2012,199
12/22/2012,78
12/23/2012,69
12/24/2012,57
12/25/2012,61
12/26/2012,228
12/27/2012,324
12/28/2012,232
12/29/2012,113
12/30/2012,187
12/31/2012,160
1/1/2013,88
1/2/2013,330
1/3/2013,461
1/4/2013,467
1/5/2013,177
1/6/2013,138
1/7/2013,643
1/8/2013,612
1/9/2013,566
1/10/2013,578
1/11/2013,566
1/12/2013,209
1/13/2013,182
1/14/2013,857
1/15/2013,717
1/16/2013,717
1/17/2013,693
1/18/2013,708
1/19/2013,256
1/20/2013,278
1/21/2013,1344
1/22/2013,1007
1/23/2013,937
1/24/2013,1152
1/25/2013,975
1/26/2013,363
1/27/2013,331
1/28/2013,1430
1/29/2013,1169
1/30/2013,1356
1/31/2013,1396
2/1/2013,1314
2/2/2013,509
2/3/2013,453
2/4/2013,1859
2/5/2013,1595
2/6/2013,1602
2/7/2013,1547
2/8/2013,1344
2/9/2013,552
2/10/2013,542
2/11/2013,811
2/12/2013,719
2/13/2013,1597
2/14/2013,2160
2/15/2013,2023
2/16/2013,814
2/17/2013,775
2/18/2013,2611
2/19/2013,2197
2/20/2013,2456
2/21/2013,2539
2/22/2013,2563
2/23/2013,985
2/24/2013,1010
2/25/2013,3753
2/26/2013,3461
2/27/2013,3353
2/28/2013,3394
3/1/2013,3040
3/2/2013,1399
3/3/2013,1467
3/4/2013,4764
3/5/2013,4086
3/6/2013,4089
3/7/2013,4168
3/8/2013,3516
3/9/2013,1815
3/10/2013,1713
3/11/2013,5309
3/12/2013,4552
3/13/2013,5014
3/14/2013,4791
3/15/2013,4783
3/16/2013,2088
3/17/2013,2231
3/18/2013,5687
3/19/2013,4769
3/20/2013,5451
3/21/2013,5071
3/22/2013,4659
3/23/2013,2293
3/24/2013,1830
3/25/2013,6469
3/26/2013,4982
3/27/2013,4730
3/28/2013,3537
3/29/2013,1836
3/30/2013,1628
3/31/2013,1796
4/1/2013,6253
4/2/2013,5472
4/3/2013,5454
4/4/2013,5633
4/5/2013,4385
4/6/2013,2148
4/7/2013,1998
4/8/2013,6932
4/9/2013,5992
4/10/2013,5683
4/11/2013,5443
4/12/2013,5264
4/13/2013,2015
4/14/2013,2051
4/15/2013,6448
4/16/2013,5720
4/17/2013,5476
4/18/2013,5176
4/19/2013,4691
4/20/2013,2038
4/21/2013,1731
4/22/2013,5760
4/23/2013,4702
4/24/2013,4522
4/25/2013,3996
4/26/2013,3666
4/27/2013,1295
4/28/2013,1304
4/29/2013,4426
4/30/2013,3461
5/1/2013,1203
5/2/2013,3405
5/3/2013,2756
5/4/2013,1095
5/5/2013,1027
5/6/2013,3459
5/7/2013,2481
5/8/2013,2261
5/9/2013,2118
5/10/2013,2088
5/11/2013,876
5/12/2013,820
5/13/2013,3038
5/14/2013,2693
5/15/2013,2590
5/16/2013,2418
5/17/2013,2063
5/18/2013,761
5/19/2013,664
5/20/2013,2603
5/21/2013,2145
5/22/2013,1940
5/23/2013,1727
5/24/2013,1304
5/25/2013,461
5/26/2013,433
5/27/2013,1663
5/28/2013,1304
5/29/2013,966
5/30/2013,360
5/31/2013,518
6/1/2013,364
6/2/2013,285
6/3/2013,1411
6/4/2013,954
6/5/2013,964
6/6/2013,911
6/7/2013,863
6/8/2013,309
6/9/2013,242
6/10/2013,1096
6/11/2013,897
6/12/2013,879
6/13/2013,692
6/14/2013,695
6/15/2013,226
6/16/2013,194
6/17/2013,707
6/18/2013,638
6/19/2013,622
6/20/2013,572
6/21/2013,489
6/22/2013,169
6/23/2013,166
6/24/2013,550
6/25/2013,464
6/26/2013,425
6/27/2013,343
6/28/2013,358
6/29/2013,147
6/30/2013,135
7/1/2013,514
7/2/2013,358
7/3/2013,349
7/4/2013,392
7/5/2013,312
7/6/2013,96
7/7/2013,92
7/8/2013,200
7/9/2013,101
7/10/2013,389
7/11/2013,281
7/12/2013,312
7/13/2013,75
7/14/2013,88
7/15/2013,319
7/16/2013,293
7/17/2013,290
7/18/2013,221
7/19/2013,203
7/20/2013,94
7/21/2013,74
7/22/2013,241
7/23/2013,165
7/24/2013,126
7/25/2013,98
7/26/2013,88
7/27/2013,37
7/28/2013,30
7/29/2013,139
7/30/2013,160
7/31/2013,151
8/1/2013,149
8/2/2013,120
8/3/2013,58
8/4/2013,43
8/5/2013,191
8/6/2013,170
8/7/2013,210
8/8/2013,202
8/9/2013,170
8/10/2013,51
8/11/2013,40
8/12/2013,182
8/13/2013,201
8/14/2013,141
8/15/2013,106
8/16/2013,98
8/17/2013,42
8/18/2013,39
8/19/2013,148
8/20/2013,157
8/21/2013,131
8/22/2013,138
8/23/2013,120
8/24/2013,38
8/25/2013,57
8/26/2013,163
8/27/2013,127
8/28/2013,94
8/29/2013,109
8/30/2013,103
8/31/2013,49
9/1/2013,44
9/2/2013,155
9/3/2013,152
9/4/2013,104
9/5/2013,118
9/6/2013,97
9/7/2013,47
9/8/2013,28
9/9/2013,175
9/10/2013,127
9/11/2013,131
9/12/2013,106
9/13/2013,150
9/14/2013,32
9/15/2013,39
9/16/2013,197
9/17/2013,121
9/18/2013,121
9/19/2013,141
9/20/2013,148
9/21/2013,55
9/22/2013,55
9/23/2013,202
9/24/2013,165
9/25/2013,127
9/26/2013,146
9/27/2013,101
9/28/2013,36
9/29/2013,32
9/30/2013,149
10/1/2013,128
10/2/2013,144
10/3/2013,143
10/4/2013,107
10/5/2013,35
10/6/2013,40
10/7/2013,151
10/8/2013,121
10/9/2013,157
10/10/2013,151
10/11/2013,104
10/12/2013,28
10/13/2013,42
10/14/2013,162
10/15/2013,136
10/16/2013,130
10/17/2013,140
10/18/2013,141
10/19/2013,46
10/20/2013,52
10/21/2013,177
10/22/2013,166
10/23/2013,159
10/24/2013,184
10/25/2013,154
10/26/2013,53
10/27/2013,68
10/28/2013,92
10/29/2013,192
10/30/2013,190
10/31/2013,178
11/1/2013,144
11/2/2013,62
11/3/2013,56
11/4/2013,170
11/5/2013,155
11/6/2013,176
11/7/2013,154
11/8/2013,129
11/9/2013,55
11/10/2013,59
11/11/2013,232
11/12/2013,199
11/13/2013,185
11/14/2013,206
11/15/2013,53
11/16/2013,62
11/17/2013,46
11/18/2013,214
11/19/2013,172
11/20/2013,146
11/21/2013,252
11/22/2013,219
11/23/2013,62
11/24/2013,51
11/25/2013,250
11/26/2013,215
11/27/2013,224
11/28/2013,234
11/29/2013,222
11/30/2013,70
12/1/2013,83
12/2/2013,250
12/3/2013,210
12/4/2013,226
12/5/2013,212
12/6/2013,194
12/7/2013,90
12/8/2013,89
12/9/2013,288
12/10/2013,262
12/11/2013,244
12/12/2013,208
12/13/2013,227
12/14/2013,102
12/15/2013,78
12/16/2013,277
12/17/2013,247
12/18/2013,252
12/19/2013,237
12/20/2013,240
12/21/2013,93
12/22/2013,80
12/23/2013,144
12/24/2013,66
12/25/2013,64
12/26/2013,237
12/27/2013,238
12/28/2013,100
12/29/2013,74
12/30/2013,181
12/31/2013,62
1/1/2014,63
1/2/2014,195
1/3/2014,202
1/4/2014,90
1/5/2014,85
1/6/2014,246
1/7/2014,236
1/8/2014,277
1/9/2014,266
1/10/2014,242
1/11/2014,105
1/12/2014,106
1/13/2014,307
1/14/2014,304
1/15/2014,301
1/16/2014,320
1/17/2014,330
1/18/2014,129
1/19/2014,120
1/20/2014,399
1/21/2014,396
1/22/2014,423
1/23/2014,373
1/24/2014,346
1/25/2014,134
1/26/2014,143
1/27/2014,469
1/28/2014,488
1/29/2014,515
1/30/2014,524
1/31/2014,488
2/1/2014,196
2/2/2014,164
2/3/2014,595
2/4/2014,603
2/5/2014,583
2/6/2014,564
2/7/2014,572
2/8/2014,182
2/9/2014,221
2/10/2014,785
2/11/2014,750
2/12/2014,833
2/13/2014,859
2/14/2014,715
2/15/2014,295
2/16/2014,274
2/17/2014,1032
2/18/2014,884
2/19/2014,1008
2/20/2014,1168
2/21/2014,975
2/22/2014,397
2/23/2014,305
2/24/2014,1257
2/25/2014,1150
2/26/2014,1064
2/27/2014,1106
2/28/2014,981
3/1/2014,450
3/2/2014,334
3/3/2014,548
3/4/2014,496
3/5/2014,1023
3/6/2014,1433
3/7/2014,1281
3/8/2014,542
3/9/2014,450
3/10/2014,1454
3/11/2014,1424
3/12/2014,1368
3/13/2014,1556
3/14/2014,1483
3/15/2014,716
3/16/2014,599
3/17/2014,1955
3/18/2014,1955
3/19/2014,1800
3/20/2014,1999
3/21/2014,1863
3/22/2014,868
3/23/2014,841
3/24/2014,2595
3/25/2014,2469
3/26/2014,2669
3/27/2014,2854
3/28/2014,2971
3/29/2014,1359
3/30/2014,1115
3/31/2014,3610
4/1/2014,3336
4/2/2014,3778
4/3/2014,3416
4/4/2014,3354
4/5/2014,1441
4/6/2014,1287
4/7/2014,4529
4/8/2014,4436
4/9/2014,4674
4/10/2014,5328
4/11/2014,4874
4/12/2014,2242
4/13/2014,1676
4/14/2014,6208
4/15/2014,4920
4/16/2014,5404
4/17/2014,4456
4/18/2014,2677
4/19/2014,2603
4/20/2014,2178
4/21/2014,3081
4/22/2014,7345
4/23/2014,6471
4/24/2014,6452
4/25/2014,5820
4/26/2014,2808
4/27/2014,1790
4/28/2014,6598
4/29/2014,5844
4/30/2014,6248
5/1/2014,2733
5/2/2014,4184
5/3/2014,2568
5/4/2014,1747
5/5/2014,6662
5/6/2014,5443
5/7/2014,5013
5/8/2014,4535
5/9/2014,4082
5/10/2014,1745
5/11/2014,1114
5/12/2014,4544
5/13/2014,4145
5/14/2014,4348
5/15/2014,4056
5/16/2014,3801
5/17/2014,1659
5/18/2014,1151
5/19/2014,4404
5/20/2014,3989
5/21/2014,3479
5/22/2014,3450
5/23/2014,2667
5/24/2014,1055
5/25/2014,828
5/26/2014,3196
5/27/2014,2669
5/28/2014,2541
5/29/2014,2638
5/30/2014,2298
5/31/2014,863
6/1/2014,758
6/2/2014,2422
6/3/2014,2123
6/4/2014,1733
6/5/2014,1802
6/6/2014,1513
6/7/2014,689
6/8/2014,517
6/9/2014,1759
6/10/2014,1877
6/11/2014,1462
6/12/2014,963
6/13/2014,1234
6/14/2014,511
6/15/2014,441
6/16/2014,1665
6/17/2014,951
6/18/2014,1237
6/19/2014,427
6/20/2014,660
6/21/2014,362
6/22/2014,330
6/23/2014,990
6/24/2014,1115
6/25/2014,1185
6/26/2014,1041
6/27/2014,963
6/28/2014,293
6/29/2014,283
6/30/2014,892
7/1/2014,734
7/2/2014,701
7/3/2014,762
7/4/2014,496
7/5/2014,297
7/6/2014,221
7/7/2014,827
7/8/2014,472
7/9/2014,248
7/10/2014,596
7/11/2014,507
7/12/2014,198
7/13/2014,183
7/14/2014,640
7/15/2014,561
7/16/2014,507
7/17/2014,600
7/18/2014,482
7/19/2014,145
7/20/2014,161
7/21/2014,486
7/22/2014,530
7/23/2014,503
7/24/2014,440
7/25/2014,316
7/26/2014,128
7/27/2014,96
7/28/2014,421
7/29/2014,451
7/30/2014,363
7/31/2014,326
8/1/2014,351
8/2/2014,130
8/3/2014,121
8/4/2014,500
8/5/2014,336
8/6/2014,334
8/7/2014,308
8/8/2014,265
8/9/2014,103
8/10/2014,133
8/11/2014,341
8/12/2014,333
8/13/2014,332
8/14/2014,272
8/15/2014,244
8/16/2014,114
8/17/2014,86
8/18/2014,397
8/19/2014,292
8/20/2014,282
8/21/2014,271
8/22/2014,293
8/23/2014,105
8/24/2014,114
8/25/2014,353
8/26/2014,332
8/27/2014,284
8/28/2014,300
8/29/2014,223
8/30/2014,104
8/31/2014,75
9/1/2014,276
9/2/2014,340
9/3/2014,271
9/4/2014,269
9/5/2014,220
9/6/2014,94
9/7/2014,75
9/8/2014,333
9/9/2014,296
9/10/2014,342
9/11/2014,277
9/12/2014,291
9/13/2014,104
9/14/2014,98
9/15/2014,364
9/16/2014,340
9/17/2014,319
9/18/2014,297
9/19/2014,280
9/20/2014,86
9/21/2014,70
9/22/2014,345
9/23/2014,291
9/24/2014,338
9/25/2014,260
9/26/2014,272
9/27/2014,106
9/28/2014,112
9/29/2014,362
9/30/2014,346
10/1/2014,326
10/2/2014,329
10/3/2014,275
10/4/2014,93
10/5/2014,93
10/6/2014,340
10/7/2014,302
10/8/2014,296
10/9/2014,337
10/10/2014,361
10/11/2014,136
10/12/2014,111
10/13/2014,385
10/14/2014,366
10/15/2014,298
10/16/2014,360
10/17/2014,344
10/18/2014,112
10/19/2014,118
10/20/2014,432
10/21/2014,393
10/22/2014,334
10/23/2014,325
10/24/2014,322
10/25/2014,133
10/26/2014,108
10/27/2014,271
10/28/2014,381
10/29/2014,426
10/30/2014,315
10/31/2014,260
11/1/2014,131
11/2/2014,111
11/3/2014,412
11/4/2014,310
11/5/2014,358
11/6/2014,345
11/7/2014,291
11/8/2014,119
11/9/2014,112
11/10/2014,384
11/11/2014,399
11/12/2014,416
11/13/2014,392
11/14/2014,298
11/15/2014,91
11/16/2014,91
11/17/2014,388
11/18/2014,353
11/19/2014,369
11/20/2014,224
11/21/2014,299
11/22/2014,108
11/23/2014,97
11/24/2014,420
11/25/2014,427
11/26/2014,349
11/27/2014,357
11/28/2014,302
11/29/2014,109
11/30/2014,117
12/1/2014,440
12/2/2014,397
12/3/2014,400
12/4/2014,336
12/5/2014,289
12/6/2014,142
12/7/2014,123
12/8/2014,443
12/9/2014,457
12/10/2014,413
12/11/2014,358
12/12/2014,377
12/13/2014,144
12/14/2014,115
12/15/2014,524
12/16/2014,495
12/17/2014,409
12/18/2014,415
12/19/2014,353
12/20/2014,153
12/21/2014,159
12/22/2014,489
12/23/2014,323
12/24/2014,148
12/25/2014,132
12/26/2014,243
12/27/2014,221
12/28/2014,228
12/29/2014,787
12/30/2014,596
12/31/2014,247
1/1/2015,166
1/2/2015,377
1/3/2015,244
1/4/2015,315
1/5/2015,1158
1/6/2015,1041
1/7/2015,1027
1/8/2015,1059
1/9/2015,1045
1/10/2015,397
1/11/2015,378
1/12/2015,1518
1/13/2015,1350
1/14/2015,1411
1/15/2015,1501
1/16/2015,1403
1/17/2015,589
1/18/2015,542
1/19/2015,2223
1/20/2015,1945
1/21/2015,2315
1/22/2015,2224
1/23/2015,2267
1/24/2015,1099
1/25/2015,1002
1/26/2015,3829
1/27/2015,3284
1/28/2015,3501
1/29/2015,3722
1/30/2015,3515
1/31/2015,1546
2/1/2015,1385
2/2/2015,5454
2/3/2015,4811
2/4/2015,4216
2/5/2015,4457
2/6/2015,4332
2/7/2015,1897
2/8/2015,1811
2/9/2015,6761
2/10/2015,5885
2/11/2015,5881
2/12/2015,6070
2/13/2015,5494
2/14/2015,2661
2/15/2015,2246
2/16/2015,3405
2/17/2015,2885
2/18/2015,5914
2/19/2015,7314
2/20/2015,6927
2/21/2015,3336
2/22/2015,2937
2/23/2015,9836
2/24/2015,8734
2/25/2015,8374
2/26/2015,8109
2/27/2015,7932
2/28/2015,4079
3/1/2015,3445
3/2/2015,10774
3/3/2015,10652
3/4/2015,10570
3/5/2015,10848
3/6/2015,9756
3/7/2015,4562
3/8/2015,3827
3/9/2015,12717
3/10/2015,11823
3/11/2015,12221
3/12/2015,12465
3/13/2015,12670
3/14/2015,5325
3/15/2015,4908
3/16/2015,15521
3/17/2015,14428
3/18/2015,13529
3/19/2015,12651
3/20/2015,12121
3/21/2015,5228
3/22/2015,4550
3/23/2015,16453
3/24/2015,14568
3/25/2015,14174
3/26/2015,13384
3/27/2015,12303
3/28/2015,5405
3/29/2015,4324
3/30/2015,14871
3/31/2015,12909
4/1/2015,11596
4/2/2015,8917
4/3/2015,4388
4/4/2015,4702
4/5/2015,3942
4/6/2015,14096
4/7/2015,11058
4/8/2015,11061
4/9/2015,11229
4/10/2015,11445
4/11/2015,5444
4/12/2015,4911
4/13/2015,14231
4/14/2015,12807
4/15/2015,11975
4/16/2015,11707
4/17/2015,10127
4/18/2015,4587
4/19/2015,3992
4/20/2015,8034
4/21/2015,5024
4/22/2015,13189
4/23/2015,11601
4/24/2015,10471
4/25/2015,4401
4/26/2015,3595
4/27/2015,12680
4/28/2015,11578
4/29/2015,9386
4/30/2015,8548
5/1/2015,3669
5/2/2015,3581
5/3/2015,3291
5/4/2015,10853
5/5/2015,9214
5/6/2015,8342
5/7/2015,7403
5/8/2015,6100
5/9/2015,2742
5/10/2015,2154
5/11/2015,10109
5/12/2015,6203
5/13/2015,5767
5/14/2015,5096
5/15/2015,4543
5/16/2015,1947
5/17/2015,1669
5/18/2015,5528
5/19/2015,4526
5/20/2015,4107
5/21/2015,3809
5/22/2015,3315
5/23/2015,1353
5/24/2015,1139
5/25/2015,4246
5/26/2015,3687
5/27/2015,3264
5/28/2015,2744
5/29/2015,2276
5/30/2015,968
5/31/2015,682
6/1/2015,3018
6/2/2015,2183
6/3/2015,1903
6/4/2015,815
6/5/2015,1185
6/6/2015,769
6/7/2015,683
6/8/2015,2559
6/9/2015,1947
6/10/2015,1917
6/11/2015,1724
6/12/2015,1361
6/13/2015,448
6/14/2015,464
6/15/2015,1937
6/16/2015,1311
6/17/2015,1291
6/18/2015,1274
6/19/2015,889
6/20/2015,358
6/21/2015,327
6/22/2015,1355
6/23/2015,993
6/24/2015,831
6/25/2015,933
6/26/2015,724
6/27/2015,258
6/28/2015,217
6/29/2015,846
6/30/2015,1042
7/1/2015,732
7/2/2015,619
7/3/2015,662
7/4/2015,184
7/5/2015,145
7/6/2015,684
7/7/2015,544
7/8/2015,437
7/9/2015,143
7/10/2015,227
7/11/2015,159
7/12/2015,141
7/13/2015,574
7/14/2015,512
7/15/2015,470
7/16/2015,482
7/17/2015,416
7/18/2015,136
7/19/2015,91
7/20/2015,530
7/21/2015,429
7/22/2015,436
7/23/2015,443
7/24/2015,363
7/25/2015,100
7/26/2015,117
7/27/2015,470
7/28/2015,424
7/29/2015,418
7/30/2015,414
7/31/2015,321
8/1/2015,123
8/2/2015,95
8/3/2015,437
8/4/2015,372
8/5/2015,351
8/6/2015,336
8/7/2015,274
8/8/2015,81
8/9/2015,87
8/10/2015,394
8/11/2015,319
8/12/2015,273
8/13/2015,311
8/14/2015,283
8/15/2015,84
8/16/2015,92
8/17/2015,400
8/18/2015,329
8/19/2015,350
8/20/2015,322
8/21/2015,269
8/22/2015,87
8/23/2015,99
8/24/2015,334
8/25/2015,301
8/26/2015,260
8/27/2015,237
8/28/2015,203
8/29/2015,83
8/30/2015,83
8/31/2015,386
9/1/2015,318
9/2/2015,229
9/3/2015,229
9/4/2015,217
9/5/2015,62
9/6/2015,69
9/7/2015,104
9/8/2015,238
9/9/2015,239
9/10/2015,246
9/11/2015,207
9/12/2015,73
9/13/2015,59
9/14/2015,259
9/15/2015,284
9/16/2015,264
9/17/2015,326
9/18/2015,350
9/19/2015,110
9/20/2015,118
9/21/2015,399
9/22/2015,368
9/23/2015,393
9/24/2015,393
9/25/2015,285
9/26/2015,116
9/27/2015,101
9/28/2015,398
9/29/2015,337
9/30/2015,344
10/1/2015,341
10/2/2015,357
10/3/2015,117
10/4/2015,111
10/5/2015,394
10/6/2015,384
10/7/2015,381
10/8/2015,413
10/9/2015,323
10/10/2015,143
10/11/2015,122
10/12/2015,131
10/13/2015,446
10/14/2015,444
10/15/2015,448
10/16/2015,453
10/17/2015,154
10/18/2015,131
10/19/2015,498
10/20/2015,442
10/21/2015,462
10/22/2015,442
10/23/2015,412
10/24/2015,160
10/25/2015,118
10/26/2015,452
10/27/2015,437
10/28/2015,419
10/29/2015,454
10/30/2015,269
10/31/2015,128
11/1/2015,134
11/2/2015,164
11/3/2015,556
11/4/2015,472
11/5/2015,465
11/6/2015,469
11/7/2015,168
11/8/2015,156
11/9/2015,529
11/10/2015,541
11/11/2015,555
11/12/2015,556
11/13/2015,538
11/14/2015,227
11/15/2015,211
11/16/2015,709
11/17/2015,649
11/18/2015,622
11/19/2015,632
11/20/2015,376
11/21/2015,231
11/22/2015,213
11/23/2015,830
11/24/2015,667
11/25/2015,629
11/26/2015,719
11/27/2015,669
11/28/2015,333
11/29/2015,291
11/30/2015,946
12/1/2015,805
12/2/2015,900
12/3/2015,836
12/4/2015,815
12/5/2015,351
12/6/2015,313
12/7/2015,997
12/8/2015,892
12/9/2015,1100
12/10/2015,1091
12/11/2015,981
12/12/2015,429
12/13/2015,450
12/14/2015,1362
12/15/2015,1202
12/16/2015,1239
12/17/2015,1178
12/18/2015,1122
12/19/2015,437
12/20/2015,472
12/21/2015,1322
12/22/2015,1152
12/23/2015,1037
12/24/2015,487
12/25/2015,354
12/26/2015,587
12/27/2015,562
12/28/2015,1601
12/29/2015,1409
12/30/2015,1314
12/31/2015,688
1/1/2016,565
1/2/2016,774
1/3/2016,838
1/4/2016,2338
1/5/2016,2196
1/6/2016,2279
1/7/2016,2311
1/8/2016,1979
1/9/2016,1220
1/10/2016,1059
1/11/2016,2635
1/12/2016,2365
1/13/2016,2525
1/14/2016,2534
1/15/2016,2174
1/16/2016,1274
1/17/2016,1219
1/18/2016,3287
1/19/2016,2987
1/20/2016,2740
1/21/2016,2959
1/22/2016,2926
1/23/2016,1539
1/24/2016,1360
1/25/2016,3371
1/26/2016,3226
1/27/2016,3105
1/28/2016,3254
1/29/2016,3246
1/30/2016,1794
1/31/2016,1561
2/1/2016,4069
2/2/2016,3804
2/3/2016,3827
2/4/2016,3744
2/5/2016,3423
2/6/2016,1837
2/7/2016,1571
2/8/2016,2116
2/9/2016,2187
2/10/2016,3817
2/11/2016,4802
2/12/2016,4526
2/13/2016,2494
2/14/2016,2281
2/15/2016,5314
2/16/2016,4714
2/17/2016,4729
2/18/2016,4752
2/19/2016,4368
2/20/2016,2431
2/21/2016,2003
2/22/2016,5657
2/23/2016,4782
2/24/2016,4838
2/25/2016,5001
2/26/2016,4921
2/27/2016,2664
2/28/2016,2341
2/29/2016,6098
3/1/2016,4907
3/2/2016,5023
3/3/2016,4998
3/4/2016,4622
3/5/2016,2476
3/6/2016,2304
3/7/2016,6159
3/8/2016,5635
3/9/2016,5668
3/10/2016,5120
3/11/2016,4321
3/12/2016,2305
3/13/2016,2058
3/14/2016,5692
3/15/2016,5226
3/16/2016,5028
3/17/2016,5047
3/18/2016,4350
3/19/2016,2549
3/20/2016,2325
3/21/2016,5969
3/22/2016,5356
3/23/2016,4827
3/24/2016,3670
3/25/2016,1928
3/26/2016,2279
3/27/2016,1922
3/28/2016,5578
3/29/2016,5030
3/30/2016,4937
3/31/2016,4454
4/1/2016,3923
4/2/2016,2001
4/3/2016,1866
4/4/2016,4938
4/5/2016,4082
4/6/2016,3865
4/7/2016,3780
4/8/2016,3551
4/9/2016,1659
4/10/2016,1555
4/11/2016,4155
4/12/2016,3705
4/13/2016,3257
4/14/2016,3536
4/15/2016,2996
4/16/2016,1537
4/17/2016,1371
4/18/2016,3706
4/19/2016,3162
4/20/2016,2972
4/21/2016,1531
4/22/2016,1771
4/23/2016,1345
4/24/2016,1193
4/25/2016,3556
4/26/2016,2929
4/27/2016,2273
4/28/2016,2236
4/29/2016,1749
4/30/2016,959
5/1/2016,847
5/2/2016,2467
5/3/2016,2118
5/4/2016,1985
5/5/2016,1945
5/6/2016,1642
5/7/2016,713
5/8/2016,513
5/9/2016,1701
5/10/2016,1388
5/11/2016,1251
5/12/2016,1256
5/13/2016,1000
5/14/2016,549
5/15/2016,474
5/16/2016,1258
5/17/2016,1206
5/18/2016,1058
5/19/2016,793
5/20/2016,902
5/21/2016,317
5/22/2016,279
5/23/2016,903
5/24/2016,716
5/25/2016,823
5/26/2016,317
5/27/2016,346
5/28/2016,241
5/29/2016,235
5/30/2016,796
5/31/2016,538
6/1/2016,580
6/2/2016,576
6/3/2016,433
6/4/2016,202
6/5/2016,150
6/6/2016,549
6/7/2016,435
6/8/2016,357
6/9/2016,364
6/10/2016,435
6/11/2016,97
6/12/2016,83
6/13/2016,314
6/14/2016,288
6/15/2016,323
6/16/2016,369
6/17/2016,260
6/18/2016,120
6/19/2016,86
6/20/2016,320
6/21/2016,251
6/22/2016,224
6/23/2016,209
6/24/2016,236
6/25/2016,78
6/26/2016,69
6/27/2016,274
6/28/2016,208
6/29/2016,196
6/30/2016,180
7/1/2016,194
7/2/2016,94
7/3/2016,85
7/4/2016,265
7/5/2016,265
7/6/2016,244
7/7/2016,231
7/8/2016,136
7/9/2016,73
7/10/2016,70
7/11/2016,173
7/12/2016,163
7/13/2016,214
7/14/2016,145
7/15/2016,211
7/16/2016,69
7/17/2016,68
7/18/2016,175
7/19/2016,138
7/20/2016,123
7/21/2016,123
7/22/2016,103
7/23/2016,50
7/24/2016,62
7/25/2016,149
7/26/2016,173
7/27/2016,134
7/28/2016,152
7/29/2016,127
7/30/2016,50
7/31/2016,50
8/1/2016,177
8/2/2016,132
8/3/2016,165
8/4/2016,152
8/5/2016,138
8/6/2016,56
8/7/2016,60
8/8/2016,151
8/9/2016,161
8/10/2016,170
8/11/2016,151
8/12/2016,123
8/13/2016,53
8/14/2016,46
8/15/2016,156
8/16/2016,164
8/17/2016,159
8/18/2016,177
8/19/2016,168
8/20/2016,48
8/21/2016,35
8/22/2016,130
8/23/2016,135
8/24/2016,134
8/25/2016,141
8/26/2016,115
8/27/2016,63
8/28/2016,67
8/29/2016,211
8/30/2016,189
8/31/2016,157
9/1/2016,157
9/2/2016,132
9/3/2016,55
9/4/2016,48
9/5/2016,183
9/6/2016,122
9/7/2016,65
9/8/2016,125
9/9/2016,144
9/10/2016,82
9/11/2016,51
9/12/2016,216
9/13/2016,215
9/14/2016,211
9/15/2016,183
9/16/2016,226
9/17/2016,77
9/18/2016,72
9/19/2016,223
9/20/2016,157
9/21/2016,179
9/22/2016,162
9/23/2016,180
9/24/2016,80
9/25/2016,61
9/26/2016,238
9/27/2016,161
9/28/2016,215
9/29/2016,209
9/30/2016,162
10/1/2016,63
10/2/2016,64
10/3/2016,207
10/4/2016,192
10/5/2016,185
10/6/2016,174
10/7/2016,190
10/8/2016,100
10/9/2016,84
10/10/2016,227
10/11/2016,212
10/12/2016,98
10/13/2016,211
10/14/2016,187
10/15/2016,99
10/16/2016,111
10/17/2016,334
10/18/2016,321
10/19/2016,381
10/20/2016,294
10/21/2016,276
10/22/2016,136
10/23/2016,114
10/24/2016,348
10/25/2016,331
10/26/2016,306
10/27/2016,320
10/28/2016,222
10/29/2016,118
10/30/2016,117
10/31/2016,316
11/1/2016,279
11/2/2016,146
11/3/2016,329
11/4/2016,345
11/5/2016,115
11/6/2016,122
11/7/2016,432
11/8/2016,380
11/9/2016,407
11/10/2016,381
11/11/2016,332
11/12/2016,154
11/13/2016,104
11/14/2016,192
11/15/2016,158
11/16/2016,453
11/17/2016,425
11/18/2016,372
11/19/2016,138
11/20/2016,156
11/21/2016,443
11/22/2016,362
11/23/2016,345
11/24/2016,364
11/25/2016,386
11/26/2016,142
11/27/2016,151
11/28/2016,496
11/29/2016,442
11/30/2016,368
12/1/2016,369
12/2/2016,334
12/3/2016,150
12/4/2016,184
12/5/2016,432
12/6/2016,397
12/7/2016,383
12/8/2016,335
12/9/2016,294
12/10/2016,185
12/11/2016,148
12/12/2016,457
12/13/2016,390
12/14/2016,409
12/15/2016,327
12/16/2016,260
12/17/2016,159
12/18/2016,160
12/19/2016,361
12/20/2016,311
12/21/2016,322
12/22/2016,325
12/23/2016,247
12/24/2016,118
12/25/2016,142
12/26/2016,352
12/27/2016,404
12/28/2016,404
12/29/2016,328
12/30/2016,267
12/31/2016,158
1/1/2017,122
1/2/2017,362
1/3/2017,396
1/4/2017,400
1/5/2017,431
1/6/2017,357
1/7/2017,186
1/8/2017,153
1/9/2017,468
1/10/2017,416
1/11/2017,394
1/12/2017,333
1/13/2017,335
1/14/2017,157
1/15/2017,162
1/16/2017,364
1/17/2017,378
1/18/2017,359
1/19/2017,361
1/20/2017,273
1/21/2017,165
1/22/2017,147
1/23/2017,423
1/24/2017,414
1/25/2017,447
1/26/2017,442
1/27/2017,366
1/28/2017,208
1/29/2017,177
1/30/2017,524
1/31/2017,465
2/1/2017,418
2/2/2017,469
2/3/2017,380
2/4/2017,219
2/5/2017,212
2/6/2017,501
2/7/2017,471
2/8/2017,451
2/9/2017,480
2/10/2017,439
2/11/2017,220
2/12/2017,199
2/13/2017,541
2/14/2017,536
2/15/2017,505
2/16/2017,486
2/17/2017,478
2/18/2017,219
2/19/2017,198
2/20/2017,607
2/21/2017,562
2/22/2017,510
2/23/2017,461
2/24/2017,401
2/25/2017,152
2/26/2017,142
2/27/2017,222
2/28/2017,256
3/1/2017,457
3/2/2017,518
3/3/2017,401
3/4/2017,251
3/5/2017,213
3/6/2017,555
3/7/2017,434
3/8/2017,449
3/9/2017,476
3/10/2017,479
3/11/2017,208
3/12/2017,190
3/13/2017,534
3/14/2017,483
3/15/2017,533
3/16/2017,496
3/17/2017,439
3/18/2017,183
3/19/2017,148
3/20/2017,478
3/21/2017,415
3/22/2017,447
3/23/2017,425
3/24/2017,390
3/25/2017,195
3/26/2017,156
3/27/2017,432
3/28/2017,473
3/29/2017,398
3/30/2017,457
3/31/2017,320
4/1/2017,154
4/2/2017,126
4/3/2017,420
4/4/2017,449
4/5/2017,435
4/6/2017,373
4/7/2017,306
4/8/2017,172
4/9/2017,153
4/10/2017,431
4/11/2017,391
4/12/2017,378
4/13/2017,299
4/14/2017,137
4/15/2017,144
4/16/2017,139
4/17/2017,427
4/18/2017,358
4/19/2017,362
4/20/2017,315
4/21/2017,157
4/22/2017,140
4/23/2017,124
4/24/2017,387
4/25/2017,384
4/26/2017,288
4/27/2017,242
4/28/2017,191
4/29/2017,83
4/30/2017,94
5/1/2017,124
5/2/2017,294
5/3/2017,268
5/4/2017,278
5/5/2017,232
5/6/2017,108
5/7/2017,93
5/8/2017,303
5/9/2017,251
5/10/2017,256
5/11/2017,236
5/12/2017,197
5/13/2017,92
5/14/2017,68
5/15/2017,278
5/16/2017,272
5/17/2017,239
5/18/2017,206
5/19/2017,179
5/20/2017,70
5/21/2017,67
5/22/2017,213
5/23/2017,196
5/24/2017,224
5/25/2017,200
5/26/2017,179
5/27/2017,96
5/28/2017,92
5/29/2017,254
5/30/2017,280
5/31/2017,225
6/1/2017,196
6/2/2017,137
6/3/2017,76
6/4/2017,77
6/5/2017,191
6/6/2017,225
6/7/2017,245
6/8/2017,186
6/9/2017,186
6/10/2017,62
6/11/2017,42
6/12/2017,150
6/13/2017,140
6/14/2017,159
6/15/2017,61
6/16/2017,83
6/17/2017,60
6/18/2017,65
6/19/2017,208
6/20/2017,183
6/21/2017,148
6/22/2017,147
6/23/2017,124
6/24/2017,60
6/25/2017,41
6/26/2017,163
6/27/2017,152
6/28/2017,139
6/29/2017,119
6/30/2017,122
7/1/2017,38
7/2/2017,34
7/3/2017,110
7/4/2017,94
7/5/2017,78
7/6/2017,88
7/7/2017,90
7/8/2017,44
7/9/2017,37
7/10/2017,141
7/11/2017,124
7/12/2017,97
7/13/2017,91
7/14/2017,84
7/15/2017,46
7/16/2017,39
7/17/2017,115
7/18/2017,90
7/19/2017,93
7/20/2017,88
7/21/2017,84
7/22/2017,38
7/23/2017,36
7/24/2017,109
7/25/2017,123
7/26/2017,91
7/27/2017,112
7/28/2017,98
7/29/2017,44
7/30/2017,37
7/31/2017,105
8/1/2017,89
8/2/2017,106
8/3/2017,101
8/4/2017,83
8/5/2017,36
8/6/2017,29
8/7/2017,115
8/8/2017,108
8/9/2017,128
8/10/2017,101
8/11/2017,86
8/12/2017,51
8/13/2017,28
8/14/2017,117
8/15/2017,129
8/16/2017,114
8/17/2017,115
8/18/2017,89
8/19/2017,40
8/20/2017,42
8/21/2017,108
8/22/2017,124
8/23/2017,126
8/24/2017,122
8/25/2017,136
8/26/2017,54
8/27/2017,38
8/28/2017,165
8/29/2017,184
8/30/2017,152
8/31/2017,155
9/1/2017,135
9/2/2017,79
9/3/2017,65
9/4/2017,181
9/5/2017,201
9/6/2017,156
9/7/2017,56
9/8/2017,102
9/9/2017,78
9/10/2017,93
9/11/2017,214
9/12/2017,258
9/13/2017,247
9/14/2017,220
9/15/2017,202
9/16/2017,90
9/17/2017,75
9/18/2017,313
9/19/2017,262
9/20/2017,250
9/21/2017,258
9/22/2017,245
9/23/2017,123
9/24/2017,81
9/25/2017,313
9/26/2017,300
9/27/2017,278
9/28/2017,279
9/29/2017,282
9/30/2017,100
10/1/2017,96
10/2/2017,324
10/3/2017,309
10/4/2017,294
10/5/2017,312
10/6/2017,313
10/7/2017,120
10/8/2017,114
10/9/2017,368
10/10/2017,343
10/11/2017,309
10/12/2017,148
10/13/2017,215
10/14/2017,128
10/15/2017,106
10/16/2017,377
10/17/2017,359
10/18/2017,410
10/19/2017,381
10/20/2017,329
10/21/2017,147
10/22/2017,110
10/23/2017,344
10/24/2017,276
10/25/2017,338
10/26/2017,340
10/27/2017,268
10/28/2017,136
10/29/2017,97
10/30/2017,342
10/31/2017,301
11/1/2017,266
11/2/2017,106
11/3/2017,197
11/4/2017,147
11/5/2017,116
11/6/2017,349
11/7/2017,331
11/8/2017,328
11/9/2017,270
11/10/2017,276
11/11/2017,107
11/12/2017,147
11/13/2017,367
11/14/2017,264
11/15/2017,151
11/16/2017,351
11/17/2017,264
11/18/2017,111
11/19/2017,98
11/20/2017,230
11/21/2017,283
11/22/2017,277
11/23/2017,264
11/24/2017,298
11/25/2017,102
11/26/2017,108
11/27/2017,298
11/28/2017,272
11/29/2017,306
11/30/2017,295
12/1/2017,240
12/2/2017,118
12/3/2017,123
12/4/2017,340
12/5/2017,309
12/6/2017,328
12/7/2017,299
12/8/2017,209
12/9/2017,135
12/10/2017,127
12/11/2017,319
12/12/2017,292
12/13/2017,337
12/14/2017,316
12/15/2017,295
12/16/2017,129
12/17/2017,137
12/18/2017,303
12/19/2017,302
12/20/2017,309
12/21/2017,266
12/22/2017,220
12/23/2017,81
12/24/2017,82
12/25/2017,73
12/26/2017,234
12/27/2017,280
12/28/2017,227
12/29/2017,180
12/30/2017,141
12/31/2017,77
1/1/2018,79
1/2/2018,234
1/3/2018,289
1/4/2018,304
1/5/2018,261
1/6/2018,152
1/7/2018,97
1/8/2018,281
1/9/2018,259
1/10/2018,322
1/11/2018,336
1/12/2018,329
1/13/2018,156
1/14/2018,146
1/15/2018,428
1/16/2018,397
1/17/2018,450
1/18/2018,505
1/19/2018,381
1/20/2018,206
1/21/2018,192
1/22/2018,521
1/23/2018,477
1/24/2018,499
1/25/2018,381
1/26/2018,312
1/27/2018,153
1/28/2018,168
1/29/2018,446
1/30/2018,429
1/31/2018,469
2/1/2018,433
2/2/2018,430
2/3/2018,194
2/4/2018,134
2/5/2018,499
2/6/2018,425
2/7/2018,369
2/8/2018,411
2/9/2018,306
2/10/2018,171
2/11/2018,141
2/12/2018,199
2/13/2018,153
2/14/2018,346
2/15/2018,393
2/16/2018,365
2/17/2018,178
2/18/2018,139
2/19/2018,425
2/20/2018,381
2/21/2018,394
2/22/2018,413
2/23/2018,364
2/24/2018,154
2/25/2018,147
2/26/2018,450
2/27/2018,390
2/28/2018,375
3/1/2018,366
3/2/2018,371
3/3/2018,164
3/4/2018,114
3/5/2018,444
3/6/2018,361
3/7/2018,389
3/8/2018,309
3/9/2018,336
3/10/2018,190
3/11/2018,137
3/12/2018,405
3/13/2018,388
3/14/2018,362
3/15/2018,388
3/16/2018,344
3/17/2018,150
3/18/2018,151
3/19/2018,406
3/20/2018,387
3/21/2018,358
3/22/2018,338
3/23/2018,325
3/24/2018,156
3/25/2018,143
3/26/2018,449
3/27/2018,311
3/28/2018,395
3/29/2018,260
3/30/2018,157
3/31/2018,152
4/1/2018,144
4/2/2018,390
4/3/2018,342
4/4/2018,393
4/5/2018,315
4/6/2018,287
4/7/2018,162
4/8/2018,150
4/9/2018,370
4/10/2018,403
4/11/2018,405
4/12/2018,348
4/13/2018,343
4/14/2018,165
4/15/2018,118
4/16/2018,383
4/17/2018,299
4/18/2018,310
4/19/2018,314
4/20/2018,264
4/21/2018,117
4/22/2018,127
4/23/2018,425
4/24/2018,357
4/25/2018,329
4/26/2018,280
4/27/2018,294
4/28/2018,116
4/29/2018,108
4/30/2018,181
5/1/2018,152
5/2/2018,393
5/3/2018,379
5/4/2018,329
5/5/2018,146
5/6/2018,141
5/7/2018,346
5/8/2018,323
5/9/2018,320
5/10/2018,294
5/11/2018,250
5/12/2018,164
5/13/2018,107
5/14/2018,352
5/15/2018,312
5/16/2018,331
5/17/2018,322
5/18/2018,295
5/19/2018,120
5/20/2018,95
5/21/2018,275
5/22/2018,219
5/23/2018,198
5/24/2018,231
5/25/2018,179
5/26/2018,106
5/27/2018,88
5/28/2018,291
5/29/2018,221
5/30/2018,189
5/31/2018,82
6/1/2018,95
6/2/2018,83
6/3/2018,78
6/4/2018,196
6/5/2018,180
6/6/2018,209
6/7/2018,185
6/8/2018,132
6/9/2018,77
6/10/2018,66
6/11/2018,226
6/12/2018,245
6/13/2018,204
6/14/2018,234
6/15/2018,172
6/16/2018,57
6/17/2018,46
6/18/2018,221
6/19/2018,157
6/20/2018,185
6/21/2018,158
6/22/2018,137
6/23/2018,86
6/24/2018,87
6/25/2018,232
6/26/2018,183
6/27/2018,183
6/28/2018,179
6/29/2018,155
6/30/2018,69
7/1/2018,51
7/2/2018,152
7/3/2018,201
7/4/2018,166
7/5/2018,117
7/6/2018,139
7/7/2018,64
7/8/2018,71
7/9/2018,71
7/10/2018,158
7/11/2018,107
7/12/2018,102
7/13/2018,94
7/14/2018,48
7/15/2018,42
7/16/2018,138
7/17/2018,135
7/18/2018,125
7/19/2018,117
7/20/2018,130
7/21/2018,47
7/22/2018,35
7/23/2018,139
7/24/2018,120
7/25/2018,118
7/26/2018,102
7/27/2018,108
7/28/2018,50
7/29/2018,41
7/30/2018,169
7/31/2018,130
8/1/2018,124
8/2/2018,104
8/3/2018,85
8/4/2018,48
8/5/2018,41
8/6/2018,114
8/7/2018,89
8/8/2018,113
8/9/2018,106
8/10/2018,85
8/11/2018,32
8/12/2018,34
8/13/2018,115
8/14/2018,108
8/15/2018,128
8/16/2018,116
8/17/2018,76
8/18/2018,47
8/19/2018,43
8/20/2018,137
8/21/2018,142
8/22/2018,142
8/23/2018,132
8/24/2018,102
8/25/2018,49
8/26/2018,30
8/27/2018,116
8/28/2018,114
8/29/2018,127
8/30/2018,129
8/31/2018,106
9/1/2018,66
9/2/2018,55
9/3/2018,138
9/4/2018,90
9/5/2018,110
9/6/2018,100
9/7/2018,33
9/8/2018,51
9/9/2018,59
9/10/2018,114
9/11/2018,111
9/12/2018,131
9/13/2018,118
9/14/2018,100
9/15/2018,36
9/16/2018,44
9/17/2018,123
9/18/2018,137
9/19/2018,109
9/20/2018,136
9/21/2018,112
9/22/2018,41
9/23/2018,54
9/24/2018,167
9/25/2018,166
9/26/2018,156
9/27/2018,152
9/28/2018,130
9/29/2018,83
9/30/2018,55
10/1/2018,154
10/2/2018,137
10/3/2018,187
10/4/2018,162
10/5/2018,151
10/6/2018,68
10/7/2018,55
10/8/2018,144
10/9/2018,141
10/10/2018,145
10/11/2018,128
10/12/2018,76
10/13/2018,73
10/14/2018,74
10/15/2018,193
10/16/2018,202
10/17/2018,206
10/18/2018,199
10/19/2018,173
10/20/2018,79
10/21/2018,74
10/22/2018,203
10/23/2018,207
10/24/2018,165
10/25/2018,182
10/26/2018,152
10/27/2018,90
10/28/2018,64
10/29/2018,240
10/30/2018,210
10/31/2018,168
11/1/2018,198
11/2/2018,86
11/3/2018,85
11/4/2018,79
11/5/2018,222
11/6/2018,211
11/7/2018,232
11/8/2018,184
11/9/2018,176
11/10/2018,111
11/11/2018,97
11/12/2018,274
11/13/2018,254
11/14/2018,255
11/15/2018,98
11/16/2018,152
11/17/2018,115
11/18/2018,84
11/19/2018,224
11/20/2018,189
11/21/2018,314
11/22/2018,309
11/23/2018,273
11/24/2018,125
11/25/2018,89
11/26/2018,317
11/27/2018,270
11/28/2018,335
11/29/2018,281
11/30/2018,261
12/1/2018,126
12/2/2018,114
12/3/2018,371
12/4/2018,336
12/5/2018,326
12/6/2018,371
12/7/2018,326
12/8/2018,138
12/9/2018,116
12/10/2018,417
12/11/2018,410
12/12/2018,383
12/13/2018,415
12/14/2018,364
12/15/2018,178
12/16/2018,173
12/17/2018,471
12/18/2018,430
12/19/2018,428
12/20/2018,422
12/21/2018,411
12/22/2018,220
12/23/2018,164
12/24/2018,207
12/25/2018,171
12/26/2018,447
12/27/2018,538
12/28/2018,439
12/29/2018,278
12/30/2018,282
12/31/2018,267
1/1/2019,247
1/2/2019,633
1/3/2019,808
1/4/2019,746
1/5/2019,354
1/6/2019,351
1/7/2019,929
1/8/2019,837
1/9/2019,806
1/10/2019,904
1/11/2019,708
1/12/2019,396
1/13/2019,457
1/14/2019,1067
1/15/2019,1035
1/16/2019,1064
1/17/2019,967
1/18/2019,937
1/19/2019,540
1/20/2019,675
1/21/2019,1475
1/22/2019,1461
1/23/2019,1488
1/24/2019,1490
1/25/2019,1313
1/26/2019,776
1/27/2019,811
1/28/2019,2245
1/29/2019,2169
1/30/2019,2036
1/31/2019,1999
2/1/2019,1892
2/2/2019,1052
2/3/2019,931
2/4/2019,2640
2/5/2019,2324
2/6/2019,2388
2/7/2019,2419
2/8/2019,2499
2/9/2019,1436
2/10/2019,1227
2/11/2019,3371
2/12/2019,2819
2/13/2019,2788
2/14/2019,2937
2/15/2019,2793
2/16/2019,1377
2/17/2019,1401
2/18/2019,3848
2/19/2019,3540
2/20/2019,3444
2/21/2019,3117
2/22/2019,3114
2/23/2019,1589
2/24/2019,1454
2/25/2019,4139
2/26/2019,3414
2/27/2019,3536
2/28/2019,2915
3/1/2019,2822
3/2/2019,1598
3/3/2019,1569
3/4/2019,2087
3/5/2019,1884
3/6/2019,3538
3/7/2019,3974
3/8/2019,3549
3/9/2019,1829
3/10/2019,1584
3/11/2019,4027
3/12/2019,3874
3/13/2019,4061
3/14/2019,3773
3/15/2019,3637
3/16/2019,1914
3/17/2019,1877
3/18/2019,5124
3/19/2019,4400
3/20/2019,4532
3/21/2019,4156
3/22/2019,3814
3/23/2019,2159
3/24/2019,2417
3/25/2019,5652
3/26/2019,5556
3/27/2019,5760
3/28/2019,5100
3/29/2019,4670
3/30/2019,2407
3/31/2019,2579
4/1/2019,6294
4/2/2019,5952
4/3/2019,6046
4/4/2019,6112
4/5/2019,5402
4/6/2019,2772
4/7/2019,2654
4/8/2019,6501
4/9/2019,6028
4/10/2019,6099
4/11/2019,6079
4/12/2019,6133
4/13/2019,3398
4/14/2019,2675
4/15/2019,7772
4/16/2019,7239
4/17/2019,6794
4/18/2019,5627
4/19/2019,2997
4/20/2019,3323
4/21/2019,2902
4/22/2019,8960
4/23/2019,8089
4/24/2019,7712
4/25/2019,7482
4/26/2019,7121
4/27/2019,3916
4/28/2019,3156
4/29/2019,8584
4/30/2019,7368
5/1/2019,3851
5/2/2019,7759
5/3/2019,7414
5/4/2019,3834
5/5/2019,3324
5/6/2019,9142
5/7/2019,7806
5/8/2019,7336
5/9/2019,6941
5/10/2019,6903
5/11/2019,3441
5/12/2019,3137
5/13/2019,9592
5/14/2019,8328
5/15/2019,7645
5/16/2019,6998
5/17/2019,6567
5/18/2019,3183
5/19/2019,2973
5/20/2019,8705
5/21/2019,7405
5/22/2019,7035
5/23/2019,6625
5/24/2019,5728
5/25/2019,2190
5/26/2019,2110
5/27/2019,6158
5/28/2019,5465
5/29/2019,5326
5/30/2019,5165
5/31/2019,4497
6/1/2019,2044
6/2/2019,1753
6/3/2019,4402
6/4/2019,3574
6/5/2019,3189
6/6/2019,3235
6/7/2019,2963
6/8/2019,1442
6/9/2019,1381
6/10/2019,3984
6/11/2019,3559
6/12/2019,3196
6/13/2019,3043
6/14/2019,2671
6/15/2019,1310
6/16/2019,1116
6/17/2019,3242
6/18/2019,2824
6/19/2019,2321
6/20/2019,1163
6/21/2019,1504
6/22/2019,958
6/23/2019,861
6/24/2019,2882
6/25/2019,2476
6/26/2019,2393
6/27/2019,2185
6/28/2019,1983
6/29/2019,1003
6/30/2019,807
7/1/2019,2275
7/2/2019,2129
7/3/2019,1754
7/4/2019,1391
7/5/2019,1090
7/6/2019,364
7/7/2019,353
7/8/2019,691
7/9/2019,470
7/10/2019,1326
7/11/2019,1065
7/12/2019,955
7/13/2019,447
7/14/2019,351
7/15/2019,1157
7/16/2019,967
7/17/2019,778
7/18/2019,641
7/19/2019,612
7/20/2019,304
7/21/2019,276
7/22/2019,879
7/23/2019,801
7/24/2019,719
7/25/2019,684
7/26/2019,618
7/27/2019,316
7/28/2019,257
7/29/2019,661
7/30/2019,654
7/31/2019,607
8/1/2019,569
8/2/2019,581
8/3/2019,204
8/4/2019,117
8/5/2019,562
8/6/2019,518
8/7/2019,557
8/8/2019,549
8/9/2019,451
8/10/2019,266
8/11/2019,184
8/12/2019,599
8/13/2019,517
8/14/2019,397
8/15/2019,357
8/16/2019,349
8/17/2019,235
8/18/2019,193
8/19/2019,487
8/20/2019,441
8/21/2019,414
8/22/2019,380
8/23/2019,372
8/24/2019,146
8/25/2019,150
8/26/2019,454
8/27/2019,416
8/28/2019,410
8/29/2019,340
8/30/2019,347
8/31/2019,155
9/1/2019,148
9/2/2019,418
9/3/2019,345
9/4/2019,367
9/5/2019,314
9/6/2019,264
9/7/2019,138
9/8/2019,149
9/9/2019,452
9/10/2019,400
9/11/2019,406
9/12/2019,423
9/13/2019,350
9/14/2019,205
9/15/2019,239
9/16/2019,562
9/17/2019,461
9/18/2019,486
9/19/2019,466
9/20/2019,480
9/21/2019,205
9/22/2019,154
9/23/2019,481
9/24/2019,492
9/25/2019,370
9/26/2019,381
9/27/2019,393
9/28/2019,154
9/29/2019,149
9/30/2019,457
10/1/2019,436
10/2/2019,463
10/3/2019,465
10/4/2019,402
10/5/2019,216
10/6/2019,178
10/7/2019,438
10/8/2019,433
10/9/2019,465
10/10/2019,408
10/11/2019,369
10/12/2019,167
10/13/2019,234
10/14/2019,478
10/15/2019,472
10/16/2019,482
10/17/2019,432
10/18/2019,467
10/19/2019,217
10/20/2019,207
10/21/2019,471
10/22/2019,441
10/23/2019,403
10/24/2019,362
10/25/2019,365
10/26/2019,206
10/27/2019,168
10/28/2019,329
10/29/2019,534
10/30/2019,426
10/31/2019,522
11/1/2019,394
11/2/2019,201
11/3/2019,225
11/4/2019,650
11/5/2019,516
11/6/2019,477
11/7/2019,436
11/8/2019,428
11/9/2019,221
11/10/2019,191
11/11/2019,575
11/12/2019,538
11/13/2019,484
11/14/2019,402
11/15/2019,176
11/16/2019,251
11/17/2019,203
11/18/2019,582
11/19/2019,504
11/20/2019,413
11/21/2019,534
11/22/2019,538
11/23/2019,263
11/24/2019,201
11/25/2019,669
11/26/2019,539
11/27/2019,572
11/28/2019,463
11/29/2019,453
11/30/2019,249
12/1/2019,241
12/2/2019,619
12/3/2019,521
12/4/2019,571
12/5/2019,505
12/6/2019,518
12/7/2019,306
12/8/2019,290
12/9/2019,739
12/10/2019,584
12/11/2019,550
12/12/2019,622
12/13/2019,572
12/14/2019,330
12/15/2019,358
12/16/2019,834
12/17/2019,651
12/18/2019,616
12/19/2019,662
12/20/2019,646
12/21/2019,354
12/22/2019,363
12/23/2019,635
12/24/2019,321
12/25/2019,324
12/26/2019,702
12/27/2019,694
12/28/2019,448
12/29/2019,446
12/30/2019,880
12/31/2019,364
1/1/2020,436
1/2/2020,909
1/3/2020,1066
1/4/2020,657
1/5/2020,605
1/6/2020,1457
1/7/2020,1434
1/8/2020,1406
1/9/2020,1405
1/10/2020,1372
1/11/2020,761
1/12/2020,672
1/13/2020,2073
1/14/2020,1948
1/15/2020,1867
1/16/2020,1928
1/17/2020,1915
1/18/2020,991
1/19/2020,1045
1/20/2020,2663
1/21/2020,2673
1/22/2020,2836
1/23/2020,2340
1/24/2020,2405
1/25/2020,1215
1/26/2020,1245
1/27/2020,3811
1/28/2020,3158
1/29/2020,2991
1/30/2020,2883
1/31/2020,2731
2/1/2020,1455
2/2/2020,1414
2/3/2020,4017
2/4/2020,3680
2/5/2020,3758
2/6/2020,3725
2/7/2020,3550
2/8/2020,1975
2/9/2020,1741
2/10/2020,4783
2/11/2020,4249
2/12/2020,4147
2/13/2020,4361
2/14/2020,4266
2/15/2020,2180
2/16/2020,2059
2/17/2020,5682
2/18/2020,4863
2/19/2020,4674
2/20/2020,4458
2/21/2020,3820
2/22/2020,1759
2/23/2020,1745
2/24/2020,2612
2/25/2020,2225
2/26/2020,3605
2/27/2020,4361
2/28/2020,4124
2/29/2020,1986
3/1/2020,1879
3/2/2020,4949
3/3/2020,4425
3/4/2020,4114
3/5/2020,4162
3/6/2020,3509
3/7/2020,1799
3/8/2020,1674
3/9/2020,4848
3/10/2020,4506
3/11/2020,3922
3/12/2020,3828
3/13/2020,3521
3/14/2020,1684
3/15/2020,1542
3/16/2020,4229
3/17/2020,3563
3/18/2020,3208
3/19/2020,2604
3/20/2020,2342
3/21/2020,770
3/22/2020,677
3/23/2020,2399
3/24/2020,2037
3/25/2020,2208
3/26/2020,2095
3/27/2020,2141
3/28/2020,964
3/29/2020,839
3/30/2020,3040
3/31/2020,2355
4/1/2020,2291
4/2/2020,2238
4/3/2020,2195
4/4/2020,891
4/5/2020,740
4/6/2020,2814
4/7/2020,2118
4/8/2020,2112
4/9/2020,1598
4/10/2020,759
4/11/2020,872
4/12/2020,724
4/13/2020,2859
4/14/2020,2187
4/15/2020,2178
4/16/2020,2107
4/17/2020,2140
4/18/2020,874
4/19/2020,780
4/20/2020,1504
4/21/2020,881
4/22/2020,2776
4/23/2020,2107
4/24/2020,1998
4/25/2020,863
4/26/2020,738
4/27/2020,2549
4/28/2020,1919
4/29/2020,1802
4/30/2020,1785
5/1/2020,740
5/2/2020,803
5/3/2020,688
5/4/2020,2275
5/5/2020,1928
5/6/2020,1777
5/7/2020,1475
5/8/2020,1336
5/9/2020,654
5/10/2020,514
5/11/2020,2055
5/12/2020,1587
5/13/2020,1579
5/14/2020,1280
5/15/2020,1346
5/16/2020,562
5/17/2020,524
5/18/2020,1700
5/19/2020,1306
5/20/2020,1260
5/21/2020,1170
5/22/2020,1168
5/23/2020,448
5/24/2020,301
5/25/2020,461
5/26/2020,1053
5/27/2020,871
5/28/2020,817
5/29/2020,785
5/30/2020,349
5/31/2020,306
6/1/2020,1075
6/2/2020,822
6/3/2020,771
6/4/2020,761
6/5/2020,734
6/6/2020,348
6/7/2020,314
6/8/2020,993
6/9/2020,925
6/10/2020,830
6/11/2020,405
6/12/2020,598
6/13/2020,389
6/14/2020,353
6/15/2020,1110
6/16/2020,987
6/17/2020,780
6/18/2020,730
6/19/2020,733
6/20/2020,396
6/21/2020,311
6/22/2020,1074
6/23/2020,806
6/24/2020,810
6/25/2020,754
6/26/2020,682
6/27/2020,253
6/28/2020,271
6/29/2020,761
6/30/2020,701
7/1/2020,613
7/2/2020,492
7/3/2020,480
7/4/2020,246
7/5/2020,247
7/6/2020,685
7/7/2020,649
7/8/2020,659
7/9/2020,539
7/10/2020,506
7/11/2020,246
7/12/2020,235
7/13/2020,781
7/14/2020,617
7/15/2020,578
7/16/2020,521
7/17/2020,517
7/18/2020,231
7/19/2020,195
7/20/2020,656
7/21/2020,518
7/22/2020,550
7/23/2020,488
7/24/2020,545
7/25/2020,200
7/26/2020,168
7/27/2020,562
7/28/2020,510
7/29/2020,453
7/30/2020,355
7/31/2020,388
8/1/2020,166
8/2/2020,151
8/3/2020,438
8/4/2020,380
8/5/2020,355
8/6/2020,334
8/7/2020,321
8/8/2020,159
8/9/2020,141
8/10/2020,436
8/11/2020,350
8/12/2020,378
8/13/2020,393
8/14/2020,392
8/15/2020,157
8/16/2020,125
8/17/2020,418
8/18/2020,353
8/19/2020,324
8/20/2020,281
8/21/2020,181
8/22/2020,68
8/23/2020,86
8/24/2020,288
8/25/2020,253
8/26/2020,243
8/27/2020,284
8/28/2020,279
8/29/2020,104
8/30/2020,136
8/31/2020,346
9/1/2020,300
9/2/2020,307
9/3/2020,300
9/4/2020,261
9/5/2020,108
9/6/2020,111
9/7/2020,133
9/8/2020,372
9/9/2020,310
9/10/2020,350
9/11/2020,269
9/12/2020,162
9/13/2020,116
9/14/2020,414
9/15/2020,333
9/16/2020,322
9/17/2020,291
9/18/2020,310
9/19/2020,148
9/20/2020,158
9/21/2020,336
9/22/2020,261
9/23/2020,268
9/24/2020,289
9/25/2020,301
9/26/2020,147
9/27/2020,159
9/28/2020,387
9/29/2020,328
9/30/2020,369
10/1/2020,300
10/2/2020,279
10/3/2020,111
10/4/2020,119
10/5/2020,425
10/6/2020,296
10/7/2020,336
10/8/2020,292
10/9/2020,273
10/10/2020,132
10/11/2020,103
10/12/2020,133
10/13/2020,354
10/14/2020,302
10/15/2020,283
10/16/2020,241
10/17/2020,126
10/18/2020,107
10/19/2020,352
10/20/2020,296
10/21/2020,315
10/22/2020,284
10/23/2020,301
10/24/2020,107
10/25/2020,125
10/26/2020,324
10/27/2020,311
10/28/2020,281
10/29/2020,270
10/30/2020,164
10/31/2020,109
11/1/2020,93
11/2/2020,118
11/3/2020,297
11/4/2020,273
11/5/2020,267
11/6/2020,254
11/7/2020,120
11/8/2020,130
11/9/2020,348
11/10/2020,264
11/11/2020,302
11/12/2020,296
11/13/2020,282
11/14/2020,144
11/15/2020,140
11/16/2020,374
11/17/2020,324
11/18/2020,300
11/19/2020,282
11/20/2020,216
11/21/2020,155
11/22/2020,123
11/23/2020,330
11/24/2020,336
11/25/2020,364
11/26/2020,324
11/27/2020,289
11/28/2020,161
11/29/2020,152
11/30/2020,419
12/1/2020,391
12/2/2020,353
12/3/2020,370
12/4/2020,309
12/5/2020,170
12/6/2020,156
12/7/2020,329
12/8/2020,328
12/9/2020,368
12/10/2020,367
12/11/2020,337
12/12/2020,157
12/13/2020,151
12/14/2020,447
12/15/2020,384
12/16/2020,366
12/17/2020,360
12/18/2020,349
12/19/2020,176
12/20/2020,183
12/21/2020,432
12/22/2020,329
12/23/2020,348
12/24/2020,161
12/25/2020,138
12/26/2020,185
12/27/2020,158
12/28/2020,434
12/29/2020,453
12/30/2020,371
12/31/2020,237
1/1/2021,150
1/2/2021,185
1/3/2021,43
1/4/2021,145
1/5/2021,247
1/6/2021,318
1/7/2021,394
1/8/2021,391
1/9/2021,241
1/10/2021,205
1/11/2021,553
1/12/2021,573
1/13/2021,581
1/14/2021,562
1/15/2021,542
1/16/2021,294
1/17/2021,272
1/18/2021,847
1/19/2021,683
1/20/2021,718
1/21/2021,705
1/22/2021,647
1/23/2021,325
1/24/2021,299
1/25/2021,882
1/26/2021,858
1/27/2021,821
1/28/2021,877
1/29/2021,811
1/30/2021,410
1/31/2021,362
2/1/2021,1153
2/2/2021,1034
2/3/2021,1119
2/4/2021,1095
2/5/2021,959
2/6/2021,478
2/7/2021,453
2/8/2021,1468
2/9/2021,1307
2/10/2021,1383
2/11/2021,1171
2/12/2021,1223
2/13/2021,621
2/14/2021,634
2/15/2021,1657
2/16/2021,1637
2/17/2021,1625
2/18/2021,1663
2/19/2021,1637
2/20/2021,716
2/21/2021,674
2/22/2021,2073
2/23/2021,2113
2/24/2021,1868
2/25/2021,1922
2/26/2021,1934
2/27/2021,832
2/28/2021,867
3/1/2021,2817
3/2/2021,2425
3/3/2021,2319
3/4/2021,2068
3/5/2021,2082
3/6/2021,962
3/7/2021,949
3/8/2021,2852
3/9/2021,2522
3/10/2021,2436
3/11/2021,2418
3/12/2021,2258
3/13/2021,1093
3/14/2021,940
3/15/2021,3057
3/16/2021,2738
3/17/2021,2462
3/18/2021,2671
3/19/2021,2282
3/20/2021,1084
3/21/2021,1024
3/22/2021,3421
3/23/2021,3112
3/24/2021,2908
3/25/2021,2869
3/26/2021,2705
3/27/2021,1045
3/28/2021,1005
3/29/2021,4049
3/30/2021,3149
3/31/2021,3169
4/1/2021,2384
4/2/2021,1369
4/3/2021,1325
4/4/2021,1099
4/5/2021,4676
4/6/2021,3804
4/7/2021,3850
4/8/2021,3561
4/9/2021,3266
4/10/2021,1549
4/11/2021,1352
4/12/2021,4458
4/13/2021,3617
4/14/2021,3270
4/15/2021,3510
4/16/2021,3419
4/17/2021,1477
4/18/2021,1340
4/19/2021,4241
4/20/2021,3489
4/21/2021,1737
4/22/2021,3526
4/23/2021,3153
4/24/2021,1609
4/25/2021,1408
4/26/2021,4245
4/27/2021,3550
4/28/2021,3260
4/29/2021,2938
4/30/2021,2541
5/1/2021,1247
5/2/2021,1205
5/3/2021,3645
5/4/2021,3111
5/5/2021,2812
5/6/2021,2824
5/7/2021,2389
5/8/2021,1028
5/9/2021,904
5/10/2021,3221
5/11/2021,2726
5/12/2021,2486
5/13/2021,2072
5/14/2021,2093
5/15/2021,959
5/16/2021,837
5/17/2021,2782
5/18/2021,2436
5/19/2021,2254
5/20/2021,2039
5/21/2021,1858
5/22/2021,756
5/23/2021,640
5/24/2021,1972
5/25/2021,1664
5/26/2021,1702
5/27/2021,1617
5/28/2021,1699
5/29/2021,797
5/30/2021,630
5/31/2021,1743
6/1/2021,1544
6/2/2021,1353
6/3/2021,819
6/4/2021,1072
6/5/2021,597
6/6/2021,564
6/7/2021,1772
6/8/2021,1410
6/9/2021,1305
6/10/2021,1227
6/11/2021,1050
6/12/2021,438
6/13/2021,397
6/14/2021,1313
6/15/2021,1084
6/16/2021,1048
6/17/2021,972
6/18/2021,864
6/19/2021,369
6/20/2021,331
6/21/2021,1059
6/22/2021,889
6/23/2021,798
6/24/2021,773
6/25/2021,679
6/26/2021,350
6/27/2021,330
6/28/2021,866
6/29/2021,541
6/30/2021,477
7/1/2021,436
7/2/2021,444
7/3/2021,237
7/4/2021,194
7/5/2021,642
7/6/2021,542
7/7/2021,508
7/8/2021,485
7/9/2021,216
7/10/2021,194
7/11/2021,189
7/12/2021,582
7/13/2021,551
7/14/2021,550
7/15/2021,467
7/16/2021,414
7/17/2021,216
7/18/2021,178
7/19/2021,421
7/20/2021,369
7/21/2021,380
7/22/2021,332
7/23/2021,307
7/24/2021,155
7/25/2021,153
7/26/2021,426
7/27/2021,443
7/28/2021,300
7/29/2021,205
7/30/2021,212
7/31/2021,92
8/1/2021,96
8/2/2021,340
8/3/2021,291
8/4/2021,247
8/5/2021,289
8/6/2021,224
8/7/2021,111
8/8/2021,105
8/9/2021,327
8/10/2021,376
8/11/2021,295
8/12/2021,302
8/13/2021,255
8/14/2021,112
8/15/2021,109
8/16/2021,369
8/17/2021,302
8/18/2021,397
8/19/2021,312
8/20/2021,327
8/21/2021,132
8/22/2021,138
8/23/2021,388
8/24/2021,397
8/25/2021,386
8/26/2021,362
8/27/2021,294
8/28/2021,127
8/29/2021,100
8/30/2021,315
8/31/2021,304
9/1/2021,318
9/2/2021,315
9/3/2021,263
9/4/2021,154
9/5/2021,127
9/6/2021,215
9/7/2021,157
9/8/2021,368
9/9/2021,374
9/10/2021,268
9/11/2021,120
9/12/2021,123
9/13/2021,372
9/14/2021,340
9/15/2021,339
9/16/2021,322
9/17/2021,258
9/18/2021,125
9/19/2021,151
9/20/2021,404
9/21/2021,410
9/22/2021,321
9/23/2021,286
9/24/2021,283
9/25/2021,150
9/26/2021,133
9/27/2021,373
9/28/2021,409
9/29/2021,366
9/30/2021,320
10/1/2021,284
10/2/2021,125
10/3/2021,110
10/4/2021,322
10/5/2021,323
10/6/2021,275
10/7/2021,261
10/8/2021,262
10/9/2021,108
10/10/2021,85
10/11/2021,162
10/12/2021,125
10/13/2021,355
10/14/2021,333
10/15/2021,331
10/16/2021,150
10/17/2021,127
10/18/2021,342
10/19/2021,319
10/20/2021,276
10/21/2021,270
10/22/2021,287
10/23/2021,157
10/24/2021,141
10/25/2021,343
10/26/2021,279
10/27/2021,285
10/28/2021,290
10/29/2021,211
10/30/2021,137
10/31/2021,97
11/1/2021,164
11/2/2021,158
11/3/2021,359
11/4/2021,346
11/5/2021,328
11/6/2021,178
11/7/2021,136
11/8/2021,360
11/9/2021,345
11/10/2021,310
11/11/2021,332
11/12/2021,266
11/13/2021,123
11/14/2021,91
11/15/2021,173
11/16/2021,426
11/17/2021,415
11/18/2021,426
11/19/2021,324
11/20/2021,148
11/21/2021,133
11/22/2021,432
11/23/2021,427
11/24/2021,376
11/25/2021,366
11/26/2021,312
11/27/2021,156
11/28/2021,170
11/29/2021,515
11/30/2021,424
12/1/2021,492
12/2/2021,428
12/3/2021,425
12/4/2021,225
12/5/2021,191
12/6/2021,596
12/7/2021,476
12/8/2021,440
12/9/2021,470
12/10/2021,475
12/11/2021,276
12/12/2021,273
12/13/2021,663
12/14/2021,651
12/15/2021,656
12/16/2021,603
12/17/2021,559
