date,temp_max,temp_med,precip_tot,rel_humid_med
2000-01-07,33.953909325589514,30.558518393030567,268.5216596433264,62.73840699742684
2000-01-08,33.91535043808566,30.5238153942771,269.6575957298081,63.067967375311405
2000-01-09,33.876791550581814,30.489112395523637,270.79353181628994,63.39752775319597
2000-01-10,33.83823266307796,30.454409396770167,271.9294679027717,63.727088131080535
2000-01-11,33.79967377557411,30.4197063980167,273.06540398925347,64.0566485089651
2000-01-12,33.76111488807025,30.385003399263237,274.20134007573523,64.38620888684967
2000-01-13,33.72255600056641,30.350300400509767,275.33727616221705,64.71576926473423
2000-01-14,33.68399711306255,30.3155974017563,276.4732122486988,65.0453296426188
2000-01-15,33.64707581648951,30.28236823484056,276.9257312057768,65.32725035375536
2000-01-16,33.61015451991646,30.24913906792482,277.37825016285484,65.60917106489192
2000-01-17,33.57323322334342,30.21590990100908,277.8307691199328,65.89109177602849
2000-01-18,33.536311926770374,30.182680734093346,278.2832880770108,66.17301248716505
2000-01-19,33.49939063019733,30.149451567177604,278.7358070340888,66.45493319830162
2000-01-20,33.462469333624284,30.11622240026186,279.18832599116683,66.73685390943818
2000-01-21,33.42554803705124,30.082993233346123,279.6408449482448,67.01877462057475
2000-01-22,33.39195685126928,30.05276116614235,279.355571717391,67.24933996778422
2000-01-23,33.358365665487305,30.02252909893858,279.07029848653724,67.47990531499369
2000-01-24,33.32477447970534,29.992297031734807,278.7850252556834,67.71047066220316
2000-01-25,33.29118329392337,29.96206496453104,278.4997520248296,67.94103600941264
2000-01-26,33.2575921081414,29.931832897327265,278.2144787939758,68.17160135662212
2000-01-27,33.22400092235943,29.901600830123492,277.929205563122,68.40216670383158
2000-01-28,33.190409736577465,29.87136876291972,277.6439323322682,68.63273205104106
2000-01-29,33.16182624127101,29.84564361714391,276.5664199637031,68.80811753466864
2000-01-30,33.133242745964544,29.81991847136809,275.488907595138,68.98350301829623
2000-01-31,33.10465925065809,29.79419332559228,274.41139522657284,69.15888850192381
2000-02-01,33.07607575535163,29.76846817981647,273.33388285800766,69.33427398555139
2000-02-02,33.047492260045175,29.742743034040657,272.25637048944253,69.50965946917897
2000-02-03,33.01890876473871,29.71701788826484,271.1788581208774,69.68504495280656
2000-02-04,32.990325269432255,29.69129274248903,270.1013457523123,69.86043043643414
2000-02-05,32.967715981177044,29.67094438305934,268.1737257022045,69.97163320902894
2000-02-06,32.94510669292183,29.65059602362965,266.2461056520966,70.08283598162373
2000-02-07,32.92249740466662,29.63024766419996,264.3184856019888,70.19403875421852
2000-02-08,32.89988811641141,29.609899304770263,262.390865551881,70.3052415268133
2000-02-09,32.8772788281562,29.589550945340577,260.4632455017732,70.4164442994081
2000-02-10,32.85466953990099,29.569202585910887,258.53562545166534,70.52764707200289
2000-02-11,32.83206025164578,29.5488542264812,256.60800540155753,70.63884984459769
2000-02-12,32.81538465441157,29.533846188970404,253.76756334412968,70.66953330026726
2000-02-13,32.79870905717735,29.51883815145961,250.92712128670172,70.70021675593685
2000-02-14,32.782033459943136,29.50383011394882,248.08667922927387,70.73090021160642
2000-02-15,32.765357862708925,29.48882207643803,245.246237171846,70.76158366727601
2000-02-16,32.74868226547471,29.47381403892724,242.40579511441808,70.79226712294559
2000-02-17,32.732006668240494,29.458806001416445,239.5653530569902,70.82295057861518
2000-02-18,32.71533107100628,29.44379796390565,236.7249109995623,70.85363403428475
2000-02-19,32.704472258266385,29.434025032439745,232.9085650224402,70.78690525004755
2000-02-20,32.69361344552649,29.42425210097384,229.09221904531807,70.72017646581035
2000-02-21,32.68275463278659,29.41447916950793,225.275873068196,70.65344768157316
2000-02-22,32.6718958200467,29.404706238042028,221.45952709107385,70.58671889733597
2000-02-23,32.6610370073068,29.39493330657612,217.64318111395173,70.51999011309877
2000-02-24,32.650178194566905,29.385160375110218,213.82683513682963,70.45326132886157
2000-02-25,32.63931938182701,29.37538744364431,210.01048915970756,70.38653254462437
2000-02-26,32.63416044619488,29.370744401575397,205.15515753401928,70.20549861475851
2000-02-27,32.62900151056275,29.36610135950648,200.29982590833103,70.02446468489266
2000-02-28,32.62384257493062,29.361458317437563,195.4444942826428,69.8434307550268
2000-02-29,32.618683639298496,29.35681527536865,190.58916265695456,69.66239682516094
2000-03-01,32.613524703666364,29.35217223329973,185.73383103126636,69.48136289529508
2000-03-02,32.60836576803424,29.347529191230816,180.8784994055781,69.30032896542923
2000-03-03,32.60320683240211,29.3428861491619,176.02316777988986,69.11929503556337
2000-03-04,32.60294663856057,29.342651974704516,170.21178797279254,68.82079719460414
2000-03-05,32.602686444719026,29.342417800247123,164.40040816569518,68.52229935364493
2000-03-06,32.602426250877485,29.342183625789737,158.58902835859786,68.2238015126857
2000-03-07,32.602166057035944,29.341949451332347,152.7776485515005,67.92530367172648
2000-03-08,32.6019058631944,29.34171527687496,146.96626874440318,67.62680583076725
2000-03-09,32.60164566935286,29.34148110241757,141.15488893730583,67.32830798980804
2000-03-10,32.60138547551132,29.341246927960185,135.3435091302085,67.02981014884881
2000-03-11,32.602574085777334,29.342316677199594,129.22429221811342,66.66385762050223
2000-03-12,32.60376269604334,29.343386426439007,123.10507530601832,66.29790509215564
2000-03-13,32.60495130630935,29.344456175678417,116.98585839392322,65.93195256380906
2000-03-14,32.606139916575366,29.345525924917823,110.86664148182814,65.56600003546247
2000-03-15,32.60732852684138,29.34659567415724,104.74742456973304,65.20004750711588
2000-03-16,32.608517137107384,29.34766542339665,98.62820765763794,64.8340949787693
2000-03-17,32.6097057473734,29.348735172636054,92.50899074554286,64.46814245042272
2000-03-18,32.60825234614888,29.347427111533992,86.86691579359463,64.09760845704042
2000-03-19,32.606798944924364,29.346119050431927,81.22484084164638,63.72707446365812
2000-03-20,32.60534554369985,29.34481098932986,75.58276588969815,63.35654047027582
2000-03-21,32.603892142475324,29.3435029282278,69.9406909377499,62.98600647689352
2000-03-22,32.60243874125081,29.34219486712573,64.29861598580167,62.61547248351122
2000-03-23,32.60098534002629,29.340886806023665,58.65654103385344,62.24493849012892
2000-03-24,32.599531938801775,29.3395787449216,53.0144660819052,61.87440449674662
2000-03-25,32.59134571048865,29.332211139439785,48.63451215524842,61.56216226068026
2000-03-26,32.583159482175525,29.32484353395797,44.254558228591655,61.2499200246139
2000-03-27,32.5749732538624,29.31747592847616,39.87460430193488,60.93767778854754
2000-03-28,32.566787025549274,29.31010832299435,35.49465037527811,60.62543555248117
2000-03-29,32.55860079723615,29.30274071751253,31.114696448621338,60.31319331641481
2000-03-30,32.550414568923024,29.295373112030724,26.734742521964563,60.00095108034845
2000-03-31,32.5422283406099,29.28800550654891,22.354788595307795,59.68870884428209
2000-04-01,32.523610589192714,29.27124953027344,20.31160133836532,59.49187044962387
2000-04-02,32.504992837775525,29.25449355399797,18.26841408142284,59.29503205496564
2000-04-03,32.486375086358336,29.237737577722505,16.225226824480366,59.098193660307416
2000-04-04,32.467757334941155,29.220981601447036,14.182039567537888,58.90135526564919
2000-04-05,32.449139583523966,29.204225625171564,12.13885231059541,58.704516870990965
2000-04-06,32.43052183210678,29.18746964889609,10.095665053652937,58.507678476332735
2000-04-07,32.41190408068959,29.170713672620625,8.052477796710457,58.31084008167451
2000-04-08,32.383921006865215,29.14552890617869,7.746764333401826,58.21651032400538
2000-04-09,32.35593793304084,29.120344139736755,7.441050870093194,58.12218056633625
2000-04-10,32.32795485921647,29.09515937329482,7.135337406784562,58.02785080866712
2000-04-11,32.299971785392096,29.069974606852888,6.82962394347593,57.93352105099798
2000-04-12,32.27198871156772,29.044789840410957,6.523910480167299,57.83919129332885
2000-04-13,32.24400563774335,29.019605073969014,6.218197016858667,57.74486153565972
2000-04-14,32.216022563918976,28.994420307527083,5.912483553550035,57.65053177799059
2000-04-15,32.182915481400435,28.964623933260395,6.1602544873174905,57.59916574222704
2000-04-16,32.14980839888189,28.934827558993703,6.408025421084947,57.54779970646351
2000-04-17,32.11670131636335,28.90503118472701,6.655796354852402,57.496433670699965
2000-04-18,32.083594233844806,28.875234810460327,6.9035672886198585,57.44506763493643
2000-04-19,32.05048715132626,28.84543843619364,7.151338222387314,57.393701599172886
2000-04-20,32.01738006880772,28.815642061926948,7.39910915615477,57.34233556340935
2000-04-21,31.984272986289174,28.78584568766026,7.646880089922226,57.29096952764581
2000-04-22,31.950340855141867,28.755306769627683,8.286329611268611,57.2221753412429
2000-04-23,31.91640872399456,28.724767851595107,8.925779132614998,57.15338115483999
2000-04-24,31.88247659284725,28.69422893356253,9.565228653961384,57.08458696843709
2000-04-25,31.84854446169995,28.663690015529955,10.204678175307771,57.01579278203418
2000-04-26,31.814612330552645,28.63315109749738,10.844127696654157,56.94699859563128
2000-04-27,31.78068019940534,28.602612179464803,11.483577218000544,56.87820440922837
2000-04-28,31.746748068258032,28.572073261432227,12.12302673934693,56.80941022282546
2000-04-29,31.71624860060615,28.54462374054553,12.7101522246991,56.663353125498
2000-04-30,31.685749132954268,28.51717421965884,13.29727771005127,56.51729602817053
2000-05-01,31.655249665302385,28.489724698772143,13.884403195403442,56.37123893084306
2000-05-02,31.6247501976505,28.46227517788545,14.471528680755611,56.2251818335156
2000-05-03,31.594250729998617,28.434825656998758,15.058654166107782,56.079124736188135
2000-05-04,31.56375126234673,28.40737613611206,15.645779651459954,55.93306763886066
2000-05-05,31.53325179469485,28.379926615225365,16.232905136812125,55.7870105415332
2000-05-06,31.50720388397217,28.356483495574956,16.18268517512705,55.54760063749862
2000-05-07,31.48115597324949,28.33304037592454,16.13246521344198,55.30819073346404
2000-05-08,31.455108062526808,28.309597256274127,16.082245251756905,55.06878082942946
2000-05-09,31.429060151804123,28.28615413662371,16.032025290071832,54.82937092539487
2000-05-10,31.40301224108144,28.2627110169733,15.981805328386756,54.58996102136029
2000-05-11,31.37696433035876,28.23926789732289,15.931585366701684,54.35055111732571
2000-05-12,31.35091641963608,28.215824777672477,15.881365405016613,54.11114121329113
2000-05-13,31.32482193237969,28.19233973914173,15.498955709291227,53.83680392149172
2000-05-14,31.298727445123305,28.16885470061097,15.116546013565843,53.56246662969231
2000-05-15,31.27263295786692,28.145369662080228,14.73413631784046,53.2881293378929
2000-05-16,31.24653847061053,28.12188462354948,14.351726622115075,53.01379204609349
2000-05-17,31.220443983354148,28.098399585018733,13.969316926389691,52.73945475429409
2000-05-18,31.19434949609776,28.07491454648798,13.586907230664307,52.46511746249468
2000-05-19,31.16825500884137,28.051429507957238,13.204497534938923,52.19078017069527
2000-05-20,31.13707799691551,28.02337019722396,12.876634728130806,51.94720486407651
2000-05-21,31.105900984989653,27.995310886490685,12.548771921322691,51.70362955745775
2000-05-22,31.07472397306379,27.96725157575741,12.220909114514576,51.46005425083899
2000-05-23,31.04354696113793,27.939192265024136,11.89304630770646,51.21647894422024
2000-05-24,31.01236994921207,27.911132954290863,11.565183500898344,50.97290363760148
2000-05-25,30.98119293728621,27.883073643557587,11.237320694090227,50.72932833098272
2000-05-26,30.950015925360347,27.855014332824314,10.90945788728211,50.48575302436396
2000-05-27,30.90872044062925,27.81784839656633,10.995076104716102,50.33862907587134
2000-05-28,30.867424955898148,27.78068246030833,11.080694322150094,50.19150512737872
2000-05-29,30.826129471167047,27.743516524050342,11.166312539584084,50.0443811788861
2000-05-30,30.78483398643595,27.706350587792357,11.251930757018078,49.897257230393485
2000-05-31,30.743538501704847,27.66918465153437,11.33754897445207,49.75013328190087
2000-06-01,30.70224301697375,27.632018715276374,11.423167191886062,49.603009333408245
2000-06-02,30.66094753224265,27.594852779018385,11.508785409320051,49.455885384915625
2000-06-03,30.60824055987696,27.547416503889263,12.328856337820946,49.45036296804701
2000-06-04,30.55553358751127,27.499980228760144,13.14892726632184,49.4448405511784
2000-06-05,30.50282661514558,27.45254395363102,13.968998194822737,49.43931813430978
2000-06-06,30.45011964277989,27.4051076785019,14.789069123323628,49.43379571744117
2000-06-07,30.3974126704142,27.357671403372777,15.609140051824522,49.42827330057256
2000-06-08,30.34470569804851,27.310235128243654,16.429210980325415,49.42275088370394
2000-06-09,30.29199872568282,27.262798853114536,17.24928190882631,49.417228466835326
2000-06-10,30.24442025517324,27.21997822965591,18.56132595492648,49.50059984459587
2000-06-11,30.196841784663658,27.17715760619729,19.87337000102665,49.58397122235642
2000-06-12,30.14926331415408,27.134336982738667,21.185414047126827,49.66734260011696
2000-06-13,30.10168484364449,27.09151635928005,22.497458093227,49.7507139778775
2000-06-14,30.05410637313491,27.048695735821426,23.80950213932717,49.834085355638045
2000-06-15,30.00652790262533,27.0058751123628,25.121546185427345,49.9174567333986
2000-06-16,29.958949432115748,26.963054488904177,26.43359023152752,50.00082811115914
2000-06-17,29.938344667052696,26.94451020034743,27.855839900991764,50.09127339263995
2000-06-18,29.917739901989645,26.925965911790684,29.278089570456007,50.18171867412075
2000-06-19,29.897135136926597,26.907421623233937,30.70033923992025,50.27216395560156
2000-06-20,29.876530371863534,26.88887733467719,32.1225889093845,50.36260923708237
2000-06-21,29.855925606800486,26.870333046120443,33.54483857884874,50.45305451856318
2000-06-22,29.835320841737435,26.851788757563696,34.96708824831299,50.54349980004398
2000-06-23,29.814716076674383,26.83324446900695,36.38933791777723,50.63394508152479
2000-06-24,29.842931103063,26.858637992756705,37.54090961989968,50.64963953360086
2000-06-25,29.87114612945162,26.88403151650646,38.69248132202212,50.66533398567694
2000-06-26,29.89936115584024,26.909425040256217,39.84405302414456,50.68102843775301
2000-06-27,29.927576182228854,26.934818564005973,40.995624726267,50.69672288982908
2000-06-28,29.95579120861748,26.96021208775573,42.14719642838945,50.71241734190515
2000-06-29,29.984006235006092,26.985605611505484,43.29876813051189,50.72811179398123
2000-06-30,30.012221261394718,27.01099913525524,44.450339832634334,50.7438062460573
2000-07-01,30.10898672792546,27.09808805513291,44.98121746937296,50.60904453732195
2000-07-02,30.205752194456203,27.18517697501058,45.51209510611159,50.4742828285866
2000-07-03,30.302517660986947,27.27226589488825,46.04297274285021,50.33952111985125
2000-07-04,30.399283127517688,27.35935481476592,46.57385037958884,50.2047594111159
2000-07-05,30.496048594048432,27.446443734643587,47.10472801632746,50.06999770238056
2000-07-06,30.592814060579176,27.53353265452126,47.635605653066094,49.9352359936452
2000-07-07,30.68957952710992,27.62062157439893,48.16648328980472,49.80047428490985
2000-07-08,30.841074995574385,27.756967496016944,48.21621286052834,49.53660552154015
2000-07-09,30.992570464038845,27.893313417634964,48.26594243125198,49.27273675817045
2000-07-10,31.14406593250331,28.02965933925298,48.31567200197561,49.00886799480075
2000-07-11,31.29556140096777,28.166005260871,48.36540157269924,48.744999231431045
2000-07-12,31.447056869432235,28.30235118248901,48.41513114342287,48.48113046806135
2000-07-13,31.59855233789669,28.438697104107032,48.4648607141465,48.21726170469165
2000-07-14,31.75004780636116,28.575043025725048,48.51459028487013,47.95339294132194
2000-07-15,31.91561870705452,28.72405683634907,48.61589808385702,47.65939028824105
2000-07-16,32.08118960774788,28.87307064697309,48.71720588284391,47.36538763516016
2000-07-17,32.24676050844124,29.02208445759712,48.8185136818308,47.07138498207926
2000-07-18,32.412331409134595,29.17109826822114,48.91982148081769,46.77738232899837
2000-07-19,32.577902309827955,29.320112078845163,49.021129279804576,46.48337967591747
2000-07-20,32.74347321052132,29.469125889469183,49.12243707879147,46.189377022836574
2000-07-21,32.90904411121468,29.61813970009321,49.22374487777836,45.89537436975568
2000-07-22,33.04728487936111,29.742556391425,49.91475172991795,45.67238342237952
2000-07-23,33.18552564750754,29.866973082756783,50.60575858205754,45.44939247500335
2000-07-24,33.32376641565397,29.99138977408857,51.296765434197134,45.22640152762719
2000-07-25,33.462007183800395,30.11580646542036,51.98777228633672,45.00341058025102
2000-07-26,33.60024795194683,30.240223156752148,52.67877913847632,44.78041963287486
2000-07-27,33.73848872009326,30.364639848083936,53.36978599061591,44.55742868549869
2000-07-28,33.87672948823969,30.489056539415724,54.0607928427555,44.33443773812253
2000-07-29,33.94641041153632,30.55176937038269,55.8823786334085,44.28317430256263
2000-07-30,34.01609133483295,30.61448220134966,57.703964424061496,44.23191086700273
2000-07-31,34.08577225812958,30.677195032316625,59.5255502147145,44.18064743144283
2000-08-01,34.15545318142622,30.739907863283594,61.347136005367496,44.12938399588293
2000-08-02,34.22513410472285,30.80262069425056,63.1687217960205,44.07812056032303
2000-08-03,34.29481502801948,30.86533352521753,64.9903075866735,44.02685712476313
2000-08-04,34.36449595131611,30.928046356184492,66.8118933773265,43.97559368920323
2000-08-05,34.35084060368265,30.91575654331438,69.82183423544383,44.132120858456034
2000-08-06,34.33718525604919,30.903466730444265,72.83177509356116,44.28864802770884
2000-08-07,34.32352990841573,30.89117691757415,75.84171595167851,44.44517519696164
2000-08-08,34.30987456078226,30.87888710470404,78.85165680979584,44.60170236621445
2000-08-09,34.2962192131488,30.866597291833923,81.86159766791317,44.75822953546726
2000-08-10,34.28256386551534,30.854307478963808,84.8715385260305,44.91475670472006
2000-08-11,34.26890851788188,30.84201766609369,87.88147938414784,45.07128387397287
2000-08-12,34.211566282293504,30.79040965406415,91.14307185646084,45.33864624989872
2000-08-13,34.15422404670512,30.73880164203461,94.40466432877388,45.60600862582456
2000-08-14,34.09688181111674,30.687193630005066,97.66625680108687,45.87337100175041
2000-08-15,34.03953957552835,30.63558561797552,100.92784927339991,46.14073337767625
2000-08-16,33.98219733993997,30.58397760594597,104.18944174571293,46.4080957536021
2000-08-17,33.924855104351586,30.53236959391643,107.45103421802594,46.67545812952794
2000-08-18,33.86751286876321,30.480761581886888,110.71262669033896,46.94282050545379
2000-08-19,33.81283404790816,30.43155064311735,113.16794716840148,47.20768541881812
2000-08-20,33.75815522705312,30.38233970434781,115.62326764646402,47.47255033218244
2000-08-21,33.70347640619808,30.333128765578277,118.07858812452652,47.73741524554677
2000-08-22,33.64879758534303,30.28391782680873,120.53390860258908,48.00228015891111
2000-08-23,33.59411876448799,30.234706888039195,122.98922908065158,48.26714507227543
2000-08-24,33.53943994363295,30.18549594926965,125.44454955871412,48.53200998563976
2000-08-25,33.484761122777904,30.13628501050012,127.89987003677663,48.79687489900409
2000-08-26,33.47909601934446,30.131186417410014,128.49099491214264,48.94590968057236
2000-08-27,33.47343091591101,30.12608782431991,129.08211978750865,49.094944462140624
2000-08-28,33.467765812477566,30.120989231229807,129.67324466287465,49.24397924370889
2000-08-29,33.462100709044115,30.115890638139707,130.2643695382407,49.39301402527717
2000-08-30,33.45643560561067,30.110792045049603,130.8554944136067,49.54204880684544
2000-08-31,33.45077050217722,30.1056934519595,131.4466192889727,49.6910835884137
2000-09-01,33.44510539874378,30.1005948588694,132.0377441643387,49.84011836998197
2000-09-02,33.52415021395855,30.17173519256269,130.0020945114442,49.78516986564256
2000-09-03,33.603195029173314,30.24287552625598,127.96644485854968,49.73022136130315
2000-09-04,33.682239844388086,30.314015859949272,125.93079520565516,49.67527285696374
2000-09-05,33.76128465960285,30.385156193642565,123.89514555276064,49.62032435262432
2000-09-06,33.84032947481762,30.45629652733586,121.85949589986616,49.56537584828491
2000-09-07,33.91937429003239,30.527436861029148,119.82384624697164,49.5104273439455
2000-09-08,33.99841910524716,30.59857719472244,117.78819659407712,49.45547883960609
2000-09-09,34.13521640560288,30.721694765042585,114.10002863469708,49.25646721226702
2000-09-10,34.272013705958585,30.84481233536273,110.41186067531702,49.05745558492794
2000-09-11,34.4088110063143,30.96792990568288,106.72369271593696,48.85844395758888
2000-09-12,34.54560830667002,31.09104747600302,103.03552475655692,48.6594323302498
2000-09-13,34.682405607025736,31.214165046323163,99.34735679717686,48.46042070291073
2000-09-14,34.819202907381445,31.33728261664331,95.6591888377968,48.261409075571656
2000-09-15,34.95600020773716,31.46040018696345,91.97102087841677,48.06239744823259
2000-09-16,35.10076492964531,31.590688436680782,88.23740057352089,47.8331928498198
2000-09-17,35.245529651553454,31.72097668639812,84.50378026862504,47.60398825140702
2000-09-18,35.3902943734616,31.85126493611545,80.77015996372917,47.37478365299423
2000-09-19,35.53505909536975,31.98155318583278,77.03653965883332,47.14557905458145
2000-09-20,35.6798238172779,32.11184143555011,73.30291935393745,46.91637445616866
2000-09-21,35.824588539186045,32.24212968526744,69.5692990490416,46.68716985775588
2000-09-22,35.96935326109419,32.372417934984774,65.83567874414574,46.45796525934309
2000-09-23,36.0722672973754,32.46504056763786,63.664588063331976,46.31251593580097
2000-09-24,36.1751813336566,32.557663200290946,61.49349738251822,46.16706661225884
2000-09-25,36.27809536993781,32.65028583294403,59.32240670170446,46.02161728871671
2000-09-26,36.381009406219015,32.74290846559711,57.151316020890704,45.87616796517459
2000-09-27,36.48392344250022,32.83553109825019,54.98022534007694,45.730718641632464
2000-09-28,36.58683747878143,32.92815373090328,52.80913465926318,45.58526931809033
2000-09-29,36.68975151506263,33.020776363556365,50.638043978449424,45.43981999454821
2000-09-30,36.70310242113447,33.032792179021015,51.56704547344017,45.48752394181791
2000-10-01,36.7164533272063,33.044807994485666,52.4960469684309,45.5352278890876
2000-10-02,36.72980423327814,33.05682380995032,53.425048463421646,45.58293183635729
2000-10-03,36.743155139349966,33.068839625414974,54.35404995841238,45.63063578362698
2000-10-04,36.7565060454218,33.080855440879624,55.283051453403125,45.678339730896674
2000-10-05,36.76985695149364,33.092871256344274,56.21205294839386,45.72604367816636
2000-10-06,36.78320785756547,33.104887071808925,57.14105444338461,45.77374762543606
2000-10-07,36.7041856674371,33.0337671006934,61.20604254102427,46.02697043566727
2000-10-08,36.62516347730874,32.96264712957786,65.27103063866393,46.28019324589847
2000-10-09,36.54614128718037,32.89152715846233,69.33601873630359,46.53341605612968
2000-10-10,36.467119097052,32.8204071873468,73.40100683394324,46.78663886636088
2000-10-11,36.38809690692363,32.749287216231274,77.46599493158291,47.03986167659208
2000-10-12,36.30907471679527,32.67816724511574,81.53098302922257,47.29308448682328
2000-10-13,36.230052526666896,32.60704727400021,85.59597112686222,47.54630729705449
2000-10-14,36.09887316088898,32.488985844800084,91.39393076858266,47.92443739660718
2000-10-15,35.96769379511107,32.37092441559996,97.19189041030312,48.30256749615987
2000-10-16,35.83651442933315,32.25286298639983,102.98985005202356,48.68069759571256
2000-10-17,35.70533506355524,32.134801557199715,108.787809693744,49.05882769526525
2000-10-18,35.57415569777732,32.01674012799959,114.58576933546443,49.436957794817936
2000-10-19,35.44297633199941,31.898678698799465,120.38372897718487,49.81508789437062
2000-10-20,35.31179696622149,31.78061726959934,126.18168861890534,50.19321799392331
2000-10-21,35.17040647508893,31.65336582758004,132.25174422773665,50.61190507015639
2000-10-22,35.02901598395638,31.52611438556073,138.32179983656798,51.03059214638947
2000-10-23,34.887625492823815,31.39886294354143,144.3918554453993,51.44927922262255
2000-10-24,34.746235001691254,31.271611501522127,150.46191105423063,51.86796629885563
2000-10-25,34.60484451055869,31.144360059502823,156.53196666306195,52.286653375088704
2000-10-26,34.46345401942614,31.01710861748352,162.60202227189328,52.70534045132179
2000-10-27,34.322063528293576,30.88985717546422,168.6720778807246,53.12402752755487
2000-10-28,34.21236743190471,30.79113068871424,173.55467629030713,53.498990336962976
2000-10-29,34.10267133551584,30.69240420196425,178.43727469988966,53.873953146371086
2000-10-30,33.99297523912697,30.593677715214277,183.31987310947216,54.2489159557792
2000-10-31,33.8832791427381,30.494951228464288,188.2024715190547,54.623878765187314
2000-11-01,33.77358304634923,30.396224741714303,193.08506992863724,54.998841574595424
2000-11-02,33.66388694996036,30.297498254964324,197.96766833821977,55.373804384003535
2000-11-03,33.55419085357149,30.198771768214343,202.8502667478023,55.748767193411645
2000-11-04,33.50281162150106,30.152530459350952,205.5845069050345,56.02176895268027
2000-11-05,33.45143238943063,30.10628915048757,208.3187470622666,56.29477071194889
2000-11-06,33.4000531573602,30.060047841624176,211.0529872194988,56.56777247121752
2000-11-07,33.34867392528976,30.013806532760785,213.7872273767309,56.84077423048614
2000-11-08,33.29729469321933,29.967565223897395,216.52146753396303,57.11377598975477
2000-11-09,33.2459154611489,29.92132391503401,219.2557076911952,57.38677774902339
2000-11-10,33.194536229078466,29.87508260617062,221.98994784842736,57.65977950829201
2000-11-11,33.18991435260723,29.87092291734651,222.86072214538973,57.83765087677136
2000-11-12,33.18529247613599,29.866763228522395,223.73149644235207,58.0155222452507
2000-11-13,33.18067059966476,29.862603539698284,224.60227073931443,58.193393613730045
2000-11-14,33.17604872319352,29.85844385087417,225.4730450362768,58.3712649822094
2000-11-15,33.171426846722284,29.85428416205006,226.3438193332392,58.54913635068874
2000-11-16,33.16680497025104,29.850124473225947,227.2145936302015,58.727007719168085
2000-11-17,33.16218309377981,29.84596478440184,228.08536792716387,58.90487908764743
2000-11-18,33.18689421808988,29.86820479628089,227.56892570372156,59.00444524446673
2000-11-19,33.211605342399935,29.890444808159945,227.0524834802792,59.10401140128603
2000-11-20,33.23631646671,29.912684820039,226.5360412568368,59.20357755810533
2000-11-21,33.26102759102006,29.934924831918057,226.01959903339448,59.30314371492462
2000-11-22,33.285738715330126,29.957164843797116,225.5031568099521,59.40270987174392
2000-11-23,33.310449839640185,29.979404855676165,224.98671458650972,59.50227602856322
2000-11-24,33.33516096395025,30.00164486755522,224.4702723630674,59.60184218538252
2000-11-25,33.37178073422371,30.034602660801333,223.04286295908545,59.63992830967102
2000-11-26,33.408400504497166,30.06756045404745,221.6154535551035,59.678014433959525
2000-11-27,33.44502027477063,30.10051824729356,220.18804415112157,59.71610055824802
2000-11-28,33.48164004504408,30.133476040539676,218.7606347471396,59.75418668253652
2000-11-29,33.51825981531754,30.166433833785785,217.33322534315764,59.79227280682502
2000-11-30,33.554879585591,30.1993916270319,215.90581593917568,59.83035893111352
2000-12-01,33.59149935586446,30.232349420278013,214.47840653519373,59.86844505540202
2000-12-02,33.62412209594681,30.26170988635213,212.60133302070443,59.8633349073914
2000-12-03,33.656744836029155,30.29107035242624,210.72425950621516,59.85822475938077
2000-12-04,33.68936757611151,30.320430818500355,208.84718599172584,59.85311461137015
2000-12-05,33.72199031619385,30.34979128457447,206.97011247723657,59.84800446335952
2000-12-06,33.754613056276206,30.37915175064858,205.09303896274727,59.8428943153489
2000-12-07,33.78723579635855,30.4085122167227,203.215965448258,59.83778416733827
2000-12-08,33.819858536440904,30.43787268279681,201.33889193376868,59.83267401932765
2000-12-09,33.843672424586295,30.45930518212766,199.3642757951849,59.81330620466471
2000-12-10,33.86748631273168,30.480737681458518,197.3896596566012,59.79393839000177
2000-12-11,33.89130020087707,30.502170180789363,195.4150435180174,59.77457057533884
2000-12-12,33.91511408902246,30.523602680120216,193.44042737943363,59.7552027606759
2000-12-13,33.93892797716785,30.545035179451062,191.46581124084983,59.735834946012965
2000-12-14,33.962741865313234,30.56646767878192,189.4911951022661,59.71646713135002
2000-12-15,33.986555753458624,30.58790017811277,187.51657896368235,59.69709931668709
2000-12-16,34.00167079857217,30.60150371871496,185.7481028630928,59.69713950366194
2000-12-17,34.01678584368572,30.61510725931715,183.9796267625032,59.6971796906368
2000-12-18,34.031900888799264,30.62871079991934,182.21115066191365,59.69721987761165
2000-12-19,34.0470159339128,30.64231434052153,180.4426745613241,59.69726006458651
2000-12-20,34.06213097902635,30.65591788112372,178.67419846073454,59.697300251561366
2000-12-21,34.077246024139896,30.66952142172591,176.90572236014498,59.697340438536216
2000-12-22,34.09236106925344,30.6831249623281,175.1372462595554,59.69738062551107
2000-12-23,34.09890943516861,30.689018491651748,173.87837481849476,59.7505157606214
2000-12-24,34.105457801083766,30.694912020975394,172.61950337743409,59.80365089573172
2000-12-25,34.11200616699893,30.70080555029904,171.36063193637344,59.856786030842045
2000-12-26,34.1185545329141,30.706699079622688,170.10176049531276,59.90992116595237
2000-12-27,34.12510289882926,30.71259260894633,168.8428890542521,59.96305630106269
2000-12-28,34.13165126474442,30.71848613826998,167.58401761319143,60.01619143617302
2000-12-29,34.138199630659585,30.724379667593627,166.3251461721308,60.06932657128334
2000-12-30,34.13637329678354,30.722735967105184,165.8693941474708,60.20790577652037
2000-12-31,34.13454696290749,30.721092266616743,165.41364212281076,60.3464849817574
2001-01-01,34.132720629031446,30.7194485661283,164.95789009815076,60.48506418699443
2001-01-02,34.1308942951554,30.71780486563986,164.50213807349076,60.62364339223146
2001-01-03,34.129067961279354,30.716161165151416,164.04638604883075,60.76222259746849
2001-01-04,34.12724162740331,30.714517464662972,163.59063402417073,60.90080180270552
2001-01-05,34.12541529352726,30.71287376417453,163.13488199951072,61.03938100794255
2001-01-06,34.11719348418794,30.705474135769144,163.47846958119578,61.255780202571394
2001-01-07,34.10897167484862,30.69807450736376,163.8220571628808,61.47217939720024
2001-01-08,34.1007498655093,30.69067487895837,164.16564474456587,61.688578591829085
2001-01-09,34.09252805616998,30.683275250552985,164.50923232625092,61.904977786457934
2001-01-10,34.084306246830664,30.6758756221476,164.85281990793598,62.12137698108678
2001-01-11,34.07608443749134,30.668475993742213,165.196407489621,62.337776175715625
2001-01-12,34.06786262815202,30.661076365336825,165.53999507130607,62.55417537034448
2001-01-13,34.057275583319694,30.65154802498773,166.3379716337641,62.79489782175565
2001-01-14,34.04668853848736,30.64201968463863,167.13594819622213,63.03562027316683
2001-01-15,34.03610149365503,30.632491344289534,167.93392475868018,63.276342724578
2001-01-16,34.0255144488227,30.622963003940438,168.7319013211382,63.51706517598918
2001-01-17,34.01492740399037,30.613434663591335,169.52987788359624,63.757787627400354
2001-01-18,34.00434035915804,30.60390632324224,170.32785444605426,63.998510078811535
2001-01-19,33.99375331432571,30.594377982893143,171.1258310085123,64.23923253022271
2001-01-20,33.98494415727195,30.586449741544754,172.01446864959968,64.44825677792218
2001-01-21,33.97613500021818,30.578521500196366,172.90310629068705,64.65728102562166
2001-01-22,33.96732584316442,30.57059325884798,173.79174393177442,64.86630527332113
2001-01-23,33.95851668611065,30.562665017499587,174.6803815728618,65.0753295210206
2001-01-24,33.94970752905689,30.5547367761512,175.56901921394916,65.28435376872008
2001-01-25,33.94089837200312,30.54680853480281,176.45765685503653,65.49337801641956
2001-01-26,33.93208921494936,30.538880293454422,177.3462944961239,65.70240226411903
2001-01-27,33.92919971936445,30.536279747428,177.96189726951627,65.82371775266363
2001-01-28,33.92631022377953,30.533679201401583,178.57750004290864,65.94503324120821
2001-01-29,33.92342072819462,30.53107865537516,179.193102816301,66.0663487297528
2001-01-30,33.92053123260971,30.52847810934874,179.8087055896934,66.18766421829739
2001-01-31,33.9176417370248,30.52587756332232,180.42430836308577,66.30897970684198
2001-02-01,33.914752241439885,30.5232770172959,181.0399111364781,66.43029519538656
2001-02-02,33.911862745854975,30.52067647126948,181.6555139098705,66.55161068393116
2001-02-03,33.9167080072857,30.525037206557126,181.68947770164564,66.54800716549607
2001-02-04,33.921553268716416,30.529397941844778,181.72344149342075,66.544403647061
2001-02-05,33.92639853014714,30.533758677132425,181.7574052851959,66.54080012862592
2001-02-06,33.93124379157786,30.53811941242008,181.791369076971,66.53719661019085
2001-02-07,33.93608905300859,30.542480147707725,181.82533286874613,66.53359309175576
2001-02-08,33.9409343144393,30.546840882995376,181.85929666052124,66.52998957332069
2001-02-09,33.94577957587003,30.551201618283024,181.8932604522964,66.5263860548856
2001-02-10,33.953074542697856,30.55776708842807,181.20510071365243,66.4180247540246
2001-02-11,33.960369509525684,30.564332558573117,180.5169409750085,66.3096634531636
2001-02-12,33.96766447635351,30.57089802871816,179.82878123636456,66.20130215230259
2001-02-13,33.97495944318134,30.577463498863207,179.14062149772064,66.09294085144157
2001-02-14,33.98225441000917,30.58402896900825,178.4524617590767,65.98457955058056
2001-02-15,33.989549376837,30.590594439153296,177.76430202043278,65.87621824971956
2001-02-16,33.996844343664826,30.59715990929834,177.07614228178883,65.76785694885855
2001-02-17,33.9999543829815,30.599958944683344,175.55733028318278,65.58580414094808
2001-02-18,34.003064422298166,30.60275798006835,174.03851828457672,65.40375133303763
2001-02-19,34.00617446161484,30.605557015453357,172.51970628597067,65.22169852512717
2001-02-20,34.00928450093151,30.60835605083836,171.00089428736462,65.03964571721671
2001-02-21,34.01239454024818,30.611155086223363,169.48208228875856,64.85759290930625
2001-02-22,34.01550457956485,30.61395412160837,167.9632702901525,64.6755401013958
2001-02-23,34.01861461888152,30.61675315699337,166.44445829154645,64.49348729348533
2001-02-24,34.010905097778775,30.609814588000894,163.9864653034353,64.2688092539019
2001-02-25,34.00319557667602,30.602876019008423,161.5284723153241,64.04413121431848
2001-02-26,33.995486055573274,30.59593745001595,159.07047932721295,63.81945317473505
2001-02-27,33.98777653447052,30.58899888102347,156.6124863391018,63.59477513515163
2001-02-28,33.98006701336777,30.582060312031,154.15449335099063,63.370097095568205
2001-03-01,33.97235749226502,30.57512174303852,151.69650036287945,63.145419055984775
2001-03-02,33.96464797116227,30.568183174046048,149.2385073747683,62.92074101640135
2001-03-03,33.94051404113642,30.546462637022778,145.79213954830422,62.68367193033434
2001-03-04,33.91638011111056,30.52474209999951,142.34577172184015,62.44660284426733
2001-03-05,33.89224618108471,30.50302156297624,138.89940389537608,62.20953375820032
2001-03-06,33.868112251058854,30.48130102595297,135.453036068912,61.97246467213331
2001-03-07,33.843978321033,30.4595804889297,132.00666824244794,61.7353955860663
2001-03-08,33.819844391007145,30.437859951906432,128.56030041598387,61.498326499999294
2001-03-09,33.79571046098129,30.41613941488316,125.11393258951982,61.261257413932285
2001-03-10,33.75898775030114,30.383088975271026,121.17394446011036,61.03440333776186
2001-03-11,33.72226503962099,30.350038535658893,117.23395633070088,60.80754926159143
2001-03-12,33.68554232894084,30.31698809604676,113.29396820129143,60.580695185421
2001-03-13,33.64881961826069,30.28393765643462,109.35398007188198,60.35384110925057
2001-03-14,33.612096907580536,30.250887216822484,105.4139919424725,60.12698703308014
2001-03-15,33.57537419690039,30.21783677721035,101.47400381306304,59.90013295690971
2001-03-16,33.53865148622024,30.18478633759821,97.5340156836536,59.67327888073928
2001-03-17,33.49824659478163,30.148421935303464,93.88734478652688,59.47514840567607
2001-03-18,33.457841703343014,30.112057533008716,90.24067388940018,59.27701793061284
2001-03-19,33.4174368119044,30.07569313071396,86.59400299227347,59.078887455549626
2001-03-20,33.3770319204658,30.03932872841921,82.94733209514678,58.88075698048641
2001-03-21,33.336627029027184,30.002964326124463,79.30066119802007,58.6826265054232
2001-03-22,33.29622213758857,29.966599923829712,75.65399030089335,58.48449603035997
2001-03-23,33.25581724614996,29.93023552153496,72.00731940376666,58.286365555296754
2001-03-24,33.220685376591966,29.898616838932767,69.44370370301645,58.1354280003838
2001-03-25,33.18555350703397,29.866998156330578,66.88008800226625,57.98449044547085
2001-03-26,33.15042163747598,29.835379473728384,64.31647230151606,57.83355289055789
2001-03-27,33.11528976791799,29.80376079112619,61.75285660076585,57.68261533564493
2001-03-28,33.08015789836,29.772142108524,59.18924090001565,57.531677780731975
2001-03-29,33.045026028802006,29.740523425921808,56.62562519926544,57.38074022581903
2001-03-30,33.00989415924401,29.70890474331961,54.062009498515245,57.22980267090607
2001-03-31,32.988777114510725,29.68989940305965,53.35484833302221,57.144196613356975
2001-04-01,32.96766006977743,29.67089406279969,52.64768716752916,57.05859055580789
2001-04-02,32.94654302504414,29.651888722539727,51.94052600203612,56.9729844982588
2001-04-03,32.92542598031085,29.63288338227977,51.23336483654309,56.8873784407097
2001-04-04,32.90430893557756,29.61387804201981,50.52620367105005,56.80177238316061
2001-04-05,32.883191890844266,29.594872701759844,49.81904250555701,56.716166325611525
2001-04-06,32.86207484611098,29.57586736149988,49.11188134006397,56.63056026806243
2001-04-07,32.85424014261931,29.568816128357383,50.30918961584505,56.61374037067022
2001-04-08,32.84640543912765,29.561764895214885,51.50649789162613,56.59692047327802
2001-04-09,32.83857073563598,29.554713662072388,52.70380616740721,56.58010057588581
2001-04-10,32.83073603214432,29.54766242892989,53.90111444318829,56.5632806784936
2001-04-11,32.822901328652655,29.54061119578739,55.098422718969374,56.54646078110139
2001-04-12,32.815066625160995,29.53355996264489,56.29573099475046,56.52964088370919
2001-04-13,32.80723192166933,29.526508729502392,57.49303927053154,56.512820986316974
2001-04-14,32.79891091527445,29.519019823747,59.644737957062,56.54803755500692
2001-04-15,32.79058990887957,29.511530917991607,61.79643664359246,56.58325412369687
2001-04-16,32.78226890248469,29.504042012236216,63.94813533012292,56.618470692386815
2001-04-17,32.77394789608981,29.496553106480825,66.09983401665338,56.65368726107677
2001-04-18,32.76562688969493,29.489064200725437,68.25153270318383,56.68890382976672
2001-04-19,32.75730588330005,29.48157529497004,70.40323138971429,56.72412039845666
2001-04-20,32.74898487690517,29.474086389214648,72.55493007624474,56.75933696714661
2001-04-21,32.725460325674135,29.45291429310672,74.63831218662962,56.82837010439384
2001-04-22,32.7019357744431,29.431742196998787,76.72169429701451,56.897403241641065
2001-04-23,32.678411223212066,29.410570100890855,78.80507640739938,56.9664363788883
2001-04-24,32.65488667198103,29.38939800478293,80.88845851778426,57.03546951613552
2001-04-25,32.63136212075,29.368225908675,82.97184062816913,57.10450265338275
2001-04-26,32.60783756951896,29.347053812567065,85.05522273855402,57.17353579062998
2001-04-27,32.58431301828793,29.325881716459136,87.1386048489389,57.24256892787721
2001-04-28,32.53086775268795,29.277780977419155,88.13096646987856,57.32719873648127
2001-04-29,32.47742248708797,29.22968023837917,89.12332809081822,57.41182854508533
2001-04-30,32.423977221487995,29.181579499339197,90.11568971175788,57.49645835368938
2001-05-01,32.37053195588802,29.13347876029921,91.10805133269751,57.58108816229345
2001-05-02,32.31708669028804,29.08537802125923,92.1004129536372,57.665717970897504
2001-05-03,32.26364142468806,29.03727728221925,93.09277457457684,57.75034777950157
2001-05-04,32.210196159088085,28.98917654317927,94.08513619551653,57.83497758810562
2001-05-05,32.11954983746015,28.907594853714127,93.27948825451536,57.91701749568851
2001-05-06,32.02890351583221,28.826013164248984,92.47384031351424,57.9990574032714
2001-05-07,31.938257194204272,28.74443147478384,91.6681923725131,58.08109731085429
2001-05-08,31.84761087257633,28.6628497853187,90.86254443151196,58.16313721843717
2001-05-09,31.7569645509484,28.58126809585356,90.05689649051082,58.24517712602006
2001-05-10,31.666318229320456,28.499686406388413,89.2512485495097,58.32721703360295
2001-05-11,31.57567190769252,28.41810471692327,88.44560060850856,58.40925694118584
2001-05-12,31.46840776877989,28.321566991901904,86.31784356611325,58.4706452335598
2001-05-13,31.36114362986726,28.225029266880536,84.19008652371797,58.53203352593377
2001-05-14,31.25387949095463,28.12849154185917,82.06232948132266,58.59342181830773
2001-05-15,31.146615352042,28.0319538168378,79.93457243892736,58.654810110681694
2001-05-16,31.03935121312937,27.935416091816435,77.80681539653206,58.71619840305566
2001-05-17,30.93208707421674,27.83887836679507,75.67905835413677,58.777586695429626
2001-05-18,30.82482293530411,27.7423406417737,73.55130131174147,58.83897498780359
2001-05-19,30.72804864703621,27.655243782332597,70.85431650755169,58.86167918709613
2001-05-20,30.63127435876832,27.568146922891486,68.15733170336192,58.88438338638867
2001-05-21,30.534500070500417,27.48105006345038,65.46034689917214,58.90708758568121
2001-05-22,30.43772578223252,27.393953204009268,62.76336209498236,58.92979178497376
2001-05-23,30.34095149396462,27.30685634456816,60.06637729079258,58.9524959842663
2001-05-24,30.24417720569673,27.219759485127053,57.369392486602806,58.97520018355884
2001-05-25,30.147402917428828,27.132662625685946,54.672407682413024,58.99790438285138
2001-05-26,30.08822614773509,27.07940353296158,52.15907645602858,58.96389201119
2001-05-27,30.029049378041357,27.02614444023722,49.645745229644135,58.92987963952862
2001-05-28,29.969872608347615,26.972885347512857,47.13241400325969,58.89586726786724
2001-05-29,29.910695838653883,26.919626254788493,44.619082776875246,58.86185489620586
2001-05-30,29.851519068960148,26.86636716206413,42.10575155049081,58.82784252454448
2001-05-31,29.79234229926641,26.81310806933977,39.59242032410637,58.7938301528831
2001-06-01,29.733165529572677,26.759848976615405,37.07908909772192,58.75981778122172
2001-06-02,29.73591451740591,26.76232306566532,35.56338040990816,58.65315875222716
2001-06-03,29.738663505239145,26.764797154715232,34.0476717220944,58.54649972323259
2001-06-04,29.74141249307238,26.767271243765144,32.53196303428064,58.43984069423803
2001-06-05,29.744161480905618,26.769745332815056,31.01625434646688,58.33318166524346
2001-06-06,29.746910468738854,26.772219421864968,29.500545658653124,58.226522636248895
2001-06-07,29.74965945657209,26.774693510914883,27.984836970839364,58.11986360725433
2001-06-08,29.75240844440533,26.777167599964795,26.469128283025604,58.01320457825977
2001-06-09,29.808958022412817,26.82806222017154,25.978175606527923,57.842516928896615
2001-06-10,29.86550760042031,26.87895684037828,25.48722293003025,57.67182927953346
2001-06-11,29.922057178427803,26.929851460585024,24.996270253532565,57.50114163017031
2001-06-12,29.97860675643529,26.980746080791764,24.505317577034887,57.33045398080716
2001-06-13,30.035156334442785,27.03164070099851,24.01436490053721,57.159766331444
2001-06-14,30.09170591245028,27.08253532120525,23.523412224039525,56.98907868208085
2001-06-15,30.14825549045777,27.133429941411997,23.032459547541848,56.8183910327177
2001-06-16,30.22947492482357,27.20652743234122,23.008460251496903,56.60818164784504
2001-06-17,30.310694359189377,27.27962492327044,22.984460955451965,56.39797226297239
2001-06-18,30.39191379355518,27.352722414199665,22.960461659407024,56.18776287809973
2001-06-19,30.473133227920982,27.425819905128886,22.93646236336208,55.97755349322708
2001-06-20,30.55435266228679,27.49891739605811,22.912463067317137,55.76734410835442
2001-06-21,30.63557209665259,27.572014886987333,22.8884637712722,55.55713472348177
2001-06-22,30.716791531018394,27.64511237791656,22.86446447522725,55.34692533860911
2001-06-23,30.79319693257339,27.71387723931605,23.187643756679734,55.12196823378682
2001-06-24,30.869602334128388,27.782642100715552,23.51082303813221,54.897011128964536
2001-06-25,30.946007735683384,27.85140696211505,23.834002319584688,54.67205402414225
2001-06-26,31.022413137238377,27.920171823514544,24.157181601037163,54.447096919319954
2001-06-27,31.09881853879337,27.98893668491404,24.48036088248964,54.22213981449767
2001-06-28,31.17522394034837,28.057701546313535,24.80354016394212,53.99718270967538
2001-06-29,31.251629341903367,28.12646640771304,25.126719445394595,53.77222560485309
2001-06-30,31.294018670327645,28.164616803294884,25.708562022928884,53.55720727233885
2001-07-01,31.336407998751923,28.20276719887673,26.290404600463177,53.34218893982461
2001-07-02,31.3787973271762,28.240917594458583,26.872247177997465,53.12717060731037
2001-07-03,31.42118665560048,28.279067990040435,27.45408975553176,52.91215227479613
2001-07-04,31.463575984024757,28.317218385622283,28.035932333066047,52.69713394228189
2001-07-05,31.50596531244903,28.35536878120413,28.61777491060034,52.482115609767646
2001-07-06,31.54835464087331,28.393519176785983,29.199617488134628,52.267097277253406
2001-07-07,31.547810941474115,28.393029847326705,29.736692978905328,52.08040502559539
2001-07-08,31.54726724207492,28.39254051786743,30.27376846967603,51.89371277393738
2001-07-09,31.54672354267572,28.392051188408157,30.810843960446725,51.707020522279365
2001-07-10,31.546179843276526,28.39156185894888,31.347919451217425,51.52032827062135
2001-07-11,31.54563614387733,28.3910725294896,31.88499494198813,51.33363601896333
2001-07-12,31.545092444478133,28.390583200030324,32.42207043275883,51.14694376730532
2001-07-13,31.544548745078934,28.390093870571047,32.959145923529526,50.96025151564731
2001-07-14,31.525707811909736,28.37313703071877,33.41438085286678,50.80985342558291
2001-07-15,31.50686687874053,28.35618019086648,33.86961578220402,50.65945533551852
2001-07-16,31.48802594557133,28.3392233510142,34.32485071154127,50.50905724545412
2001-07-17,31.46918501240213,28.32226651116192,34.780085640878525,50.35865915538973
2001-07-18,31.450344079232927,28.30530967130964,35.23532057021578,50.20826106532533
2001-07-19,31.43150314606372,28.288352831457352,35.69055549955302,50.05786297526093
2001-07-20,31.41266221289452,28.271395991605072,36.14579042889027,49.90746488519653
2001-07-21,31.40330773539937,28.26297696185944,36.51690167149116,49.80035151280645
2001-07-22,31.393953257904226,28.2545579321138,36.888012914092045,49.69323814041636
2001-07-23,31.38459878040907,28.24613890236817,37.25912415669293,49.58612476802627
2001-07-24,31.37524430291392,28.23771987262253,37.630235399293824,49.479011395636185
2001-07-25,31.36588982541877,28.229300842876896,38.00134664189471,49.371898023246096
2001-07-26,31.35653534792362,28.22088181313126,38.3724578844956,49.26478465085601
2001-07-27,31.34718087042847,28.212462783385625,38.743569127096485,49.15767127846592
2001-07-28,31.37509653805144,28.23758688424629,39.02827355765808,49.10083317983084
2001-07-29,31.403012205674404,28.262710985106967,39.31297798821967,49.04399508119577
2001-07-30,31.43092787329737,28.28783508596764,39.59768241878127,48.98715698256069
2001-07-31,31.45884354092033,28.312959186828305,39.88238684934287,48.93031888392561
2001-08-01,31.4867592085433,28.33808328768897,40.16709127990446,48.87348078529053
2001-08-02,31.514674876166268,28.363207388549647,40.45179571046605,48.816642686655456
2001-08-03,31.542590543789235,28.38833148941032,40.73650014102765,48.75980458802038
2001-08-04,31.62722488163826,28.46450239347444,40.96592237329126,48.75490092632494
2001-08-05,31.711859219487287,28.54067329753856,41.19534460555486,48.7499972646295
2001-08-06,31.796493557336312,28.616844201602685,41.42476683781847,48.74509360293406
2001-08-07,31.88112789518534,28.69301510566681,41.65418907008208,48.74018994123862
2001-08-08,31.965762233034365,28.76918600973093,41.883611302345685,48.73528627954318
2001-08-09,32.05039657088339,28.84535691379505,42.113033534609286,48.73038261784774
2001-08-10,32.13503090873242,28.92152781785917,42.342455766872895,48.7254789561523
2001-08-11,32.25740471814315,29.03166424632883,42.70174057735994,48.74958949995014
2001-08-12,32.379778527553874,29.14180067479849,43.06102538784699,48.77370004374798
2001-08-13,32.502152336964606,29.251937103268144,43.42031019833404,48.79781058754582
2001-08-14,32.62452614637533,29.3620735317378,43.77959500882108,48.82192113134366
2001-08-15,32.74689995578606,29.47220996020745,44.13887981930813,48.8460316751415
2001-08-16,32.86927376519679,29.582346388677117,44.49816462979518,48.870142218939336
2001-08-17,32.99164757460752,29.692482817146768,44.857449440282224,48.894252762737175
2001-08-18,33.12171470670451,29.80954323603406,45.57609847356836,48.91737856475136
2001-08-19,33.2517818388015,29.92660365492135,46.29474750685449,48.94050436676554
2001-08-20,33.38184897089849,30.04366407380864,47.01339654014063,48.96363016877972
2001-08-21,33.511916102995485,30.16072449269593,47.73204557342677,48.9867559707939
2001-08-22,33.641983235092475,30.277784911583225,48.4506946067129,49.009881772808086
2001-08-23,33.772050367189465,30.394845330470517,49.16934363999904,49.03300757482226
2001-08-24,33.902117499286454,30.511905749357805,49.88799267328517,49.05613337683645
2001-08-25,34.009830786977254,30.608847708279523,51.195511655008765,49.04827483851135
2001-08-26,34.11754407466805,30.70578966720124,52.50303063673237,49.04041630018624
2001-08-27,34.225257362358846,30.80273162612296,53.810549618455966,49.03255776186114
2001-08-28,34.33297065004964,30.899673585044678,55.11806860017956,49.02469922353605
2001-08-29,34.44068393774044,30.996615543966392,56.42558758190316,49.016840685210944
2001-08-30,34.54839722543123,31.093557502888107,57.73310656362676,49.00898214688584
2001-08-31,34.65611051312203,31.190499461809825,59.04062554535036,49.00112360856074
2001-09-01,34.71325370635119,31.24192833571607,61.14223451179949,48.93516178834734
2001-09-02,34.770396899580355,31.293357209622314,63.24384347824862,48.869199968133934
2001-09-03,34.827540092809514,31.34478608352856,65.34545244469774,48.80323814792053
2001-09-04,34.88468328603867,31.396214957434808,67.44706141114688,48.737276327707136
2001-09-05,34.94182647926783,31.44764383134105,69.54867037759601,48.67131450749373
2001-09-06,34.998969672497,31.499072705247297,71.65027934404515,48.60535268728033
2001-09-07,35.05611286572616,31.550501579153543,73.75188831049427,48.53939086706693
2001-09-08,35.06226411971071,31.55603770773964,76.48413614657547,48.43193690330184
2001-09-09,35.06841537369526,31.56157383632573,79.21638398265665,48.32448293953675
2001-09-10,35.074566627679815,31.567109964911836,81.94863181873785,48.21702897577166
2001-09-11,35.08071788166436,31.57264609349793,84.68087965481905,48.109575012006566
2001-09-12,35.08686913564892,31.578182222084028,87.41312749090025,48.00212104824148
2001-09-13,35.093020389633466,31.58371835067012,90.14537532698144,47.89466708447639
2001-09-14,35.09917164361802,31.58925447925622,92.87762316306264,47.7872131207113
2001-09-15,35.075510943010634,31.56795984870957,95.79052730061042,47.68886519760013
2001-09-16,35.05185024240324,31.54666521816292,98.7034314381582,47.59051727448895
2001-09-17,35.028189541795854,31.52537058761627,101.616335575706,47.49216935137778
2001-09-18,35.00452884118847,31.504075957069617,104.5292397132538,47.393821428266605
2001-09-19,34.98086814058108,31.482781326522968,107.44214385080156,47.29547350515544
2001-09-20,34.957207439973686,31.46148669597632,110.35504798834936,47.19712558204426
2001-09-21,34.9335467393663,31.440192065429667,113.26795212589714,47.09877765893309
2001-09-22,34.9018217520408,31.411639576836716,115.9040001206896,47.06102712001935
2001-09-23,34.87009676471529,31.38308708824376,118.54004811548204,47.023276581105605
2001-09-24,34.83837177738979,31.354534599650805,121.1760961102745,46.98552604219186
2001-09-25,34.806646790064285,31.32598211105785,123.81214410506696,46.94777550327813
2001-09-26,34.77492180273878,31.2974296224649,126.4481920998594,46.91002496436439
2001-09-27,34.74319681541328,31.268877133871943,129.08424009465185,46.87227442545065
2001-09-28,34.711471828087774,31.240324645278992,131.7202880894443,46.83452388653691
2001-09-29,34.693343411463594,31.22400907031723,133.62423226584767,46.90858742084083
2001-09-30,34.675214994839415,31.20769349535547,135.528176442251,46.98265095514476
2001-10-01,34.657086578215235,31.19137792039371,137.43212061865438,47.05671448944868
2001-10-02,34.638958161591056,31.175062345431947,139.33606479505772,47.13077802375261
2001-10-03,34.62082974496688,31.158746770470184,141.2400089714611,47.204841558056536
2001-10-04,34.6027013283427,31.142431195508426,143.14395314786444,47.27890509236046
2001-10-05,34.58457291171852,31.126115620546663,145.0478973242678,47.35296862666439
2001-10-06,34.59007615463217,31.13106853916895,146.0677907517553,47.55328083341476
2001-10-07,34.59557939754582,31.13602145779124,147.08768417924276,47.753593040165136
2001-10-08,34.601082640459474,31.140974376413528,148.10757760673025,47.95390524691551
2001-10-09,34.60658588337313,31.14592729503581,149.1274710342177,48.15421745366588
2001-10-10,34.61208912628678,31.150880213658105,150.1473644617052,48.354529660416254
2001-10-11,34.61759236920043,31.155833132280392,151.16725788919263,48.55484186716663
2001-10-12,34.623095612114085,31.16078605090268,152.18715131668014,48.755154073917005
2001-10-13,34.63905666766289,31.175151000896605,152.77653714072505,49.0227201569239
2001-10-14,34.65501772321169,31.189515950890527,153.36592296476994,49.2902862399308
2001-10-15,34.6709787787605,31.203880900884453,153.95530878881482,49.5578523229377
2001-10-16,34.68693983430931,31.218245850878372,154.5446946128597,49.8254184059446
2001-10-17,34.702900889858114,31.2326108008723,155.13408043690458,50.0929844889515
2001-10-18,34.718861945406914,31.246975750866223,155.7234662609495,50.3605505719584
2001-10-19,34.73482300095572,31.26134070086015,156.31285208499438,50.6281166549653
2001-10-20,34.74531138841012,31.2707802495691,156.99719033877662,50.89522026537589
2001-10-21,34.7557997758645,31.28021979827805,157.68152859255883,51.16232387578648
2001-10-22,34.7662881633189,31.289659346987005,158.36586684634108,51.42942748619708
2001-10-23,34.776776550773285,31.29909889569596,159.0502051001233,51.696531096607664
2001-10-24,34.78726493822768,31.30853844440491,159.73454335390554,51.96363470701826
2001-10-25,34.797753325682066,31.317977993113864,160.41888160768775,52.23073831742885
2001-10-26,34.80824171313646,31.32741754182281,161.10321986147,52.497841927839445
2001-10-27,34.79732695176688,31.317594256590187,162.40797057816954,52.69676671680093
2001-10-28,34.786412190397286,31.30777097135756,163.7127212948691,52.89569150576242
2001-10-29,34.7754974290277,31.297947686124928,165.01747201156866,53.09461629472391
2001-10-30,34.76458266765811,31.2881244008923,166.32222272826823,53.2935410836854
2001-10-31,34.75366790628853,31.278301115659676,167.62697344496777,53.49246587264688
2001-11-01,34.742753144918936,31.26847783042704,168.93172416166735,53.69139066160837
2001-11-02,34.73183838354935,31.25865454519441,170.2364748783669,53.89031545056986
2001-11-03,34.68781895157485,31.21903705641736,172.5605098699309,53.96801691328167
2001-11-04,34.64379951960034,31.179419567640306,174.8845448614949,54.045718375993474
2001-11-05,34.59978008762584,31.13980207886325,177.20857985305892,54.12341983870528
2001-11-06,34.55576065565133,31.1001845900862,179.5326148446229,54.20112130141709
2001-11-07,34.51174122367683,31.060567101309147,181.85664983618693,54.2788227641289
2001-11-08,34.467721791702324,31.02094961253209,184.18068482775092,54.35652422684071
2001-11-09,34.42370235972782,30.98133212375504,186.50471981931491,54.43422568955251
2001-11-10,34.358925047693965,30.923032542924567,189.52705688207035,54.4210919325164
2001-11-11,34.29414773566011,30.8647329620941,192.54939394482577,54.407958175480296
2001-11-12,34.22937042362626,30.806433381263627,195.5717310075812,54.39482441844419
2001-11-13,34.1645931115924,30.74813380043316,198.5940680703366,54.381690661408086
2001-11-14,34.09981579955854,30.689834219602687,201.616405133092,54.36855690437198
2001-11-15,34.03503848752469,30.63153463877222,204.6387421958474,54.35542314733587
2001-11-16,33.97026117549083,30.573235057941748,207.66107925860285,54.34228939029976
2001-11-17,33.90556180196052,30.515005621764463,210.8066285066403,54.29816014079192
2001-11-18,33.840862428430206,30.456776185587184,213.9521777546777,54.25403089128407
2001-11-19,33.77616305489989,30.398546749409903,217.0977270027152,54.20990164177622
2001-11-20,33.71146368136958,30.340317313232617,220.24327625075267,54.16577239226837
2001-11-21,33.64676430783926,30.282087877055336,223.3888254987901,54.121643142760526
2001-11-22,33.58206493430895,30.22385844087805,226.5343747468276,54.07751389325268
2001-11-23,33.51736556077864,30.16562900470077,229.67992399486505,54.03338464374483
2001-11-24,33.4735896018118,30.12623064163062,232.3733064580378,54.01813313451928
2001-11-25,33.42981364284496,30.08683227856047,235.06668892121056,54.00288162529374
2001-11-26,33.38603768387813,30.04743391549032,237.7600713843833,53.98763011606819
2001-11-27,33.34226172491129,30.008035552420164,240.4534538475561,53.972378606842646
2001-11-28,33.298485765944456,29.96863718935001,243.14683631072884,53.9571270976171
2001-11-29,33.254709806977615,29.92923882627986,245.8402187739016,53.941875588391554
2001-11-30,33.21093384801078,29.88984046320971,248.53360123707435,53.926624079166
2001-12-01,33.20780843985154,29.887027595866392,250.2215839940633,53.99776672420989
2001-12-02,33.204683031692305,29.88421472852308,251.9095667510523,54.068909369253774
2001-12-03,33.20155762353306,29.88140186117976,253.59754950804123,54.14005201429766
2001-12-04,33.19843221537383,29.878588993836445,255.28553226503024,54.21119465934155
2001-12-05,33.195306807214585,29.87577612649313,256.9735150220192,54.28233730438544
2001-12-06,33.19218139905535,29.872963259149813,258.6614977790082,54.35347994942932
2001-12-07,33.18905599089611,29.870150391806497,260.34948053599715,54.424622594473206
2001-12-08,33.223603619203445,29.901243257283102,260.928442038843,54.591827429455606
2001-12-09,33.25815124751078,29.932336122759708,261.5074035416888,54.75903226443801
2001-12-10,33.29269887581812,29.963428988236316,262.08636504453466,54.92623709942041
2001-12-11,33.32724650412546,29.994521853712914,262.66532654738046,55.09344193440281
2001-12-12,33.3617941324328,30.02561471918952,263.2442880502263,55.26064676938521
2001-12-13,33.396341760740135,30.056707584666125,263.8232495530721,55.42785160436762
2001-12-14,33.43088938904747,30.08780045014273,264.402211055918,55.59505643935002
2001-12-15,33.47898743850676,30.131088694656093,264.1872579750465,55.82342975752676
2001-12-16,33.52708548796606,30.17437693916946,263.97230489417507,56.05180307570351
2001-12-17,33.57518353742535,30.217665183682826,263.7573518133036,56.280176393880254
2001-12-18,33.623281586884644,30.260953428196185,263.5423987324322,56.508549712057
2001-12-19,33.671379636343936,30.304241672709548,263.3274456515608,56.73692303023374
2001-12-20,33.719477685803234,30.347529917222914,263.1124925706893,56.96529634841049
2001-12-21,33.767575735262525,30.39081816173628,262.89753948981786,57.19366966658723
2001-12-22,33.80429565589177,30.4238660903026,262.21973810671705,57.44661931328075
2001-12-23,33.84101557652101,30.456914018868915,261.54193672361623,57.699568959974265
2001-12-24,33.877735497150255,30.489961947435237,260.8641353405154,57.95251860666778
2001-12-25,33.9144554177795,30.523009876001552,260.18633395741466,58.2054682533613
2001-12-26,33.951175338408746,30.55605780456787,259.50853257431385,58.45841790005482
2001-12-27,33.987895259037984,30.58910573313419,258.83073119121303,58.711367546748335
2001-12-28,34.02461517966723,30.62215366170051,258.1529298081122,58.96431719344185
2001-12-29,34.025072158728435,30.622564942855597,257.3429038635166,59.20527915560439
2001-12-30,34.02552913778964,30.62297622401068,256.53287791892103,59.44624111776692
2001-12-31,34.025986116850845,30.623387505165766,255.7228519743254,59.68720307992945
2002-01-01,34.02644309591206,30.62379878632085,254.9128260297298,59.92816504209198
2002-01-02,34.02690007497326,30.624210067475936,254.10280008513425,60.16912700425452
2002-01-03,34.02735705403447,30.624621348631024,253.2927741405386,60.41008896641705
2002-01-04,34.02781403309567,30.62503262978611,252.482748195943,60.65105092857959
2002-01-05,33.981012846362404,30.582911561726167,251.73058424992345,60.85239809961393
2002-01-06,33.934211659629135,30.540790493666226,250.97842030390385,61.05374527064826
2002-01-07,33.887410472895866,30.498669425606284,250.22625635788424,61.255092441682606
2002-01-08,33.8406092861626,30.45654835754634,249.47409241186463,61.45643961271694
2002-01-09,33.79380809942933,30.4144272894864,248.72192846584508,61.65778678375128
2002-01-10,33.74700691269606,30.372306221426456,247.96976451982547,61.85913395478562
2002-01-11,33.70020572596279,30.330185153366514,247.2176005738059,62.06048112581996
2002-01-12,33.62879108533489,30.265911976801405,246.3730106838364,62.216231170096144
2002-01-13,33.557376444707,30.2016388002363,245.52842079386684,62.37198121437232
2002-01-14,33.485961804079096,30.13736562367119,244.6838309038973,62.5277312586485
2002-01-15,33.4145471634512,30.07309244710608,243.8392410139278,62.68348130292468
2002-01-16,33.343132522823296,30.00881927054097,242.99465112395825,62.83923134720087
2002-01-17,33.271717882195404,29.944546093975863,242.15006123398877,62.99498139147704
2002-01-18,33.200303241567504,29.88027291741076,241.3054713440192,63.15073143575322
2002-01-19,33.13191286831265,29.818721581481384,240.16764746332456,63.25811464396133
2002-01-20,33.06352249505778,29.757170245552008,239.02982358263,63.36549785216944
2002-01-21,32.995132121802925,29.695618909622635,237.89199970193536,63.472881060377546
2002-01-22,32.92674174854807,29.63406757369326,236.75417582124075,63.58026426858566
2002-01-23,32.85835137529321,29.57251623776389,235.6163519405461,63.68764747679376
2002-01-24,32.789961002038346,29.510964901834512,234.47852805985156,63.79503068500188
2002-01-25,32.72157062878349,29.44941356590514,233.3407041791569,63.90241389320998
2002-01-26,32.683842244169334,29.415458019752403,231.70883826096212,63.95866055604011
2002-01-27,32.646113859555186,29.381502473599664,230.07697234276745,64.01490721887023
2002-01-28,32.60838547494103,29.347546927446928,228.44510642457263,64.07115388170037
2002-01-29,32.57065709032688,29.31359138129419,226.81324050637792,64.12740054453049
2002-01-30,32.53292870571273,29.279635835141452,225.1813745881832,64.18364720736062
2002-01-31,32.49520032109858,29.24568028898872,223.54950866998843,64.23989387019074
2002-02-01,32.457471936484424,29.21172474283598,221.9176427517937,64.29614053302087
2002-02-02,32.47345052893544,29.22610547604189,219.6156660925776,64.29838379990558
2002-02-03,32.48942912138645,29.24048620924781,217.31368943336147,64.30062706679028
2002-02-04,32.505407713837464,29.25486694245372,215.01171277414537,64.30287033367499
2002-02-05,32.52138630628848,29.26924767565963,212.70973611492929,64.3051136005597
2002-02-06,32.53736489873949,29.283628408865543,210.40775945571315,64.3073568674444
2002-02-07,32.5533434911905,29.298009142071457,208.10578279649707,64.3096001343291
2002-02-08,32.56932208364152,29.31238987527737,205.80380613728096,64.3118434012138
2002-02-09,32.62965104757692,29.366685942819235,202.83018536650152,64.25653109289462
2002-02-10,32.68998001151233,29.4209820103611,199.8565645957221,64.20121878457542
2002-02-11,32.75030897544774,29.475278077902967,196.88294382494263,64.14590647625623
2002-02-12,32.81063793938315,29.529574145444837,193.9093230541632,64.09059416793704
2002-02-13,32.87096690331855,29.5838702129867,190.93570228338373,64.03528185961784
2002-02-14,32.931295867253965,29.63816628052857,187.9620815126043,63.97996955129865
2002-02-15,32.99162483118937,29.692462348070432,184.98846074182484,63.92465724297946
2002-02-16,33.0730070966912,29.76570638702208,181.4167545842419,63.8079423243283
2002-02-17,33.15438936219304,29.83895042597373,177.84504842665893,63.69122740567715
2002-02-18,33.23577162769487,29.91219446492538,174.27334226907598,63.57451248702599
2002-02-19,33.3171538931967,29.985438503877035,170.70163611149303,63.45779756837483
2002-02-20,33.39853615869853,30.058682542828684,167.12992995391008,63.34108264972368
2002-02-21,33.47991842420037,30.13192658178033,163.55822379632713,63.22436773107252
2002-02-22,33.5613006897022,30.205170620731984,159.98651763874415,63.10765281242136
2002-02-23,33.64038498206367,30.276346483857303,155.89057680015,62.92568710182039
2002-02-24,33.71946927442514,30.34752234698263,151.79463596155583,62.7437213912194
2002-02-25,33.79855356678661,30.41869821010795,147.69869512296168,62.561755680618425
2002-02-26,33.87763785914808,30.48987407323327,143.6027542843675,62.37978997001745
2002-02-27,33.95672215150955,30.561049936358597,139.50681344577333,62.19782425941647
2002-02-28,34.03580644387102,30.63222579948392,135.41087260717916,62.01585854881549
2002-03-01,34.11489073623249,30.70340166260924,131.31493176858498,61.83389283821451
2002-03-02,34.16879030103913,30.751911270935214,126.77908347584383,61.58394835902375
2002-03-03,34.222689865845766,30.80042087926119,122.24323518310268,61.33400387983298
2002-03-04,34.27658943065241,30.848930487587165,117.70738689036152,61.08405940064223
2002-03-05,34.33048899545904,30.897440095913144,113.17153859762038,60.83411492145146
2002-03-06,34.384388560265684,30.94594970423912,108.63569030487923,60.5841704422607
2002-03-07,34.43828812507232,30.99445931256509,104.09984201213808,60.33422596306993
2002-03-08,34.49218768987896,31.04296892089107,99.56399371939692,60.08428148387917
2002-03-09,34.511131289679284,31.06001816071136,94.96836495690916,59.79525873217104
2002-03-10,34.5300748894796,31.077067400531643,90.37273619442136,59.5062359804629
2002-03-11,34.54901848927992,31.09411664035193,85.77710743193359,59.21721322875477
2002-03-12,34.56796208908024,31.11116588017222,81.1814786694458,58.92819047704664
2002-03-13,34.58690568888056,31.128215119992507,76.58584990695802,58.6391677253385
2002-03-14,34.60584928868088,31.145264359812792,71.99022114447024,58.35014497363037
2002-03-15,34.6247928884812,31.16231359963308,67.39459238198245,58.06112222192223
2002-03-16,34.61363735208949,31.152273616880542,63.4699194550582,57.79719772566537
2002-03-17,34.60248181569778,31.142233634128,59.54524652813394,57.53327322940852
2002-03-18,34.59132627930607,31.132193651375463,55.620573601209685,57.26934873315165
2002-03-19,34.580170742914355,31.12215366862292,51.69590067428543,57.0054242368948
2002-03-20,34.56901520652264,31.112113685870384,47.77122774736118,56.741499740637934
2002-03-21,34.55785967013093,31.10207370311784,43.84655482043692,56.47757524438108
2002-03-22,34.54670413373922,31.092033720365304,39.92188189351267,56.213650748124216
2002-03-23,34.51107445027385,31.059967005246477,37.4717265457284,56.04085347749636
2002-03-24,34.47544476680849,31.02790029012764,35.02157119794411,55.8680562068685
2002-03-25,34.43981508334312,30.99583357500881,32.57141585015984,55.69525893624065
2002-03-26,34.40418539987775,30.963766859889976,30.12126050237556,55.52246166561279
2002-03-27,34.36855571641238,30.931700144771145,27.67110515459128,55.34966439498493
2002-03-28,34.332926032947015,30.89963342965231,25.22094980680701,55.176867124357074
2002-03-29,34.29729634948165,30.86756671453348,22.770794459022728,55.00406985372922
2002-03-30,34.242817640746864,30.81853587667218,22.17073637014008,54.98839960350288
2002-03-31,34.18833893201209,30.769505038810877,21.570678281257432,54.97272935327655
2002-04-01,34.1338602232773,30.72047420094957,20.970620192374785,54.95705910305021
2002-04-02,34.07938151454252,30.67144336308827,20.370562103492137,54.94138885282389
2002-04-03,34.024902805807734,30.622412525226967,19.77050401460949,54.92571860259755
2002-04-04,33.97042409707296,30.57338168736566,19.17044592572684,54.91004835237121
2002-04-05,33.91594538833817,30.52435084950436,18.570387836844198,54.89437810214488
2002-04-06,33.84841038826555,30.463569349438995,20.491536376716272,55.06497956076701
2002-04-07,33.780875388192925,30.402787849373635,22.412684916588347,55.23558101938916
2002-04-08,33.7133403881203,30.34200634930827,24.333833456460425,55.406182478011296
2002-04-09,33.64580538804767,30.281224849242907,26.2549819963325,55.57678393663344
2002-04-10,33.578270387975046,30.220443349177543,28.176130536204575,55.74738539525558
2002-04-11,33.51073538790242,30.159661849112183,30.097279076076653,55.91798685387772
2002-04-12,33.4432003878298,30.09888034904682,32.01842761594873,56.08858831249986
2002-04-13,33.36889722490653,30.032007502415883,35.2225407975977,56.365677182717775
2002-04-14,33.294594061983275,29.965134655784947,38.42665397924668,56.64276605293569
2002-04-15,33.22029089906001,29.89826180915401,41.63076716089565,56.91985492315361
2002-04-16,33.145987736136746,29.831388962523075,44.83488034254462,57.19694379337152
2002-04-17,33.07168457321348,29.76451611589214,48.0389935241936,57.47403266358943
2002-04-18,32.997381410290224,29.697643269261203,51.24310670584257,57.75112153380735
2002-04-19,32.92307824736696,29.630770422630267,54.44721988749154,58.02821040402527
2002-04-20,32.84838613394137,29.563547520547232,57.63892390262509,58.311974569364
2002-04-21,32.77369402051577,29.4963246184642,60.83062791775864,58.59573873470273
2002-04-22,32.69900190709018,29.42910171638116,64.02233193289219,58.87950290004146
2002-04-23,32.62430979366458,29.361878814298123,67.21403594802574,59.16326706538019
2002-04-24,32.54961768023899,29.294655912215088,70.40573996315929,59.44703123071892
2002-04-25,32.47492556681339,29.227433010132053,73.59744397829283,59.73079539605765
2002-04-26,32.4002334533878,29.160210108049014,76.78914799342638,60.01455956139638
2002-04-27,32.33153160180818,29.098378441627364,78.63604547266613,60.20518690538094
2002-04-28,32.26282975022857,29.03654677520571,80.48294295190587,60.3958142493655
2002-04-29,32.19412789864895,28.974715108784057,82.32984043114561,60.58644159335006
2002-04-30,32.12542604706934,28.912883442362403,84.17673791038537,60.77706893733461
2002-05-01,32.05672419548972,28.85105177594075,86.02363538962511,60.96769628131917
2002-05-02,31.988022343910107,28.789220109519096,87.87053286886486,61.15832362530373
2002-05-03,31.91932049233049,28.727388443097443,89.7174303481046,61.34895096928829
2002-05-04,31.86246880572196,28.67622192514976,89.06942644253682,61.35890070266377
2002-05-05,31.805617119113425,28.62505540720208,88.42142253696906,61.368850436039246
2002-05-06,31.74876543250489,28.5738888892544,87.77341863140128,61.37880016941472
2002-05-07,31.691913745896358,28.52272237130672,87.12541472583352,61.3887499027902
2002-05-08,31.63506205928782,28.471555853359035,86.47741082026575,61.39869963616568
2002-05-09,31.578210372679287,28.420389335411357,85.82940691469798,61.40864936954115
2002-05-10,31.52135868607075,28.369222817463672,85.18140300913021,61.41859910291663
2002-05-11,31.477627953630638,28.32986515826757,82.41463543669465,61.26877164282444
2002-05-12,31.43389722119052,28.290507499071463,79.64786786425908,61.11894418273226
2002-05-13,31.390166488750403,28.25114983987536,76.88110029182353,60.96911672264007
2002-05-14,31.34643575631029,28.211792180679254,74.11433271938796,60.81928926254788
2002-05-15,31.30270502387017,28.17243452148315,71.3475651469524,60.66946180245569
2002-05-16,31.258974291430057,28.133076862287044,68.58079757451685,60.51963434236351
2002-05-17,31.21524355898994,28.09371920309094,65.81403000208128,60.36980688227132
2002-05-18,31.18351200719053,28.06516080647147,62.10034720106784,60.13763913467591
2002-05-19,31.15178045539112,28.036602409852,58.38666440005441,59.905471387080496
2002-05-20,31.1200489035917,28.008044013232528,54.672981599040966,59.67330363948509
2002-05-21,31.088317351792288,27.979485616613054,50.959298798027525,59.44113589188967
2002-05-22,31.056585799992877,27.950927219993588,47.245615997014085,59.20896814429426
2002-05-23,31.024854248193463,27.922368823374114,43.53193319600065,58.97680039669885
2002-05-24,30.99312269639405,27.893810426754644,39.81825039498721,58.74463264910344
2002-05-25,30.972247876086136,27.875023088477523,36.3363770345552,58.50805008690664
2002-05-26,30.951373055778227,27.856235750200405,32.85450367412318,58.27146752470984
2002-05-27,30.930498235470317,27.837448411923283,29.372630313691168,58.03488496251303
2002-05-28,30.909623415162404,27.81866107364616,25.89075695325915,57.798302400316224
2002-05-29,30.88874859485449,27.79987373536904,22.408883592827134,57.56171983811942
2002-05-30,30.86787377454658,27.78108639709192,18.927010232395123,57.32513727592262
2002-05-31,30.846998954238668,27.7622990588148,15.44513687196311,57.08855471372582
2002-06-01,30.83586665189993,27.75227998670994,13.756568791314296,56.92414128198575
2002-06-02,30.8247343495612,27.74226091460508,12.068000710665482,56.75972785024568
2002-06-03,30.813602047222464,27.73224184250022,10.379432630016668,56.5953144185056
2002-06-04,30.80246974488373,27.722222770395355,8.690864549367854,56.430900986765536
2002-06-05,30.791337442545,27.71220369829049,7.00229646871904,56.26648755502546
2002-06-06,30.78020514020626,27.702184626185637,5.313728388070226,56.10207412328539
2002-06-07,30.76907283786753,27.692165554080773,3.625160307421413,55.93766069154532
2002-06-08,30.767740699426607,27.690966629483945,3.637568487908012,55.86632308441027
2002-06-09,30.76640856098569,27.68976770488712,3.6499766683946095,55.79498547727522
2002-06-10,30.76507642254477,27.688568780290293,3.662384848881209,55.72364787014017
2002-06-11,30.76374428410385,27.68736985569347,3.674793029367808,55.65231026300512
2002-06-12,30.762412145662932,27.68617093109664,3.6872012098544062,55.58097265587007
2002-06-13,30.761080007222017,27.684972006499816,3.699609390341005,55.50963504873502
2002-06-14,30.759747868781098,27.683773081902988,3.712017570827604,55.43829744159997
2002-06-15,30.76984020010445,27.692856180094008,4.420317058148971,55.40650738716781
2002-06-16,30.77993253142781,27.70193927828503,5.128616545470338,55.37471733273564
2002-06-17,30.790024862751167,27.71102237647605,5.836916032791706,55.34292727830347
2002-06-18,30.800117194074527,27.720105474667072,6.545215520113073,55.311137223871306
2002-06-19,30.810209525397884,27.72918857285809,7.253515007434441,55.27934716943914
2002-06-20,30.82030185672124,27.73827167104912,7.961814494755808,55.24755711500697
2002-06-21,30.8303941880446,27.747354769240136,8.670113982077176,55.215767060574805
2002-06-22,30.85364458336812,27.768280125031307,10.047417698504828,55.164803790555375
2002-06-23,30.87689497869164,27.789205480822478,11.42472141493248,55.113840520535945
2002-06-24,30.90014537401516,27.810130836613645,12.802025131360136,55.062877250516514
2002-06-25,30.923395769338683,27.831056192404816,14.179328847787788,55.01191398049708
2002-06-26,30.946646164662205,27.851981548195987,15.55663256421544,54.96095071047765
2002-06-27,30.969896559985724,27.872906903987158,16.933936280643096,54.90998744045822
2002-06-28,30.993146955309246,27.893832259778325,18.311239997070743,54.85902417043879
2002-06-29,31.03128894958269,27.928160054624428,19.878264225563235,54.73016765793583
2002-06-30,31.069430943856144,27.96248784947053,21.445288454055724,54.60131114543288
2002-07-01,31.107572938129596,27.99681564431664,23.012312682548213,54.47245463292992
2002-07-02,31.145714932403045,28.031143439162744,24.5793369110407,54.34359812042696
2002-07-03,31.18385692667649,28.065471234008847,26.14636113953319,54.214741607924005
2002-07-04,31.221998920949943,28.099799028854957,27.71338536802568,54.08588509542105
2002-07-05,31.260140915223392,28.134126823701056,29.280409596518165,53.95702858291809
2002-07-06,31.313045419033703,28.181740877130338,30.52223254723585,53.71485157432191
2002-07-07,31.36594992284402,28.22935493055962,31.76405549795354,53.47267456572572
2002-07-08,31.41885442665433,28.2769689839889,33.005878448671226,53.23049755712953
2002-07-09,31.47175893046465,28.324583037418183,34.24770139938892,52.98832054853335
2002-07-10,31.524663434274967,28.372197090847468,35.4895243501066,52.74614353993716
2002-07-11,31.57756793808528,28.41981114427675,36.73134730082428,52.50396653134097
2002-07-12,31.630472441895595,28.46742519770603,37.97317025154197,52.26178952274479
2002-07-13,31.69125581065228,28.522130229587045,38.85657894744136,51.95533285449077
2002-07-14,31.75203917940896,28.57683526146805,39.73998764334074,51.64887618623676
2002-07-15,31.81282254816564,28.63154029334907,40.62339633924013,51.34241951798275
2002-07-16,31.873605916922315,28.68624532523008,41.50680503513951,51.03596284972874
2002-07-17,31.934389285679,28.740950357111096,42.39021373103889,50.729506181474726
2002-07-18,31.99517265443568,28.795655388992103,43.27362242693828,50.42304951322072
2002-07-19,32.05595602319236,28.85036042087312,44.15703112283766,50.1165928449667
2002-07-20,32.1162039814679,28.904583583321102,44.88693138468187,49.81403843087729
2002-07-21,32.17645193974344,28.95880674576909,45.61683164652608,49.51148401678788
2002-07-22,32.236699898018976,29.01302990821708,46.346731908370295,49.20892960269847
2002-07-23,32.29694785629452,29.067253070665068,47.0766321702145,48.906375188609054
2002-07-24,32.35719581457006,29.121476233113054,47.80653243205872,48.60382077451964
2002-07-25,32.4174437728456,29.17569939556104,48.53643269390293,48.30126636043023
2002-07-26,32.47769173112114,29.229922558009022,49.26633295574714,47.99871194634082
2002-07-27,32.52899000348804,29.27609100313924,50.04763060429937,47.7682417002384
2002-07-28,32.58028827585494,29.322259448269445,50.82892825285161,47.53777145413599
2002-07-29,32.63158654822184,29.36842789339965,51.61022590140384,47.30730120803357
2002-07-30,32.68288482058874,29.41459633852986,52.39152354995608,47.07683096193115
2002-07-31,32.73418309295564,29.46076478366007,53.17282119850832,46.84636071582873
2002-08-01,32.78548136532254,29.50693322879028,53.95411884706056,46.61589046972632
2002-08-02,32.83677963768944,29.55310167392049,54.73541649561279,46.385420223623896
2002-08-03,32.87196404624443,29.584767641619983,55.745891880678535,46.287747180516135
2002-08-04,32.907148454799426,29.61643360931948,56.75636726574428,46.19007413740837
2002-08-05,32.942332863354416,29.64809957701897,57.76684265081002,46.09240109430061
2002-08-06,32.977517271909406,29.679765544718467,58.777318035875766,45.99472805119285
2002-08-07,33.0127016804644,29.71143151241796,59.78779342094151,45.89705500808508
2002-08-08,33.04788608901939,29.743097480117456,60.79826880600726,45.79938196497732
2002-08-09,33.08307049757438,29.774763447816948,61.808744191073,45.70170892186956
2002-08-10,33.109009500217525,29.79810855019577,62.921687934607725,45.71370621288912
2002-08-11,33.13494850286067,29.821453652574604,64.03463167814245,45.72570350390868
2002-08-12,33.16088750550381,29.84479875495343,65.14757542167717,45.73770079492823
2002-08-13,33.18682650814695,29.868143857332257,66.26051916521189,45.74969808594779
2002-08-14,33.21276551079009,29.891488959711083,67.37346290874662,45.76169537696735
2002-08-15,33.238704513433234,29.914834062089916,68.48640665228135,45.77369266798691
2002-08-16,33.264643516076376,29.93817916446874,69.59935039581606,45.78568995900646
2002-08-17,33.29702709887337,29.967324388986032,70.49663756905281,45.83152528746728
2002-08-18,33.32941068167036,29.99646961350333,71.39392474228956,45.87736061592809
2002-08-19,33.36179426446736,30.02561483802062,72.2912119155263,45.92319594438891
2002-08-20,33.394177847264345,30.05476006253791,73.18849908876304,45.96903127284972
2002-08-21,33.42656143006134,30.0839052870552,74.08578626199979,46.01486660131054
2002-08-22,33.45894501285833,30.113050511572496,74.98307343523653,46.06070192977135
2002-08-23,33.491328595655325,30.14219573608979,75.88036060847328,46.106537258232166
2002-08-24,33.545983698785776,30.191385328907195,76.24089455862594,46.1095600763437
2002-08-25,33.60063880191622,30.2405749217246,76.60142850877858,46.11258289445524
2002-08-26,33.65529390504667,30.289764514542004,76.96196245893124,46.11560571256677
2002-08-27,33.70994900817712,30.33895410735941,77.3224964090839,46.11862853067831
2002-08-28,33.76460411130757,30.38814370017681,77.68303035923655,46.12165134878984
2002-08-29,33.81925921443801,30.43733329299421,78.0435643093892,46.12467416690138
2002-08-30,33.87391431756846,30.48652288581162,78.40409825954185,46.12769698501291
2002-08-31,33.96640728098782,30.56976655288905,77.912924203915,46.01219205210085
2002-09-01,34.05890024440719,30.653010219966475,77.42175014828815,45.89668711918879
2002-09-02,34.15139320782655,30.7362538870439,76.9305760926613,45.78118218627673
2002-09-03,34.24388617124592,30.81949755412133,76.43940203703444,45.66567725336467
2002-09-04,34.33637913466528,30.90274122119876,75.94822798140758,45.55017232045261
2002-09-05,34.428872098084646,30.985984888276185,75.45705392578074,45.43466738754055
2002-09-06,34.52136506150401,31.06922855535361,74.96587987015388,45.31916245462849
2002-09-07,34.65001323884722,31.185011914962505,73.71457004852661,45.07132199654546
2002-09-08,34.77866141619044,31.3007952745714,72.46326022689935,44.82348153846243
2002-09-09,34.907309593533654,31.416578634180294,71.21195040527208,44.575641080379405
2002-09-10,35.03595777087687,31.532361993789184,69.96064058364482,44.32780062229637
2002-09-11,35.164605948220085,31.64814535339808,68.70933076201754,44.07996016421335
2002-09-12,35.2932541255633,31.763928713006973,67.45802094039027,43.83211970613032
2002-09-13,35.42190230290652,31.879712072615867,66.20671111876301,43.58427924804729
2002-09-14,35.557315950539696,32.001584355485726,64.93984331830187,43.289737635526535
2002-09-15,35.692729598172875,32.123456638355584,63.67297551784071,42.99519602300578
2002-09-16,35.828143245806054,32.24532892122544,62.40610771737957,42.70065441048503
2002-09-17,35.963556893439225,32.36720120409531,61.13923991691842,42.40611279796428
2002-09-18,36.0989705410724,32.48907348696517,59.87237211645727,42.11157118544353
2002-09-19,36.23438418870558,32.61094576983503,58.60550431599612,41.81702957292278
2002-09-20,36.36979783633876,32.732818052704886,57.33863651553497,41.52248796040202
2002-09-21,36.48008656824278,32.83207791141851,56.85973253668145,41.27585449359483
2002-09-22,36.5903753001468,32.931337770132124,56.38082855782793,41.02922102678762
2002-09-23,36.70066403205082,33.03059762884575,55.90192457897441,40.78258755998043
2002-09-24,36.81095276395485,33.12985748755936,55.42302060012089,40.53595409317323
2002-09-25,36.92124149585887,33.229117346272986,54.94411662126737,40.28932062636604
2002-09-26,37.03153022776289,33.3283772049866,54.46521264241385,40.04268715955883
2002-09-27,37.141818959666914,33.427637063700224,53.98630866356033,39.796053692751634
2002-09-28,37.19509238982266,33.4755831508404,55.0988565017508,39.69193767180926
2002-09-29,37.24836581997842,33.523529237980576,56.21140433994128,39.58782165086688
2002-09-30,37.301639250134166,33.57147532512075,57.32395217813176,39.4837056299245
2002-10-01,37.35491268028992,33.61942141226093,58.43650001632224,39.37958960898212
2002-10-02,37.40818611044567,33.6673674994011,59.54904785451271,39.27547358803975
2002-10-03,37.46145954060143,33.71531358654128,60.66159569270319,39.17135756709737
2002-10-04,37.51473297075717,33.76325967368145,61.77414353089366,39.06724154615499
2002-10-05,37.48893180333347,33.740038623000125,64.9759228668713,39.17578120923458
2002-10-06,37.46313063590977,33.71681757231879,68.17770220284895,39.28432087231417
2002-10-07,37.43732946848607,33.69359652163746,71.3794815388266,39.39286053539376
2002-10-08,37.41152830106237,33.67037547095613,74.58126087480424,39.50140019847335
2002-10-09,37.38572713363867,33.6471544202748,77.78304021078189,39.60993986155294
2002-10-10,37.359925966214966,33.623933369593466,80.98481954675954,39.71847952463253
2002-10-11,37.33412479879127,33.60071231891214,84.18659888273719,39.82701918771212
2002-10-12,37.25105043791184,33.525945394120654,88.61123376293293,40.109176894489
2002-10-13,37.16797607703241,33.451178469329164,93.03586864312864,40.39133460126588
2002-10-14,37.08490171615298,33.37641154453768,97.4605035233244,40.67349230804275
2002-10-15,37.00182735527355,33.30164461974619,101.88513840352012,40.955650014819625
2002-10-16,36.91875299439412,33.22687769495471,106.30977328371586,41.2378077215965
2002-10-17,36.83567863351469,33.15211077016322,110.73440816391158,41.51996542837338
2002-10-18,36.75260427263526,33.077343845371736,115.15904304410732,41.80212313515026
2002-10-19,36.64628522594075,32.98165670334667,119.55988797625356,42.18842614578878
2002-10-20,36.53996617924624,32.885969561321616,123.96073290839982,42.57472915642731
2002-10-21,36.43364713255173,32.79028241929655,128.36157784054606,42.96103216706583
2002-10-22,36.32732808585721,32.69459527727149,132.7624227726923,43.34733517770436
2002-10-23,36.2210090391627,32.598908135246425,137.16326770483855,43.73363818834288
2002-10-24,36.114689992468186,32.50322099322137,141.56411263698482,44.11994119898141
2002-10-25,36.00837094577368,32.407533851196305,145.96495756913106,44.50624420961993
2002-10-26,35.912836249184586,32.321552624266126,149.09535063080537,44.92721846931642
2002-10-27,35.8173015525955,32.235571397335946,152.22574369247968,45.34819272901292
2002-10-28,35.72176685600641,32.149590170405766,155.356136754154,45.76916698870941
2002-10-29,35.62623215941733,32.06360894347559,158.4865298158283,46.19014124840591
2002-10-30,35.53069746282824,31.97762771654541,161.61692287750262,46.6111155081024
2002-10-31,35.43516276623915,31.891646489615237,164.74731593917693,47.032089767798894
2002-11-01,35.33962806965006,31.805665262685054,167.87770900085124,47.45306402749539
2002-11-02,35.28684813699628,31.75816332329665,168.6041261011516,47.84207023423846
2002-11-03,35.23406820434249,31.71066138390824,169.33054320145197,48.231076440981546
2002-11-04,35.18128827168871,31.66315944451984,170.0569603017523,48.62008264772462
2002-11-05,35.12850833903492,31.61565750513143,170.78337740205268,49.0090888544677
2002-11-06,35.07572840638114,31.568155565743027,171.50979450235303,49.398095061210775
2002-11-07,35.022948473727354,31.52065362635462,172.23621160265338,49.78710126795386
2002-11-08,34.97016854107357,31.47315168696621,172.96262870295374,50.17610747469693
2002-11-09,34.962180747380366,31.46596267264233,171.79660684139492,50.50772455964178
2002-11-10,34.95419295368716,31.45877365831845,170.63058497983607,50.83934164458663
2002-11-11,34.94620515999396,31.451584643994565,169.46456311827723,51.17095872953148
2002-11-12,34.93821736630076,31.444395629670684,168.29854125671844,51.50257581447632
2002-11-13,34.93022957260756,31.4372066153468,167.13251939515962,51.83419289942117
2002-11-14,34.922241778914355,31.43001760102292,165.96649753360077,52.16580998436602
2002-11-15,34.91425398522115,31.422828586699037,164.80047567204196,52.49742706931087
2002-11-16,34.93049022483315,31.437441202349834,163.495904719181,52.777362041841485
2002-11-17,34.94672646444516,31.452053818000635,162.19133376632007,53.05729701437211
2002-11-18,34.962962704057155,31.46666643365144,160.88676281345911,53.33723198690273
2002-11-19,34.979198943669154,31.48127904930224,159.5821918605982,53.61716695943335
2002-11-20,34.99543518328115,31.49589166495304,158.27762090773723,53.89710193196397
2002-11-21,35.01167142289316,31.51050428060384,156.9730499548763,54.17703690449459
2002-11-22,35.02790766250516,31.52511689625464,155.66847900201537,54.45697187702521
2002-11-23,35.04724303072187,31.54251872764969,156.00984941160675,54.69169846697181
2002-11-24,35.0665783989386,31.55992055904473,156.3512198211982,54.92642505691841
2002-11-25,35.08591376715531,31.57732239043978,156.6925902307896,55.16115164686501
2002-11-26,35.10524913537203,31.594724221834827,157.03396064038105,55.395878236811605
2002-11-27,35.12458450358874,31.612126053229872,157.37533104997243,55.6306048267582
2002-11-28,35.143919871805466,31.62952788462492,157.71670145956386,55.865331416704805
2002-11-29,35.16325524002218,31.646929716019965,158.05807186915527,56.1000580066514
2002-11-30,35.16466247912601,31.648196231213408,161.8179520712972,56.29601946976651
2002-12-01,35.16606971822983,31.64946274640685,165.57783227343918,56.49198093288162
2002-12-02,35.167476957333655,31.650729261600294,169.33771247558113,56.68794239599673
2002-12-03,35.168884196437475,31.651995776793733,173.0975926777231,56.88390385911183
2002-12-04,35.1702914355413,31.653262291987176,176.85747287986504,57.079865322226944
2002-12-05,35.17169867464512,31.65452880718062,180.617353082007,57.27582678534205
2002-12-06,35.17310591374895,31.65579532237406,184.37723328414896,57.47178824845716
2002-12-07,35.14726722027433,31.6325404982469,191.8985480426699,57.6317735051706
2002-12-08,35.121428526799704,31.60928567411974,199.4198628011908,57.79175876188403
2002-12-09,35.095589833325086,31.58603084999258,206.94117755971175,57.95174401859747
2002-12-10,35.06975113985046,31.56277602586542,214.4624923182327,58.111729275310914
2002-12-11,35.04391244637584,31.53952120173826,221.98380707675364,58.27171453202436
2002-12-12,35.018073752901216,31.5162663776111,229.50512183527457,58.43169978873779
2002-12-13,34.9922350594266,31.49301155348394,237.0264365937955,58.59168504545123
2002-12-14,34.9525174318613,31.45726568867517,245.88245269060312,58.71140344858176
2002-12-15,34.91279980429601,31.421519823866408,254.7384687874108,58.8311218517123
2002-12-16,34.87308217673071,31.385773959057644,263.5944848842184,58.95084025484283
2002-12-17,34.83336454916542,31.35002809424888,272.45050098102604,59.07055865797336
2002-12-18,34.79364692160012,31.31428222944012,281.3065170778337,59.19027706110389
2002-12-19,34.753929294034826,31.27853636463135,290.1625331746413,59.309995464234426
2002-12-20,34.71421166646953,31.242790499822583,299.01854927144893,59.42971386736496
2002-12-21,34.676580546440604,31.208922491796557,306.4652814888062,59.504063836758434
2002-12-22,34.63894942641168,31.17505448377052,313.91201370616346,59.57841380615192
2002-12-23,34.60131830638275,31.141186475744487,321.3587459235208,59.65276377554539
2002-12-24,34.56368718635383,31.10731846771845,328.805478140878,59.72711374493886
2002-12-25,34.526056066324905,31.073450459692417,336.2522103582353,59.801463714332336
2002-12-26,34.48842494629598,31.039582451666384,343.6989425755926,59.875813683725816
2002-12-27,34.45079382626705,31.00571444364035,351.1456747929498,59.95016365311929
2002-12-28,34.43121465540153,30.98809318986138,354.4391379131204,59.97404360862157
2002-12-29,34.411635484536006,30.97047193608241,357.73260103329085,59.997923564123845
2002-12-30,34.39205631367049,30.95285068230344,361.0260641534614,60.02180351962612
2002-12-31,34.37247714280497,30.935229428524472,364.31952727363193,60.04568347512839
2003-01-01,34.35289797193945,30.917608174745503,367.6129903938025,60.069563430630666
2003-01-02,34.33331880107392,30.899986920966533,370.90645351397296,60.09344338613295
2003-01-03,34.3137396302084,30.882365667187564,374.1999166341435,60.11732334163522
2003-01-04,34.32472572511568,30.89225315260411,371.2503155233652,60.089353256486206
2003-01-05,34.335711820022944,30.90214063802065,368.30071441258673,60.06138317133719
2003-01-06,34.34669791493022,30.9120281234372,365.3511133018084,60.033413086188176
2003-01-07,34.357684009837484,30.921915608853737,362.40151219103,60.00544300103916
2003-01-08,34.36867010474476,30.931803094270283,359.45191108025165,59.97747291589015
2003-01-09,34.379656199652025,30.941690579686824,356.50230996947323,59.94950283074113
2003-01-10,34.3906422945593,30.95157806510337,353.55270885869487,59.92153274559212
2003-01-11,34.425721474076965,30.98314932666927,345.8680683688978,59.8607998540113
2003-01-12,34.46080065359464,31.01472058823517,338.1834278791008,59.80006696243049
2003-01-13,34.495879833112305,31.046291849801072,330.49878738930374,59.73933407084968
2003-01-14,34.53095901262997,31.077863111366973,322.8141468995067,59.67860117926888
2003-01-15,34.56603819214764,31.109434372932878,315.1295064097096,59.61786828768806
2003-01-16,34.60111737166531,31.14100563449877,307.4448659199126,59.55713539610725
2003-01-17,34.63619655118298,31.17257689606468,299.76022543011555,59.49640250452644
2003-01-18,34.68240444351091,31.21416399915982,290.07886384604586,59.42899292807928
2003-01-19,34.72861233583885,31.25575110225496,280.3975022619761,59.36158335163213
2003-01-20,34.77482022816678,31.297338205350105,270.7161406779064,59.29417377518497
2003-01-21,34.821028120494724,31.338925308445244,261.03477909383673,59.22676419873782
2003-01-22,34.86723601282266,31.380512411540387,251.35341750976696,59.15935462229066
2003-01-23,34.913443905150594,31.42209951463553,241.6720559256973,59.09194504584351
2003-01-24,34.95965179747853,31.463686617730676,231.9906943416276,59.02453546939636
2003-01-25,35.00401837526216,31.50361653773594,223.0520016959025,58.97654142660243
2003-01-26,35.04838495304579,31.543546457741208,214.11330905017743,58.928547383808514
2003-01-27,35.09275153082942,31.583476377746475,205.1746164044524,58.88055334101459
2003-01-28,35.137118108613045,31.623406297751742,196.2359237587273,58.83255929822067
2003-01-29,35.18148468639667,31.66333621775701,187.29723111300223,58.78456525542675
2003-01-30,35.22585126418031,31.70326613776228,178.35853846727716,58.73657121263283
2003-01-31,35.270217841963934,31.743196057767545,169.4198458215521,58.68857716983891
2003-02-01,35.30008539319782,31.77007685387804,163.8529960183128,58.684745637363896
2003-02-02,35.3299529444317,31.79695764998853,158.2861462150735,58.68091410488888
2003-02-03,35.35982049566559,31.82383844609903,152.71929641183422,58.677082572413866
2003-02-04,35.389688046899465,31.850719242209525,147.15244660859494,58.67325103993885
2003-02-05,35.41955559813335,31.87760003832002,141.58559680535566,58.66941950746384
2003-02-06,35.449423149367234,31.904480834430515,136.01874700211636,58.66558797498882
2003-02-07,35.47929070060112,31.93136163054101,130.45189719887708,58.661756442513806
2003-02-08,35.48804396014942,31.93923956413448,128.75368383391267,58.70080765049462
2003-02-09,35.49679721969772,31.94711749772795,127.05547046894826,58.73985885847543
2003-02-10,35.50555047924602,31.954995431321425,125.35725710398384,58.77891006645624
2003-02-11,35.514303738794325,31.96287336491489,123.65904373901942,58.81796127443705
2003-02-12,35.523056998342625,31.970751298508368,121.960830374055,58.857012482417865
2003-02-13,35.531810257890925,31.97862923210184,120.2626170090906,58.89606369039868
2003-02-14,35.540563517439224,31.98650716569531,118.5644036441262,58.93511489837949
2003-02-15,35.52705658429704,31.974350925867345,119.30148097999184,58.99221078062359
2003-02-16,35.51354965115486,31.962194686039386,120.03855831585751,59.04930666286769
2003-02-17,35.50004271801268,31.950038446211416,120.77563565172318,59.10640254511179
2003-02-18,35.4865357848705,31.937882206383453,121.51271298758884,59.1634984273559
2003-02-19,35.47302885172832,31.925725966555486,122.24979032345448,59.2205943096
2003-02-20,35.459521918586134,31.913569726727523,122.98686765932015,59.2776901918441
2003-02-21,35.44601498544395,31.90141348689956,123.72394499518582,59.3347860740882
2003-02-22,35.409299300524616,31.86836937047216,125.39332530510016,59.38423854979866
2003-02-23,35.37258361560528,31.835325254044758,127.0627056150145,59.43369102550911
2003-02-24,35.33586793068594,31.802281137617356,128.7320859249288,59.48314350121957
2003-02-25,35.299152245766614,31.769237021189948,130.40146623484316,59.532595976930025
2003-02-26,35.26243656084728,31.736192904762547,132.0708465447575,59.582048452640485
2003-02-27,35.22572087592794,31.703148788335145,133.74022685467182,59.63150092835094
2003-02-28,35.189005191008604,31.670104671907744,135.40960716458616,59.6809534040614
2003-03-01,35.12814570389102,31.61533113350192,136.51032625668205,59.69712334965369
2003-03-02,35.06728621677343,31.560557595096093,137.61104534877794,59.71329329524597
2003-03-03,35.00642672965585,31.505784056690267,138.71176444087382,59.72946324083826
2003-03-04,34.94556724253827,31.45101051828444,139.81248353296968,59.74563318643054
2003-03-05,34.884707755420685,31.396236979878616,140.91320262506557,59.76180313202283
2003-03-06,34.823848268303095,31.34146344147279,142.01392171716145,59.77797307761511
2003-03-07,34.76298878118551,31.286689903066964,143.11464080925734,59.7941430232074
2003-03-08,34.68070622406853,31.21263560166168,142.69335362786885,59.76464036070433
2003-03-09,34.59842366695155,31.138581300256394,142.27206644648032,59.73513769820126
2003-03-10,34.516141109834564,31.06452699885111,141.85077926509183,59.70563503569819
2003-03-11,34.43385855271759,30.990472697445828,141.42949208370334,59.67613237319512
2003-03-12,34.351575995600605,30.916418396040545,141.00820490231484,59.64662971069205
2003-03-13,34.26929343848362,30.842364094635258,140.58691772092632,59.61712704818898
2003-03-14,34.18701088136664,30.76830979322997,140.16563053953783,59.58762438568591
2003-03-15,34.09461074341899,30.68514966907709,138.55494846708055,59.531171345594274
2003-03-16,34.00221060547134,30.601989544924205,136.9442663946233,59.47471830550263
2003-03-17,33.90981046752369,30.51882942077132,135.33358432216602,59.41826526541099
2003-03-18,33.81741032957604,30.435669296618435,133.72290224970877,59.36181222531935
2003-03-19,33.72501019162839,30.352509172465552,132.1122201772515,59.30535918522771
2003-03-20,33.63261005368074,30.269349048312662,130.50153810479424,59.24890614513606
2003-03-21,33.540209915733094,30.186188924159783,128.89085603233696,59.19245310504442
2003-03-22,33.450228663273606,30.10520579694624,126.60778507029846,59.132233143851465
2003-03-23,33.36024741081411,30.0242226697327,124.32471410825995,59.07201318265851
2003-03-24,33.27026615835462,29.94323954251916,122.04164314622147,59.01179322146555
2003-03-25,33.18028490589513,29.86225641530562,119.758572184183,58.9515732602726
2003-03-26,33.09030365343564,29.78127328809208,117.4755012221445,58.89135329907965
2003-03-27,33.000322400976145,29.700290160878534,115.192430260106,58.83113333788669
2003-03-28,32.91034114851666,29.619307033664995,112.90935929806751,58.77091337669373
2003-03-29,32.83531524786415,29.55178372307774,110.4709054479354,58.730109950886735
2003-03-30,32.760289347211646,29.48426041249048,108.0324515978033,58.689306525079736
2003-03-31,32.68526344655914,29.416737101903227,105.5939977476712,58.64850309927274
2003-04-01,32.61023754590663,29.34921379131597,103.15554389753908,58.60769967346574
2003-04-02,32.53521164525412,29.28169048072872,100.71709004740698,58.56689624765874
2003-04-03,32.46018574460162,29.214167170141454,98.27863619727488,58.52609282185174
2003-04-04,32.38515984394911,29.146643859554203,95.84018234714276,58.48528939604474
2003-04-05,32.335318834521104,29.101786951068995,93.70716810302066,58.48330276957662
2003-04-06,32.285477825093096,29.05693004258379,91.57415385889855,58.48131614310849
2003-04-07,32.23563681566509,29.012073134098586,89.44113961477646,58.47932951664036
2003-04-08,32.18579580623708,28.967216225613377,87.30812537065435,58.47734289017224
2003-04-09,32.135954796809074,28.92235931712817,85.17511112653224,58.475356263704114
2003-04-10,32.086113787381066,28.877502408642965,83.04209688241014,58.47336963723598
2003-04-11,32.03627277795306,28.83264550015776,80.90908263828803,58.47138301076786
2003-04-12,32.00612408697261,28.805511678275355,79.1594300191645,58.50183032570564
2003-04-13,31.97597539599217,28.778377856392957,77.40977740004097,58.53227764064343
2003-04-14,31.94582670501173,28.751244034510552,75.66012478091744,58.56272495558121
2003-04-15,31.91567801403128,28.724110212628155,73.9104721617939,58.59317227051899
2003-04-16,31.88552932305084,28.696976390745757,72.16081954267038,58.62361958545677
2003-04-17,31.85538063207039,28.669842568863352,70.41116692354686,58.65406690039456
2003-04-18,31.825231941089942,28.64270874698095,68.66151430442332,58.68451421533234
2003-04-19,31.80272418722673,28.622451768504057,67.21341037254419,58.73025664417188
2003-04-20,31.78021643336352,28.602194790027163,65.76530644066506,58.77599907301141
2003-04-21,31.7577086795003,28.58193781155027,64.31720250878594,58.82174150185095
2003-04-22,31.735200925637084,28.56168083307337,62.86909857690681,58.86748393069049
2003-04-23,31.712693171773868,28.54142385459648,61.42099464502768,58.91322635953003
2003-04-24,31.69018541791065,28.521166876119583,59.972890713148544,58.95896878836956
2003-04-25,31.66767766404744,28.50090989764269,58.52478678126942,59.0047112172091
2003-04-26,31.640737654750332,28.476663889275297,57.29588740264568,59.04857416362859
2003-04-27,31.61379764545323,28.452417880907905,56.066988024021946,59.09243711004808
2003-04-28,31.586857636156125,28.42817187254051,54.83808864539821,59.13630005646757
2003-04-29,31.55991762685902,28.403925864173114,53.60918926677447,59.180163002887056
2003-04-30,31.532977617561915,28.379679855805723,52.380289888150735,59.224025949306544
2003-05-01,31.50603760826481,28.355433847438327,51.151390509527,59.26788889572604
2003-05-02,31.479097598967705,28.33118783907093,49.92249113090326,59.311751842145526
2003-05-03,31.436078718037077,28.292470846233368,48.83243790936235,59.33673314070485
2003-05-04,31.39305983710645,28.2537538533958,47.74238468782143,59.361714439264176
2003-05-05,31.35004095617581,28.215036860558232,46.65233146628052,59.3866957378235
2003-05-06,31.307022075245182,28.176319867720668,45.5622782447396,59.411677036382834
2003-05-07,31.264003194314554,28.1376028748831,44.47222502319868,59.43665833494216
2003-05-08,31.220984313383926,28.098885882045533,43.38217180165776,59.46163963350149
2003-05-09,31.17796543245329,28.060168889207965,42.29211858011685,59.48662093206081
2003-05-10,31.118617788418167,28.00675600957635,41.313605538355326,59.48032520643594
2003-05-11,31.059270144383035,27.95334312994473,40.3350924965938,59.47402948081108
2003-05-12,30.999922500347907,27.899930250313115,39.35657945483228,59.46773375518622
2003-05-13,30.94057485631277,27.8465173706815,38.37806641307075,59.46143802956136
2003-05-14,30.881227212277647,27.793104491049885,37.39955337130922,59.45514230393649
2003-05-15,30.821879568242515,27.739691611418262,36.4210403295477,59.44884657831163
2003-05-16,30.762531924207387,27.68627873178665,35.44252728778618,59.442550852686765
2003-05-17,30.69895963512769,27.62906367161492,34.60575708400328,59.39757646975641
2003-05-18,30.635387346047988,27.57184861144319,33.76898688022038,59.352602086826046
2003-05-19,30.57181505696829,27.514633551271466,32.93221667643748,59.30762770389569
2003-05-20,30.50824276788859,27.45741849109973,32.09544647265458,59.26265332096533
2003-05-21,30.44467047880889,27.40020343092801,31.25867626887168,59.21767893803497
2003-05-22,30.38109818972919,27.342988370756277,30.421906065088784,59.17270455510461
2003-05-23,30.317525900649493,27.285773310584545,29.585135861305883,59.12773017217425
2003-05-24,30.26245150840909,27.23620635756818,28.92318995270027,59.03692547836904
2003-05-25,30.207377116168683,27.186639404551816,28.261244044094653,58.94612078456382
2003-05-26,30.15230272392828,27.13707245153545,27.59929813548904,58.8553160907586
2003-05-27,30.097228331687877,27.08750549851909,26.937352226883423,58.76451139695338
2003-05-28,30.042153939447463,27.03793854550272,26.27540631827781,58.67370670314816
2003-05-29,29.987079547207063,26.98837159248636,25.613460409672197,58.58290200934295
2003-05-30,29.932005154966657,26.93880463946999,24.95151450106658,58.49209731553773
2003-05-31,29.89814647596449,26.90833182836804,24.50195046317957,58.34831292044367
2003-06-01,29.86428779696233,26.877859017266097,24.05238642529256,58.2045285253496
2003-06-02,29.83042911796017,26.84738620616415,23.60282238740555,58.06074413025554
2003-06-03,29.796570438958003,26.816913395062205,23.15325834951854,57.91695973516148
2003-06-04,29.76271175995584,26.786440583960257,22.70369431163153,57.77317534006742
2003-06-05,29.72885308095368,26.755967772858316,22.25413027374452,57.62939094497335
2003-06-06,29.694994401951515,26.725494961756365,21.80456623585751,57.48560654987929
2003-06-07,29.69054324146824,26.72148891732142,21.622200337011908,57.28386068536434
2003-06-08,29.686092080984967,26.71748287288647,21.4398344381663,57.08211482084938
2003-06-09,29.68164092050169,26.71347682845153,21.257468539320698,56.88036895633442
2003-06-10,29.677189760018425,26.70947078401658,21.07510264047509,56.67862309181947
2003-06-11,29.672738599535148,26.70546473958164,20.892736741629488,56.47687722730451
2003-06-12,29.668287439051877,26.701458695146687,20.71037084278388,56.27513136278955
2003-06-13,29.6638362785686,26.697452650711742,20.52800494393828,56.0733854982746
2003-06-14,29.684026479996284,26.71562383199666,20.483189599873,55.81490229499569
2003-06-15,29.70421668142397,26.73379501328157,20.438374255807723,55.55641909171679
2003-06-16,29.724406882851653,26.75196619456649,20.39355891174245,55.29793588843789
2003-06-17,29.744597084279334,26.770137375851405,20.348743567677168,55.03945268515898
2003-06-18,29.764787285707023,26.78830855713632,20.30392822361189,54.78096948188007
2003-06-19,29.784977487134707,26.806479738421235,20.259112879546613,54.52248627860117
2003-06-20,29.805167688562392,26.82465091970615,20.214297535481336,54.264003075322265
2003-06-21,29.842928839015347,26.858635955113808,20.284952027348982,53.95111023109965
2003-06-22,29.880689989468294,26.89262099052147,20.355606519216632,53.63821738687703
2003-06-23,29.91845113992125,26.926606025929125,20.42626101108428,53.325324542654414
2003-06-24,29.956212290374207,26.960591061336785,20.496915502951925,53.0124316984318
2003-06-25,29.99397344082716,26.99457609674444,20.56756999481957,52.69953885420918
2003-06-26,30.031734591280117,27.028561132152102,20.63822448668722,52.38664600998656
2003-06-27,30.069495741733068,27.06254616755976,20.708878978554868,52.07375316576395
2003-06-28,30.1177574283256,27.10598168549304,20.875136588255376,51.70877837841788
2003-06-29,30.16601911491813,27.14941720342632,21.04139419795588,51.34380359107181
2003-06-30,30.21428080151066,27.1928527213596,21.20765180765639,50.97882880372573
2003-07-01,30.262542488103197,27.236288239292872,21.3739094173569,50.61385401637967
2003-07-02,30.31080417469573,27.27972375722615,21.540167027057407,50.2488792290336
2003-07-03,30.35906586128825,27.32315927515943,21.706424636757912,49.88390444168753
2003-07-04,30.407327547880787,27.36659479309271,21.87268224645842,49.518929654341456
2003-07-05,30.46005602307164,27.41405042076447,22.10972307453553,49.10748283008783
2003-07-06,30.512784498262484,27.46150604843624,22.346763902612647,48.69603600583421
2003-07-07,30.56551297345333,27.508961676108,22.58380473068976,48.284589181580586
2003-07-08,30.618241448644184,27.556417303779767,22.82084555876687,47.87314235732696
2003-07-09,30.670969923835035,27.60387293145153,23.057886386843983,47.46169553307333
2003-07-10,30.72369839902588,27.651328559123296,23.294927214921096,47.05024870881971
2003-07-11,30.77642687421673,27.69878418679506,23.53196804299821,46.638801884566085
2003-07-12,30.836422185635683,27.752779967072115,23.76165543687036,46.21446179810054
2003-07-13,30.89641749705463,27.80677574734917,23.9913428307425,45.79012171163499
2003-07-14,30.956412808473583,27.860771527626227,24.221030224614648,45.36578162516944
2003-07-15,31.01640811989253,27.91476730790328,24.450717618486795,44.9414415387039
2003-07-16,31.076403431311483,27.96876308818033,24.680405012358943,44.51710145223835
2003-07-17,31.13639874273043,28.02275886845739,24.910092406231087,44.0927613657728
2003-07-18,31.196394054149383,28.076754648734447,25.139779800103238,43.66842127930725
2003-07-19,31.27092581211917,28.14383323090725,25.29593412290147,43.27891788369214
2003-07-20,31.34545757008896,28.210911813080063,25.45208844569971,42.88941448807702
2003-07-21,31.419989328058747,28.27799039525287,25.60824276849795,42.49991109246191
2003-07-22,31.494521086028534,28.345068977425683,25.764397091296185,42.1104076968468
2003-07-23,31.569052843998325,28.41214755959849,25.920551414094422,41.72090430123168
2003-07-24,31.643584601968115,28.4792261417713,26.076705736892663,41.33140090561657
2003-07-25,31.718116359937905,28.546304723944107,26.2328600596909,40.94189751000145
2003-07-26,31.814488822367437,28.633039940130686,26.25175549002754,40.63507045676535
2003-07-27,31.91086128479696,28.71977515631726,26.270650920364183,40.32824340352924
2003-07-28,32.00723374722649,28.80651037250384,26.289546350700824,40.02141635029313
2003-07-29,32.10360620965602,28.89324558869042,26.308441781037462,39.714589297057024
2003-07-30,32.19997867208555,28.979980804877,26.327337211374104,39.40776224382092
2003-07-31,32.296351134515085,29.066716021063574,26.346232641710746,39.100935190584806
2003-08-01,32.39272359694461,29.153451237250152,26.365128072047387,38.7941081373487
2003-08-02,32.51790807046629,29.266117263419662,26.18655041128396,38.61678826134788
2003-08-03,32.643092543987976,29.378783289589176,26.007972750520537,38.43946838534706
2003-08-04,32.768277017509654,29.49144931575869,25.82939508975711,38.26214850934624
2003-08-05,32.89346149103133,29.604115341928203,25.650817428993683,38.08482863334542
2003-08-06,33.01864596455301,29.71678136809772,25.472239768230256,37.907508757344594
2003-08-07,33.143830438074694,29.829447394267227,25.293662107466837,37.73018888134378
2003-08-08,33.26901491159637,29.94211342043674,25.115084446703406,37.55286900534296
2003-08-09,33.41703922196888,30.075335299771996,24.815333830576687,37.512669393298445
2003-08-10,33.565063532341384,30.20855717910725,24.51558321444997,37.472469781253935
2003-08-11,33.71308784271389,30.3417790584425,24.21583259832325,37.432270169209424
2003-08-12,33.86111215308639,30.475000937777757,23.91608198219653,37.39207055716492
2003-08-13,34.009136463458894,30.60822281711301,23.61633136606981,37.35187094512041
2003-08-14,34.1571607738314,30.741444696448266,23.316580749943093,37.3116713330759
2003-08-15,34.305185084203906,30.874666575783515,23.016830133816374,37.27147172103139
2003-08-16,34.4532630177229,31.007936715950603,22.85478349088008,37.32506021771364
2003-08-17,34.60134095124188,31.14120685611769,22.69273684794379,37.37864871439589
2003-08-18,34.74941888476087,31.274476996284783,22.5306902050075,37.43223721107815
2003-08-19,34.897496818279855,31.40774713645187,22.36864356207121,37.485825707760405
2003-08-20,35.045574751798846,31.54101727661896,22.20659691913492,37.53941420444266
2003-08-21,35.19365268531783,31.67428741678605,22.044550276198628,37.59300270112491
2003-08-22,35.34173061883682,31.80755755695314,21.88250363326233,37.64659119780716
2003-08-23,35.465952251239784,31.919357026115808,22.109637917618823,37.74723089171764
2003-08-24,35.590173883642755,32.03115649527848,22.33677220197531,37.84787058562812
2003-08-25,35.71439551604572,32.14295596444115,22.5639064863318,37.9485102795386
2003-08-26,35.838617148448684,32.25475543360382,22.79104077068829,38.04914997344909
2003-08-27,35.96283878085165,32.36655490276649,23.01817505504478,38.14978966735957
2003-08-28,36.08706041325462,32.47835437192916,23.245309339401267,38.25042936127005
2003-08-29,36.21128204565758,32.590153841091826,23.472443623757755,38.35106905518053
2003-08-30,36.28773811787774,32.65896430608996,24.36483560976996,38.452023885471775
2003-08-31,36.36419419009789,32.7277747710881,25.257227595782165,38.55297871576303
2003-09-01,36.44065026231804,32.79658523608624,26.14961958179437,38.65393354605427
2003-09-02,36.51710633453819,32.865395701084374,27.04201156780657,38.75488837634551
2003-09-03,36.593562406758345,32.93420616608251,27.934403553818772,38.85584320663676
2003-09-04,36.67001847897849,33.00301663108065,28.826795539830982,38.95679803692801
2003-09-05,36.746474551198645,33.071827096078785,29.719187525843186,39.05775286721925
2003-09-06,36.76035335298905,33.08431801769015,31.425337198153063,39.12392070192271
2003-09-07,36.77423215477946,33.09680893930152,33.13148687046295,39.19008853662616
2003-09-08,36.78811095656987,33.109299860912884,34.83763654277283,39.25625637132962
2003-09-09,36.80198975836027,33.12179078252424,36.54378621508271,39.32242420603309
2003-09-10,36.81586856015068,33.13428170413561,38.2499358873926,39.38859204073654
2003-09-11,36.82974736194109,33.146772625746976,39.95608555970247,39.45475987544
2003-09-12,36.84362616373149,33.15926354735834,41.66223523201236,39.520927710143454
2003-09-13,36.8120496459948,33.13084468139532,43.91884472187178,39.55804312506909
2003-09-14,36.7804731282581,33.10242581543229,46.17545421173121,39.59515853999472
2003-09-15,36.748896610521406,33.074006949469265,48.43206370159063,39.63227395492036
2003-09-16,36.71732009278472,33.045588083506246,50.68867319145005,39.66938936984599
2003-09-17,36.68574357504802,33.01716921754322,52.94528268130948,39.70650478477162
2003-09-18,36.65416705731133,32.988750351580194,55.2018921711689,39.74362019969725
2003-09-19,36.62259053957463,32.96033148561717,57.45850166102832,39.78073561462289
2003-09-20,36.56968347300833,32.9127151257075,59.91402536100247,39.80348837879351
2003-09-21,36.516776406442034,32.86509876579783,62.36954906097661,39.82624114296413
2003-09-22,36.463869339875735,32.817482405888164,64.82507276095075,39.84899390713475
2003-09-23,36.41096227330943,32.76986604597849,67.2805964609249,39.87174667130537
2003-09-24,36.35805520674313,32.72224968606882,69.73612016089903,39.89449943547599
2003-09-25,36.30514814017683,32.67463332615915,72.19164386087319,39.917252199646605
2003-09-26,36.25224107361053,32.627016966249485,74.64716756084732,39.94000496381722
2003-09-27,36.20212822891212,32.58191540602091,76.9500598635016,39.96308484625564
2003-09-28,36.15201538421371,32.536813845792345,79.25295216615588,39.98616472869405
2003-09-29,36.1019025395153,32.49171228556377,81.55584446881015,40.00924461113247
2003-09-30,36.05178969481689,32.446610725335205,83.85873677146444,40.03232449357088
2003-10-01,36.00167685011848,32.40150916510663,86.16162907411871,40.05540437600929
2003-10-02,35.95156400542007,32.356407604878065,88.46452137677299,40.0784842584477
2003-10-03,35.901451160721656,32.31130604464949,90.76741367942726,40.10156414088612
2003-10-04,35.87631024354087,32.28867921918678,92.59486179350291,40.14080660737845
2003-10-05,35.851169326360086,32.266052393724074,94.42230990757858,40.18004907387079
2003-10-06,35.8260284091793,32.243425568261365,96.24975802165424,40.21929154036312
2003-10-07,35.80088749199851,32.220798742798664,98.0772061357299,40.25853400685546
2003-10-08,35.775746574817724,32.198171917335955,99.90465424980556,40.2977764733478
2003-10-09,35.75060565763694,32.175545091873246,101.7321023638812,40.337018939840135
2003-10-10,35.725464740456154,32.15291826641054,103.55955047795688,40.37626140633247
2003-10-11,35.72645133641244,32.15380620277119,104.89896479203024,40.45987180979549
2003-10-12,35.72743793236872,32.15469413913184,106.2383791061036,40.5434822132585
2003-10-13,35.728424528325,32.1555820754925,107.57779342017696,40.62709261672152
2003-10-14,35.72941112428128,32.15647001185315,108.91720773425035,40.71070302018453
2003-10-15,35.73039772023756,32.15735794821381,110.25662204832372,40.79431342364755
2003-10-16,35.73138431619384,32.158245884574455,111.59603636239709,40.87792382711056
2003-10-17,35.732370912150124,32.15913382093511,112.93545067647044,40.961534230573584
2003-10-18,35.74780633512642,32.17302570161378,113.9636367772816,41.12526989739556
2003-10-19,35.76324175810272,32.186917582292445,114.99182287809272,41.28900556421754
2003-10-20,35.77867718107902,32.200809462971115,116.02000897890386,41.45274123103952
2003-10-21,35.794112604055314,32.214701343649786,117.048195079715,41.616476897861496
2003-10-22,35.80954802703161,32.228593224328456,118.07638118052614,41.780212564683474
2003-10-23,35.82498345000791,32.24248510500712,119.10456728133728,41.94394823150545
2003-10-24,35.84041887298421,32.25637698568579,120.1327533821484,42.10768389832743
2003-10-25,35.858440998400866,32.272596898560785,121.02922385568836,42.38741009420416
2003-10-26,35.87646312381753,32.28881681143578,121.92569432922834,42.66713629008088
2003-10-27,35.89448524923419,32.305036724310774,122.8221648027683,42.9468624859576
2003-10-28,35.91250737465084,32.32125663718576,123.71863527630826,43.22658868183432
2003-10-29,35.9305295000675,32.33747655006076,124.61510574984824,43.50631487771105
2003-10-30,35.948551625484164,32.35369646293575,125.5115762233882,43.78604107358777
2003-10-31,35.96657375090082,32.369916375810746,126.40804669692815,44.065767269464494
2003-11-01,35.97539223331468,32.37785300998322,127.3517523990505,44.49651847707164
2003-11-02,35.984210715728544,32.38578964415569,128.29545810117284,44.92726968467879
2003-11-03,35.9930291981424,32.39372627832817,129.23916380329518,45.358020892285936
2003-11-04,36.00184768055626,32.40166291250063,130.18286950541756,45.78877209989309
2003-11-05,36.01066616297012,32.40959954667311,131.1265752075399,46.21952330750023
2003-11-06,36.01948464538398,32.41753618084558,132.07028090966224,46.65027451510738
2003-11-07,36.02830312779784,32.425472815018054,133.0139866117846,47.08102572271453
2003-11-08,36.02051050982335,32.41845945884101,134.1495787336912,47.647108188712
2003-11-09,36.01271789184886,32.41144610266397,135.2851708555978,48.21319065470948
2003-11-10,36.00492527387437,32.40443274648693,136.42076297750444,48.77927312070696
2003-11-11,35.997132655899875,32.39741939030989,137.55635509941104,49.34535558670444
2003-11-12,35.98934003792539,32.39040603413285,138.69194722131766,49.91143805270191
2003-11-13,35.98154741995089,32.38339267795581,139.82753934322426,50.477520518699386
2003-11-14,35.973754801976405,32.37637932177877,140.96313146513089,51.04360298469686
2003-11-15,35.94878124862318,32.353903123760865,142.3817512401861,51.65018323825935
2003-11-16,35.92380769526995,32.33142692574296,143.80037101524135,52.25676349182184
2003-11-17,35.89883414191672,32.308950727725055,145.21899079029657,52.86334374538432
2003-11-18,35.873860588563495,32.28647452970715,146.6376105653518,53.46992399894681
2003-11-19,35.84888703521027,32.263998331689244,148.056230340407,54.076504252509295
2003-11-20,35.82391348185704,32.24152213367134,149.47485011546226,54.68308450607178
2003-11-21,35.79893992850381,32.21904593565343,150.89346989051748,55.28966475963427
2003-11-22,35.75680897742706,32.18112807968436,152.68161492840883,55.83504154157046
2003-11-23,35.71467802635032,32.143210223715286,154.4697599663002,56.38041832350666
2003-11-24,35.67254707527357,32.105292367746216,156.25790500419154,56.92579510544285
2003-11-25,35.63041612419682,32.06737451177714,158.0460500420829,57.47117188737905
2003-11-26,35.58828517312007,32.02945665580806,159.83419507997425,58.01654866931524
2003-11-27,35.54615422204333,31.99153879983899,161.6223401178656,58.56192545125144
2003-11-28,35.50402327096658,31.95362094386992,163.41048515575696,59.10730223318763
2003-11-29,35.44475845982153,31.900282613839376,165.65465306617182,59.48977428430618
2003-11-30,35.38549364867648,31.84694428380883,167.8988209765867,59.87224633542472
2003-12-01,35.32622883753143,31.79360595377829,170.14298888700156,60.25471838654327
2003-12-02,35.26696402638639,31.740267623747744,172.38715679741642,60.637190437661815
2003-12-03,35.20769921524134,31.686929293717203,174.63132470783128,61.01966248878036
2003-12-04,35.14843440409629,31.633590963686657,176.87549261824617,61.4021345398989
2003-12-05,35.089169592951244,31.58025263365612,179.11966052866103,61.78460659101745
2003-12-06,35.014443846442035,31.51299946179783,181.8276850305156,61.93283761738021
2003-12-07,34.93971809993283,31.445746289939542,184.5357095323701,62.08106864374296
2003-12-08,34.864992353423624,31.37849311808126,187.24373403422464,62.22929967010572
2003-12-09,34.790266606914415,31.31123994622297,189.95175853607915,62.37753069646847
2003-12-10,34.715540860405206,31.24398677436469,192.6597830379337,62.52576172283123
2003-12-11,34.640815113896004,31.176733602506403,195.36780753978823,62.67399274919398
2003-12-12,34.566089367386795,31.10948043064812,198.0758320416428,62.822223775556736
2003-12-13,34.48469691136499,31.036227220228493,200.9159120446816,62.79597955659342
2003-12-14,34.40330445534319,30.962974009808875,203.75599204772035,62.76973533763011
2003-12-15,34.32191199932139,30.88972079938925,206.59607205075912,62.7434911186668
2003-12-16,34.24051954329959,30.81646758896963,209.4361520537979,62.71724689970348
2003-12-17,34.15912708727779,30.743214378550007,212.2762320568367,62.69100268074017
2003-12-18,34.077734631255986,30.66996116813039,215.11631205987547,62.664758461776856
2003-12-19,33.99634217523418,30.59670795771077,217.95639206291423,62.63851424281354
2003-12-20,33.918998729195344,30.527098856275813,220.5050850600126,62.53293496432637
2003-12-21,33.84165528315651,30.45748975484086,223.05377805711092,62.4273556858392
2003-12-22,33.764311837117674,30.387880653405908,225.60247105420927,62.321776407352026
2003-12-23,33.686968391078835,30.318271551970952,228.15116405130763,62.21619712886485
2003-12-24,33.60962494504,30.248662450536,230.699857048406,62.11061785037768
2003-12-25,33.532281499001165,30.179053349101046,233.24855004550432,62.0050385718905
2003-12-26,33.454938052962326,30.109444247666094,235.79724304260264,61.89945929340333
2003-12-27,33.39235936579288,30.05312342921359,237.63110512490337,61.80968568227583
2003-12-28,33.32978067862342,29.996802610761083,239.4649672072041,61.71991207114832
2003-12-29,33.26720199145397,29.940481792308574,241.2988292895048,61.63013846002081
2003-12-30,33.20462330428452,29.88416097385607,243.13269137180555,61.5403648488933
2003-12-31,33.14204461711507,29.827840155403564,244.96655345410628,61.45059123776579
2004-01-01,33.07946592994561,29.77151933695106,246.800415536407,61.36081762663828
2004-01-02,33.016887242776164,29.715198518498557,248.63427761870773,61.271044015510775
2004-01-03,32.97913434136142,29.681220907225285,249.351254792526,61.2858989318372
2004-01-04,32.941381439946674,29.647243295952013,250.06823196634423,61.30075384816362
2004-01-05,32.90362853853193,29.613265684678744,250.7852091401625,61.31560876449005
2004-01-06,32.86587563711719,29.57928807340548,251.5021863139807,61.330463680816464
2004-01-07,32.82812273570245,29.545310462132207,252.2191634877989,61.345318597142885
2004-01-08,32.7903698342877,29.51133285085893,252.9361406616172,61.36017351346931
2004-01-09,32.75261693287296,29.477355239585663,253.65311783543544,61.37502842979573
2004-01-10,32.74062643080018,29.46656378772016,253.14925274369773,61.495286939872976
2004-01-11,32.72863592872739,29.45577233585465,252.64538765196005,61.61554544995023
2004-01-12,32.71664542665461,29.444980883989142,252.14152256022237,61.73580396002747
2004-01-13,32.70465492458182,29.43418943212364,251.63765746848463,61.85606247010472
2004-01-14,32.69266442250903,29.42339798025813,251.13379237674692,61.97632098018196
2004-01-15,32.68067392043625,29.412606528392622,250.62992728500927,62.09657949025921
2004-01-16,32.668683418363464,29.401815076527114,250.1260621932716,62.21683800033645
2004-01-17,32.67669658718485,29.40902692846636,248.5161358105,62.37866717040196
2004-01-18,32.68470975600623,29.416238780405603,246.9062094277284,62.54049634046747
2004-01-19,32.69272292482761,29.42345063234485,245.2962830449568,62.70232551053298
2004-01-20,32.70073609364899,29.43066248428409,243.6863566621853,62.86415468059849
2004-01-21,32.70874926247038,29.437874336223334,242.07643027941367,63.025983850664
2004-01-22,32.716762431291755,29.44508618816258,240.4665038966421,63.18781302072951
2004-01-23,32.72477560011314,29.452298040101827,238.8565775138705,63.34964219079502
2004-01-24,32.74687944259268,29.47219149833341,236.2604108106285,63.48772044052773
2004-01-25,32.768983285072224,29.492084956565,233.6642441073865,63.62579869026044
2004-01-26,32.79108712755176,29.511978414796587,231.0680774041445,63.763876939993146
2004-01-27,32.81319097003131,29.531871873028177,228.4719107009025,63.901955189725854
2004-01-28,32.835294812510845,29.55176533125976,225.8757439976605,64.04003343945857
2004-01-29,32.85739865499039,29.57165878949135,223.2795772944185,64.17811168919127
2004-01-30,32.87950249746993,29.591552247722937,220.68341059117648,64.31618993892398
2004-01-31,32.909780755024315,29.618802679521885,217.2220963480885,64.36555278896589
2004-02-01,32.94005901257871,29.646053111320835,213.7607821050006,64.4149156390078
2004-02-02,32.97033727013309,29.673303543119783,210.29946786191263,64.4642784890497
2004-02-03,33.000615527687486,29.700553974918734,206.8381536188247,64.5136413390916
2004-02-04,33.03089378524187,29.72780440671768,203.37683937573675,64.56300418913351
2004-02-05,33.061172042796265,29.75505483851663,199.9155251326488,64.61236703917542
2004-02-06,33.09145030035065,29.78230527031558,196.45421088956087,64.66172988921733
2004-02-07,33.123634679833934,29.81127121185054,192.38612291163145,64.59595885660067
2004-02-08,33.155819059317224,29.84023715338549,188.31803493370205,64.53018782398404
2004-02-09,33.18800343880051,29.86920309492045,184.24994695577263,64.46441679136738
2004-02-10,33.2201878182838,29.89816903645541,180.1818589778432,64.39864575875073
2004-02-11,33.25237219776708,29.92713497799037,176.11377099991378,64.33287472613408
2004-02-12,33.28455657725037,29.956100919525326,172.0456830219844,64.26710369351744
2004-02-13,33.31674095673365,29.98506686106029,167.97759504405497,64.20133266090079
2004-02-14,33.34390124868015,30.00951112381213,163.81923108226462,64.06648573735437
2004-02-15,33.37106154062664,30.033955386563974,159.66086712047428,63.931638813807936
2004-02-16,33.398221832573135,30.058399649315824,155.50250315868396,63.79679189026151
2004-02-17,33.42538212451964,30.08284391206767,151.34413919689362,63.66194496671509
2004-02-18,33.45254241646613,30.10728817481952,147.18577523510328,63.52709804316866
2004-02-19,33.479702708412624,30.13173243757136,143.02741127331294,63.39225111962224
2004-02-20,33.50686300035912,30.156176700323208,138.8690473115226,63.25740419607581
2004-02-21,33.52199590030254,30.16979631027229,135.1654095809673,63.10754290459471
2004-02-22,33.537128800245966,30.18341592022137,131.46177185041202,62.9576816131136
2004-02-23,33.55226170018939,30.197035530170453,127.75813411985672,62.8078203216325
2004-02-24,33.567394600132815,30.21065514011953,124.05449638930142,62.6579590301514
2004-02-25,33.58252750007624,30.224274750068616,120.35085865874612,62.50809773867029
2004-02-26,33.59766040001966,30.237894360017695,116.64722092819083,62.35823644718919
2004-02-27,33.61279329996309,30.25151396996678,112.94358319763556,62.20837515570808
2004-02-28,33.60889550343716,30.248005953093447,110.23967391341095,62.09756101928739
2004-02-29,33.60499770691124,30.24449793622012,107.53576462918636,61.9867468828667
2004-03-01,33.601099910385315,30.240989919346784,104.83185534496177,61.875932746446
2004-03-02,33.59720211385939,30.23748190247345,102.12794606073714,61.7651186100253
2004-03-03,33.59330431733346,30.23397388560012,99.42403677651257,61.65430447360461
2004-03-04,33.58940652080754,30.23046586872679,96.72012749228796,61.54349033718392
2004-03-05,33.58550872428162,30.226957851853456,94.01621820806336,61.432676200763225
2004-03-06,33.5577615457557,30.20198539118013,92.74552280566768,61.404198277326
2004-03-07,33.53001436722978,30.177012930506805,91.474827403272,61.37572035388877
2004-03-08,33.50226718870387,30.15204046983348,90.20413200087631,61.34724243045154
2004-03-09,33.47452001017795,30.127068009160155,88.93343659848065,61.31876450701432
2004-03-10,33.446772831652034,30.10209554848683,87.66274119608498,61.290286583577085
2004-03-11,33.41902565312611,30.077123087813504,86.3920457936893,61.261808660139856
2004-03-12,33.3912784746002,30.05215062714018,85.12135039129363,61.23333073670263
2004-03-13,33.346484459315,30.0118360133835,85.12413312268397,61.27317321487117
2004-03-14,33.3016904440298,29.97152139962682,85.12691585407433,61.3130156930397
2004-03-15,33.256896428744604,29.931206785870145,85.12969858546467,61.35285817120824
2004-03-16,33.2121024134594,29.89089217211346,85.13248131685502,61.39270064937678
2004-03-17,33.1673083981742,29.850577558356783,85.13526404824536,61.43254312754532
2004-03-18,33.122514382889,29.8102629446001,85.13804677963572,61.47238560571385
2004-03-19,33.0777203676038,29.769948330843423,85.14082951102606,61.51222808388239
2004-03-20,33.02653113327366,29.72387801994629,86.06087360362251,61.58739518368792
2004-03-21,32.975341898943505,29.67780770904916,86.98091769621897,61.66256228349344
2004-03-22,32.92415266461336,29.631737398152023,87.90096178881542,61.73772938329896
2004-03-23,32.87296343028321,29.58566708725489,88.82100588141188,61.81289648310448
2004-03-24,32.82177419595306,29.53959677635776,89.74104997400833,61.88806358291001
2004-03-25,32.77058496162291,29.493526465460626,90.6610940666048,61.963230682715526
2004-03-26,32.71939572729276,29.447456154563493,91.58113815920125,62.03839778252105
2004-03-27,32.67246537875747,29.40521884088173,93.0620998817956,62.11588145985485
2004-03-28,32.62553503022218,29.362981527199967,94.54306160438992,62.19336513718865
2004-03-29,32.57860468168689,29.320744213518203,96.02402332698426,62.270848814522445
2004-03-30,32.5316743331516,29.27850689983644,97.5049850495786,62.34833249185625
2004-03-31,32.48474398461631,29.23626958615468,98.98594677217294,62.42581616919004
2004-04-01,32.43781363608102,29.194032272472917,100.46690849476728,62.503299846523845
2004-04-02,32.390883287545726,29.15179495879115,101.9478702173616,62.58078352385764
2004-04-03,32.3581562874398,29.12234065869581,103.63333809994953,62.62896775691022
2004-04-04,32.32542928733386,29.09288635860048,105.31880598253744,62.67715198996281
2004-04-05,32.29270228722793,29.06343205850514,107.00427386512531,62.72533622301539
2004-04-06,32.259975287122,29.033977758409804,108.68974174771324,62.77352045606798
2004-04-07,32.227248287016074,29.004523458314463,110.37520963030114,62.82170468912056
2004-04-08,32.19452128691014,28.97506915821913,112.06067751288904,62.869888922173146
2004-04-09,32.16179428680421,28.945614858123797,113.74614539547696,62.91807315522573
2004-04-10,32.14011920504436,28.926107284539928,115.27845790147305,62.93103060664737
2004-04-11,32.11844412328451,28.906599710956066,116.81077040746916,62.94398805806902
2004-04-12,32.09676904152466,28.8870921373722,118.34308291346524,62.95694550949066
2004-04-13,32.07509395976481,28.86758456378833,119.87539541946131,62.96990296091231
2004-04-14,32.053418878004955,28.84807699020447,121.40770792545742,62.98286041233395
2004-04-15,32.03174379624511,28.828569416620603,122.94002043145352,62.9958178637556
2004-04-16,32.01006871448526,28.809061843036737,124.4723329374496,63.00877531517724
2004-04-17,31.984773410904943,28.78629606981446,125.49272882252248,63.00317748012694
2004-04-18,31.95947810732464,28.76353029659218,126.51312470759532,62.99757964507664
2004-04-19,31.934182803744328,28.7407645233699,127.53352059266818,62.991981810026346
2004-04-20,31.90888750016402,28.71799875014762,128.55391647774104,62.98638397497604
2004-04-21,31.88359219658371,28.69523297692534,129.5743123628139,62.98078613992575
2004-04-22,31.8582968930034,28.67246720370306,130.59470824788676,62.975188304875445
2004-04-23,31.83300158942309,28.649701430480786,131.61510413295963,62.96959046982515
2004-04-24,31.789020940958245,28.61011884686242,131.76478464065096,62.96287971215107
2004-04-25,31.7450402924934,28.57053626324406,131.9144651483423,62.956168954476986
2004-04-26,31.70105964402855,28.530953679625696,132.06414565603362,62.94945819680291
2004-04-27,31.657078995563705,28.49137109600733,132.21382616372497,62.94274743912882
2004-04-28,31.61309834709886,28.45178851238897,132.3635066714163,62.936036681454745
2004-04-29,31.56911769863401,28.412205928770607,132.51318717910763,62.92932592378066
2004-04-30,31.525137050169164,28.372623345152245,132.66286768679896,62.92261516610658
2004-05-01,31.447453541556914,28.302708187401223,131.58435451327264,62.93219362819068
2004-05-02,31.369770032944665,28.2327930296502,130.50584133974633,62.94177209027478
2004-05-03,31.29208652433241,28.162877871899173,129.42732816622,62.95135055235888
2004-05-04,31.21440301572016,28.092962714148147,128.34881499269372,62.960929014442975
2004-05-05,31.136719507107912,28.023047556397124,127.2703018191674,62.97050747652708
2004-05-06,31.059035998495663,27.953132398646098,126.19178864564108,62.980085938611175
2004-05-07,30.981352489883413,27.883217240895075,125.11327547211476,62.98966440069528
2004-05-08,30.86604240768489,27.779438166916407,122.75678861793855,63.02356162287116
2004-05-09,30.75073232548638,27.675659092937742,120.4003017637624,63.05745884504704
2004-05-10,30.63542224328786,27.571880018959074,118.0438149095862,63.09135606722292
2004-05-11,30.52011216108934,27.46810094498041,115.68732805541,63.12525328939879
2004-05-12,30.40480207889082,27.364321871001746,113.3308412012338,63.15915051157467
2004-05-13,30.289491996692306,27.26054279702308,110.97435434705764,63.19304773375056
2004-05-14,30.174181914493783,27.15676372304441,108.61786749288144,63.226944955926434
2004-05-15,30.042583889790787,27.038325500811712,105.63430475128472,63.27184757861325
2004-05-16,29.91098586508779,26.91988727857901,102.65074200968802,63.31675020130006
2004-05-17,29.77938784038479,26.801449056346318,99.66717926809132,63.36165282398687
2004-05-18,29.647789815681797,26.683010834113613,96.6836165264946,63.40655544667369
2004-05-19,29.516191790978795,26.56457261188092,93.7000537848979,63.451458069360505
2004-05-20,29.384593766275795,26.44613438964821,90.7164910433012,63.49636069204732
2004-05-21,29.2529957415728,26.32769616741552,87.73292830170449,63.54126331473413
2004-05-22,29.129947127467027,26.216952414720325,84.87022821445261,63.580902081924286
2004-05-23,29.006898513361257,26.10620866202513,82.00752812720073,63.62054084911444
2004-05-24,28.883849899255488,25.99546490932994,79.14482803994885,63.6601796163046
2004-05-25,28.76080128514972,25.884721156634747,76.28212795269697,63.69981838349476
2004-05-26,28.63775267104395,25.773977403939558,73.41942786544509,63.73945715068491
2004-05-27,28.51470405693818,25.66323365124436,70.5567277781932,63.77909591787507
2004-05-28,28.39165544283241,25.55248989854917,67.69402769094133,63.81873468506522
2004-05-29,28.30199359242558,25.471794233183022,65.7001287997996,63.83684034075113
2004-05-30,28.212331742018748,25.391098567816872,63.70622990865788,63.85494599643703
2004-05-31,28.12266989161192,25.31040290245073,61.71233101751615,63.87305165212294
2004-06-01,28.03300804120509,25.22970723708458,59.71843212637443,63.89115730780884
2004-06-02,27.94334619079826,25.149011571718432,57.72453323523271,63.90926296349475
2004-06-03,27.85368434039143,25.06831590635228,55.73063434409098,63.92736861918065
2004-06-04,27.7640224899846,24.987620240986136,53.73673545294925,63.94547427486656
2004-06-05,27.72911313157949,24.95620181842154,53.21471640865726,63.92496862902408
2004-06-06,27.694203773174387,24.924783395856945,52.69269736436527,63.9044629831816
2004-06-07,27.65929441476928,24.89336497329235,52.17067832007327,63.883957337339126
2004-06-08,27.62438505636417,24.861946550727755,51.64865927578128,63.86345169149665
2004-06-09,27.589475697959067,24.83052812816316,51.12664023148929,63.84294604565417
2004-06-10,27.55456633955396,24.799109705598564,50.604621187197296,63.8224403998117
2004-06-11,27.519656981148856,24.76769128303397,50.0826021429053,63.80193475396922
2004-06-12,27.538005213720517,24.78420469234846,50.68164004721559,63.72041279072933
2004-06-13,27.55635344629217,24.80071810166295,51.280677951525874,63.63889082748943
2004-06-14,27.57470167886383,24.817231510977443,51.87971585583616,63.55736886424954
2004-06-15,27.59304991143549,24.833744920291934,52.47875376014644,63.47584690100964
2004-06-16,27.611398144007143,24.85025832960643,53.077791664456726,63.39432493776975
2004-06-17,27.6297463765788,24.86677173892092,53.67682956876701,63.31280297452985
2004-06-18,27.64809460915046,24.88328514823541,54.2758674730773,63.23128101128996
2004-06-19,27.70895980189896,24.938063821709065,55.25934445126088,63.064183338733216
2004-06-20,27.76982499464746,24.992842495182717,56.24282142944446,62.89708566617647
2004-06-21,27.83069018739596,25.047621168656367,57.22629840762804,62.72998799361972
2004-06-22,27.89155538014446,25.102399842130016,58.20977538581162,62.56289032106297
2004-06-23,27.95242057289296,25.15717851560367,59.1932523639952,62.39579264850623
2004-06-24,28.013285765641463,25.21195718907732,60.17672934217878,62.22869497594948
2004-06-25,28.074150958389964,25.26673586255097,61.16020632036236,62.06159730339274
2004-06-26,28.166766479709125,25.350089831738213,61.79041956651813,61.78435847107155
2004-06-27,28.259382001028285,25.433443800925456,62.42063281267389,61.50711963875036
2004-06-28,28.35199752234745,25.5167977701127,63.05084605882966,61.22988080642917
2004-06-29,28.444613043666603,25.600151739299942,63.68105930498543,60.95264197410798
2004-06-30,28.537228564985764,25.68350570848719,64.31127255114119,60.6754031417868
2004-07-01,28.629844086304924,25.766859677674432,64.94148579729696,60.398164309465606
2004-07-02,28.722459607624085,25.850213646861675,65.57169904345272,60.12092547714442
2004-07-03,28.836221086825187,25.952598978142667,65.13395747094042,59.7106796927127
2004-07-04,28.94998256602629,26.054984309423663,64.69621589842811,59.300433908280986
2004-07-05,29.06374404522739,26.15736964070465,64.25847432591578,58.89018812384927
2004-07-06,29.177505524428497,26.259754971985647,63.82073275340348,58.47994233941756
2004-07-07,29.2912670036296,26.36214030326664,63.38299118089117,58.06969655498584
2004-07-08,29.4050284828307,26.464525634547638,62.94524960837885,57.65945077055412
2004-07-09,29.518789962031803,26.566910965828622,62.50750803586654,57.24920498612241
2004-07-10,29.647200351800574,26.682480316620524,60.86961801880295,56.72611003652709
2004-07-11,29.775610741569352,26.79804966741242,59.23172800173936,56.20301508693178
2004-07-12,29.904021131338126,26.91361901820432,57.59383798467577,55.67992013733646
2004-07-13,30.032431521106904,27.029188368996216,55.955947967612175,55.15682518774115
2004-07-14,30.16084191087568,27.144757719788117,54.318057950548585,54.63373023814583
2004-07-15,30.289252300644453,27.26032707058001,52.680167933485,54.11063528855051
2004-07-16,30.417662690413227,27.37589642137191,51.042277916421405,53.5875403389552
2004-07-17,30.55855227683857,27.502697049154715,48.685744943747615,53.01708216157733
2004-07-18,30.69944186326391,27.62949767693752,46.32921197107382,52.44662398419946
2004-07-19,30.84033144968925,27.756298304720328,43.97267899840003,51.87616580682159
2004-07-20,30.981221036114597,27.883098932503135,41.61614602572624,51.30570762944373
2004-07-21,31.12211062253993,28.009899560285945,39.25961305305245,50.73524945206585
2004-07-22,31.26300020896528,28.13670018806875,36.90308008037865,50.16479127468799
2004-07-23,31.40388979539062,28.26350081585156,34.54654710770486,49.59433309731011
2004-07-24,31.55529516504503,28.39976564854053,31.98213404522309,49.04415859529985
2004-07-25,31.706700534699447,28.536030481229503,29.41772098274132,48.49398409328958
2004-07-26,31.85810590435386,28.672295313918475,26.85330792025956,47.94380959127932
2004-07-27,32.009511274008275,28.808560146607448,24.288894857777787,47.39363508926905
2004-07-28,32.16091664366269,28.94482497929642,21.72448179529602,46.84346058725878
2004-07-29,32.3123220133171,29.081089811985397,19.160068732814253,46.29328608524852
2004-07-30,32.46372738297151,29.21735464467437,16.595655670332484,45.74311158323825
2004-07-31,32.62367991810167,29.361311926291503,14.493745259754505,45.28083843946796
2004-08-01,32.783632453231824,29.505269207908647,12.391834849176528,44.81856529569767
2004-08-02,32.943584988361984,29.649226489525788,10.28992443859855,44.35629215192737
2004-08-03,33.10353752349214,29.793183771142928,8.188014028020572,43.89401900815707
2004-08-04,33.2634900586223,29.93714105276007,6.086103617442593,43.43174586438678
2004-08-05,33.423442593752455,30.08109833437721,3.984193206864616,42.96947272061649
2004-08-06,33.583395128882614,30.22505561599435,1.8822827962866384,42.50719957684619
2004-08-07,33.74604039107101,30.371436351963908,1.704539327933053,42.17862809325815
2004-08-08,33.908685653259404,30.517817087933462,1.5267958595794675,41.85005660967011
2004-08-09,34.0713309154478,30.66419782390302,1.3490523912258825,41.52148512608207
2004-08-10,34.233976177636194,30.81057855987257,1.171308922872297,41.19291364249403
2004-08-11,34.39662143982459,30.95695929584213,0.9935654545187116,40.864342158905984
2004-08-12,34.559266702012984,31.103340031811687,0.8158219861651261,40.53577067531795
2004-08-13,34.72191196420138,31.249720767781245,0.6380785178115409,40.20719919172991
2004-08-14,34.8706174319629,31.383555688766613,0.6917171241496257,39.997614900207175
2004-08-15,35.01932289972442,31.517390609751978,0.7453557304877105,39.78803060868444
2004-08-16,35.16802836748594,31.651225530737342,0.7989943368257955,39.578446317161706
2004-08-17,35.316733835247454,31.785060451722718,0.8526329431638802,39.368862025638975
2004-08-18,35.46543930300897,31.91889537270808,0.9062715495019652,39.159277734116245
2004-08-19,35.614144770770494,32.05273029369345,0.95991015584005,38.94969344259351
2004-08-20,35.76285023853201,32.186565214678815,1.0135487621781347,38.740109151070776
2004-08-21,35.879129948996734,32.29121695409707,1.2154409125308023,38.62439122658552
2004-08-22,35.99540965946146,32.39586869351531,1.41733306288347,38.50867330210026
2004-08-23,36.11168936992618,32.50052043293356,1.6192252132361378,38.392955377615
2004-08-24,36.2279690803909,32.605172172351814,1.8211173635888052,38.27723745312974
2004-08-25,36.34424879085562,32.709823911770066,2.023009513941473,38.16151952864448
2004-08-26,36.46052850132035,32.81447565118831,2.2249016642941406,38.04580160415923
2004-08-27,36.57680821178507,32.91912739060656,2.426793814646808,37.93008367967397
2004-08-28,36.642176202083085,32.97795858187477,3.1843572674199603,37.88311129719834
2004-08-29,36.7075441923811,33.03678977314299,3.941920720193113,37.8361389147227
2004-08-30,36.77291218267912,33.095620964411204,4.699484172966265,37.78916653224707
2004-08-31,36.83828017297713,33.154452155679415,5.457047625739417,37.74219414977144
2004-09-01,36.90364816327514,33.21328334694763,6.2146110785125686,37.695221767295806
2004-09-02,36.96901615357316,33.272114538215845,6.972174531285722,37.64824938482017
2004-09-03,37.03438414387117,33.33094572948406,7.729737984058874,37.60127700234454
2004-09-04,37.03359355956234,33.33023420360611,11.356658411817891,37.60038967688172
2004-09-05,37.03280297525352,33.329522677728164,14.983578839576914,37.5995023514189
2004-09-06,37.032012390944686,33.32881115185022,18.61049926733593,37.59861502595608
2004-09-07,37.03122180663586,33.32809962597228,22.237419695094957,37.59772770049327
2004-09-08,37.03043122232703,33.32738810009433,25.86434012285397,37.596840375030446
2004-09-09,37.02964063801821,33.326676574216386,29.491260550612992,37.595953049567626
2004-09-10,37.02885005370938,33.32596504833844,33.11818097837201,37.595065724104806
2004-09-11,36.9732786217573,33.275950759581576,37.96359838637314,37.63782628977736
2004-09-12,36.91770718980524,33.225936470824706,42.80901579437428,37.6805868554499
2004-09-13,36.86213575785316,33.17592218206784,47.654433202375415,37.723347421122455
2004-09-14,36.806564325901086,33.12590789331098,52.49985061037654,37.766107986795
2004-09-15,36.75099289394901,33.07589360455412,57.34526801837768,37.80886855246755
2004-09-16,36.69542146199694,33.02587931579725,62.19068542637881,37.851629118140096
2004-09-17,36.63985003004487,32.975865027040385,67.03610283437995,37.89438968381265
2004-09-18,36.55394704928344,32.898552344355096,72.11931520676139,37.98828979072395
2004-09-19,36.468044068522005,32.82123966166981,77.20252757914282,38.082189897635246
2004-09-20,36.38214108776057,32.74392697898452,82.28573995152426,38.17609000454655
2004-09-21,36.29623810699915,32.66661429629923,87.36895232390569,38.26999011145784
2004-09-22,36.21033512623772,32.58930161361394,92.45216469628711,38.363890218369136
2004-09-23,36.12443214547629,32.51198893092865,97.53537706866857,38.45779032528044
2004-09-24,36.03852916471485,32.43467624824336,102.61858944105,38.55169043219173
2004-09-25,35.946834323490094,32.35215089114108,107.09528411099744,38.704290387898254
2004-09-26,35.855139482265336,32.2696255340388,111.57197878094485,38.856890343604775
2004-09-27,35.76344464104058,32.187100176936525,116.04867345089228,39.009490299311295
2004-09-28,35.67174979981583,32.10457481983424,120.52536812083969,39.16209025501782
2004-09-29,35.58005495859107,32.02204946273196,125.00206279078712,39.31469021072434
2004-09-30,35.48836011736631,31.93952410562968,129.47875746073453,39.467290166430864
2004-10-01,35.396665276141555,31.8569987485274,133.95545213068195,39.61989012213738
2004-10-02,35.32332770313125,31.790994932818123,136.99642649649795,39.83828618125964
2004-10-03,35.24999013012094,31.724991117108846,140.03740086231394,40.05668224038189
2004-10-04,35.17665255711064,31.65898730139957,143.07837522812994,40.27507829950415
2004-10-05,35.10331498410032,31.592983485690294,146.11934959394597,40.4934743586264
2004-10-06,35.029977411090016,31.526979669981017,149.16032395976197,40.711870417748656
2004-10-07,34.95663983807971,31.46097585427174,152.20129832557797,40.930266476870905
2004-10-08,34.8833022650694,31.394972038562464,155.24227269139396,41.14866253599316
2004-10-09,34.8382227681028,31.35440049129252,156.56956656918044,41.423021465392246
2004-10-10,34.79314327113618,31.313828944022564,157.89686044696688,41.69738039479133
2004-10-11,34.74806377416957,31.273257396752616,159.22415432475336,41.97173932419041
2004-10-12,34.702984277202965,31.232685849482667,160.55144820253983,42.24609825358949
2004-10-13,34.65790478023636,31.19211430221272,161.8787420803263,42.52045718298858
2004-10-14,34.61282528326974,31.151542754942767,163.20603595811275,42.79481611238766
2004-10-15,34.567745786303135,31.11097120767282,164.53332983589922,43.06917504178674
2004-10-16,34.5428393769562,31.088555439260578,164.5648217948365,43.368293348575335
2004-10-17,34.51793296760926,31.066139670848337,164.59631375377373,43.66741165536392
2004-10-18,34.49302655826233,31.043723902436096,164.627805712711,43.966529962152514
2004-10-19,34.46812014891539,31.02130813402385,164.65929767164826,44.2656482689411
2004-10-20,34.443213739568456,30.99889236561161,164.69078963058553,44.56476657572969
2004-10-21,34.41830733022152,30.97647659719937,164.72228158952277,44.86388488251828
2004-10-22,34.39340092087458,30.954060828787128,164.75377354846003,45.16300318930687
2004-10-23,34.37943181800199,30.9414886362018,163.95186429958804,45.45431003833352
2004-10-24,34.365462715129404,30.928916443616465,163.14995505071607,45.74561688736017
2004-10-25,34.35149361225681,30.91634425103113,162.34804580184408,46.03692373638682
2004-10-26,34.337524509384224,30.9037720584458,161.54613655297211,46.328230585413465
2004-10-27,34.32355540651163,30.891199865860468,160.74422730410012,46.61953743444011
2004-10-28,34.309586303639044,30.878627673275137,159.94231805522816,46.910844283466766
2004-10-29,34.29561720076645,30.86605548068981,159.14040880635616,47.20215113249341
2004-10-30,34.28334989812459,30.85501490831213,157.96750676756423,47.45307799356664
2004-10-31,34.271082595482724,30.84397433593445,156.79460472877233,47.70400485463986
2004-11-01,34.258815292840865,30.832933763556778,155.6217026899804,47.95493171571309
2004-11-02,34.246547990199,30.8218931911791,154.44880065118846,48.20585857678632
2004-11-03,34.23428068755714,30.810852618801423,153.27589861239653,48.45678543785954
2004-11-04,34.22201338491527,30.79981204642375,152.10299657360463,48.70771229893277
2004-11-05,34.20974608227341,30.788771474046072,150.9300945348127,48.958639160006
2004-11-06,34.1919305155963,30.772737464036677,149.90426984437295,49.15326477745884
2004-11-07,34.17411494891919,30.75670345402727,148.8784451539332,49.34789039491169
2004-11-08,34.156299382242075,30.740669444017872,147.85262046349345,49.54251601236453
2004-11-09,34.13848381556497,30.724635434008476,146.82679577305368,49.73714162981738
2004-11-10,34.12066824888785,30.708601423999077,145.80097108261393,49.93176724727022
2004-11-11,34.102852682210745,30.69256741398967,144.77514639217418,50.12639286472307
2004-11-12,34.08503711553363,30.676533403980272,143.74932170173443,50.32101848217592
2004-11-13,34.06116962418931,30.655052661770384,143.5777794295335,50.499987964210725
2004-11-14,34.03730213284499,30.63357191956049,143.4062371573326,50.678957446245526
2004-11-15,34.01343464150067,30.612091177350607,143.2346948851317,50.857926928280335
2004-11-16,33.98956715015635,30.59061043514072,143.06315261293076,51.03689641031514
2004-11-17,33.96569965881203,30.569129692930836,142.89161034072984,51.215865892349946
2004-11-18,33.94183216746771,30.547648950720944,142.72006806852897,51.39483537438475
2004-11-19,33.91796467612339,30.526168208511056,142.54852579632802,51.57380485641956
2004-11-20,33.88897320614228,30.500075885528062,143.97860600014815,51.789766859762544
2004-11-21,33.85998173616118,30.473983562545065,145.40868620396824,52.00572886310553
2004-11-22,33.83099026618007,30.44789123956207,146.83876640778837,52.22169086644852
2004-11-23,33.801998796198966,30.421798916579075,148.2688466116085,52.43765286979151
2004-11-24,33.77300732621786,30.39570659359608,149.69892681542862,52.653614873134494
2004-11-25,33.74401585623676,30.369614270613084,151.12900701924872,52.86957687647748
2004-11-26,33.71502438625565,30.34352194763009,152.55908722306884,53.08553887982047
2004-11-27,33.68183688366818,30.31365319530137,156.33812996069227,53.39114206119783
2004-11-28,33.64864938108072,30.283784442972653,160.11717269831573,53.69674524257518
2004-11-29,33.61546187849325,30.25391569064393,163.89621543593915,54.00234842395254
2004-11-30,33.58227437590579,30.22404693831521,167.67525817356258,54.3079516053299
2004-12-01,33.54908687331832,30.19417818598649,171.454300911186,54.613554786707255
2004-12-02,33.51589937073086,30.164309433657778,175.23334364880947,54.91915796808461
2004-12-03,33.48271186814339,30.134440681329057,179.0123863864329,55.22476114946197
2004-12-04,33.44677131775547,30.10209418597993,185.70311576595356,55.66255819049819
2004-12-05,33.41083076736756,30.0697476906308,192.39384514547416,56.100355231534415
2004-12-06,33.37489021697964,30.037401195281674,199.0845745249948,56.53815227257064
2004-12-07,33.33894966659172,30.00505469993255,205.77530390451545,56.97594931360685
2004-12-08,33.3030091162038,29.972708204583423,212.4660332840361,57.413746354643074
2004-12-09,33.26706856581588,29.940361709234296,219.15676266355672,57.8515433956793
2004-12-10,33.23112801542796,29.908015213885168,225.84749204307732,58.28934043671552
2004-12-11,33.19922841876959,29.879305576892637,234.094557104566,58.79699146688747
2004-12-12,33.167328822111216,29.850595939900096,242.3416221660546,59.30464249705942
2004-12-13,33.135429225452846,29.82188630290756,250.58868722754323,59.81229352723137
2004-12-14,33.10352962879447,29.793176665915023,258.83575228903186,60.31994455740332
2004-12-15,33.0716300321361,29.76446702892249,267.0828173505205,60.82759558757527
2004-12-16,33.03973043547772,29.73575739192995,275.3298824120091,61.33524661774722
2004-12-17,33.00783083881935,29.707047754937417,283.57694747349774,61.842897647919166
2004-12-18,32.98993852875707,29.69094467588136,290.88787323781764,62.29587761820286
2004-12-19,32.972046218694786,29.67484159682531,298.19879900213755,62.74885758848655
2004-12-20,32.954153908632506,29.65873851776925,305.50972476645745,63.20183755877024
2004-12-21,32.936261598570226,29.642635438713203,312.8206505307774,63.65481752905394
2004-12-22,32.91836928850795,29.626532359657148,320.1315762950973,64.10779749933764
2004-12-23,32.90047697844566,29.610429280601096,327.4425020594172,64.56077746962133
2004-12-24,32.88258466838338,29.59432620154504,334.7534278237371,65.01375743990502
2004-12-25,32.88870758517797,29.59983682666017,338.6208251170053,65.28672569818761
2004-12-26,32.89483050197255,29.605347451775295,342.48822241027347,65.55969395647018
2004-12-27,32.90095341876714,29.610858076890427,346.35561970354166,65.83266221475277
2004-12-28,32.907076335561726,29.616368702005552,350.22301699680986,66.10563047303536
2004-12-29,32.913199252356314,29.62187932712068,354.09041429007806,66.37859873131795
2004-12-30,32.919322169150895,29.62738995223581,357.9578115833462,66.65156698960052
2004-12-31,32.92544508594548,29.632900577350934,361.8252088766144,66.92453524788311
2005-01-01,32.965400434130515,29.668860390717462,359.7804845453335,66.89406234580133
2005-01-02,33.00535578231555,29.704820204083997,357.7357602140526,66.86358944371955
2005-01-03,33.04531113050058,29.74078001745052,355.6910358827717,66.83311654163776
2005-01-04,33.08526647868561,29.776739830817053,353.64631155149084,66.80264363955598
2005-01-05,33.12522182687064,29.81269964418358,351.6015872202099,66.7721707374742
2005-01-06,33.165177175055675,29.84865945755011,349.55686288892906,66.74169783539242
2005-01-07,33.20513252324071,29.88461927091664,347.51213855764814,66.71122493331063
2005-01-08,33.277962528564565,29.95016627570811,339.2783512314137,66.36184850427978
2005-01-09,33.35079253388842,30.015713280499583,331.0445639051792,66.01247207524892
2005-01-10,33.42362253921228,30.08126028529105,322.81077657894474,65.66309564621807
2005-01-11,33.49645254453615,30.14680729008253,314.5769892527103,65.31371921718721
2005-01-12,33.569282549860006,30.212354294874004,306.34320192647584,64.96434278815636
2005-01-13,33.642112555183864,30.27790129966548,298.10941460024134,64.6149663591255
2005-01-14,33.71494256050772,30.34344830445695,289.8756272740069,64.26558993009465
2005-01-15,33.8033620429723,30.42302583867507,278.49686188148235,63.74545093210292
2005-01-16,33.89178152543688,30.50260337289319,267.11809648895786,63.22531193411118
2005-01-17,33.98020100790146,30.58218090711131,255.73933109643332,62.70517293611945
2005-01-18,34.06862049036604,30.66175844132944,244.36056570390883,62.18503393812773
2005-01-19,34.15703997283062,30.74133597554756,232.98180031138432,61.664894940136
2005-01-20,34.24545945529519,30.82091350976568,221.6030349188598,61.14475594214426
2005-01-21,34.33387893775977,30.9004910439838,210.2242695263353,60.62461694415253
2005-01-22,34.41924100866357,30.977316907797217,199.0215852127785,60.09550088316069
2005-01-23,34.50460307956737,31.054142771610632,187.8189008992217,59.56638482216886
2005-01-24,34.589965150471166,31.13096863542405,176.61621658566486,59.03726876117702
2005-01-25,34.67532722137496,31.207794499237465,165.41353227210806,58.50815270018519
2005-01-26,34.760689292278755,31.284620363050884,154.21084795855126,57.97903663919335
2005-01-27,34.84605136318255,31.3614462268643,143.00816364499445,57.44992057820152
2005-01-28,34.93141343408635,31.43827209067772,131.80547933143765,56.92080451720968
2005-01-29,34.995071204727864,31.49556408425508,124.09993524210634,56.54449689917851
2005-01-30,35.05872897536938,31.55285607783244,116.39439115277504,56.16818928114734
2005-01-31,35.12238674601089,31.6101480714098,108.68884706344372,55.79188166311618
2005-02-01,35.1860445166524,31.66744006498716,100.98330297411243,55.41557404508501
2005-02-02,35.249702287293914,31.724732058564523,93.27775888478112,55.039266427053846
2005-02-03,35.31336005793543,31.78202405214188,85.57221479544981,54.66295880902268
2005-02-04,35.37701782857694,31.839316045719244,77.86667070611851,54.28665119099151
2005-02-05,35.40478233946153,31.864304105515377,76.08410576655083,54.18331158394886
2005-02-06,35.43254685034612,31.889292165311517,74.30154082698317,54.07997197690621
2005-02-07,35.460311361230715,31.91428022510765,72.5189758874155,53.97663236986355
2005-02-08,35.48807587211531,31.939268284903783,70.73641094784783,53.873292762820896
2005-02-09,35.515840382999905,31.96425634469992,68.95384600828015,53.76995315577824
2005-02-10,35.54360489388449,31.98924440449605,67.17128106871249,53.66661354873559
2005-02-11,35.57136940476909,32.014232464292185,65.38871612914481,53.56327394169293
2005-02-12,35.56767885116102,32.010910966044925,67.93423740594685,53.6791307559743
2005-02-13,35.56398829755295,32.007589467797665,70.47975868274887,53.79498757025566
2005-02-14,35.560297743944886,32.004267969550405,73.0252799595509,53.91084438453702
2005-02-15,35.55660719033683,32.000946471303145,75.57080123635293,54.02670119881838
2005-02-16,35.55291663672876,31.99762497305588,78.11632251315497,54.14255801309975
2005-02-17,35.54922608312069,31.99430347480862,80.66184378995699,54.2584148273811
2005-02-18,35.54553552951263,31.99098197656136,83.20736506675902,54.37427164166247
2005-02-19,35.51969254594076,31.96772329134668,87.59599744229098,54.61013155982116
2005-02-20,35.49384956236889,31.944464606131994,91.98462981782296,54.84599147797985
2005-02-21,35.46800657879702,31.921205920917316,96.3732621933549,55.08185139613855
2005-02-22,35.44216359522514,31.897947235702627,100.76189456888687,55.31771131429724
2005-02-23,35.41632061165327,31.874688550487942,105.15052694441884,55.55357123245594
2005-02-24,35.3904776280814,31.85142986527326,109.53915931995078,55.78943115061463
2005-02-25,35.36463464450953,31.82817118005858,113.92779169548275,56.02529106877332
2005-02-26,35.32594187983796,31.79334769185416,117.66943237317152,56.28196063950724
2005-02-27,35.28724911516638,31.758524203649745,121.41107305086028,56.53863021024116
2005-02-28,35.24855635049481,31.723700715445325,125.15271372854906,56.79529978097508
2005-03-01,35.20986358582323,31.68887722724091,128.89435440623782,57.051969351709005
2005-03-02,35.171170821151655,31.65405373903649,132.6359950839266,57.30863892244293
2005-03-03,35.13247805648008,31.61923025083207,136.37763576161535,57.56530849317684
2005-03-04,35.09378529180851,31.58440676262765,140.11927643930412,57.82197806391076
2005-03-05,35.05114672839945,31.546032055559504,140.8373417672157,58.005318387641445
2005-03-06,35.0085081649904,31.507657348491357,141.55540709512724,58.188658711372135
2005-03-07,34.96586960158134,31.4692826414232,142.2734724230388,58.37199903510282
2005-03-08,34.92323103817228,31.43090793435505,142.99153775095036,58.55533935883351
2005-03-09,34.880592474763226,31.392533227286904,143.70960307886193,58.73867968256419
2005-03-10,34.83795391135417,31.354158520218757,144.42766840677348,58.92202000629488
2005-03-11,34.79531534794511,31.315783813150603,145.14573373468505,59.10536033002556
2005-03-12,34.75230645648328,31.27707581083495,142.78734228568288,59.1887908241068
2005-03-13,34.709297565021444,31.238367808519303,140.42895083668068,59.27222131818804
2005-03-14,34.66628867355961,31.19965980620365,138.07055938767851,59.35565181226927
2005-03-15,34.623279782097775,31.160951803888,135.71216793867634,59.43908230635051
2005-03-16,34.580270890635944,31.12224380157235,133.35377648967415,59.52251280043174
2005-03-17,34.537261999174106,31.0835357992567,130.99538504067198,59.60594329451298
2005-03-18,34.494253107712275,31.04482779694105,128.6369935916698,59.68937378859422
2005-03-19,34.45065051693423,31.005585465240813,124.78883442532972,59.69447804526376
2005-03-20,34.4070479261562,30.966343133540573,120.9406752589896,59.699582301933305
2005-03-21,34.36344533537815,30.927100801840336,117.0925160926495,59.70468655860285
2005-03-22,34.31984274460011,30.8878584701401,113.2443569263094,59.7097908152724
2005-03-23,34.276240153822066,30.848616138439866,109.3961977599693,59.714895071941946
2005-03-24,34.23263756304403,30.80937380673962,105.5480385936292,59.719999328611486
2005-03-25,34.189034972265986,30.770131475039385,101.69987942728908,59.72510358528103
2005-03-26,34.1445336015215,30.73008024136935,97.98390716593588,59.67450116122306
2005-03-27,34.10003223077702,30.690029007699312,94.26793490458266,59.623898737165085
2005-03-28,34.05553086003253,30.64997777402928,90.55196264322944,59.57329631310712
2005-03-29,34.01102948928804,30.60992654035924,86.83599038187621,59.52269388904914
2005-03-30,33.96652811854356,30.569875306689205,83.120018120523,59.472091464991166
2005-03-31,33.92202674779907,30.529824073019167,79.40404585916978,59.42148904093319
2005-04-01,33.87752537705459,30.489772839349133,75.68807359781657,59.37088661687522
2005-04-02,33.83179722335558,30.448617501020024,73.71678127435989,59.287215890219954
2005-04-03,33.78606906965657,30.40746216269092,71.74548895090322,59.20354516356469
2005-04-04,33.74034091595756,30.366306824361807,69.77419662744654,59.11987443690943
2005-04-05,33.69461276225856,30.325151486032706,67.80290430398988,59.03620371025417
2005-04-06,33.64888460855955,30.283996147703597,65.8316119805332,58.95253298359891
2005-04-07,33.60315645486054,30.242840809374485,63.86031965707652,58.86886225694364
2005-04-08,33.55742830116153,30.201685471045376,61.88902733361985,58.78519153028838
2005-04-09,33.507907462165704,30.157116715949137,62.35117651065951,58.69292840997375
2005-04-10,33.458386623169886,30.112547960852897,62.81332568769916,58.60066528965911
2005-04-11,33.40886578417406,30.067979205756657,63.27547486473882,58.50840216934447
2005-04-12,33.35934494517824,30.023410450660418,63.73762404177848,58.41613904902984
2005-04-13,33.30982410618242,29.978841695564174,64.19977321881814,58.3238759287152
2005-04-14,33.2603032671866,29.934272940467935,64.66192239585779,58.23161280840056
2005-04-15,33.210782428190775,29.8897041853717,65.12407157289745,58.13934968808593
2005-04-16,33.15081858054179,29.83573672248761,67.0225087509464,58.06632378590106
2005-04-17,33.0908547328928,29.781769259603525,68.92094592899535,57.9932978837162
2005-04-18,33.030890885243814,29.72780179671944,70.8193831070443,57.92027198153133
2005-04-19,32.970927037594834,29.673834333835348,72.71782028509325,57.84724607934646
2005-04-20,32.910963189945846,29.61986687095126,74.6162574631422,57.7742201771616
2005-04-21,32.85099934229686,29.56589940806717,76.51469464119116,57.70119427497673
2005-04-22,32.79103549464787,29.51193194518309,78.4131318192401,57.62816837279186
2005-04-23,32.71354363954575,29.442189275591176,80.5712837291613,57.60256621091039
2005-04-24,32.63605178444363,29.37244660599927,82.72943563908247,57.57696404902892
2005-04-25,32.558559929341506,29.30270393640736,84.88758754900365,57.55136188714744
2005-04-26,32.48106807423939,29.232961266815447,87.04573945892484,57.52575972526597
2005-04-27,32.403576219137264,29.163218597223537,89.20389136884603,57.50015756338449
2005-04-28,32.32608436403515,29.09347592763163,91.3620432787672,57.47455540150302
2005-04-29,32.24859250893302,29.02373325803972,93.5201951886884,57.448953239621545
2005-04-30,32.1464876475778,28.931838882820024,94.76148856134436,57.4989613402171
2005-05-01,32.044382786222585,28.839944507600325,96.00278193400035,57.54896944081266
2005-05-02,31.94227792486737,28.74805013238063,97.24407530665631,57.59897754140822
2005-05-03,31.840173063512147,28.65615575716093,98.4853686793123,57.64898564200377
2005-05-04,31.738068202156928,28.56426138194124,99.72666205196828,57.69899374259933
2005-05-05,31.63596334080171,28.472367006721537,100.96795542462426,57.74900184319489
2005-05-06,31.53385847944649,28.38047263150184,102.20924879728024,57.799009943790445
2005-05-07,31.40545538765221,28.264909848886997,101.61151132175178,57.94131017143292
2005-05-08,31.277052295857946,28.14934706627215,101.0137738462233,58.0836103990754
2005-05-09,31.148649204063663,28.0337842836573,100.41603637069484,58.22591062671787
2005-05-10,31.02024611226939,27.918221501042456,99.81829889516636,58.36821085436034
2005-05-11,30.891843020475115,27.802658718427608,99.2205614196379,58.510511082002814
2005-05-12,30.76343992868084,27.687095935812764,98.62282394410944,58.652811309645294
2005-05-13,30.635036836886567,27.571533153197915,98.02508646858097,58.79511153728777
2005-05-14,30.506437419899694,27.45579367790973,95.97528794802926,58.98718302444008
2005-05-15,30.37783800291282,27.34005420262154,93.92548942747754,59.1792545115924
2005-05-16,30.249238585925948,27.224314727333358,91.87569090692584,59.37132599874471
2005-05-17,30.12063916893907,27.108575252045167,89.82589238637414,59.56339748589702
2005-05-18,29.9920397519522,26.99283577675698,87.77609386582243,59.75546897304933
2005-05-19,29.863440334965325,26.877096301468796,85.72629534527071,59.94754046020165
2005-05-20,29.734840917978453,26.76135682618061,83.67649682471901,60.13961194735396
2005-05-21,29.641060070156364,26.676954063140727,80.98152699091237,60.319943980554505
2005-05-22,29.547279222334275,26.592551300100848,78.28655715710575,60.50027601375505
2005-05-23,29.453498374512183,26.50814853706097,75.59158732329911,60.68060804695559
2005-05-24,29.3597175266901,26.42374577402109,72.89661748949248,60.86094008015614
2005-05-25,29.26593667886801,26.33934301098121,70.20164765568585,61.04127211335668
2005-05-26,29.172155831045924,26.25494024794133,67.50667782187921,61.221604146557226
2005-05-27,29.078374983223835,26.17053748490145,64.81170798807258,61.40193617975777
2005-05-28,29.054431704343205,26.148988533908884,62.27864999244512,61.50900929861629
2005-05-29,29.030488425462572,26.12743958291632,59.74559199681765,61.61608241747481
2005-05-30,29.006545146581946,26.105890631923756,57.212534001190186,61.72315553633332
2005-05-31,28.98260186770132,26.084341680931185,54.67947600556272,61.830228655191846
2005-06-01,28.95865858882069,26.062792729938614,52.146418009935246,61.93730177405036
2005-06-02,28.93471530994006,26.04124377894605,49.61336001430778,62.04437489290888
2005-06-03,28.91077203105943,26.019694827953487,47.08030201868032,62.1514480117674
2005-06-04,28.989263762221675,26.090337385999508,45.478545463533216,62.12625188940408
2005-06-05,29.06775549338392,26.16097994404553,43.87678890838612,62.10105576704075
2005-06-06,29.146247224546165,26.23162250209155,42.27503235323901,62.07585964467742
2005-06-07,29.22473895570841,26.302265060137568,40.67327579809192,62.0506635223141
2005-06-08,29.30323068687066,26.37290761818359,39.07151924294482,62.02546739995078
2005-06-09,29.381722418032904,26.44355017622961,37.46976268779772,62.00027127758745
2005-06-10,29.46021414919515,26.514192734275632,35.86800613265062,61.975075155224125
2005-06-11,29.63107600969499,26.66796840872549,35.305031163056256,61.80280465473521
2005-06-12,29.801937870194838,26.821744083175343,34.74205619346189,61.63053415424629
2005-06-13,29.972799730694675,26.975519757625204,34.17908122386753,61.45826365375738
2005-06-14,30.14366159119452,27.129295432075065,33.61610625427316,61.285993153268464
2005-06-15,30.31452345169436,27.28307110652492,33.0531312846788,61.11372265277955
2005-06-16,30.485385312194204,27.43684678097478,32.490156315084434,60.94145215229063
2005-06-17,30.656247172694044,27.59062245542464,31.927181345490062,60.76918165180172
2005-06-18,30.872939113034125,27.78564520173071,31.93404370668257,60.47282591698784
2005-06-19,31.089631053374205,27.980667948036785,31.94090606787507,60.176470182173965
2005-06-20,31.30632299371429,28.17569069434285,31.947768429067573,59.880114447360086
2005-06-21,31.523014934054363,28.370713440648927,31.954630790260072,59.58375871254621
2005-06-22,31.739706874394443,28.565736186955,31.961493151452576,59.287402977732334
2005-06-23,31.956398814734523,28.760758933261076,31.96835551264508,58.99104724291846
2005-06-24,32.173090755074604,28.955781679567146,31.97521787383758,58.69469150810458
2005-06-25,32.387898128601314,29.149108315741184,32.07767741334522,58.2984567588241
2005-06-26,32.60270550212802,29.34243495191522,32.18013695285287,57.902222009543614
2005-06-27,32.81751287565473,29.535761588089255,32.28259649236051,57.50598726026313
2005-06-28,33.03232024918144,29.729088224263297,32.38505603186816,57.109752510982645
2005-06-29,33.24712762270815,29.922414860437332,32.4875155713758,56.71351776170216
2005-06-30,33.46193499623485,30.11574149661137,32.58997511088345,56.31728301242168
2005-07-01,33.67674236976156,30.30906813278541,32.69243465039109,55.9210482631412
2005-07-02,33.84203880601687,30.457834925415188,32.40894723610759,55.44922008756688
2005-07-03,34.007335242272184,30.60660171804497,32.125459821824094,54.97739191199256
2005-07-04,34.172631678527495,30.75536851067475,31.84197240754059,54.505563736418246
2005-07-05,34.337928114782805,30.90413530330453,31.55848499325709,54.03373556084392
2005-07-06,34.50322455103812,31.052902095934307,31.27499757897359,53.561907385269606
2005-07-07,34.66852098729343,31.20166888856409,30.99151016469009,53.09007920969529
2005-07-08,34.83381742354874,31.35043568119387,30.708022750406588,52.61825103412097
2005-07-09,34.9198524751459,31.427867227631317,29.840139087371647,52.11118709822146
2005-07-10,35.00588752674306,31.50529877406876,28.972255424336705,51.60412316232193
2005-07-11,35.091922578340224,31.5827303205062,28.104371761301763,51.09705922642242
2005-07-12,35.17795762993738,31.66016186694365,27.236488098266825,50.58999529052289
2005-07-13,35.263992681534546,31.73759341338109,26.36860443523188,50.082931354623376
2005-07-14,35.350027733131704,31.815024959818533,25.50072077219694,49.57586741872386
2005-07-15,35.43606278472887,31.89245650625598,24.632837109162,49.068803482824336
2005-07-16,35.45256536727124,31.90730883054411,23.578621376435468,48.60235698422711
2005-07-17,35.469067949813606,31.92216115483225,22.52440564370894,48.13591048562988
2005-07-18,35.48557053235598,31.937013479120377,21.47018991098241,47.66946398703265
2005-07-19,35.502073114898344,31.951865803408516,20.41597417825588,47.20301748843543
2005-07-20,35.51857569744072,31.966718127696645,19.361758445529347,46.7365709898382
2005-07-21,35.53507827998308,31.98157045198478,18.307542712802817,46.27012449124097
2005-07-22,35.551580862525455,31.99642277627291,17.253326980076288,45.80367799264374
2005-07-23,35.51355962353719,31.96220366118347,16.480814699613806,45.45844908731989
2005-07-24,35.47553838454892,31.92798454609403,15.70830241915132,45.113220181996034
2005-07-25,35.437517145560655,31.89376543100459,14.93579013868884,44.76799127667218
2005-07-26,35.39949590657238,31.85954631591515,14.163277858226357,44.422762371348334
2005-07-27,35.36147466758412,31.825327200825708,13.390765577763872,44.07753346602448
2005-07-28,35.32345342859585,31.79110808573627,12.61825329730139,43.73230456070063
2005-07-29,35.28543218960758,31.756888970646827,11.845741016838907,43.387075655376776
2005-07-30,35.20789577661282,31.68710619895154,11.827771038332672,43.24366449929732
2005-07-31,35.130359363618055,31.61732342725625,11.809801059826436,43.10025334321786
2005-08-01,35.052822950623295,31.547540655560965,11.791831081320202,42.9568421871384
2005-08-02,34.975286537628534,31.47775788386568,11.773861102813967,42.81343103105895
2005-08-03,34.897750124633774,31.407975112170394,11.755891124307734,42.67001987497949
2005-08-04,34.820213711639006,31.338192340475107,11.7379211458015,42.52660871890003
2005-08-05,34.742677298644246,31.26840956877982,11.719951167295264,42.38319756282057
2005-08-06,34.64156622535453,31.17740960281908,12.892865671385316,42.50208795013709
2005-08-07,34.54045515206482,31.08640963685833,14.065780175475368,42.620978337453614
2005-08-08,34.43934407877511,30.995409670897597,15.238694679565418,42.73986872477013
2005-08-09,34.33823300548539,30.904409704936853,16.41160918365547,42.85875911208666
2005-08-10,34.23712193219568,30.813409738976112,17.584523687745524,42.97764949940318
2005-08-11,34.13601085890597,30.722409773015368,18.75743819183557,43.0965398867197
2005-08-12,34.034899785616254,30.631409807054627,19.930352695925624,43.21543027403622
2005-08-13,33.93208487252878,30.538876385275906,22.12921275049087,43.529087407159714
2005-08-14,33.82926995944131,30.446342963497177,24.32807280505611,43.842744540283206
2005-08-15,33.72645504635384,30.35380954171845,26.526932859621358,44.1564016734067
2005-08-16,33.62364013326636,30.26127611993973,28.7257929141866,44.47005880653019
2005-08-17,33.52082522017889,30.168742698161,30.92465296875184,44.78371593965368
2005-08-18,33.41801030709142,30.07620927638228,33.12351302331709,45.09737307277717
2005-08-19,33.31519539400395,29.98367585460355,35.322373077882325,45.411030205900666
2005-08-20,33.234872362051824,29.91138512584664,38.20884931962876,45.80173124630248
2005-08-21,33.154549330099705,29.839094397089728,41.0953255613752,46.1924322867043
2005-08-22,33.07422629814758,29.766803668332816,43.981801803121634,46.58313332710612
2005-08-23,32.99390326619546,29.694512939575908,46.86827804486807,46.97383436750793
2005-08-24,32.913580234243334,29.622222210819,49.75475428661451,47.36453540790975
2005-08-25,32.833257202291215,29.549931482062085,52.64123052836094,47.75523644831157
2005-08-26,32.75293417033909,29.47764075330517,55.52770677010738,48.145937488713386
2005-08-27,32.71930419845706,29.44737377861135,58.75187816978673,48.49584177500868
2005-08-28,32.68567422657504,29.41710680391753,61.97604956946608,48.84574606130397
2005-08-29,32.65204425469301,29.386839829223707,65.20022096914542,49.19565034759926
2005-08-30,32.61841428281098,29.356572854529883,68.42439236882477,49.54555463389456
2005-08-31,32.58478431092895,29.32630587983606,71.64856376850412,49.895458920189846
2005-09-01,32.55115433904693,29.29603890514224,74.87273516818347,50.24536320648514
2005-09-02,32.5175243671649,29.265771930448416,78.09690656786282,50.59526749278043
2005-09-03,32.55358883850644,29.2982299546558,81.3096943585914,50.79035063988888
2005-09-04,32.589653309847975,29.330687978863185,84.52248214931998,50.98543378699733
2005-09-05,32.625717781189515,29.363146003070565,87.73526994004857,51.18051693410578
2005-09-06,32.661782252531054,29.39560402727795,90.94805773077714,51.37560008121423
2005-09-07,32.697846723872594,29.42806205148533,94.16084552150572,51.57068322832268
2005-09-08,32.73391119521413,29.46052007569272,97.3736333122343,51.765766375431134
2005-09-09,32.769975666555666,29.4929780999001,100.58642110296287,51.96084952253958
2005-09-10,32.86992599227396,29.58293339304656,103.4396664633044,51.97872508509896
2005-09-11,32.969876317992245,29.672888686193023,106.29291182364588,51.99660064765833
2005-09-12,33.069826643710535,29.762843979339483,109.14615718398738,52.01447621021771
2005-09-13,33.16977696942883,29.852799272485942,111.99940254432887,52.03235177277709
2005-09-14,33.26972729514712,29.94275456563241,114.8526479046704,52.05022733533647
2005-09-15,33.36967762086541,30.03270985877887,117.70589326501188,52.06810289789584
2005-09-16,33.4696279465837,30.12266515192533,120.55913862535338,52.085978460455216
2005-09-17,33.598154142596044,30.23833872833644,122.70470287151896,51.99809719218844
2005-09-18,33.7266803386084,30.354012304747556,124.85026711768454,51.910215923921655
2005-09-19,33.85520653462074,30.469685881158664,126.99583136385012,51.82233465565488
2005-09-20,33.983732730633086,30.58535945756978,129.1413956100157,51.73445338738809
2005-09-21,34.11225892664543,30.70103303398089,131.28695985618128,51.64657211912132
2005-09-22,34.24078512265778,30.816706610392004,133.43252410234686,51.55869085085453
2005-09-23,34.36931131867013,30.932380186803115,135.57808834851244,51.47080958258776
2005-09-24,34.48976529608304,31.04078876647473,136.6678337101028,51.35287844295046
2005-09-25,34.610219273495936,31.149197346146345,137.75757907169313,51.23494730331316
2005-09-26,34.73067325090884,31.25760592581796,138.8473244332835,51.11701616367587
2005-09-27,34.85112722832175,31.366014505489577,139.93706979487382,50.99908502403858
2005-09-28,34.97158120573466,31.47442308516119,141.02681515646418,50.881153884401286
2005-09-29,35.09203518314756,31.582831664832806,142.1165605180545,50.76322274476399
2005-09-30,35.212489160560466,31.69124024450442,143.20630587964487,50.64529160512669
2005-10-01,35.28824552804908,31.75942097524417,142.89263610122893,50.57298087377291
2005-10-02,35.36400189553769,31.827601705983923,142.578966322813,50.500670142419125
2005-10-03,35.439758263026306,31.895782436723675,142.26529654439705,50.428359411065344
2005-10-04,35.515514630514915,31.963963167463422,141.95162676598113,50.35604867971156
2005-10-05,35.59127099800353,32.032143898203174,141.6379569875652,50.28373794835778
2005-10-06,35.66702736549214,32.10032462894293,141.32428720914925,50.211427217004
2005-10-07,35.742783732980755,32.16850535968268,141.0106174307333,50.13911648565021
2005-10-08,35.75073567664419,32.175662108979765,139.2684603182641,50.16625010503966
2005-10-09,35.75868762030762,32.18281885827686,137.52630320579487,50.193383724429104
2005-10-10,35.766639563971054,32.18997560757395,135.78414609332566,50.22051734381855
2005-10-11,35.77459150763449,32.19713235687104,134.04198898085642,50.247650963208
2005-10-12,35.782543451297926,32.204289106168126,132.2998318683872,50.27478458259745
2005-10-13,35.790495394961354,32.21144585546522,130.557674755918,50.301918201986894
2005-10-14,35.79844733862479,32.21860260476231,128.81551764344877,50.32905182137634
2005-10-15,35.75182020037379,32.17663818033641,126.4866077743101,50.45074012069682
2005-10-16,35.7051930621228,32.13467375591052,124.15769790517145,50.5724284200173
2005-10-17,35.658565923871805,32.09270933148462,121.82878803603278,50.694116719337785
2005-10-18,35.61193878562081,32.05074490705872,119.49987816689412,50.81580501865826
2005-10-19,35.56531164736981,32.00878048263283,117.17096829775544,50.93749331797874
2005-10-20,35.51868450911882,31.96681605820693,114.8420584286168,51.05918161729922
2005-10-21,35.47205737086782,31.924851633781035,112.51314855947813,51.180869916619706
2005-10-22,35.39011743977529,31.851105695797752,110.58334446376244,51.38246091320193
2005-10-23,35.308177508682746,31.77735975781447,108.65354036804678,51.58405190978415
2005-10-24,35.22623757759021,31.703613819831187,106.7237362723311,51.78564290636638
2005-10-25,35.14429764649767,31.629867881847904,104.7939321766154,51.9872339029486
2005-10-26,35.062357715405135,31.55612194386462,102.86412808089972,52.18882489953082
2005-10-27,34.98041778431259,31.48237600588134,100.93432398518408,52.39041589611304
2005-10-28,34.89847785322006,31.408630067898056,99.00451988946838,52.59200689269527
2005-10-29,34.800491418358874,31.32044227652299,98.4596800972681,52.85884860386992
2005-10-30,34.70250498349769,31.232254485147923,97.91484030506784,53.12569031504457
2005-10-31,34.604518548636506,31.144066693772857,97.37000051286756,53.39253202621922
2005-11-01,34.50653211377533,31.055878902397797,96.82516072066726,53.65937373739388
2005-11-02,34.408545678914145,30.967691111022727,96.28032092846698,53.92621544856853
2005-11-03,34.31055924405296,30.87950331964766,95.7354811362667,54.193057159743184
2005-11-04,34.21257280919178,30.791315528272595,95.19064134406642,54.45989887091783
2005-11-05,34.11733977214242,30.70560579492818,96.85382894339244,54.77350313052873
2005-11-06,34.022106735093075,30.619896061583766,98.51701654271848,55.08710739013964
2005-11-07,33.92687369804372,30.53418632823935,100.18020414204447,55.40071164975053
2005-11-08,33.831640660994374,30.448476594894935,101.8433917413705,55.71431590936144
2005-11-09,33.73640762394502,30.36276686155052,103.50657934069652,56.02792016897234
2005-11-10,33.64117458689567,30.27705712820611,105.16976694002254,56.34152442858324
2005-11-11,33.54594154984632,30.19134739486169,106.83295453934856,56.65512868819414
2005-11-12,33.46856278521086,30.121706506689776,110.23606434708896,56.96658167235661
2005-11-13,33.39118402057539,30.052065618517855,113.63917415482938,57.27803465651908
2005-11-14,33.313805255939926,29.98242473034594,117.0422839625698,57.589487640681554
2005-11-15,33.236426491304464,29.91278384217402,120.4453937703102,57.90094062484403
2005-11-16,33.159047726669,29.8431429540021,123.8485035780506,58.2123936090065
2005-11-17,33.08166896203353,29.773502065830183,127.25161338579102,58.523846593168976
2005-11-18,33.00429019739807,29.703861177658265,130.65472319353142,58.83529957733145
2005-11-19,32.95810459484525,29.662294135360728,134.71461827543737,59.081194583137446
2005-11-20,32.911918992292435,29.62072709306319,138.77451335734324,59.32708958894344
2005-11-21,32.86573338973962,29.57916005076565,142.83440843924916,59.57298459474944
2005-11-22,32.81954778718679,29.537593008468114,146.89430352115508,59.81887960055544
2005-11-23,32.773362184633974,29.496025966170578,150.954198603061,60.06477460636143
2005-11-24,32.72717658208116,29.45445892387304,155.0140936849669,60.31066961216742
2005-11-25,32.68099097952834,29.412891881575504,159.07398876687282,60.55656461797342
2005-11-26,32.679326626953085,29.411393964257776,162.70376176265327,60.67340609453528
2005-11-27,32.67766227437784,29.40989604694005,166.33353475843373,60.79024757109712
2005-11-28,32.67599792180258,29.408398129622324,169.96330775421418,60.90708904765897
2005-11-29,32.67433356922733,29.4069002123046,173.5930807499946,61.02393052422082
2005-11-30,32.672669216652075,29.40540229498687,177.22285374577507,61.14077200078268
2005-12-01,32.67100486407683,29.403904377669143,180.85262674155555,61.25761347734452
2005-12-02,32.669340511501574,29.40240646035142,184.482399737336,61.37445495390637
2005-12-03,32.72494435341679,29.45244991807511,186.61986801647,61.300980161264825
2005-12-04,32.780548195331995,29.5024933757988,188.75733629560403,61.22750536862327
2005-12-05,32.83615203724721,29.55253683352249,190.8948045747381,61.15403057598172
2005-12-06,32.891755879162424,29.60258029124618,193.0322728538721,61.080555783340166
2005-12-07,32.94735972107764,29.652623748969877,195.16974113300608,61.00708099069862
2005-12-08,33.002963562992846,29.70266720669356,197.3072094121401,60.93360619805706
2005-12-09,33.05856740490806,29.75271066441725,199.4446776912741,60.86013140541552
2005-12-10,33.164255344296166,29.84782980986655,199.8756242563664,60.61165465622945
2005-12-11,33.26994328368427,29.942948955315845,200.3065708214587,60.36317790704339
2005-12-12,33.375631223072375,30.03806810076514,200.737517386551,60.11470115785732
2005-12-13,33.48131916246048,30.133187246214437,201.16846395164328,59.86622440867126
2005-12-14,33.587007101848585,30.22830639166373,201.5994105167356,59.61774765948519
2005-12-15,33.69269504123669,30.323425537113025,202.03035708182784,59.36927091029913
2005-12-16,33.798382980624794,30.41854468256232,202.46130364692013,59.12079416111306
2005-12-17,33.92252188580581,30.530269697225236,202.01169503163325,58.80656540160795
2005-12-18,34.04666079098683,30.641994711888145,201.56208641634635,58.49233664210284
2005-12-19,34.17079969616784,30.753719726551054,201.11247780105947,58.17810788259773
2005-12-20,34.29493860134885,30.86544474121397,200.66286918577256,57.863879123092616
2005-12-21,34.41907750652987,30.977169755876883,200.2132605704857,57.5496503635875
2005-12-22,34.54321641171089,31.088894770539795,199.7636519551988,57.2354216040824
2005-12-23,34.6673553168919,31.200619785202708,199.3140433399119,56.92119284457728
2005-12-24,34.77681547355078,31.299133926195704,198.8735181464108,56.65621204096709
2005-12-25,34.88627563020967,31.3976480671887,198.43299295290976,56.39123123735688
2005-12-26,34.99573578686855,31.496162208181698,197.99246775940867,56.12625043374668
2005-12-27,35.10519594352744,31.59467634917469,197.5519425659076,55.86126963013648
2005-12-28,35.214656100186325,31.693190490167687,197.1114173724065,55.59628882652628
2005-12-29,35.32411625684521,31.791704631160684,196.67089217890543,55.33130802291607
2005-12-30,35.43357641350409,31.89021877215368,196.23036698540437,55.06632721930587
2005-12-31,35.49523093927909,31.94570784535118,196.68848079758047,54.96558498003138
2006-01-01,35.55688546505409,32.00119691854868,197.14659460975656,54.864842740756885
2006-01-02,35.618539990829085,32.05668599174618,197.60470842193268,54.7641005014824
2006-01-03,35.68019451660408,32.11217506494368,198.0628222341088,54.66335826220791
2006-01-04,35.74184904237908,32.16766413814118,198.5209360462849,54.56261602293342
2006-01-05,35.80350356815408,32.22315321133868,198.979049858461,54.46187378365892
2006-01-06,35.865158093929075,32.278642284536176,199.43716367063712,54.36113154438444
2006-01-07,35.858083158633804,32.27227484277043,201.32574147774156,54.49929528644218
2006-01-08,35.85100822333853,32.26590740100469,203.21431928484597,54.63745902849994
2006-01-09,35.84393328804326,32.25953995923894,205.10289709195035,54.77562277055769
2006-01-10,35.836858352748,32.2531725174732,206.99147489905477,54.91378651261544
2006-01-11,35.829783417452724,32.24680507570745,208.88005270615915,55.05195025467319
2006-01-12,35.82270848215745,32.24043763394171,210.7686305132636,55.19011399673094
2006-01-13,35.81563354686218,32.23407019217596,212.657208320368,55.32827773878869
2006-01-14,35.75904912986278,32.1831442168765,215.33126551877768,55.64736556369048
2006-01-15,35.702464712863375,32.13221824157704,218.0053227171873,55.96645338859227
2006-01-16,35.645880295863975,32.08129226627758,220.67937991559705,56.28554121349406
2006-01-17,35.589295878864576,32.030366290978115,223.35343711400668,56.60462903839585
2006-01-18,35.532711461865176,31.97944031567866,226.0274943124164,56.92371686329764
2006-01-19,35.47612704486577,31.928514340379195,228.70155151082605,57.24280468819943
2006-01-20,35.41954262786637,31.87758836507973,231.3756087092357,57.56189251310121
2006-01-21,35.34091137895992,31.806820241063928,233.9485280814288,57.97668583001154
2006-01-22,35.26228013005347,31.73605211704812,236.5214474536219,58.39147914692186
2006-01-23,35.183648881147015,31.665283993032315,239.09436682581497,58.80627246383219
2006-01-24,35.10501763224056,31.594515869016504,241.66728619800807,59.22106578074251
2006-01-25,35.026386383334106,31.523747745000698,244.24020557020117,59.63585909765283
2006-01-26,34.94775513442766,31.45297962098489,246.8131249423942,60.05065241456315
2006-01-27,34.869123885521205,31.382211496969084,249.3860443145873,60.46544573147348
2006-01-28,34.79590845450478,31.316317609054305,250.97120864304196,60.89072594955683
2006-01-29,34.722693023488354,31.25042372113952,252.55637297149653,61.31600616764018
2006-01-30,34.64947759247193,31.184529833224737,254.14153729995115,61.741286385723534
2006-01-31,34.5762621614555,31.11863594530996,255.72670162840572,62.16656660380689
2006-02-01,34.50304673043908,31.05274205739517,257.31186595686034,62.59184682189024
2006-02-02,34.42983129942265,30.986848169480396,258.897030285315,63.0171270399736
2006-02-03,34.35661586840623,30.92095428156561,260.4821946137696,63.44240725805695
2006-02-04,34.31361242883202,30.882251185948824,260.272301869846,63.79785476551831
2006-02-05,34.270608989257816,30.843548090332035,260.06240912592244,64.15330227297967
2006-02-06,34.22760554968361,30.80484499471525,259.85251638199884,64.50874978044104
2006-02-07,34.184602110109395,30.766141899098464,259.6426236380753,64.8641972879024
2006-02-08,34.14159867053519,30.72743880348168,259.4327308941517,65.21964479536376
2006-02-09,34.09859523096098,30.68873570786489,259.22283815022814,65.57509230282513
2006-02-10,34.055591791386775,30.650032612248104,259.01294540630454,65.93053981028649
2006-02-11,34.04092645008461,30.63683380507616,256.9940032274956,66.18483453100326
2006-02-12,34.02626110878246,30.62363499790421,254.97506104868657,66.43912925172005
2006-02-13,34.011595767480294,30.610436190732266,252.9561188698776,66.69342397243682
2006-02-14,33.99693042617813,30.59723738356032,250.9371766910686,66.94771869315359
2006-02-15,33.98226508487597,30.584038576388373,248.91823451225963,67.20201341387036
2006-02-16,33.967599743573814,30.570839769216427,246.89929233345063,67.45630813458715
2006-02-17,33.95293440227165,30.55764096204448,244.8803501546417,67.71060285530392
2006-02-18,33.94938112539993,30.55444301285993,241.4950205137008,67.86063040803647
2006-02-19,33.94582784852821,30.551245063675385,238.10969087275987,68.01065796076904
2006-02-20,33.94227457165649,30.548047114490835,234.724361231819,68.16068551350159
2006-02-21,33.93872129478476,30.54484916530629,231.3390315908781,68.31071306623416
2006-02-22,33.93516801791304,30.54165121612174,227.95370194993723,68.46074061896671
2006-02-23,33.93161474104132,30.538453266937196,224.56837230899632,68.61076817169928
2006-02-24,33.9280614641696,30.535255317752643,221.18304266805544,68.76079572443183
2006-02-25,33.91821009666588,30.52638908699929,216.8794642823489,68.80378000434686
2006-02-26,33.90835872916215,30.51752285624594,212.5758858966423,68.84676428426191
2006-02-27,33.89850736165843,30.508656625492588,208.2723075109357,68.88974856417694
2006-02-28,33.8886559941547,30.49979039473924,203.9687291252292,68.93273284409197
2006-03-01,33.87880462665098,30.490924163985884,199.6651507395226,68.975717124007
2006-03-02,33.868953259147254,30.48205793323253,195.36157235381603,69.01870140392205
2006-03-03,33.85910189164353,30.47319170247918,191.05799396810943,69.06168568383708
2006-03-04,33.82575979243466,30.443183813191197,186.28354095865424,68.99504404364946
2006-03-05,33.79241769322578,30.413175923903204,181.50908794919903,68.92840240346183
2006-03-06,33.759075594016906,30.383168034615217,176.73463493974378,68.8617607632742
2006-03-07,33.72573349480803,30.35316014532723,171.96018193028857,68.79511912308658
2006-03-08,33.69239139559916,30.323152256039243,167.18572892083336,68.72847748289895
2006-03-09,33.65904929639028,30.293144366751253,162.41127591137814,68.66183584271133
2006-03-10,33.625707197181406,30.263136477463267,157.63682290192293,68.5951942025237
2006-03-11,33.56308043317876,30.20677238986089,152.79880111395366,68.42648203758995
2006-03-12,33.500453669176125,30.150408302258512,147.96077932598442,68.25776987265618
2006-03-13,33.43782690517348,30.094044214656137,143.12275753801515,68.08905770772243
2006-03-14,33.37520014117084,30.03768012705376,138.2847357500459,67.92034554278868
2006-03-15,33.31257337716819,29.981316039451382,133.44671396207664,67.75163337785493
2006-03-16,33.249946613165555,29.924951951849003,128.6086921741074,67.58292121292116
2006-03-17,33.18731984916291,29.868587864246628,123.77067038613814,67.41420904798741
2006-03-18,33.10639281901718,29.79575353711547,119.21740715397304,67.1659044486625
2006-03-19,33.02546578887145,29.72291920998431,114.66414392180796,66.91759984933759
2006-03-20,32.94453875872572,29.65008488285315,110.11088068964288,66.66929525001268
2006-03-21,32.86361172857998,29.57725055572199,105.5576174574778,66.42099065068776
2006-03-22,32.78268469843425,29.50441622859083,101.0043542253127,66.17268605136285
2006-03-23,32.70175766828852,29.43158190145967,96.4510909931476,65.92438145203793
2006-03-24,32.62083063814279,29.35874757432851,91.89782776098252,65.67607685271302
2006-03-25,32.53393184179413,29.280538657614716,87.97292568862655,65.37185335678384
2006-03-26,32.447033045445465,29.202329740900915,84.04802361627058,65.06762986085468
2006-03-27,32.3601342490968,29.12412082418712,80.1231215439146,64.7634063649255
2006-03-28,32.27323545274813,29.04591190747332,76.19821947155863,64.45918286899632
2006-03-29,32.18633665639947,28.967702990759523,72.27331739920265,64.15495937306716
2006-03-30,32.099437860050806,28.889494074045725,68.34841532684669,63.85073587713798
2006-03-31,32.01253906370214,28.811285157331927,64.42351325449071,63.54651238120881
2006-04-01,31.931997001090707,28.73879730098164,61.47057494594895,63.21004352646229
2006-04-02,31.851454938479275,28.666309444631345,58.51763663740718,62.87357467171579
2006-04-03,31.77091287586784,28.593821588281056,55.56469832886542,62.53710581696927
2006-04-04,31.690370813256404,28.521333731930763,52.61176002032364,62.20063696222277
2006-04-05,31.60982875064497,28.448845875580474,49.65882171178188,61.86416810747625
2006-04-06,31.529286688033537,28.37635801923018,46.70588340324012,61.52769925272975
2006-04-07,31.4487446254221,28.303870162879893,43.75294509469835,61.19123039798323
2006-04-08,31.38366824349572,28.245301419146145,42.02740701213952,60.849051379727065
2006-04-09,31.31859186156933,28.1867326754124,40.301868929580685,60.5068723614709
2006-04-10,31.253515479642942,28.128163931678653,38.57633084702186,60.164693343214736
2006-04-11,31.18843909771656,28.069595187944905,36.85079276446302,59.822514324958576
2006-04-12,31.12336271579017,28.01102644421116,35.125254681904195,59.48033530670241
2006-04-13,31.058286333863787,27.952457700477414,33.39971659934537,59.13815628844625
2006-04-14,30.9932099519374,27.893888956743663,31.674178516786533,58.79597727019008
2006-04-15,30.939688725893728,27.84571985330436,30.94025267223233,58.48619547072186
2006-04-16,30.886167499850053,27.797550749865053,30.206326827678115,58.17641367125364
2006-04-17,30.83264627380638,27.749381646425743,29.472400983123908,57.86663187178542
2006-04-18,30.779125047762705,27.70121254298644,28.7384751385697,57.5568500723172
2006-04-19,30.72560382171903,27.653043439547133,28.004549294015494,57.24706827284898
2006-04-20,30.67208259567536,27.604874336107827,27.270623449461283,56.93728647338076
2006-04-21,30.61856136963168,27.55670523266852,26.53669760490708,56.62750467391254
2006-04-22,30.569394205282578,27.512454784754325,26.24023918156739,56.39115225504213
2006-04-23,30.52022704093347,27.46820433684013,25.9437807582277,56.15479983617172
2006-04-24,30.471059876584366,27.423953888925936,25.647322334888013,55.91844741730131
2006-04-25,30.421892712235262,27.37970344101174,25.350863911548323,55.68209499843089
2006-04-26,30.37272554788616,27.335452993097544,25.05440548820864,55.44574257956048
2006-04-27,30.32355838353705,27.29120254518335,24.75794706486895,55.20939016069007
2006-04-28,30.274391219187947,27.246952097269155,24.46148864152926,54.97303774181966
2006-04-29,30.22237702218876,27.200139319969885,24.370299744362875,54.85114686549603
2006-04-30,30.17036282518957,27.15332654267061,24.27911084719649,54.7292559891724
2006-05-01,30.118348628190382,27.106513765371343,24.187921950030105,54.60736511284876
2006-05-02,30.06633443119119,27.05970098807207,24.09673305286372,54.485474236525135
2006-05-03,30.014320234192,27.0128882107728,24.005544155697333,54.3635833602015
2006-05-04,29.96230603719281,26.966075433473527,23.914355258530943,54.24169248387787
2006-05-05,29.910291840193626,26.919262656174254,23.82316636136456,54.11980160755424
2006-05-06,29.84928688940972,26.864358200468747,23.629193482117625,54.147564783240085
2006-05-07,29.78828193862582,26.809453744763232,23.43522060287069,54.17532795892594
2006-05-08,29.727276987841915,26.75454928905772,23.24124772362375,54.20309113461179
2006-05-09,29.66627203705801,26.69964483335221,23.047274844376812,54.23085431029764
2006-05-10,29.605267086274107,26.64474037764669,22.85330196512988,54.258617485983486
2006-05-11,29.544262135490204,26.58983592194118,22.65932908588294,54.28638066166934
2006-05-12,29.4832571847063,26.53493146623567,22.46535620663601,54.31414383735519
2006-05-13,29.420680067678592,26.47861206091073,22.074879947741437,54.451851762337625
2006-05-14,29.358102950650885,26.4222926555858,21.684403688846864,54.589559687320055
2006-05-15,29.295525833623177,26.36597325026086,21.29392742995229,54.72726761230249
2006-05-16,29.23294871659547,26.309653844935923,20.90345117105772,54.86497553728492
2006-05-17,29.17037159956776,26.25333443961099,20.512974912163145,55.00268346226736
2006-05-18,29.10779448254005,26.19701503428605,20.122498653268572,55.140391387249785
2006-05-19,29.045217365512347,26.140695628961115,19.732022394374003,55.27809931223222
2006-05-20,28.99788015033993,26.098092135305944,19.31263784847541,55.43416444291199
2006-05-21,28.95054293516752,26.05548864165077,18.89325330257682,55.59022957359176
2006-05-22,28.903205719995103,26.0128851479956,18.47386875667823,55.74629470427153
2006-05-23,28.85586850482269,25.970281654340425,18.05448421077964,55.9023598349513
2006-05-24,28.80853128965028,25.92767816068525,17.63509966488105,56.05842496563107
2006-05-25,28.761194074477864,25.885074667030075,17.21571511898246,56.21449009631083
2006-05-26,28.713856859305448,25.842471173374904,16.796330573083868,56.37055522699061
2006-05-27,28.6987598038018,25.82888382342162,16.52028197727647,56.45235068708722
2006-05-28,28.68366274829815,25.815296473468333,16.244233381469066,56.53414614718384
2006-05-29,28.668565692794505,25.80170912351505,15.968184785661666,56.615941607280455
2006-05-30,28.653468637290853,25.78812177356177,15.692136189854264,56.69773706737707
2006-05-31,28.638371581787204,25.774534423608483,15.416087594046864,56.77953252747368
2006-06-01,28.62327452628356,25.7609470736552,15.140038998239463,56.86132798757031
2006-06-02,28.608177470779907,25.747359723701912,14.863990402432064,56.94312344766692
2006-06-03,28.64217180315846,25.77795462284261,14.900848864300633,56.858673670423805
2006-06-04,28.67616613553701,25.808549521983306,14.9377073261692,56.77422389318069
2006-06-05,28.71016046791556,25.839144421124004,14.974565788037768,56.68977411593757
2006-06-06,28.744154800294115,25.869739320264703,15.011424249906336,56.60532433869447
2006-06-07,28.778149132672667,25.9003342194054,15.048282711774904,56.52087456145135
2006-06-08,28.812143465051214,25.930929118546096,15.085141173643471,56.43642478420824
2006-06-09,28.84613779742977,25.961524017686795,15.12199963551204,56.35197500696512
2006-06-10,28.9328570744782,26.039571367030383,15.546430631629237,56.06707009956804
2006-06-11,29.01957635152663,26.11761871637397,15.970861627746435,55.78216519217096
2006-06-12,29.10629562857506,26.19566606571756,16.395292623863632,55.49726028477389
2006-06-13,29.19301490562349,26.27371341506114,16.81972361998083,55.2123553773768
2006-06-14,29.27973418267192,26.35176076440473,17.24415461609803,54.927450469979725
2006-06-15,29.36645345972035,26.429808113748315,17.668585612215225,54.64254556258265
2006-06-16,29.45317273676878,26.507855463091904,18.093016608332423,54.35764065518557
2006-06-17,29.57283154707955,26.6155483923716,18.6636403334893,53.94041949997556
2006-06-18,29.69249035739032,26.723241321651287,19.234264058646172,53.523198344765554
2006-06-19,29.812149167701087,26.83093425093098,19.804887783803053,53.105977189555546
2006-06-20,29.931807978011857,26.938627180210677,20.37551150895993,52.68875603434553
2006-06-21,30.051466788322625,27.046320109490367,20.94613523411681,52.27153487913552
2006-06-22,30.171125598633395,27.154013038770056,21.516758959273684,51.85431372392552
2006-06-23,30.29078440894416,27.26170596804975,22.08738268443056,51.43709256871551
2006-06-24,30.42119636739056,27.379076730651505,22.550865112124125,50.96618711148921
2006-06-25,30.551608325836952,27.496447493253257,23.014347539817685,50.495281654262925
2006-06-26,30.682020284283347,27.61381825585501,23.477829967511248,50.02437619703663
2006-06-27,30.812432242729734,27.731189018456764,23.941312395204807,49.55347073981034
2006-06-28,30.942844201176133,27.84855978105852,24.40479482289837,49.08256528258405
2006-06-29,31.073256159622527,27.96593054366027,24.86827725059193,48.61165982535776
2006-06-30,31.20366811806892,28.083301306262022,25.331759678285493,48.14075436813147
2006-07-01,31.322646839524225,28.1903821555718,25.472648185772893,47.69479655468554
2006-07-02,31.44162556097953,28.29746300488157,25.61353669326029,47.24883874123961
2006-07-03,31.560604282434834,28.40454385419135,25.75442520074769,46.80288092779368
2006-07-04,31.679583003890137,28.511624703501123,25.895313708235086,46.35692311434776
2006-07-05,31.79856172534544,28.618705552810894,26.036202215722486,45.91096530090183
2006-07-06,31.917540446800743,28.725786402120672,26.177090723209883,45.4650074874559
2006-07-07,32.03651916825605,28.832867251430446,26.317979230697283,45.01904967400997
2006-07-08,32.1264609063392,28.91381481570528,26.07082198695219,44.663771166444064
2006-07-09,32.216402644422345,28.99476237998011,25.823664743207097,44.30849265887816
2006-07-10,32.30634438250549,29.075709944254942,25.576507499462004,43.95321415131225
2006-07-11,32.396286120588634,29.15665750852977,25.329350255716907,43.59793564374634
2006-07-12,32.48622785867178,29.237605072804605,25.08219301197181,43.24265713618043
2006-07-13,32.57616959675493,29.318552637079435,24.83503576822672,42.88737862861453
2006-07-14,32.66611133483808,29.399500201354268,24.587878524481628,42.53210012104862
2006-07-15,32.73222732096151,29.45900458886536,24.12382394027211,42.26900764416911
2006-07-16,32.79834330708496,29.518508976376456,23.659769356062597,42.0059151672896
2006-07-17,32.86445929320839,29.57801336388755,23.19571477185308,41.74282269041008
2006-07-18,32.930575279331826,29.637517751398644,22.731660187643563,41.47973021353056
2006-07-19,32.99669126545526,29.697022138909738,22.267605603434045,41.216637736651045
2006-07-20,33.062807251578704,29.75652652642083,21.80355101922453,40.95354525977153
2006-07-21,33.12892323770214,29.816030913931925,21.33949643501501,40.69045278289202
2006-07-22,33.18351100196754,29.865159901770785,20.982723035516276,40.50110489004193
2006-07-23,33.23809876623294,29.914288889609644,20.62594963601753,40.31175699719184
2006-07-24,33.29268653049834,29.963417877448503,20.269176236518792,40.12240910434175
2006-07-25,33.347274294763736,30.01254686528736,19.912402837020053,39.933061211491655
2006-07-26,33.401862059029135,30.061675853126214,19.555629437521315,39.74371331864157
2006-07-27,33.456449823294534,30.11080484096508,19.198856038022573,39.554365425791474
2006-07-28,33.51103758755993,30.159933828803936,18.842082638523834,39.36501753294139
2006-07-29,33.56639687105025,30.20975718394522,18.914535037760185,39.23096655347638
2006-07-30,33.62175615454056,30.259580539086503,18.986987436996536,39.09691557401137
2006-07-31,33.67711543803088,30.30940389422779,19.059439836232887,38.96286459454636
2006-08-01,33.73247472152119,30.359227249369077,19.13189223546924,38.828813615081344
2006-08-02,33.78783400501151,30.40905060451036,19.204344634705592,38.694762635616335
2006-08-03,33.84319328850182,30.45887395965164,19.276797033941943,38.56071165615133
2006-08-04,33.89855257199214,30.50869731479293,19.349249433178294,38.42666067668632
2006-08-05,33.966145009196424,30.56953050827678,20.163014288618832,38.3308925923787
2006-08-06,34.03373744640071,30.63036370176064,20.97677914405937,38.235124508071095
2006-08-07,34.10132988360499,30.69119689524449,21.79054399949991,38.13935642376348
2006-08-08,34.16892232080928,30.75203008872835,22.604308854940445,38.043588339455866
2006-08-09,34.23651475801356,30.81286328221221,23.418073710380984,37.94782025514825
2006-08-10,34.304107195217846,30.87369647569606,24.231838565821523,37.85205217084064
2006-08-11,34.37169963242213,30.93452966917992,25.04560342126206,37.75628408653303
2006-08-12,34.44887899066415,31.003991091597733,26.60139994803384,37.70591758256396
2006-08-13,34.52605834890617,31.07345251401555,28.15719647480562,37.65555107859488
2006-08-14,34.60323770714819,31.142913936433366,29.712993001577395,37.60518457462581
2006-08-15,34.6804170653902,31.212375358851187,31.26878952834917,37.55481807065673
2006-08-16,34.75759642363222,31.281836781269003,32.82458605512095,37.504451566687656
2006-08-17,34.83477578187424,31.35129820368682,34.38038258189273,37.45408506271858
2006-08-18,34.91195514011626,31.42075962610464,35.93617910866451,37.40371855874951
2006-08-19,34.984352993563824,31.48591769420744,37.982000469659525,37.42592412596424
2006-08-20,35.056750847011386,31.551075762310248,40.02782183065454,37.44812969317898
2006-08-21,35.12914870045895,31.61623383041305,42.07364319164955,37.47033526039372
2006-08-22,35.2015465539065,31.68139189851586,44.11946455264456,37.49254082760845
2006-08-23,35.273944407354065,31.746549966618662,46.16528591363958,37.51474639482319
2006-08-24,35.34634226080163,31.81170803472147,48.211107274634585,37.536951962037925
2006-08-25,35.41874011424919,31.876866102824277,50.2569286356296,37.55915752925266
2006-08-26,35.4716322039881,31.924468983589293,52.53305432297791,37.68171434116483
2006-08-27,35.52452429372701,31.97207186435432,54.80918001032623,37.80427115307699
2006-08-28,35.57741638346592,32.01967474511933,57.08530569767454,37.92682796498916
2006-08-29,35.63030847320484,32.06727762588436,59.36143138502286,38.04938477690132
2006-08-30,35.68320056294375,32.11488050664938,61.63755707237117,38.17194158881349
2006-08-31,35.736092652682665,32.1624833874144,63.91368275971949,38.29449840072565
2006-09-01,35.788984742421576,32.21008626817942,66.1898084470678,38.41705521263782
2006-09-02,35.80770324880249,32.22693292392224,68.43684748882323,38.66756149816486
2006-09-03,35.82642175518341,32.243779579665066,70.68388653057868,38.91806778369189
2006-09-04,35.845140261564325,32.26062623540789,72.9309255723341,39.16857406921893
2006-09-05,35.863858767945246,32.27747289115072,75.17796461408953,39.419080354745965
2006-09-06,35.88257727432616,32.29431954689355,77.42500365584496,39.669586640273
2006-09-07,35.90129578070708,32.31116620263637,79.6720426976004,39.920092925800034
2006-09-08,35.920014287087994,32.3280128583792,81.91908173935583,40.17059921132707
2006-09-09,35.8999048024612,32.309914322215086,83.93610917980165,40.54455014497167
2006-09-10,35.87979531783441,32.29181578605097,85.95313662024746,40.91850107861626
2006-09-11,35.859685833207614,32.27371724988686,87.97016406069326,41.29245201226085
2006-09-12,35.83957634858083,32.25561871372275,89.98719150113908,41.66640294590544
2006-09-13,35.819466863954034,32.23752017755864,92.0042189415849,42.04035387955003
2006-09-14,35.79935737932724,32.21942164139452,94.02124638203072,42.41430481319463
2006-09-15,35.77924789470045,32.20132310523041,96.03827382247653,42.78825574683922
2006-09-16,35.73710731987636,32.16339658788873,97.749613976435,43.21237348919125
2006-09-17,35.69496674505228,32.12547007054705,99.4609541303935,43.63649123154328
2006-09-18,35.65282617022819,32.08754355320538,101.172294284352,44.060608973895306
2006-09-19,35.61068559540411,32.0496170358637,102.88363443831048,44.48472671624734
2006-09-20,35.56854502058002,32.011690518522016,104.59497459226895,44.90884445859937
2006-09-21,35.52640444575594,31.973764001180346,106.30631474622744,45.33296220095139
2006-09-22,35.48426387093185,31.935837483838664,108.01765490018592,45.757079943303424
2006-09-23,35.43965851232511,31.8956926610926,109.36380200667791,46.14920792522385
2006-09-24,35.39505315371837,31.85554783834654,110.70994911316993,46.54133590714428
2006-09-25,35.350447795111634,31.815403015600477,112.05609621966192,46.933463889064704
2006-09-26,35.3058424365049,31.77525819285441,113.40224332615392,47.325591870985136
2006-09-27,35.261237077898166,31.735113370108348,114.74839043264592,47.71771985290556
2006-09-28,35.21663171929143,31.694968547362286,116.09453753913792,48.10984783482599
2006-09-29,35.17202636068469,31.65482372461622,117.44068464562991,48.501975816746416
2006-09-30,35.14452252470995,31.630070272238957,118.36213294367626,48.7799574690962
2006-10-01,35.1170186887352,31.605316819861685,119.28358124172262,49.05793912144599
2006-10-02,35.08951485276046,31.580563367484416,120.20502953976896,49.33592077379578
2006-10-03,35.06201101678572,31.555809915107147,121.12647783781532,49.61390242614557
2006-10-04,35.03450718081098,31.53105646272988,122.04792613586166,49.89188407849536
2006-10-05,35.00700334483623,31.50630301035261,122.96937443390802,50.169865730845146
2006-10-06,34.97949950886149,31.48154955797534,123.89082273195436,50.44784738319493
2006-10-07,34.98460835238509,31.48614751714658,124.3636198624252,50.54855867133698
2006-10-08,34.98971719590869,31.490745476317823,124.83641699289603,50.64926995947904
2006-10-09,34.99482603943229,31.495343435489065,125.30921412336689,50.749981247621086
2006-10-10,34.999934882955884,31.4999413946603,125.78201125383772,50.850692535763145
2006-10-11,35.005043726479485,31.50453935383154,126.25480838430856,50.9514038239052
2006-10-12,35.010152570003086,31.509137313002785,126.7276055147794,51.05211511204725
2006-10-13,35.01526141352669,31.51373527217402,127.20040264525024,51.1528264001893
2006-10-14,35.0435491753281,31.539194257795295,127.41930006900525,51.13022035618465
2006-10-15,35.071836937129525,31.564653243416576,127.6381974927602,51.10761431218001
2006-10-16,35.10012469893094,31.590112229037853,127.8570949165152,51.085008268175365
2006-10-17,35.12841246073236,31.615571214659127,128.07599234027018,51.062402224170725
2006-10-18,35.15670022253378,31.641030200280404,128.29488976402516,51.03979618016608
2006-10-19,35.1849879843352,31.66648918590168,128.51378718778014,51.01719013616144
2006-10-20,35.21327574613662,31.69194817152296,128.73268461153512,50.99458409215679
2006-10-21,35.24583062613616,31.721247563522542,128.97553221041449,50.94709819912055
2006-10-22,35.2783855061357,31.75054695552213,129.21837980929382,50.89961230608432
2006-10-23,35.31094038613524,31.77984634752172,129.4612274081732,50.85212641304808
2006-10-24,35.34349526613478,31.80914573952131,129.70407500705255,50.80464052001183
2006-10-25,35.376050146134325,31.838445131520896,129.94692260593192,50.75715462697559
2006-10-26,35.40860502613386,31.86774452352048,130.18977020481125,50.70966873393935
2006-10-27,35.44115990613341,31.89704391552007,130.43261780369062,50.66218284090312
2006-10-28,35.459051803678406,31.91314662331057,130.9774259092584,50.688340474291024
2006-10-29,35.47694370122341,31.92924933110107,131.5222340148262,50.71449810767894
2006-10-30,35.49483559876841,31.94535203889157,132.067042120394,50.74065574106685
2006-10-31,35.51272749631341,31.96145474668207,132.61185022596177,50.76681337445476
2006-11-01,35.53061939385841,31.97755745447257,133.15665833152957,50.792971007842674
2006-11-02,35.548511291403415,31.99366016226307,133.70146643709737,50.81912864123059
2006-11-03,35.566403188948414,32.00976287005357,134.24627454266516,50.8452862746185
2006-11-04,35.55138898483872,31.996250086354845,135.3722899244037,51.04000745028842
2006-11-05,35.53637478072903,31.982737302656123,136.49830530614224,51.23472862595834
2006-11-06,35.52136057661933,31.9692245189574,137.62432068788078,51.42944980162826
2006-11-07,35.50634637250964,31.95571173525867,138.75033606961935,51.62417097729817
2006-11-08,35.49133216839994,31.942198951559945,139.8763514513579,51.81889215296809
2006-11-09,35.47631796429025,31.928686167861223,141.00236683309643,52.01361332863801
2006-11-10,35.46130376018056,31.915173384162497,142.12838221483497,52.20833450430793
2006-11-11,35.41080682360816,31.86972614124734,144.1430483864386,52.58436527096463
2006-11-12,35.36030988703576,31.824278898332185,146.15771455804224,52.96039603762134
2006-11-13,35.30981295046337,31.77883165541703,148.17238072964588,53.33642680427804
2006-11-14,35.25931601389097,31.73338441250187,150.18704690124952,53.712457570934745
2006-11-15,35.20881907731857,31.687937169586714,152.20171307285315,54.08848833759145
2006-11-16,35.15832214074617,31.64248992667156,154.2163792444568,54.46451910424816
2006-11-17,35.10782520417378,31.597042683756403,156.23104541606045,54.84054987090486
2006-11-18,35.03486126114232,31.531375135028085,159.46986921247805,55.32885114554994
2006-11-19,34.96189731811085,31.465707586299768,162.70869300889566,55.81715242019503
2006-11-20,34.88893337507939,31.40004003757145,165.94751680531328,56.30545369484011
2006-11-21,34.81596943204792,31.334372488843133,169.1863406017309,56.79375496948519
2006-11-22,34.74300548901646,31.268704940114816,172.42516439814852,57.282056244130274
2006-11-23,34.67004154598499,31.2030373913865,175.66398819456614,57.77035751877536
2006-11-24,34.59707760295353,31.13736984265818,178.90281199098376,58.258658793420445
2006-11-25,34.515334534498486,31.06380108104864,183.70251000030288,58.78666590109601
2006-11-26,34.43359146604344,30.99023231943909,188.502208009622,59.31467300877157
2006-11-27,34.35184839758839,30.916663557829548,193.30190601894117,59.842680116447134
2006-11-28,34.27010532913334,30.84309479622,198.10160402826028,60.37068722412271
2006-11-29,34.18836226067829,30.769526034610458,202.9013020375794,60.89869433179827
2006-11-30,34.10661919222324,30.69595727300091,207.7010000468985,61.42670143947383
2006-12-01,34.024876123768195,30.622388511391367,212.5006980562177,61.954708547149394
2006-12-02,33.94803489462865,30.55323140516577,219.1967598534845,62.44988247438905
2006-12-03,33.871193665489095,30.48407429894018,225.89282165075144,62.94505640162871
2006-12-04,33.79435243634955,30.414917192714583,232.58888344801832,63.44023032886836
2006-12-05,33.717511207209995,30.345760086488998,239.2849452452852,63.93540425610802
2006-12-06,33.64066997807045,30.2766029802634,245.9810070425521,64.43057818334768
2006-12-07,33.563828748930895,30.20744587403781,252.677068839819,64.92575211058733
2006-12-08,33.48698751979135,30.138288767812213,259.37313063708586,65.42092603782699
2006-12-09,33.425379027148765,30.082841124433884,267.7067137519837,65.82315750599457
2006-12-10,33.36377053450617,30.02739348105556,276.0402968668816,66.22538897416217
2006-12-11,33.30216204186359,29.97194583767723,284.3738799817795,66.62762044232976
2006-12-12,33.240553549221,29.9164981942989,292.7074630966774,67.02985191049736
2006-12-13,33.178945056578414,29.86105055092057,301.04104621157524,67.43208337866494
2006-12-14,33.11733656393582,29.805602907542244,309.3746293264731,67.83431484683254
2006-12-15,33.05572807129324,29.750155264163915,317.70821244137096,68.23654631500013
2006-12-16,33.01095792619261,29.70986213357335,325.87253034972827,68.51809942036276
2006-12-17,32.966187781091975,29.669569002982783,334.0368482580856,68.79965252572538
2006-12-18,32.92141763599135,29.629275872392217,342.2011661664428,69.08120563108801
2006-12-19,32.87664749089072,29.58898274180165,350.3654840748001,69.36275873645064
2006-12-20,32.83187734579009,29.548689611211085,358.5298019831574,69.64431184181328
2006-12-21,32.787107200689455,29.50839648062052,366.69411989151473,69.9258649471759
2006-12-22,32.74233705558883,29.468103350029956,374.858437799872,70.20741805253853
2006-12-23,32.714608387355334,29.44314754861981,380.7978911357475,70.34576051056847
2006-12-24,32.68687971912185,29.41819174720967,386.7373444716229,70.48410296859839
2006-12-25,32.659151050888354,29.39323594579953,392.6767978074984,70.62244542662833
2006-12-26,32.63142238265487,29.368280144389384,398.61625114337374,70.76078788465826
2006-12-27,32.603693714421375,29.343324342979244,404.5557044792492,70.8991303426882
2006-12-28,32.57596504618789,29.3183685415691,410.4951578151246,71.03747280071812
2006-12-29,32.5482363779544,29.29341274015896,416.43461115100007,71.17581525874806
2006-12-30,32.537752315913224,29.283977084321904,418.0936005484528,71.14841478491759
2006-12-31,32.52726825387205,29.274541428484845,419.7525899459055,71.12101431108712
2007-01-01,32.51678419183088,29.26510577264779,421.4115793433583,71.09361383725665
2007-01-02,32.5063001297897,29.25567011681073,423.070568740811,71.06621336342619
2007-01-03,32.49581606774853,29.24623446097368,424.7295581382637,71.03881288959572
2007-01-04,32.48533200570736,29.23679880513662,426.3885475357165,71.01141241576525
2007-01-05,32.474847943666184,29.227363149299563,428.0475369331692,70.98401194193478
2007-01-06,32.48148365849124,29.23333529264211,423.7557437658435,70.7763095306973
2007-01-07,32.48811937331629,29.239307435984657,419.4639505985178,70.56860711945984
2007-01-08,32.49475508814134,29.245279579327203,415.1721574311921,70.36090470822236
2007-01-09,32.501390802966384,29.25125172266975,410.88036426386645,70.15320229698489
2007-01-10,32.50802651779144,29.257223866012296,406.5885710965408,69.94549988574741
2007-01-11,32.51466223261649,29.263196009354843,402.2967779292151,69.73779747450995
2007-01-12,32.52129794744154,29.26916815269739,398.0049847618894,69.53009506327247
2007-01-13,32.542418052631824,29.288176247368646,389.04145405456086,69.18856797897772
2007-01-14,32.56353815782212,29.307184342039903,380.07792334723234,68.84704089468298
2007-01-15,32.5846582630124,29.32619243671116,371.1143926399038,68.50551381038822
2007-01-16,32.605778368202685,29.345200531382417,362.15086193257525,68.16398672609348
2007-01-17,32.62689847339297,29.364208626053674,353.18733122524674,67.82245964179873
2007-01-18,32.64801857858326,29.38321672072493,344.2238005179182,67.48093255750399
2007-01-19,32.66913868377355,29.40222481539619,335.2602698105897,67.13940547320924
2007-01-20,32.70094769344399,29.430852924099597,324.266913360921,66.73873513338108
2007-01-21,32.73275670311445,29.459481032803,313.2735569112524,66.33806479355292
2007-01-22,32.76456571278489,29.488109141506403,302.2802004615837,65.93739445372476
2007-01-23,32.79637472245534,29.516737250209804,291.28684401191504,65.5367241138966
2007-01-24,32.82818373212579,29.54536535891321,280.2934875622464,65.13605377406844
2007-01-25,32.85999274179624,29.573993467616614,269.30013111257773,64.73538343424028
2007-01-26,32.89180175146669,29.60262157632002,258.30677466290905,64.33471309441212
2007-01-27,32.93049791757639,29.63744812581875,247.932860952163,63.94973316111896
2007-01-28,32.96919408368609,29.672274675317485,237.5589472414169,63.5647532278258
2007-01-29,33.00789024979579,29.707101224816217,227.1850335306709,63.17977329453263
2007-01-30,33.0465864159055,29.74192777431495,216.8111198199248,62.79479336123946
2007-01-31,33.0852825820152,29.77675432381368,206.43720610917876,62.4098134279463
2007-02-01,33.123978748124905,29.811580873312412,196.06329239843268,62.02483349465314
2007-02-02,33.16267491423461,29.846407422811147,185.6893786876866,61.63985356135997
2007-02-03,33.20445996245071,29.884013966205643,178.52786533732586,61.34414843140035
2007-02-04,33.24624501066682,29.92162050960014,171.36635198696513,61.04844330144072
2007-02-05,33.288030058882924,29.959227052994635,164.2048386366044,60.7527381714811
2007-02-06,33.32981510709904,29.99683359638913,157.0433252862437,60.45703304152148
2007-02-07,33.37160015531514,30.03444013978363,149.88181193588295,60.161327911561855
2007-02-08,33.41338520353125,30.07204668317813,142.72029858552222,59.86562278160223
2007-02-09,33.455170251747354,30.10965322657262,135.55878523516148,59.569917651642605
2007-02-10,33.49635809142319,30.146722282280876,132.38406603492325,59.396726597552735
2007-02-11,33.53754593109902,30.18379133798912,129.20934683468505,59.22353554346287
2007-02-12,33.57873377077485,30.22086039369737,126.03462763444682,59.050344489373
2007-02-13,33.61992161045069,30.25792944940562,122.8599084342086,58.87715343528313
2007-02-14,33.661109450126524,30.29499850511387,119.6851892339704,58.70396238119326
2007-02-15,33.70229728980235,30.33206756082212,116.51047003373216,58.53077132710339
2007-02-16,33.74348512947819,30.36913661653037,113.33575083349396,58.35758027301352
2007-02-17,33.78052340505863,30.402471064552763,112.754294727583,58.292046814099166
2007-02-18,33.817561680639066,30.43580551257516,112.17283862167204,58.226513355184814
2007-02-19,33.85459995621951,30.469139960597555,111.59138251576108,58.16097989627046
2007-02-20,33.891638231799945,30.502474408619957,111.0099264098501,58.09544643735612
2007-02-21,33.92867650738039,30.535808856642348,110.42847030393914,58.02991297844176
2007-02-22,33.96571478296082,30.569143304664745,109.84701419802818,57.96437951952741
2007-02-23,34.002753058541266,30.60247775268714,109.26555809211722,57.89884606061306
2007-02-24,34.03209724022581,30.62888751620323,109.75697391888995,57.92329930480488
2007-02-25,34.061441421910345,30.655297279719317,110.24838974566268,57.94775254899669
2007-02-26,34.09078560359489,30.6817070432354,110.73980557243544,57.97220579318851
2007-02-27,34.12012978527943,30.708116806751487,111.23122139920818,57.996659037380326
2007-02-28,34.149473966963974,30.734526570267576,111.72263722598092,58.021112281572144
2007-03-01,34.17881814864851,30.76093633378366,112.21405305275366,58.04556552576396
2007-03-02,34.20816233033305,30.78734609729975,112.7054688795264,58.07001876995577
2007-03-03,34.22626809554004,30.803641285986043,112.74954155137324,58.1667861006845
2007-03-04,34.24437386074704,30.819936474672332,112.79361422322008,58.26355343141324
2007-03-05,34.26247962595403,30.836231663358628,112.83768689506694,58.36032076214197
2007-03-06,34.28058539116102,30.85252685204492,112.8817595669138,58.45708809287071
2007-03-07,34.29869115636801,30.868822040731214,112.92583223876063,58.55385542359944
2007-03-08,34.316796921575005,30.885117229417503,112.96990491060748,58.65062275432818
2007-03-09,34.334902686781994,30.9014124181038,113.01397758245432,58.747390085056914
2007-03-10,34.33880517596719,30.90492465837048,111.5828622386416,58.893976525595
2007-03-11,34.34270766515239,30.908436898637152,110.15174689482888,59.04056296613309
2007-03-12,34.34661015433758,30.91194913890383,108.72063155101615,59.187149406671175
2007-03-13,34.350512643522784,30.9154613791705,107.28951620720343,59.333735847209255
2007-03-14,34.35441513270798,30.91897361943718,105.85840086339071,59.48032228774734
2007-03-15,34.35831762189318,30.92248585970385,104.42728551957798,59.62690872828543
2007-03-16,34.36222011107837,30.92599809997053,102.99617017576526,59.77349516882352
2007-03-17,34.35080016093349,30.915720144840137,100.63031158887954,59.932045639351045
2007-03-18,34.339380210788605,30.905442189709746,98.2644530019938,60.09059610987858
2007-03-19,34.32796026064372,30.895164234579347,95.89859441510808,60.24914658040611
2007-03-20,34.31654031049884,30.884886279448956,93.53273582822236,60.40769705093365
2007-03-21,34.30512036035395,30.87460832431856,91.16687724133664,60.56624752146118
2007-03-22,34.29370041020907,30.864330369188163,88.80101865445091,60.72479799198872
2007-03-23,34.282280460064186,30.85405241405777,86.43516006756519,60.883348462516246
2007-03-24,34.25478557488,30.829307017392,83.98656077536452,61.01295643194399
2007-03-25,34.2272906896958,30.804561620726226,81.53796148316385,61.14256440137174
2007-03-26,34.19979580451161,30.77981622406045,79.08936219096319,61.27217237079949
2007-03-27,34.17230091932741,30.755070827394675,76.6407628987625,61.40178034022723
2007-03-28,34.14480603414322,30.730325430728904,74.19216360656183,61.53138830965498
2007-03-29,34.117311148959026,30.70558003406313,71.74356431436117,61.66099627908273
2007-03-30,34.08981626377484,30.68083463739736,69.2949650221605,61.79060424851048
2007-03-31,34.0454939478421,30.64094455305789,67.61562756240245,61.85036318574923
2007-04-01,34.00117163190936,30.601054468718427,65.9362901026444,61.91012212298799
2007-04-02,33.95684931597662,30.56116438437896,64.25695264288636,61.96988106022674
2007-04-03,33.91252700004389,30.521274300039497,62.57761518312832,62.02963999746549
2007-04-04,33.86820468411115,30.481384215700032,60.89827772337027,62.08939893470424
2007-04-05,33.82388236817841,30.441494131360567,59.21894026361223,62.149157871943
2007-04-06,33.77956005224567,30.401604047021102,57.53960280385418,62.20891680918175
2007-04-07,33.71814600104379,30.34633140093941,57.36946211957392,62.16331796710179
2007-04-08,33.656731949841905,30.291058754857712,57.19932143529367,62.11771912502184
2007-04-09,33.595317898640026,30.23578610877602,57.02918075101341,62.072120282941874
2007-04-10,33.53390384743814,30.180513462694325,56.859040066733165,62.02652144086191
2007-04-11,33.47248979623626,30.12524081661263,56.68889938245291,61.98092259878195
2007-04-12,33.411075745034374,30.06996817053093,56.518758698172654,61.935323756702
2007-04-13,33.349661693832495,30.01469552444924,56.3486180138924,61.88972491462204
2007-04-14,33.27559429364784,29.948034864283056,57.34807451384196,61.75525579181752
2007-04-15,33.20152689346319,29.881374204116867,58.34753101379152,61.620786669013
2007-04-16,33.127459493278536,29.81471354395068,59.34698751374109,61.48631754620848
2007-04-17,33.05339209309388,29.748052883784496,60.34644401369065,61.35184842340397
2007-04-18,32.97932469290923,29.68139222361831,61.34590051364021,61.217379300599454
2007-04-19,32.90525729272458,29.61473156345212,62.345357013589776,61.082910177794936
2007-04-20,32.831189892539925,29.548070903285936,63.344813513539336,60.94844105499042
2007-04-21,32.75153565904131,29.476382093137182,64.57096270182043,60.77064759058927
2007-04-22,32.6718814255427,29.40469328298843,65.79711189010152,60.59285412618812
2007-04-23,32.592227192044085,29.33300447283968,67.02326107838262,60.415060661786974
2007-04-24,32.51257295854547,29.26131566269092,68.2494102666637,60.23726719738582
2007-04-25,32.432918725046854,29.18962685254217,69.4755594549448,60.05947373298467
2007-04-26,32.353264491548245,29.117938042393416,70.70170864322588,59.88168026858352
2007-04-27,32.27361025804963,29.046249232244666,71.92785783150698,59.703886804182375
2007-04-28,32.19546441911054,28.975917977199483,72.43120413111878,59.52863239957214
2007-04-29,32.11731858017145,28.905586722154304,72.93455043073058,59.3533779949619
2007-04-30,32.03917274123236,28.835255467109125,73.43789673034237,59.17812359035167
2007-05-01,31.961026902293277,28.764924212063946,73.94124302995418,59.00286918574143
2007-05-02,31.882881063354183,28.694592957018763,74.44458932956597,58.8276147811312
2007-05-03,31.804735224415094,28.624261701973584,74.94793562917778,58.65236037652096
2007-05-04,31.726589385476004,28.553930446928405,75.45128192878957,58.47710597191072
2007-05-05,31.656992069010137,28.491292862109123,74.30103696600574,58.34968627829058
2007-05-06,31.58739475254427,28.42865527728984,73.15079200322191,58.22226658467044
2007-05-07,31.517797436078403,28.36601769247056,72.00054704043808,58.094846891050295
2007-05-08,31.448200119612537,28.30338010765128,70.85030207765423,57.96742719743016
2007-05-09,31.37860280314667,28.240742522832,69.7000571148704,57.840007503810014
2007-05-10,31.309005486680803,28.17810493801272,68.54981215208657,57.712587810189866
2007-05-11,31.239408170214936,28.11546735319344,67.39956718930274,57.585168116569726
2007-05-12,31.18271424203295,28.06444281782965,64.57662644997673,57.52320983455265
2007-05-13,31.126020313850965,28.013418282465867,61.75368571065071,57.46125155253559
2007-05-14,31.06932638566898,27.96239374710208,58.930744971324685,57.39929327051851
2007-05-15,31.012632457487,27.911369211738293,56.10780423199866,57.337334988501446
2007-05-16,30.95593852930501,27.860344676374503,53.28486349267264,57.27537670648437
2007-05-17,30.899244601123023,27.809320141010723,50.46192275334663,57.21341842446731
2007-05-18,30.84255067294104,27.758295605646936,47.638982014020606,57.15146014245023
2007-05-19,30.79927522040552,27.719347698364963,44.45956940185022,57.13302488139736
2007-05-20,30.755999767869987,27.680399791082987,41.28015678967983,57.114589620344496
2007-05-21,30.712724315334462,27.64145188380101,38.10074417750944,57.09615435929162
2007-05-22,30.669448862798934,27.60250397651904,34.921331565339045,57.07771909823875
2007-05-23,30.62617341026341,27.56355606923707,31.741918953168657,57.05928383718588
2007-05-24,30.58289795772788,27.524608161955094,28.56250634099827,57.040848576133016
2007-05-25,30.539622505192355,27.48566025467312,25.38309372882788,57.02241331508014
2007-05-26,30.509985314318858,27.45898678288697,23.354962673256946,57.02251989818684
2007-05-27,30.480348123445363,27.432313311100827,21.326831617686015,57.02262648129354
2007-05-28,30.450710932571862,27.40563983931468,19.298700562115087,57.02273306440024
2007-05-29,30.42107374169837,27.37896636752853,17.270569506544156,57.022839647506935
2007-05-30,30.391436550824874,27.352292895742387,15.242438450973223,57.022946230613634
2007-05-31,30.36179935995138,27.32561942395624,13.214307395402296,57.023052813720334
2007-06-01,30.332162169077883,27.298945952170094,11.186176339831366,57.02315939682703
2007-06-02,30.3163830258138,27.28474472323241,11.135532294334114,57.01682664731511
2007-06-03,30.30060388254971,27.27054349429474,11.08488824883686,57.01049389780318
2007-06-04,30.28482473928562,27.25634226535706,11.034244203339608,57.00416114829125
2007-06-05,30.269045596021535,27.242141036419383,10.983600157842352,56.99782839877933
2007-06-06,30.25326645275745,27.227939807481704,10.9329561123451,56.99149564926741
2007-06-07,30.237487309493364,27.213738578544028,10.882312066847849,56.98516289975548
2007-06-08,30.22170816622928,27.19953734960635,10.831668021350596,56.97883015024355
2007-06-09,30.219825699612567,27.19784312965131,14.212027737007084,56.94114715683358
2007-06-10,30.217943232995857,27.19614890969627,17.592387452663573,56.90346416342361
2007-06-11,30.216060766379147,27.19445468974123,20.972747168320065,56.86578117001363
2007-06-12,30.214178299762438,27.192760469786197,24.35310688397655,56.82809817660366
2007-06-13,30.212295833145724,27.19106624983116,27.73346659963304,56.79041518319369
2007-06-14,30.21041336652901,27.189372029876115,31.11382631528953,56.752732189783714
2007-06-15,30.208530899912304,27.18767780992108,34.49418603094602,56.71504919637374
2007-06-16,30.219874749176483,27.19788727425884,39.72205846100313,56.62138004432049
2007-06-17,30.231218598440663,27.2080967385966,44.94993089106024,56.52771089226725
2007-06-18,30.24256244770484,27.21830620293436,50.17780332111735,56.43404174021399
2007-06-19,30.253906296969017,27.22851566727212,55.40567575117446,56.34037258816074
2007-06-20,30.2652501462332,27.23872513160988,60.633548181231575,56.24670343610749
2007-06-21,30.27659399549737,27.24893459594764,65.86142061128868,56.15303428405424
2007-06-22,30.287937844761554,27.2591440602854,71.0892930413458,56.05936513200099
2007-06-23,30.31166422714003,27.280497804426027,76.29128106034452,55.88514117191154
2007-06-24,30.33539060951851,27.301851548566656,81.49326907934322,55.710917211822085
2007-06-25,30.359116991896983,27.32320529270729,86.69525709834194,55.53669325173264
2007-06-26,30.38284337427546,27.344559036847915,91.89724511734065,55.36246929164318
2007-06-27,30.406569756653937,27.365912780988545,97.09923313633936,55.18824533155373
2007-06-28,30.43029613903241,27.38726652512917,102.30122115533808,55.014021371464274
2007-06-29,30.45402252141089,27.408620269269804,107.5032091743368,54.839797411374825
2007-06-30,30.48928765413708,27.44035888872337,110.78849744445058,54.56044999385627
2007-07-01,30.524552786863264,27.47209750817694,114.07378571456438,54.28110257633771
2007-07-02,30.55981791958945,27.503836127630507,117.35907398467816,54.00175515881915
2007-07-03,30.59508305231564,27.535574747084077,120.64436225479196,53.7224077413006
2007-07-04,30.63034818504182,27.56731336653764,123.92965052490575,53.44306032378204
2007-07-05,30.66561331776801,27.59905198599121,127.21493879501956,53.16371290626349
2007-07-06,30.700878450494194,27.630790605444776,130.50022706513334,52.884365488744926
2007-07-07,30.74695519407817,27.67225967467035,130.14463121335788,52.48031035027972
2007-07-08,30.79303193766214,27.713728743895928,129.7890353615824,52.07625521181453
2007-07-09,30.839108681246117,27.7551978131215,129.43343950980693,51.67220007334932
2007-07-10,30.885185424830084,27.79666688234708,129.07784365803144,51.26814493488412
2007-07-11,30.931262168414055,27.838135951572653,128.72224780625598,50.86408979641892
2007-07-12,30.97733891199803,27.87960502079823,128.3666519544805,50.46003465795372
2007-07-13,31.023415655582003,27.921074090023804,128.01105610270503,50.05597951948852
2007-07-14,31.08101342620617,27.972912083585552,124.28822778577656,49.56901911345612
2007-07-15,31.138611196830333,28.024750077147303,120.56539946884809,49.08205870742373
2007-07-16,31.1962089674545,28.07658807070905,116.8425711519196,48.59509830139133
2007-07-17,31.253806738078666,28.1284260642708,113.11974283499111,48.10813789535894
2007-07-18,31.311404508702832,28.180264057832545,109.39691451806266,47.62117748932654
2007-07-19,31.369002279326995,28.232102051394296,105.6740862011342,47.13421708329415
2007-07-20,31.42660004995116,28.283940044956044,101.95125788420572,46.64725667726175
2007-07-21,31.49739482791089,28.347655345119804,96.47906161962028,46.16049655354414
2007-07-22,31.56818960587063,28.411370645283565,91.0068653550348,45.67373642982653
2007-07-23,31.63898438383036,28.47508594544733,85.53466909044936,45.186976306108924
2007-07-24,31.70977916179009,28.538801245611083,80.0624728258639,44.70021618239131
2007-07-25,31.78057393974983,28.602516545774844,74.59027656127844,44.2134560586737
2007-07-26,31.85136871770956,28.666231845938604,69.118080296693,43.72669593495609
2007-07-27,31.92216349566929,28.729947146102365,63.645884032107546,43.23993581123848
2007-07-28,32.00784925470483,28.807064329234343,58.06720804728265,42.83725041334744
2007-07-29,32.093535013740365,28.884181512366325,52.48853206245775,42.43456501545641
2007-07-30,32.1792207727759,28.961298695498304,46.90985607763285,42.031879617565366
2007-07-31,32.26490653181143,29.03841587863029,41.33118009280796,41.62919421967433
2007-08-01,32.35059229084696,29.115533061762264,35.75250410798306,41.22650882178329
2007-08-02,32.436278049882496,29.19265024489425,30.17382812315816,40.82382342389226
2007-08-03,32.52196380891803,29.269767428026224,24.595152138333265,40.421138026001216
2007-08-04,32.62418521616543,29.361766694548887,21.32540242137333,40.18568754406519
2007-08-05,32.726406623412835,29.453765961071547,18.0556527044134,39.95023706212917
2007-08-06,32.828628030660234,29.54576522759421,14.78590298745346,39.71478658019314
2007-08-07,32.93084943790764,29.637764494116876,11.516153270493524,39.47933609825712
2007-08-08,33.03307084515504,29.729763760639536,8.24640355353359,39.24388561632109
2007-08-09,33.135292252402444,29.821763027162195,4.976653836573657,39.008435134385074
2007-08-10,33.23751365964984,29.913762293684854,1.706904119613723,38.77298465244905
2007-08-11,33.35392660089145,30.0185339408023,1.586386124136481,38.73014795854147
2007-08-12,33.47033954213305,30.123305587919745,1.465868128659239,38.68731126463389
2007-08-13,33.58675248337465,30.228077235037187,1.3453501331819968,38.64447457072632
2007-08-14,33.70316542461625,30.33284888215463,1.2248321377047549,38.60163787681874
2007-08-15,33.81957836585786,30.43762052927207,1.104314142227513,38.55880118291117
2007-08-16,33.93599130709946,30.54239217638952,0.9837961467502708,38.51596448900359
2007-08-17,34.05240424834106,30.64716382350696,0.8632781512730289,38.47312779509601
2007-08-18,34.17380302407038,30.75642272166334,0.8846344819048513,38.54888712688641
2007-08-19,34.29520179979969,30.865681619819725,0.9059908125366738,38.62464645867681
2007-08-20,34.41660057552901,30.97494051797611,0.9273471431684962,38.70040579046721
2007-08-21,34.53799935125832,31.08419941613249,0.9487034738003186,38.77616512225761
2007-08-22,34.65939812698764,31.193458314288875,0.970059804432141,38.85192445404801
2007-08-23,34.78079690271695,31.30271721244526,0.9914161350639636,38.9276837858384
2007-08-24,34.90219567844627,31.411976110601643,1.012772465695786,39.003443117628805
2007-08-25,35.01869717350632,31.516827456155685,1.2285129234199967,39.11396769831273
2007-08-26,35.13519866856637,31.62167880170973,1.4442533811442075,39.22449227899665
2007-08-27,35.25170016362642,31.726530147263773,1.659993838868418,39.33501685968057
2007-08-28,35.368201658686466,31.83138149281782,1.875734296592629,39.4455414403645
2007-08-29,35.48470315374652,31.93623283837186,2.09147475431684,39.55606602104842
2007-08-30,35.601204648806565,32.0410841839259,2.3072152120410503,39.666590601732345
2007-08-31,35.717706143866614,32.14593552947995,2.522955669765261,39.77711518241627
2007-09-01,35.81942724310039,32.23748451879035,3.4080631320224706,39.83857423518925
2007-09-02,35.92114834233418,32.32903350810076,4.2931705942796805,39.90003328796224
2007-09-03,36.02286944156796,32.42058249741116,5.1782780565368896,39.96149234073522
2007-09-04,36.12459054080173,32.51213148672156,6.0633855187941,40.0229513935082
2007-09-05,36.22631164003551,32.60368047603196,6.948492981051309,40.08441044628118
2007-09-06,36.3280327392693,32.695229465342365,7.833600443308519,40.14586949905417
2007-09-07,36.42975383850308,32.78677845465277,8.71870790556573,40.20732855182715
2007-09-08,36.50733404507756,32.85660064056981,10.638010483713012,40.16053307820647
2007-09-09,36.58491425165205,32.92642282648684,12.557313061860295,40.113737604585786
2007-09-10,36.66249445822654,32.99624501240388,14.47661564000758,40.0669421309651
2007-09-11,36.74007466480102,33.06606719832092,16.395918218154865,40.02014665734441
2007-09-12,36.81765487137551,33.13588938423796,18.31522079630215,39.97335118372373
2007-09-13,36.89523507795,33.205711570155,20.23452337444943,39.926555710103045
2007-09-14,36.972815284524486,33.27553375607204,22.15382595259672,39.87976023648236
2007-09-15,37.0194115717752,33.31747041459768,24.059042770079248,39.78422151881994
2007-09-16,37.06600785902591,33.359407073123315,25.96425958756178,39.68868280115751
2007-09-17,37.11260414627662,33.40134373164896,27.86947640504431,39.59314408349509
2007-09-18,37.15920043352733,33.4432803901746,29.77469322252684,39.49760536583267
2007-09-19,37.20579672077804,33.48521704870024,31.67991004000937,39.40206664817025
2007-09-20,37.252393008028754,33.52715370722588,33.58512685749191,39.30652793050782
2007-09-21,37.29898929527946,33.56909036575152,35.49034367497444,39.2109892128454
2007-09-22,37.30851569799254,33.57766412819329,37.50406842321646,39.161914450736255
2007-09-23,37.31804210070562,33.586237890635054,39.517793171458486,39.11283968862712
2007-09-24,37.327568503418696,33.594811653076825,41.531517919700505,39.063764926517976
2007-09-25,37.33709490613177,33.603385415518595,43.54524266794253,39.01469016440883
2007-09-26,37.346621308844846,33.611959177960365,45.558967416184544,38.96561540229969
2007-09-27,37.35614771155792,33.62053294040213,47.57269216442657,38.91654064019056
2007-09-28,37.365674114271,33.6291067028439,49.58641691266859,38.86746587808141
2007-09-29,37.33204481674328,33.59884033506896,51.83785631529255,38.96006932064293
2007-09-30,37.29841551921557,33.56857396729401,54.0892957179165,39.052672763204455
2007-10-01,37.26478622168785,33.538307599519065,56.34073512054046,39.14527620576597
2007-10-02,37.23115692416013,33.50804123174412,58.59217452316441,39.2378796483275
2007-10-03,37.197527626632414,33.477774863969174,60.84361392578837,39.33048309088902
2007-10-04,37.1638983291047,33.447508496194224,63.09505332841232,39.423086533450544
2007-10-05,37.13026903157698,33.41724212841928,65.34649273103628,39.51568997601206
2007-10-06,37.04857937973686,33.34372144176317,67.94862620242247,39.83698416955674
2007-10-07,36.96688972789673,33.270200755107055,70.55075967380867,40.15827836310142
2007-10-08,36.885200076056606,33.196680068450945,73.15289314519487,40.4795725566461
2007-10-09,36.80351042421648,33.12315938179483,75.75502661658105,40.80086675019078
2007-10-10,36.721820772376354,33.04963869513872,78.35716008796724,41.12216094373546
2007-10-11,36.64013112053623,32.9761180084826,80.95929355935344,41.44345513728013
2007-10-12,36.5584414686961,32.90259732182649,83.56142703073964,41.76474933082481
2007-10-13,36.44279868775912,32.7985188189832,86.36604056666543,42.26973289612599
2007-10-14,36.32715590682212,32.69444031613991,89.17065410259124,42.77471646142716
2007-10-15,36.21151312588513,32.59036181329662,91.97526763851704,43.279700026728335
2007-10-16,36.09587034494815,32.48628331045333,94.77988117444283,43.78468359202951
2007-10-17,35.98022756401116,32.38220480761004,97.58449471036865,44.28966715733068
2007-10-18,35.864584783074164,32.27812630476675,100.38910824629444,44.79465072263186
2007-10-19,35.74894200213718,32.17404780192346,103.19372178222024,45.29963428793303
2007-10-20,35.62880481390961,32.06592433251865,105.84169588013476,45.83670873891143
2007-10-21,35.508667625682044,31.957800863113835,108.48966997804926,46.37378318988983
2007-10-22,35.38853043745448,31.849677393709023,111.13764407596378,46.91085764086822
2007-10-23,35.268393249226904,31.741553924304217,113.78561817387828,47.44793209184662
2007-10-24,35.14825606099934,31.633430454899408,116.4335922717928,47.98500654282501
2007-10-25,35.02811887277177,31.525306985494595,119.0815663697073,48.52208099380341
2007-10-26,34.907981684544204,31.417183516089786,121.72954046762182,49.05915544478181
2007-10-27,34.81324738485488,31.3319226463694,123.85573030540804,49.47367694263519
2007-10-28,34.71851308516557,31.246661776649013,125.98192014319427,49.88819844048856
2007-10-29,34.62377878547625,31.161400906928627,128.10810998098052,50.30271993834194
2007-10-30,34.52904448578693,31.07614003720824,130.23429981876674,50.71724143619532
2007-10-31,34.43431018609761,30.99087916748785,132.36048965655297,51.131762934048695
2007-11-01,34.3395758864083,30.905618297767468,134.4866794943392,51.54628443190207
2007-11-02,34.24484158671898,30.82035742804708,136.61286933212543,51.960805929755445
2007-11-03,34.20528701148531,30.78475831033678,137.85428987507942,52.09880007239902
2007-11-04,34.16573243625164,30.74915919262648,139.09571041803343,52.23679421504261
2007-11-05,34.12617786101797,30.713560074916177,140.33713096098742,52.374788357686185
2007-11-06,34.0866232857843,30.67796095720588,141.5785515039414,52.51278250032977
2007-11-07,34.04706871055063,30.64236183949557,142.8199720468954,52.65077664297335
2007-11-08,34.00751413531696,30.606762721785277,144.06139258984942,52.78877078561693
2007-11-09,33.967959560083294,30.57116360407497,145.3028131328034,52.92676492826051
2007-11-10,33.994498899803546,30.5950490098232,145.6346773713526,52.73908345271533
2007-11-11,34.0210382395238,30.618934415571424,145.9665416099018,52.551401977170165
2007-11-12,34.04757757924405,30.642819821319648,146.298405848451,52.36372050162499
2007-11-13,34.0741169189643,30.66670522706788,146.63027008700018,52.17603902607982
2007-11-14,34.10065625868455,30.6905906328161,146.9621343255494,51.98835755053464
2007-11-15,34.1271955984048,30.714476038564328,147.2939985640986,51.80067607498948
2007-11-16,34.153734938125055,30.738361444312552,147.6258628026478,51.6129945994443
2007-11-17,34.218080708474965,30.796272637627467,147.726250621668,51.2683462891222
2007-11-18,34.28242647882487,30.854183830942382,147.8266384406882,50.92369797880009
2007-11-19,34.34677224917478,30.9120950242573,147.92702625970838,50.57904966847799
2007-11-20,34.41111801952468,30.970006217572216,148.02741407872858,50.23440135815589
2007-11-21,34.47546378987459,31.02791741088713,148.12780189774878,49.88975304783379
2007-11-22,34.53980956022449,31.08582860420205,148.22818971676898,49.545104737511686
2007-11-23,34.6041553305744,31.143739797516965,148.32857753578918,49.20045642718959
2007-11-24,34.673135702802234,31.205822132522016,148.96314273159462,48.89469402951257
2007-11-25,34.74211607503007,31.267904467527064,149.59770792740002,48.58893163183557
2007-11-26,34.8110964472579,31.329986802532115,150.23227312320546,48.28316923415855
2007-11-27,34.88007681948574,31.392069137537163,150.8668383190109,47.97740683648154
2007-11-28,34.94905719171357,31.45415147254221,151.50140351481633,47.67164443880453
2007-11-29,35.018037563941405,31.516233807547263,152.13596871062174,47.36588204112752
2007-11-30,35.08701793616924,31.578316142552318,152.77053390642718,47.060119643450506
2007-12-01,35.12746108152327,31.614714973370944,154.7049302753319,46.9890959058406
2007-12-02,35.167904226877305,31.65111380418957,156.63932664423663,46.91807216823069
2007-12-03,35.20834737223134,31.6875126350082,158.57372301314135,46.84704843062078
2007-12-04,35.24879051758536,31.723911465826827,160.50811938204606,46.77602469301088
2007-12-05,35.289233662939395,31.760310296645457,162.44251575095078,46.70500095540097
2007-12-06,35.32967680829343,31.796709127464084,164.37691211985552,46.633977217791056
2007-12-07,35.37011995364746,31.833107958282717,166.31130848876023,46.56295348018115
2007-12-08,35.35507788918871,31.81957010026984,170.08953990431925,46.88296112021533
2007-12-09,35.34003582472996,31.80603224225696,173.86777131987824,47.2029687602495
2007-12-10,35.32499376027121,31.792494384244087,177.64600273543726,47.52297640028368
2007-12-11,35.30995169581246,31.77895652623121,181.42423415099628,47.842984040317845
2007-12-12,35.29490963135371,31.765418668218334,185.2024655665553,48.16299168035202
2007-12-13,35.27986756689496,31.75188081020546,188.9806969821143,48.48299932038619
2007-12-14,35.26482550243621,31.738342952192585,192.7589283976733,48.80300696042037
2007-12-15,35.20436396036069,31.683927564324616,197.60682869074543,49.435071994110125
2007-12-16,35.143902418285165,31.629512176456643,202.4547289838176,50.06713702779988
2007-12-17,35.08344087620964,31.575096788588677,207.3026292768897,50.69920206148964
2007-12-18,35.022979334134114,31.5206814007207,212.15052956996183,51.3312670951794
2007-12-19,34.96251779205859,31.46626601285273,216.998429863034,51.96333212886916
2007-12-20,34.90205624998307,31.41185062498476,221.8463301561061,52.59539716255891
2007-12-21,34.84159470790755,31.35743523711679,226.69423044917824,53.227462196248666
2007-12-22,34.75940777557178,31.2834669980146,231.3522866153129,54.00598604235323
2007-12-23,34.677220843236015,31.20949875891241,236.0103427814475,54.7845098884578
2007-12-24,34.59503391090025,31.13553051981022,240.66839894758212,55.56303373456236
2007-12-25,34.51284697856448,31.061562280708035,245.3264551137168,56.34155758066693
2007-12-26,34.43066004622872,30.98759404160585,249.9845112798514,57.12008142677149
2007-12-27,34.34847311389295,30.913625802503656,254.64256744598603,57.89860527287605
2007-12-28,34.266286181557184,30.839657563401467,259.30062361212066,58.67712911898062
2007-12-29,34.18608921656919,30.767480294912268,262.5085651490534,59.43637799821472
2007-12-30,34.10589225158119,30.69530302642307,265.7165066859862,60.19562687744883
2007-12-31,34.02569528659319,30.62312575793387,268.9244482229189,60.95487575668293
2008-01-01,33.945498321605186,30.550948489444668,272.1323897598518,61.71412463591704
2008-01-02,33.86530135661719,30.47877122095547,275.34033129678454,62.47337351515114
2008-01-03,33.78510439162919,30.40659395246627,278.5482728337173,63.232622394385245
2008-01-04,33.70490742664119,30.33441668397707,281.75621437065007,63.99187127361935
2008-01-05,33.64960044382169,30.28464039943952,282.3072244842281,64.57070077159592
2008-01-06,33.59429346100218,30.23486411490196,282.8582345978061,65.1495302695725
2008-01-07,33.53898647818268,30.18508783036441,283.4092447113841,65.72835976754908
2008-01-08,33.48367949536317,30.13531154582685,283.96025482496213,66.30718926552565
2008-01-09,33.42837251254367,30.085535261289294,284.51126493854014,66.88601876350222
2008-01-10,33.37306552972416,30.03575897675174,285.06227505211814,67.4648482614788
2008-01-11,33.317758546904656,29.985982692214183,285.61328516569614,68.04367775945538
2008-01-12,33.29256359710129,29.96330723739116,283.4595108018812,68.38044839222333
2008-01-13,33.26736864729793,29.940631782568133,281.3057364380662,68.71721902499128
2008-01-14,33.242173697494565,29.917956327745102,279.1519620742513,69.05398965775923
2008-01-15,33.21697874769119,29.89528087292208,276.9981877104363,69.3907602905272
2008-01-16,33.19178379788783,29.87260541809905,274.84441334662137,69.72753092329515
2008-01-17,33.166588848084466,29.849929963276026,272.6906389828064,70.0643015560631
2008-01-18,33.1413938982811,29.827254508452995,270.53686461899144,70.40107218883105
2008-01-19,33.1344323946239,29.820989155161516,266.7515670714017,70.53039977475207
2008-01-20,33.1274708909667,29.814723801870034,262.966269523812,70.65972736067307
2008-01-21,33.1205093873095,29.808458448578552,259.1809719762223,70.78905494659409
2008-01-22,33.1135478836523,29.80219309528707,255.3956744286326,70.9183825325151
2008-01-23,33.1065863799951,29.795927741995587,251.61037688104287,71.04771011843611
2008-01-24,33.0996248763379,29.78966238870411,247.8250793334532,71.17703770435712
2008-01-25,33.0926633726807,29.783397035412627,244.03978178586345,71.30636529027814
2008-01-26,33.09135689066938,29.78222120160244,239.74210356151409,71.266804862367
2008-01-27,33.09005040865806,29.781045367792256,235.44442533716477,71.22724443445586
2008-01-28,33.08874392664674,29.77986953398207,231.14674711281535,71.18768400654471
2008-01-29,33.08743744463543,29.77869370017188,226.849068888466,71.14812357863357
2008-01-30,33.08613096262411,29.77751786636169,222.55139066411664,71.10856315072243
2008-01-31,33.08482448061279,29.77634203255151,218.2537124397673,71.06900272281129
2008-02-01,33.08351799860147,29.775166198741324,213.95603421541796,71.02944229490015
2008-02-02,33.07530184080124,29.76777165672111,210.26416445813356,70.85956248500959
2008-02-03,33.067085683001,29.760377114700898,206.57229470084917,70.68968267511902
2008-02-04,33.05886952520076,29.752982572680683,202.88042494356475,70.51980286522846
2008-02-05,33.05065336740052,29.74558803066047,199.1885551862804,70.34992305533788
2008-02-06,33.04243720960029,29.738193488640256,195.496685428996,70.18004324544732
2008-02-07,33.034221051800046,29.730798946620045,191.8048156717116,70.01016343555675
2008-02-08,33.02600489399981,29.72340440459983,188.1129459144272,69.84028362566619
2008-02-09,33.00381150892962,29.703430358036663,185.7632895753972,69.58409886156772
2008-02-10,32.98161812385944,29.68345631147349,183.41363323636716,69.32791409746928
2008-02-11,32.95942473878925,29.663482264910325,181.0639768973371,69.07172933337081
2008-02-12,32.93723135371906,29.64350821834716,178.7143205583071,68.81554456927235
2008-02-13,32.915037968648875,29.62353417178399,176.36466421927705,68.55935980517388
2008-02-14,32.89284458357869,29.60356012522082,174.01500788024703,68.30317504107543
2008-02-15,32.870651198508504,29.583586078657653,171.66535154121698,68.04699027697697
2008-02-16,32.84128999187054,29.55716099268349,170.4305401992353,67.76226231595257
2008-02-17,32.81192878523258,29.53073590670932,169.19572885725367,67.47753435492815
2008-02-18,32.782567578594616,29.50431082073516,167.960917515272,67.19280639390375
2008-02-19,32.75320637195666,29.47788573476099,166.72610617329036,66.90807843287934
2008-02-20,32.72384516531869,29.451460648786824,165.4912948313087,66.62335047185493
2008-02-21,32.694483958680735,29.425035562812656,164.25648348932705,66.33862251083052
2008-02-22,32.66512275204277,29.39861047683849,163.02167214734538,66.05389454980612
2008-02-23,32.63755906766686,29.373803160900174,162.52460457360775,65.80052094817879
2008-02-24,32.60999538329095,29.34899584496185,162.0275369998701,65.54714734655145
2008-02-25,32.58243169891504,29.32418852902353,161.53046942613247,65.29377374492412
2008-02-26,32.554868014539124,29.29938121308521,161.03340185239483,65.04040014329681
2008-02-27,32.52730433016321,29.27457389714689,160.5363342786572,64.78702654166948
2008-02-28,32.499740645787305,29.24976658120857,160.03926670491956,64.53365294004215
2008-02-29,32.47217696141139,29.22495926527025,159.54219913118192,64.28027933841481
2008-03-01,32.45537614312736,29.209838528814625,159.40577409688396,64.11815765250759
2008-03-02,32.43857532484333,29.194717792359,159.269349062586,63.95603596660037
2008-03-03,32.421774506559295,29.17959705590337,159.13292402828804,63.79391428069314
2008-03-04,32.40497368827527,29.164476319447743,158.9964989939901,63.63179259478592
2008-03-05,32.38817286999124,29.149355582992115,158.86007395969213,63.4696709088787
2008-03-06,32.371372051707205,29.134234846536486,158.72364892539417,63.307549222971474
2008-03-07,32.35457123342317,29.119114110080854,158.58722389109622,63.14542753706425
2008-03-08,32.3554798305782,29.11993184752038,158.45362723345465,63.12336074661305
2008-03-09,32.35638842773322,29.120749584959903,158.32003057581304,63.10129395616185
2008-03-10,32.35729702488825,29.12156732239943,158.18643391817145,63.07922716571065
2008-03-11,32.35820562204328,29.122385059838955,158.05283726052988,63.05716037525945
2008-03-12,32.359114219198304,29.12320279727848,157.9192406028883,63.03509358480825
2008-03-13,32.36002281635333,29.124020534718003,157.7856439452467,63.013026794357046
2008-03-14,32.360931413508354,29.124838272157525,157.65204728760511,62.99096000390585
2008-03-15,32.37157582247631,29.13441824022868,157.3060083161482,63.07575523355754
2008-03-16,32.38222023144426,29.14399820829984,156.95996934469127,63.16055046320925
2008-03-17,32.39286464041221,29.153578176370992,156.61393037323435,63.245345692860944
2008-03-18,32.40350904938016,29.16315814444215,156.2678914017774,63.33014092251265
2008-03-19,32.41415345834812,29.172738112513304,155.92185243032048,63.41493615216434
2008-03-20,32.424797867316066,29.182318080584466,155.57581345886356,63.49973138181605
2008-03-21,32.43544227628402,29.191898048655617,155.22977448740664,63.584526611467744
2008-03-22,32.441161636714995,29.19704547304349,154.51991091785732,63.706240200924455
2008-03-23,32.446880997145975,29.20219289743137,153.81004734830802,63.82795379038117
2008-03-24,32.45260035757695,29.20734032181925,153.1001837787587,63.94966737983789
2008-03-25,32.45831971800792,29.212487746207128,152.39032020920936,64.0713809692946
2008-03-26,32.464039078438894,29.21763517059501,151.68045663966004,64.19309455875131
2008-03-27,32.469758438869874,29.22278259498288,150.97059307011074,64.31480814820802
2008-03-28,32.47547779930085,29.22793001937076,150.2607295005614,64.43652173766473
2008-03-29,32.46157970718115,29.21542173646304,149.0359604090492,64.5250366738694
2008-03-30,32.44768161506146,29.20291345355531,147.81119131753704,64.61355161007404
2008-03-31,32.433783522941766,29.190405170647587,146.58642222602484,64.7020665462787
2008-04-01,32.41988543082207,29.177896887739863,145.36165313451264,64.79058148248336
2008-04-02,32.405987338702374,29.16538860483214,144.13688404300044,64.87909641868802
2008-04-03,32.392089246582685,29.15288032192441,142.91211495148826,64.96761135489267
2008-04-04,32.37819115446299,29.14037203901669,141.68734585997606,65.05612629109733
2008-04-05,32.33043998993777,29.09739599094399,139.80403879871417,65.04334729994966
2008-04-06,32.28268882541255,29.05441994287129,137.92073173745226,65.03056830880197
2008-04-07,32.23493766088733,29.0114438947986,136.03742467619034,65.0177893176543
2008-04-08,32.18718649636211,28.968467846725897,134.15411761492845,65.00501032650662
2008-04-09,32.13943533183689,28.9254917986532,132.27081055366654,64.99223133535895
2008-04-10,32.09168416731167,28.882515750580502,130.38750349240465,64.97945234421127
2008-04-11,32.04393300278645,28.839539702507803,128.50419643114273,64.9666733530636
2008-04-12,31.96200594900389,28.7658053541035,126.04558579617024,64.84608360026989
2008-04-13,31.88007889522133,28.692071005699194,123.58697516119776,64.72549384747619
2008-04-14,31.79815184143877,28.61833665729489,121.12836452622528,64.60490409468248
2008-04-15,31.716224787656213,28.54460230889059,118.6697538912528,64.48431434188878
2008-04-16,31.63429773387365,28.470867960486284,116.21114325628032,64.36372458909507
2008-04-17,31.55237068009109,28.39713361208198,113.75253262130784,64.24313483630137
2008-04-18,31.47044362630853,28.323399263677675,111.29392198633536,64.12254508350766
2008-04-19,31.37013656389243,28.233122907503187,108.60607907449987,63.958969522769465
2008-04-20,31.26982950147633,28.14284655132869,105.9182361626644,63.79539396203128
2008-04-21,31.16952243906023,28.052570195154207,103.23039325082893,63.63181840129308
2008-04-22,31.069215376644127,27.962293838979715,100.54255033899342,63.468242840554886
2008-04-23,30.968908314228027,27.872017482805227,97.85470742715792,63.30466727981669
2008-04-24,30.868601251811928,27.78174112663073,95.16686451532244,63.1410917190785
2008-04-25,30.768294189395828,27.69146477045625,92.47902160348696,62.97751615834031
2008-04-26,30.666303959643603,27.599673563679243,89.92270907932017,62.83976741950148
2008-04-27,30.564313729891374,27.50788235690224,87.36639655515339,62.70201868066264
2008-04-28,30.462323500139156,27.41609115012524,84.81008403098662,62.56426994182381
2008-04-29,30.360333270386928,27.32429994334824,82.25377150681983,62.42652120298498
2008-04-30,30.258343040634703,27.232508736571237,79.69745898265305,62.28877246414615
2008-05-01,30.15635281088248,27.14071752979423,77.14114645848626,62.15102372530731
2008-05-02,30.054362581130253,27.048926323017227,74.58483393431948,62.01327498646848
2008-05-03,29.967383914636507,26.97064552317286,72.52073909744504,61.97014691835133
2008-05-04,29.880405248142765,26.892364723328487,70.4566442605706,61.92701885023418
2008-05-05,29.79342658164902,26.81408392348412,68.39254942369617,61.88389078211703
2008-05-06,29.70644791515528,26.735803123639748,66.32845458682174,61.84076271399988
2008-05-07,29.61946924866153,26.65752232379538,64.2643597499473,61.79763464588273
2008-05-08,29.53249058216779,26.57924152395101,62.20026491307286,61.754506577765575
2008-05-09,29.445511915674043,26.50096072410664,60.136170076198425,61.711378509648426
2008-05-10,29.38616660686161,26.447549946175453,58.77955167047011,61.79542399800248
2008-05-11,29.326821298049182,26.394139168244266,57.42293326474181,61.87946948635653
2008-05-12,29.267475989236758,26.34072839031308,56.066314859013495,61.96351497471058
2008-05-13,29.20813068042432,26.28731761238189,54.70969645328519,62.04756046306464
2008-05-14,29.148785371611893,26.233906834450707,53.35307804755688,62.131605951418685
2008-05-15,29.08944006279946,26.18049605651952,51.996459641828565,62.21565143977274
2008-05-16,29.030094753987036,26.12708527858833,50.63984123610026,62.29969692812679
2008-05-17,28.99844198071625,26.098597782644628,49.75739630287491,62.431686767419976
2008-05-18,28.96678920744547,26.070110286700924,48.87495136964956,62.56367660671316
2008-05-19,28.935136434174687,26.04162279075722,47.99250643642421,62.69566644600634
2008-05-20,28.90348366090391,26.01313529481352,47.110061503198864,62.82765628529953
2008-05-21,28.871830887633127,25.984647798869812,46.22761656997351,62.95964612459272
2008-05-22,28.840178114362345,25.95616030292611,45.34517163674816,63.0916359638859
2008-05-23,28.808525341091563,25.927672806982407,44.46272670352281,63.22362580317908
2008-05-24,28.802209851753577,25.92198886657822,43.73494248957587,63.30284720808724
2008-05-25,28.79589436241559,25.916304926174032,43.00715827562893,63.38206861299538
2008-05-26,28.789578873077605,25.91062098576985,42.27937406168199,63.461290017903536
2008-05-27,28.783263383739623,25.90493704536566,41.55158984773506,63.54051142281169
2008-05-28,28.77694789440164,25.899253104961478,40.82380563378812,63.61973282771984
2008-05-29,28.77063240506365,25.893569164557285,40.09602141984118,63.69895423262799
2008-05-30,28.764316915725665,25.8878852241531,39.36823720589424,63.778175637536144
2008-05-31,28.78098345871162,25.90288511284046,38.47560095800116,63.70391582273511
2008-06-01,28.797650001697576,25.91788500152782,37.58296471010808,63.62965600793407
2008-06-02,28.81431654468353,25.93288489021518,36.690328462215,63.55539619313303
2008-06-03,28.83098308766949,25.94788477890254,35.79769221432191,63.48113637833199
2008-06-04,28.847649630655447,25.9628846675899,34.90505596642883,63.40687656353095
2008-06-05,28.8643161736414,25.977884556277264,34.01241971853575,63.33261674872991
2008-06-06,28.88098271662736,25.992884444964623,33.11978347064267,63.25835693392887
2008-06-07,28.917991202296434,26.026192082066792,31.83105129713458,62.944120661688736
2008-06-08,28.954999687965515,26.059499719168965,30.542319123626488,62.6298843894486
2008-06-09,28.99200817363459,26.09280735627113,29.253586950118397,62.31564811720846
2008-06-10,29.029016659303668,26.126114993373303,27.9648547766103,62.00141184496833
2008-06-11,29.066025144972745,26.159422630475472,26.676122603102208,61.687175572728194
2008-06-12,29.103033630641825,26.192730267577645,25.387390429594117,61.372939300488056
2008-06-13,29.1400421163109,26.226037904679814,24.09865825608602,61.05870302824792
2008-06-14,29.19210885661739,26.27289797095565,22.702914906852406,60.54994895014856
2008-06-15,29.244175596923885,26.319758037231495,21.307171557618798,60.0411948720492
2008-06-16,29.29624233723037,26.36661810350734,19.911428208385185,59.53244079394984
2008-06-17,29.348309077536868,26.413478169783183,18.51568485915157,59.02368671585048
2008-06-18,29.40037581784336,26.460338236059023,17.119941509917954,58.51493263775112
2008-06-19,29.45244255814985,26.507198302334867,15.724198160684342,58.00617855965176
2008-06-20,29.50450929845634,26.554058368610708,14.328454811450728,57.4974244815524
2008-06-21,29.564916430887376,26.60842478779864,13.142218894376969,56.91119734884093
2008-06-22,29.625323563318407,26.66279120698657,11.95598297730321,56.324970216129465
2008-06-23,29.68573069574944,26.717157626174497,10.76974706022945,55.738743083418
2008-06-24,29.746137828180476,26.77152404536243,9.583511143155691,55.15251595070652
2008-06-25,29.806544960611507,26.82589046455036,8.397275226081932,54.56628881799505
2008-06-26,29.86695209304254,26.88025688373829,7.211039309008173,53.98006168528359
2008-06-27,29.927359225473573,26.93462330292622,6.024803391934415,53.39383455257212
2008-06-28,29.989374673887664,26.9904372064989,5.448779916242625,52.84788858264318
2008-06-29,30.05139012230175,27.046251110071577,4.872756440550835,52.30194261271424
2008-06-30,30.11340557071584,27.102065013644257,4.296732964859045,51.755996642785306
2008-07-01,30.175421019129928,27.157878917216937,3.720709489167255,51.21005067285637
2008-07-02,30.23743646754402,27.213692820789618,3.144686013475465,50.66410470292743
2008-07-03,30.299451915958105,27.26950672436229,2.568662537783675,50.118158732998495
2008-07-04,30.3614673643722,27.32532062793497,1.9926390620918848,49.57221276306956
2008-07-05,30.41848622612627,27.37663760351364,2.458696728529145,49.18254668019114
2008-07-06,30.475505087880343,27.427954579092308,2.9247543949664045,48.79288059731272
2008-07-07,30.532523949634417,27.479271554670973,3.3908120614036643,48.403214514434296
2008-07-08,30.58954281138849,27.53058853024964,3.856869727840924,48.01354843155588
2008-07-09,30.646561673142564,27.581905505828303,4.322927394278184,47.623882348677455
2008-07-10,30.70358053489664,27.63322248140697,4.788985060715444,47.23421626579904
2008-07-11,30.76059939665071,27.68453945698564,5.255042727152704,46.84455018292061
2008-07-12,30.811793871999424,27.73061448479948,7.144512035693053,46.64741603021041
2008-07-13,30.862988347348136,27.77668951261332,9.033981344233402,46.45028187750021
2008-07-14,30.914182822696848,27.82276454042716,10.923450652773749,46.25314772479
2008-07-15,30.96537729804556,27.868839568241004,12.812919961314098,46.0560135720798
2008-07-16,31.016571773394272,27.91491459605485,14.702389269854446,45.85887941936959
2008-07-17,31.067766248742984,27.960989623868684,16.591858578394795,45.6617452666594
2008-07-18,31.118960724091696,28.007064651682526,18.481327886935144,45.46461111394919
2008-07-19,31.171528796611447,28.054375916950303,20.876577551123734,45.385473642888975
2008-07-20,31.2240968691312,28.10168718221808,23.27182721531233,45.306336171828754
2008-07-21,31.276664941650957,28.14899844748585,25.66707687950093,45.22719870076854
2008-07-22,31.329233014170708,28.196309712753635,28.06232654368952,45.148061229708325
2008-07-23,31.38180108669046,28.24362097802141,30.45757620787812,45.06892375864811
2008-07-24,31.434369159210213,28.290932243289188,32.85282587206671,44.98978628758789
2008-07-25,31.486937231729964,28.338243508556964,35.24807553625531,44.91064881652768
2008-07-26,31.54866908756345,28.393802178807103,37.40391363825472,44.86679806022104
2008-07-27,31.61040094339694,28.449360849057243,39.55975174025413,44.82294730391439
2008-07-28,31.672132799230425,28.504919519307386,41.71558984225354,44.77909654760775
2008-07-29,31.733864655063915,28.56047818955752,43.87142794425296,44.735245791301104
2008-07-30,31.7955965108974,28.61603685980766,46.027266046252365,44.691395034994464
2008-07-31,31.85732836673089,28.6715955300578,48.18310414825178,44.64754427868782
2008-08-01,31.919060222564376,28.72715420030794,50.33894225025119,44.60369352238118
2008-08-02,31.997746029764794,28.797971426788315,51.51040356609182,44.512419674756494
2008-08-03,32.07643183696521,28.868788653268687,52.68186488193245,44.42114582713181
2008-08-04,32.15511764416563,28.939605879749063,53.85332619777307,44.329871979507125
2008-08-05,32.23380345136604,29.010423106229435,55.024787513613695,44.23859813188245
2008-08-06,32.31248925856646,29.08124033270981,56.19624882945432,44.14732428425776
2008-08-07,32.39117506576688,29.152057559190183,57.36771014529495,44.05605043663308
2008-08-08,32.469860872967296,29.22287478567056,58.53917146113557,43.9647765890084
2008-08-09,32.570114065525345,29.3131026589728,58.25654419934086,43.77161260870533
2008-08-10,32.67036725808339,29.40333053227505,57.97391693754614,43.57844862840227
2008-08-11,32.77062045064144,29.493558405577293,57.69128967575143,43.38528464809921
2008-08-12,32.87087364319949,29.58378627887954,57.40866241395672,43.19212066779614
2008-08-13,32.97112683575754,29.674014152181783,57.126035152162,42.99895668749308
2008-08-14,33.07138002831558,29.76424202548403,56.84340789036729,42.805792707190015
2008-08-15,33.17163322087363,29.854469898786277,56.56078062857257,42.61262872688695
2008-08-16,33.28603458280999,29.957431124528995,55.402449653628935,42.370083886984254
2008-08-17,33.40043594474634,30.060392350271712,54.2441186786853,42.12753904708156
2008-08-18,33.5148373066827,30.163353576014437,53.08578770374166,41.88499420717886
2008-08-19,33.62923866861905,30.26631480175715,51.92745672879803,41.64244936727616
2008-08-20,33.74364003055541,30.369276027499872,50.76912575385439,41.399904527373465
2008-08-21,33.858041392491764,30.47223725324259,49.61079477891075,41.15735968747077
2008-08-22,33.97244275442812,30.57519847898531,48.45246380396711,40.91481484756808
2008-08-23,34.09072462402844,30.6816521616256,47.24184945589312,40.70072253739224
2008-08-24,34.20900649362876,30.788105844265885,46.03123510781914,40.4866302272164
2008-08-25,34.32728836322908,30.89455952690617,44.820620759745154,40.272537917040566
2008-08-26,34.4455702328294,31.00101320954646,43.610006411671165,40.05844560686473
2008-08-27,34.56385210242971,31.107466892186743,42.399392063597176,39.844353296688894
2008-08-28,34.68213397203004,31.21392057482704,41.1887777155232,39.63026098651306
2008-08-29,34.800415841630354,31.32037425746732,39.978163367449206,39.41616867633722
2008-08-30,34.9123105571803,31.421079501462277,39.519340075014576,39.308362285214734
2008-08-31,35.02420527273025,31.52178474545723,39.06051678257995,39.20055589409225
2008-09-01,35.13609998828019,31.62248998945218,38.60169349014532,39.09274950296976
2008-09-02,35.247994703830145,31.72319523344713,38.14287019771069,38.98494311184727
2008-09-03,35.35988941938009,31.823900477442084,37.68404690527606,38.87713672072478
2008-09-04,35.47178413493004,31.92460572143704,37.22522361284144,38.76933032960229
2008-09-05,35.583678850479984,32.02531096543199,36.76640032040681,38.6615239384798
2008-09-06,35.67896594998823,32.11106935498942,37.829572268270375,38.73150051458543
2008-09-07,35.77425304949649,32.19682774454684,38.89274421613395,38.80147709069105
2008-09-08,35.869540149004735,32.282586134104264,39.95591616399752,38.87145366679668
2008-09-09,35.96482724851299,32.36834452366169,41.01908811186109,38.94143024290229
2008-09-10,36.06011434802124,32.45410291321912,42.08226005972465,39.01140681900792
2008-09-11,36.15540144752949,32.539861302776536,43.14543200758823,39.08138339511354
2008-09-12,36.25068854703774,32.62561969233396,44.20860395545179,39.151359971219165
2008-09-13,36.31970603332148,32.68773542998933,46.61671995811584,39.39564528488639
2008-09-14,36.388723519605215,32.74985116764469,49.02483596077989,39.63993059855362
2008-09-15,36.45774100588896,32.81196690530006,51.43295196344394,39.884215912220846
2008-09-16,36.526758492172696,32.87408264295543,53.84106796610799,40.12850122588807
2008-09-17,36.59577597845644,32.9361983806108,56.24918396877205,40.3727865395553
2008-09-18,36.66479346474017,32.99831411826616,58.65729997143609,40.61707185322253
2008-09-19,36.73381095102391,33.06042985592153,61.06541597410014,40.86135716688975
2008-09-20,36.76726181991293,33.09053563792164,64.05347138491831,41.22747839061575
2008-09-21,36.80071268880195,33.12064141992176,67.04152679573647,41.59359961434174
2008-09-22,36.83416355769097,33.150747201921874,70.02958220655464,41.95972083806774
2008-09-23,36.86761442657998,33.180852983921994,73.01763761737281,42.325842061793736
2008-09-24,36.901065295469,33.21095876592211,76.00569302819098,42.69196328551973
2008-09-25,36.93451616435802,33.24106454792223,78.99374843900915,43.05808450924573
2008-09-26,36.96796703324704,33.27117032992234,81.98180384982732,43.42420573297172
2008-09-27,36.95656057815749,33.26090452034175,84.77449188419754,43.85884461786005
2008-09-28,36.94515412306794,33.250638710761145,87.56717991856776,44.29348350274839
2008-09-29,36.93374766797839,33.24037290118055,90.359867952938,44.72812238763672
2008-09-30,36.92234121288884,33.230107091599955,93.15255598730822,45.162761272525046
2008-10-01,36.91093475779929,33.21984128201936,95.94524402167843,45.597400157413375
2008-10-02,36.89952830270973,33.20957547243876,98.73793205604866,46.03203904230171
2008-10-03,36.88812184762018,33.19930966285816,101.53062009041888,46.46667792719004
2008-10-04,36.82276725018153,33.14049052516337,103.3587513695484,46.9165675142877
2008-10-05,36.75741265274287,33.08167138746858,105.18688264867788,47.36645710138536
2008-10-06,36.69205805530421,33.02285224977379,107.01501392780736,47.816346688483016
2008-10-07,36.62670345786555,32.964033112078994,108.84314520693688,48.266236275580674
2008-10-08,36.5613488604269,32.9052139743842,110.67127648606636,48.71612586267833
2008-10-09,36.49599426298823,32.84639483668941,112.49940776519584,49.16601544977599
2008-10-10,36.43063966554958,32.78757569899462,114.32753904432536,49.61590503687365
2008-10-11,36.31705043712118,32.68534539340907,114.8749978908712,50.031577056606885
2008-10-12,36.2034612086928,32.583115087823515,115.42245673741704,50.44724907634013
2008-10-13,36.0898719802644,32.480884782237965,115.9699155839629,50.86292109607336
2008-10-14,35.97628275183601,32.378654476652414,116.51737443050877,51.2785931158066
2008-10-15,35.862693523407614,32.276424171066864,117.06483327705462,51.69426513553984
2008-10-16,35.749104294979226,32.17419386548131,117.61229212360048,52.10993715527308
2008-10-17,35.63551506655083,32.07196355989576,118.15975097014632,52.52560917500632
2008-10-18,35.50413282196593,31.95371953976935,117.86720391677822,52.86394041939834
2008-10-19,35.37275057738104,31.835475519642944,117.57465686341013,53.20227166379036
2008-10-20,35.24136833279614,31.717231499516537,117.28210981004202,53.54060290818238
2008-10-21,35.10998608821125,31.59898747939013,116.98956275667392,53.8789341525744
2008-10-22,34.97860384362635,31.48074345926372,116.69701570330582,54.217265396966425
2008-10-23,34.84722159904146,31.36249943913732,116.40446864993773,54.55559664135844
2008-10-24,34.71583935445656,31.24425541901091,116.11192159656962,54.89392788575047
2008-10-25,34.59945560881027,31.13951004792925,115.49195184014351,55.11239811509999
2008-10-26,34.48307186316398,31.03476467684758,114.87198208371744,55.3308683444495
2008-10-27,34.36668811751768,30.93001930576592,114.25201232729134,55.54933857379902
2008-10-28,34.250304371871394,30.82527393468425,113.63204257086524,55.76780880314853
2008-10-29,34.1339206262251,30.720528563602592,113.01207281443916,55.98627903249805
2008-10-30,34.01753688057881,30.61578319252093,112.39210305801306,56.20474926184757
2008-10-31,33.901153134932514,30.511037821439263,111.77213330158698,56.42321949119709
2008-11-01,33.832559403319934,30.449303462987935,111.33732403895884,56.479308465802816
2008-11-02,33.763965671707346,30.387569104536617,110.90251477633072,56.53539744040855
2008-11-03,33.695371940094766,30.32583474608529,110.4677055137026,56.59148641501427
2008-11-04,33.626778208482186,30.264100387633967,110.03289625107446,56.64757538962
2008-11-05,33.558184476869606,30.20236602918264,109.59808698844634,56.70366436422572
2008-11-06,33.48959074525702,30.14063167073132,109.1632777258182,56.75975333883145
2008-11-07,33.42099701364444,30.078897312279995,108.72846846319008,56.81584231343718
2008-11-08,33.4239913225611,30.081592190304995,108.94243129809884,56.68687233644618
2008-11-09,33.42698563147777,30.084287068329992,109.1563941330076,56.55790235945518
2008-11-10,33.42997994039443,30.086981946354992,109.37035696791636,56.428932382464176
2008-11-11,33.4329742493111,30.08967682437999,109.58431980282512,56.29996240547317
2008-11-12,33.43596855822776,30.09237170240499,109.79828263773388,56.170992428482165
2008-11-13,33.43896286714443,30.095066580429982,110.01224547264265,56.04202245149117
2008-11-14,33.441957176061095,30.097761458454983,110.2262083075514,55.91305247450016
2008-11-15,33.49841803921638,30.148576235294744,111.32429355212484,55.66883384406076
2008-11-16,33.55487890237167,30.1993910121345,112.42237879669828,55.42461521362136
2008-11-17,33.61133976552696,30.25020578897426,113.5204640412717,55.18039658318195
2008-11-18,33.66780062868224,30.301020565814014,114.61854928584512,54.93617795274256
2008-11-19,33.724261491837524,30.35183534265377,115.71663453041856,54.69195932230315
2008-11-20,33.78072235499281,30.40265011949353,116.814719774992,54.44774069186375
2008-11-21,33.8371832181481,30.453464896333287,117.91280501956544,54.20352206142434
2008-11-22,33.91678513617077,30.525106622553693,120.06390935602336,53.94079107328775
2008-11-23,33.99638705419345,30.596748348774103,122.21501369248134,53.67806008515115
2008-11-24,34.07598897221612,30.66839007499451,124.36611802893928,53.41532909701456
2008-11-25,34.1555908902388,30.740031801214915,126.51722236539725,53.15259810887795
2008-11-26,34.23519280826147,30.81167352743532,128.6683267018552,52.88986712074136
2008-11-27,34.31479472628415,30.88331525365573,130.81943103831313,52.62713613260476
2008-11-28,34.39439664430682,30.954956979876137,132.9705353747711,52.364405144468165
2008-11-29,34.46681272982146,31.020131456839312,136.34354792733447,52.17990115677149
2008-11-30,34.539228815336095,31.085305933802484,139.71656047989785,51.99539716907482
2008-12-01,34.611644900850735,31.15048041076566,143.08957303246123,51.81089318137815
2008-12-02,34.684060986365374,31.215654887728835,146.46258558502458,51.62638919368148
2008-12-03,34.75647707188001,31.28082936469201,149.83559813758797,51.44188520598481
2008-12-04,34.828893157394646,31.346003841655182,153.20861069015135,51.25738121828814
2008-12-05,34.901309242909285,31.41117831861836,156.58162324271473,51.072877230591466
2008-12-06,34.93773301362293,31.44395971226064,161.30206814373878,51.05811029099632
2008-12-07,34.97415678433657,31.47674110590292,166.02251304476283,51.04334335140118
2008-12-08,35.01058055505022,31.5095224995452,170.74295794578688,51.02857641180603
2008-12-09,35.047004325763865,31.54230389318748,175.46340284681096,51.01380947221088
2008-12-10,35.08342809647751,31.57508528682976,180.18384774783505,50.99904253261573
2008-12-11,35.11985186719115,31.60786668047204,184.90429264885907,50.98427559302059
2008-12-12,35.1562756379048,31.64064807411432,189.62473754988312,50.96950865342544
2008-12-13,35.15131877485237,31.636186897367136,195.15020610649373,51.13544392835079
2008-12-14,35.14636191179994,31.63172572061995,200.6756746631044,51.30137920327614
2008-12-15,35.141405048747515,31.62726454387277,206.20114321971496,51.46731447820149
2008-12-16,35.136448185695095,31.622803367125584,211.7266117763256,51.63324975312683
2008-12-17,35.13149132264267,31.618342190378403,217.2520803329362,51.79918502805218
2008-12-18,35.12653445959024,31.613881013631215,222.77754888954684,51.96512030297753
2008-12-19,35.12157759653781,31.60941983688404,228.30301744615744,52.13105557790288
2008-12-20,35.08822721499158,31.579404493492437,233.5669968530818,52.42545741192242
2008-12-21,35.05487683344536,31.54938915010083,238.8309762600062,52.719859245941976
2008-12-22,35.021526451899135,31.519373806709226,244.09495566693056,53.01426107996152
2008-12-23,34.988176070352914,31.489358463317625,249.35893507385492,53.30866291398107
2008-12-24,34.954825688806686,31.459343119926015,254.6229144807793,53.60306474800061
2008-12-25,34.921475307260465,31.42932777653441,259.8868938877037,53.897466582020165
2008-12-26,34.88812492571424,31.39931243314281,265.15087329462807,54.19186841603971
2008-12-27,34.839861372176955,31.35587523495926,269.07278280605294,54.56080472474904
2008-12-28,34.79159781863968,31.31243803677571,272.9946923174778,54.92974103345836
2008-12-29,34.7433342651024,31.26900083859216,276.9166018289027,55.29867734216769
2008-12-30,34.69507071156512,31.22556364040861,280.8385113403275,55.667613650877016
2008-12-31,34.64680715802784,31.18212644222506,284.7604208517524,56.036549959586345
2009-01-01,34.598543604490565,31.138689244041508,288.68233036317724,56.40548626829567
2009-01-02,34.55028005095328,31.09525204585796,292.6042398746021,56.774422577005
2009-01-03,34.50056664008901,31.050509976080114,294.10817652009973,57.16401415662729
2009-01-04,34.45085322922475,31.005767906302275,295.6121131655973,57.55360573624957
2009-01-05,34.40113981836048,30.96102583652443,297.11604981109497,57.94319731587186
2009-01-06,34.35142640749621,30.916283766746588,298.61998645659264,58.33278889549416
2009-01-07,34.30171299663194,30.871541696968745,300.12392310209026,58.722380475116445
2009-01-08,34.25199958576768,30.826799627190905,301.6278597475879,59.11197205473873
2009-01-09,34.202286174903406,30.78205755741306,303.1317963930855,59.50156363436102
2009-01-10,34.162216772444125,30.74599509519971,301.79262369287056,59.865287970491615
2009-01-11,34.12214736998485,30.70993263298636,300.45345099265563,60.2290123066222
2009-01-12,34.08207796752557,30.67387017077301,299.1142782924407,60.5927366427528
2009-01-13,34.04200856506629,30.637807708559663,297.77510559222577,60.95646097888339
2009-01-14,34.00193916260701,30.60174524634631,296.43593289201084,61.32018531501399
2009-01-15,33.961869760147735,30.565682784132964,295.0967601917959,61.683909651144575
2009-01-16,33.921800357688454,30.52962032191961,293.757587491581,62.04763398727517
2009-01-17,33.89769091409458,30.50792182268513,290.46241803432355,62.35380308590069
2009-01-18,33.87358147050072,30.48622332345065,287.1672485770662,62.65997218452621
2009-01-19,33.849472026906845,30.464524824216166,283.87207911980875,62.96614128315172
2009-01-20,33.82536258331298,30.44282632498168,280.5769096625514,63.272310381777245
2009-01-21,33.80125313971911,30.4211278257472,277.28174020529394,63.57847948040276
2009-01-22,33.77714369612524,30.39942932651272,273.98657074803657,63.88464857902828
2009-01-23,33.75303425253137,30.377730827278235,270.69140129077914,64.1908176776538
2009-01-24,33.75062636466084,30.37556372819476,266.4850932376414,64.40952680372294
2009-01-25,33.748218476790306,30.37339662911128,262.27878518450365,64.62823592979208
2009-01-26,33.745810588919774,30.3712295300278,258.072477131366,64.84694505586123
2009-01-27,33.74340270104925,30.36906243094432,253.8661690782282,65.06565418193037
2009-01-28,33.74099481317872,30.36689533186084,249.6598610250905,65.28436330799951
2009-01-29,33.738586925308184,30.364728232777363,245.45355297195275,65.50307243406866
2009-01-30,33.73617903743765,30.362561133693884,241.247244918815,65.7217815601378
2009-01-31,33.76121430214838,30.38509287193354,237.1746564309591,65.82312597859926
2009-02-01,33.78624956685911,30.4076246101732,233.1020679431032,65.92447039706074
2009-02-02,33.81128483156984,30.430156348412854,229.02947945524727,66.02581481552221
2009-02-03,33.83632009628057,30.452688086652515,224.95689096739136,66.12715923398368
2009-02-04,33.861355360991304,30.47521982489217,220.88430247953545,66.22850365244514
2009-02-05,33.886390625702035,30.497751563131832,216.81171399167957,66.32984807090662
2009-02-06,33.911425890412765,30.52028330137149,212.73912550382363,66.43119248936809
2009-02-07,33.96605687575142,30.56945118817628,209.6699880559361,66.39461605756703
2009-02-08,34.020687861090074,30.61861907498107,206.60085060804852,66.35803962576598
2009-02-09,34.07531884642873,30.667786961785858,203.53171316016105,66.32146319396493
2009-02-10,34.129949831767384,30.71695484859065,200.46257571227343,66.28488676216388
2009-02-11,34.18458081710604,30.766122735395435,197.39343826438596,66.24831033036283
2009-02-12,34.23921180244469,30.815290622200227,194.3243008164984,66.21173389856177
2009-02-13,34.29384278778335,30.86445850900501,191.25516336861085,66.17515746676072
2009-02-14,34.35958346082526,30.923625114742737,189.0521477535988,66.0338628381568
2009-02-15,34.42532413386718,30.982791720480463,186.84913213858667,65.89256820955286
2009-02-16,34.491064806909094,31.041958326218182,184.6461165235746,65.75127358094893
2009-02-17,34.556805479951,31.10112493195591,182.4431009085625,65.60997895234502
2009-02-18,34.62254615299292,31.16029153769363,180.24008529355044,65.46868432374109
2009-02-19,34.68828682603483,31.21945814343136,178.03706967853833,65.32738969513716
2009-02-20,34.75402749907675,31.27862474916908,175.83405406352625,65.18609506653323
2009-02-21,34.80502905967776,31.324526153709986,174.00056479524216,64.99246320528367
2009-02-22,34.85603062027876,31.37042755825089,172.16707552695803,64.79883134403411
2009-02-23,34.90703218087977,31.416328962791795,170.33358625867393,64.60519948278456
2009-02-24,34.958033741480776,31.4622303673327,168.50009699038984,64.411567621535
2009-02-25,35.009035302081784,31.508131771873607,166.66660772210574,64.21793576028544
2009-02-26,35.060036862682786,31.55403317641451,164.8331184538216,64.02430389903589
2009-02-27,35.111038423283794,31.599934580955416,162.99962918553751,63.83067203778633
2009-02-28,35.121442970644395,31.60929867357996,161.0386267112925,63.63710761315685
2009-03-01,35.131847518005,31.6186627662045,159.07762423704742,63.44354318852736
2009-03-02,35.142252065365604,31.628026858829045,157.11662176280237,63.249978763897886
2009-03-03,35.15265661272621,31.63739095145359,155.1556192885573,63.05641433926841
2009-03-04,35.16306116008681,31.64675504407813,153.19461681431224,62.86284991463893
2009-03-05,35.17346570744742,31.656119136702674,151.2336143400672,62.66928549000944
2009-03-06,35.18387025480802,31.66548322932722,149.27261186582214,62.475721065379965
2009-03-07,35.129243836292986,31.61631945266369,146.71106524870467,62.33321724343077
2009-03-08,35.07461741777795,31.567155676000155,144.1495186315872,62.19071342148157
2009-03-09,35.01999099926292,31.517991899336625,141.58797201446973,62.04820959953237
2009-03-10,34.96536458074788,31.46882812267309,139.02642539735226,61.905705777583165
2009-03-11,34.910738162232846,31.41966434600956,136.46487878023478,61.76320195563397
2009-03-12,34.85611174371781,31.370500569346028,133.9033321631173,61.62069813368477
2009-03-13,34.801485325202776,31.321336792682494,131.34178554599984,61.47819431173557
2009-03-14,34.68677732219153,31.218099589972372,128.20208439483036,61.40861772766726
2009-03-15,34.57206931918028,31.114862387262253,125.06238324366088,61.33904114359896
2009-03-16,34.457361316169035,31.01162518455213,121.9226820924914,61.269464559530654
2009-03-17,34.34265331315778,30.908387981842004,118.78298094132194,61.199887975462346
2009-03-18,34.22794531014654,30.80515077913188,115.64327979015246,61.13031139139404
2009-03-19,34.113237307135286,30.70191357642176,112.503578638983,61.06073480732574
2009-03-20,33.99852930412404,30.59867637371164,109.36387748781353,60.99115822325743
2009-03-21,33.85631510508407,30.470683594575664,106.1342023764921,60.98899094972992
2009-03-22,33.7141009060441,30.34269081543969,102.90452726517069,60.9868236762024
2009-03-23,33.57188670700413,30.21469803630372,99.67485215384929,60.98465640267489
2009-03-24,33.42967250796416,30.086705257167747,96.44517704252786,60.982489129147375
2009-03-25,33.287458308924194,29.95871247803177,93.21550193120645,60.98032185561986
2009-03-26,33.145244109884224,29.8307196988958,89.98582681988503,60.97815458209234
2009-03-27,33.003029910844255,29.70272691975983,86.75615170856362,60.97598730856483
2009-03-28,32.86695696794217,29.580261271147958,83.9427588447019,61.0346487241135
2009-03-29,32.73088402504008,29.457795622536075,81.12936598084019,61.093310139662165
2009-03-30,32.594811082138,29.3353299739242,78.31597311697847,61.15197155521084
2009-03-31,32.45873813923591,29.21286432531232,75.50258025311675,61.2106329707595
2009-04-01,32.32266519633383,29.090398676700445,72.68918738925503,61.26929438630817
2009-04-02,32.18659225343174,28.967933028088567,69.87579452539332,61.32795580185683
2009-04-03,32.05051931052966,28.84546737947669,67.0624016615316,61.3866172174055
2009-04-04,31.95418576323454,28.758767186911086,65.17079559399356,61.49949775647539
2009-04-05,31.85785221593942,28.67206699434548,63.27918952645551,61.61237829554528
2009-04-06,31.761518668644303,28.585366801779877,61.38758345891748,61.725258834615175
2009-04-07,31.665185121349182,28.49866660921427,59.49597739137944,61.83813937368507
2009-04-08,31.56885157405407,28.411966416648664,57.60437132384139,61.95101991275496
2009-04-09,31.472518026758948,28.32526622408305,55.71276525630335,62.06390045182485
2009-04-10,31.37618447946383,28.23856603151745,53.82115918876531,62.17678099089474
2009-04-11,31.33662856012227,28.20296570411005,53.107572643556765,62.32755124959178
2009-04-12,31.29707264078071,28.16736537670264,52.39398609834823,62.478321508288815
2009-04-13,31.25751672143915,28.13176504929524,51.68039955313969,62.62909176698585
2009-04-14,31.21796080209759,28.096164721887835,50.96681300793114,62.77986202568289
2009-04-15,31.17840488275603,28.06056439448043,50.2532264627226,62.930632284379925
2009-04-16,31.138848963414468,28.024964067073025,49.53963991751407,63.08140254307696
2009-04-17,31.09929304407291,27.98936373966562,48.82605337230552,63.232172801774
2009-04-18,31.09302913594017,27.98372622234616,48.91815380983007,63.38071790089116
2009-04-19,31.086765227807437,27.97808870502669,49.010254247354624,63.52926300000833
2009-04-20,31.080501319674696,27.972451187707225,49.10235468487917,63.67780809912549
2009-04-21,31.074237411541954,27.96681367038776,49.19445512240372,63.82635319824265
2009-04-22,31.067973503409217,27.961176153068298,49.28655555992827,63.974898297359815
2009-04-23,31.06170959527648,27.95553863574883,49.37865599745282,64.12344339647699
2009-04-24,31.05544568714374,27.949901118429366,49.47075643497737,64.27198849559414
2009-04-25,31.05290413835857,27.94761372452272,49.91550439302129,64.37462253119921
2009-04-26,31.05036258957341,27.94532633061607,50.360252351065206,64.47725656680429
2009-04-27,31.047821040788243,27.94303893670942,50.805000309109126,64.57989060240935
2009-04-28,31.04527949200308,27.94075154280277,51.24974826715305,64.68252463801441
2009-04-29,31.04273794321791,27.93846414889612,51.69449622519697,64.78515867361948
2009-04-30,31.040196394432748,27.93617675498947,52.13924418324089,64.88779270922456
2009-05-01,31.03765484564758,27.933889361082823,52.58399214128481,64.99042674482962
2009-05-02,31.00926600434874,27.908339403913867,52.92603236478941,65.00346381299033
2009-05-03,30.9808771630499,27.88278944674491,53.268072588294,65.01650088115106
2009-05-04,30.95248832175106,27.857239489575957,53.6101128117986,65.02953794931177
2009-05-05,30.924099480452217,27.831689532407,53.95215303530319,65.04257501747249
2009-05-06,30.89571063915337,27.80613957523804,54.29419325880779,65.0556120856332
2009-05-07,30.867321797854537,27.780589618069083,54.63623348231239,65.06864915379393
2009-05-08,30.83893295655569,27.755039660900128,54.97827370581698,65.08168622195464
2009-05-09,30.76073026454559,27.684657238091035,54.83398492371544,64.97147832150881
2009-05-10,30.682527572535488,27.61427481528194,54.68969614161389,64.86127042106298
2009-05-11,30.604324880525382,27.54389239247285,54.54540735951234,64.75106252061715
2009-05-12,30.52612218851528,27.473509969663755,54.4011185774108,64.64085462017132
2009-05-13,30.447919496505172,27.403127546854662,54.25682979530925,64.5306467197255
2009-05-14,30.369716804495077,27.33274512404557,54.1125410132077,64.42043881927967
2009-05-15,30.29151411248497,27.26236270123648,53.96825223110616,64.31023091883384
2009-05-16,30.179521041008798,27.16156893690792,53.49410201126325,64.11477190424655
2009-05-17,30.067527969532616,27.06077517257936,53.019951791420354,63.91931288965927
2009-05-18,29.95553489805644,26.9599814082508,52.54580157157745,63.72385387507198
2009-05-19,29.843541826580264,26.85918764392224,52.07165135173455,63.5283948604847
2009-05-20,29.73154875510409,26.758393879593683,51.59750113189164,63.33293584589742
2009-05-21,29.61955568362791,26.65760011526512,51.12335091204874,63.13747683131013
2009-05-22,29.507562612151737,26.556806350936565,50.64920069220584,62.942017816722846
2009-05-23,29.395185204560228,26.45566668410421,50.23567459260864,62.730442297756674
2009-05-24,29.28280779696872,26.35452701727185,49.82214849301145,62.518866778790496
2009-05-25,29.170430389377213,26.253387350439493,49.40862239341425,62.307291259824325
2009-05-26,29.058052981785707,26.152247683607133,48.995096293817056,62.09571574085816
2009-05-27,28.9456755741942,26.051108016774776,48.58157019421986,61.88414022189198
2009-05-28,28.83329816660269,25.949968349942417,48.168044094622665,61.67256470292581
2009-05-29,28.720920759011182,25.84882868311006,47.754517995025466,61.46098918395963
2009-05-30,28.64163610198742,25.777472491788675,47.79305801542031,61.30255904400583
2009-05-31,28.562351444963657,25.706116300467286,47.83159803581514,61.14412890405203
2009-06-01,28.483066787939894,25.6347601091459,47.87013805620998,60.98569876409823
2009-06-02,28.403782130916127,25.563403917824512,47.908678076604815,60.82726862414442
2009-06-03,28.324497473892364,25.492047726503127,47.947218096999656,60.66883848419062
2009-06-04,28.2452128168686,25.42069153518174,47.98575811739449,60.51040834423682
2009-06-05,28.16592815984484,25.349335343860357,48.02429813778933,60.35197820428302
2009-06-06,28.152225936019924,25.33700334241793,48.891907162351245,60.313312389642185
2009-06-07,28.13852371219501,25.32467134097551,49.75951618691316,60.27464657500134
2009-06-08,28.12482148837009,25.31233933953309,50.62712521147508,60.235980760360505
2009-06-09,28.111119264545177,25.300007338090666,51.49473423603699,60.19731494571966
2009-06-10,28.097417040720263,25.28767533664824,52.362343260598905,60.158649131078825
2009-06-11,28.08371481689535,25.275343335205815,53.22995228516082,60.11998331643798
2009-06-12,28.070012593070437,25.263011333763394,54.097561309722735,60.081317501797145
2009-06-13,28.125976845308323,25.31337916077749,55.75585774587473,60.15300294454558
2009-06-14,28.18194109754621,25.363746987791597,57.41415418202672,60.22468838729401
2009-06-15,28.2379053497841,25.414114814805693,59.07245061817871,60.29637383004244
2009-06-16,28.29386960202199,25.464482641819792,60.7307470543307,60.36805927279088
2009-06-17,28.34983385425988,25.51485046883389,62.38904349048269,60.43974471553931
2009-06-18,28.40579810649777,25.56521829584799,64.04733992663469,60.51143015828775
2009-06-19,28.46176235873565,25.61558612286209,65.70563636278668,60.58311560103618
2009-06-20,28.559493137848804,25.703543824063924,67.64852678636936,60.67012921500936
2009-06-21,28.65722391696196,25.79150152526576,69.59141720995203,60.75714282898255
2009-06-22,28.754954696075107,25.8794592264676,71.53430763353471,60.84415644295573
2009-06-23,28.85268547518826,25.967416927669436,73.47719805711738,60.93117005692892
2009-06-24,28.95041625430141,26.055374628871267,75.42008848070006,61.0181836709021
2009-06-25,29.04814703341456,26.143332330073104,77.36297890428273,61.10519728487529
2009-06-26,29.14587781252771,26.231290031274938,79.30586932786541,61.19221089884847
2009-06-27,29.25576893512677,26.330192041614094,81.00230952301236,61.19496260258921
2009-06-28,29.365660057725837,26.42909405195325,82.6987497181593,61.197714306329935
2009-06-29,29.475551180324896,26.52799606229241,84.39518991330625,61.20046601007067
2009-06-30,29.58544230292396,26.62689807263156,86.09163010845319,61.2032177138114
2009-07-01,29.69533342552302,26.725800082970714,87.78807030360014,61.20596941755213
2009-07-02,29.80522454812208,26.82470209330987,89.48451049874708,61.20872112129286
2009-07-03,29.915115670721143,26.923604103649023,91.18095069389403,61.2114728250336
2009-07-04,30.007568436886174,27.00681159319756,92.1000861073356,61.03041019763343
2009-07-05,30.100021203051213,27.09001908274609,93.01922152077717,60.849347570233256
2009-07-06,30.19247396921625,27.17322657229462,93.93835693421872,60.66828494283309
2009-07-07,30.28492673538128,27.25643406184315,94.85749234766028,60.48722231543292
2009-07-08,30.377379501546315,27.339641551391683,95.77662776110184,60.30615968803276
2009-07-09,30.46983226771135,27.42284904094021,96.6957631745434,60.12509706063258
2009-07-10,30.562285033876385,27.506056530488745,97.61489858798495,59.94403443323242
2009-07-11,30.61814287951725,27.556328591565528,97.490522316788,59.5321550868907
2009-07-12,30.674000725158127,27.606600652642317,97.366146045591,59.120275740548976
2009-07-13,30.729858570799,27.656872713719096,97.24176977439404,58.708396394207256
2009-07-14,30.785716416439865,27.70714477479588,97.11739350319706,58.29651704786553
2009-07-15,30.841574262080734,27.75741683587266,96.9930172320001,57.88463770152381
2009-07-16,30.89743210772161,27.807688896949447,96.86864096080312,57.47275835518209
2009-07-17,30.953289953362475,27.85796095802623,96.74426468960615,57.06087900884037
2009-07-18,30.98458929880074,27.886130368920668,96.10073127976833,56.52815920363876
2009-07-19,31.01588864423901,27.914299779815103,95.45719786993048,55.99543939843716
2009-07-20,31.04718798967727,27.942469190709545,94.81366446009264,55.46271959323555
2009-07-21,31.078487335115536,27.970638601603984,94.1701310502548,54.92999978803394
2009-07-22,31.1097866805538,27.998808012498426,93.52659764041697,54.39727998283233
2009-07-23,31.141086025992067,28.02697742339286,92.88306423057912,53.86456017763073
2009-07-24,31.17238537143033,28.0551468342873,92.23953082074128,53.33184037242912
2009-07-25,31.19696181897821,28.077265637080387,91.74817048614246,52.8174407432338
2009-07-26,31.22153826652608,28.09938443987347,91.25681015154362,52.30304111403847
2009-07-27,31.24611471407396,28.12150324266656,90.7654498169448,51.78864148484315
2009-07-28,31.27069116162183,28.143622045459647,90.27408948234596,51.27424185564782
2009-07-29,31.295267609169706,28.16574084825273,89.78272914774715,50.7598422264525
2009-07-30,31.31984405671758,28.18785965104582,89.29136881314831,50.24544259725717
2009-07-31,31.344420504265457,28.209978453838907,88.80000847854949,49.73104296806185
2009-08-01,31.38010965623516,28.24209869061164,89.13215143306942,49.37412414973887
2009-08-02,31.41579880820486,28.27421892738437,89.46429438758938,49.01720533141589
2009-08-03,31.45148796017456,28.3063391641571,89.79643734210931,48.66028651309291
2009-08-04,31.48717711214426,28.338459400929835,90.12858029662928,48.30336769476994
2009-08-05,31.52286626411396,28.37057963770257,90.4607232511492,47.94644887644696
2009-08-06,31.55855541608366,28.4026998744753,90.79286620566916,47.589530058123984
2009-08-07,31.59424456805336,28.43482011124803,91.1250091601891,47.232611239801
2009-08-08,31.656285878332167,28.490657290498955,92.85279398157058,47.15634375089144
2009-08-09,31.71832718861097,28.54649446974988,94.58057880295208,47.080076261981866
2009-08-10,31.780368498889786,28.602331649000806,96.30836362433358,47.0038087730723
2009-08-11,31.842409809168583,28.65816882825173,98.03614844571509,46.92754128416273
2009-08-12,31.904451119447398,28.714006007502658,99.76393326709658,46.85127379525317
2009-08-13,31.9664924297262,28.769843186753583,101.49171808847808,46.77500630634359
2009-08-14,32.02853374000501,28.82568036600451,103.21950290985956,46.69873881743403
2009-08-15,32.10894303273591,28.898048729462317,106.02775764719712,46.8832549212175
2009-08-16,32.1893523254668,28.970417092920123,108.83601238453468,47.067771025000965
2009-08-17,32.2697616181977,29.042785456377928,111.64426712187225,47.25228712878444
2009-08-18,32.35017091092859,29.115153819835733,114.4525218592098,47.436803232567904
2009-08-19,32.43058020365949,29.187522183293535,117.26077659654734,47.62131933635138
2009-08-20,32.51098949639038,29.259890546751347,120.06903133388492,47.80583544013484
2009-08-21,32.59139878912128,29.332258910209152,122.87728607122246,47.99035154391832
2009-08-22,32.66996287510127,29.402966587591145,125.98360206615614,48.34046294647315
2009-08-23,32.74852696108126,29.47367426497313,129.08991806108983,48.69057434902798
2009-08-24,32.82709104706125,29.544381942355127,132.1962340560235,49.04068575158282
2009-08-25,32.90565513304124,29.61508961973712,135.3025500509572,49.39079715413765
2009-08-26,32.98421921902123,29.685797297119112,138.40886604589087,49.74090855669249
2009-08-27,33.06278330500122,29.7565049745011,141.51518204082456,50.09101995924732
2009-08-28,33.14134739098121,29.82721265188309,144.62149803575824,50.44113136180216
2009-08-29,33.19774363143675,29.87796926829308,147.23928486517494,50.86097565082885
2009-08-30,33.25413987189229,29.92872588470307,149.85707169459164,51.28081993985554
2009-08-31,33.31053611234783,29.979482501113058,152.47485852400834,51.70066422888223
2009-09-01,33.366932352803374,30.03023911752304,155.092645353425,52.12050851790892
2009-09-02,33.423328593258915,30.08099573393303,157.7104321828417,52.54035280693561
2009-09-03,33.47972483371446,30.131752350343017,160.32821901225842,52.9601970959623
2009-09-04,33.53612107417,30.182508966753005,162.94600584167512,53.38004138498899
2009-09-05,33.55047701654208,30.195429314887885,164.30209892276036,53.77461575422216
2009-09-06,33.564832958914174,30.20834966302276,165.65819200384564,54.16919012345532
2009-09-07,33.57918890128626,30.22127001115764,167.0142850849309,54.563764492688485
2009-09-08,33.59354484365835,30.23419035929252,168.37037816601614,54.958338861921646
2009-09-09,33.607900786030434,30.2471107074274,169.7264712471014,55.35291323115481
2009-09-10,33.622256728402526,30.26003105556228,171.08256432818666,55.74748760038798
2009-09-11,33.63661267077461,30.27295140369716,172.4386574092719,56.14206196962114
2009-09-12,33.608160086424725,30.247344077782262,172.3296347481724,56.452842086878704
2009-09-13,33.57970750207485,30.221736751867365,172.22061208707288,56.76362220413628
2009-09-14,33.55125491772496,30.19612942595247,172.11158942597336,57.07440232139384
2009-09-15,33.52280233337508,30.170522100037577,172.00256676487382,57.385182438651405
2009-09-16,33.4943497490252,30.14491477412268,171.8935441037743,57.69596255590897
2009-09-17,33.46589716467532,30.119307448207785,171.7845214426748,58.00674267316654
2009-09-18,33.43744458032543,30.09370012229289,171.67549878157527,58.31752279042411
2009-09-19,33.391201813062224,30.052081631756003,170.66696771573194,58.53522237782136
2009-09-20,33.344959045799015,30.01046314121912,169.65843664988864,58.75292196521861
2009-09-21,33.29871627853581,29.96884465068223,168.6499055840453,58.97062155261587
2009-09-22,33.252473511272605,29.92722616014534,167.641374518202,59.18832114001312
2009-09-23,33.2062307440094,29.88560766960845,166.63284345235866,59.40602072741038
2009-09-24,33.15998797674619,29.843989179071567,165.62431238651536,59.62372031480763
2009-09-25,33.11374520948298,29.80237068853468,164.61578132067203,59.84141990220488
2009-09-26,33.076555064643735,29.768899558179363,163.32775984765644,59.9602363916832
2009-09-27,33.0393649198045,29.73542842782405,162.03973837464085,60.07905288116152
2009-09-28,33.002174774965255,29.70195729746873,160.75171690162526,60.19786937063984
2009-09-29,32.96498463012602,29.668486167113414,159.4636954286097,60.31668586011816
2009-09-30,32.927794485286775,29.6350150367581,158.1756739555941,60.43550234959648
2009-10-01,32.89060434044754,29.60154390640279,156.88765248257852,60.5543188390748
2009-10-02,32.853414195608295,29.568072776047472,155.59963100956293,60.67313532855312
2009-10-03,32.85211924804259,29.566907323238343,154.65213447384085,60.687266434918456
2009-10-04,32.850824300476894,29.56574187042921,153.7046379381188,60.70139754128379
2009-10-05,32.84952935291119,29.56457641762008,152.7571414023967,60.71552864764913
2009-10-06,32.848234405345494,29.56341096481095,151.80964486667463,60.72965975401446
2009-10-07,32.84693945777979,29.56224551200182,150.86214833095255,60.74379086037981
2009-10-08,32.84564451021409,29.561080059192687,149.9146517952305,60.75792196674514
2009-10-09,32.84434956264839,29.55991460638356,148.96715525950842,60.77205307311048
2009-10-10,32.89559009099482,29.60603108189535,148.86276206207435,60.68821721648799
2009-10-11,32.94683061934126,29.652147557407144,148.75836886464026,60.60438135986551
2009-10-12,32.998071147687696,29.69826403291893,148.6539756672062,60.52054550324303
2009-10-13,33.04931167603414,29.744380508430726,148.54958246977213,60.43670964662054
2009-10-14,33.10055220438057,29.79049698394252,148.44518927233807,60.35287378999806
2009-10-15,33.15179273272701,29.836613459454316,148.34079607490398,60.26903793337558
2009-10-16,33.20303326107344,29.882729934966104,148.2364028774699,60.18520207675309
2009-10-17,33.28604776020644,29.9574429841858,149.0471656754273,60.05601878651226
2009-10-18,33.36906225933942,30.032156033405485,149.85792847338467,59.92683549627143
2009-10-19,33.452076758472415,30.106869082625177,150.66869127134206,59.7976522060306
2009-10-20,33.53509125760541,30.18158213184487,151.47945406929946,59.66846891578976
2009-10-21,33.6181057567384,30.25629518106456,152.29021686725685,59.53928562554893
2009-10-22,33.70112025587139,30.33100823028425,153.10097966521425,59.410102335308096
2009-10-23,33.78413475500438,30.405721279503943,153.9117424631716,59.28091904506727
2009-10-24,33.86959308466557,30.48263377619901,155.61108177249588,59.1695236553794
2009-10-25,33.95505141432676,30.559546272894085,157.31042108182015,59.05812826569153
2009-10-26,34.04050974398795,30.636458769589154,159.00976039114445,58.94673287600367
2009-10-27,34.12596807364913,30.713371266284224,160.7090997004687,58.8353374863158
2009-10-28,34.21142640331032,30.790283762979293,162.40843900979297,58.72394209662794
2009-10-29,34.29688473297151,30.867196259674365,164.10777831911724,58.61254670694007
2009-10-30,34.3823430626327,30.944108756369435,165.80711762844152,58.5011513172522
2009-10-31,34.44091508256377,30.996823574307392,168.36845396510873,58.47067916228857
2009-11-01,34.49948710249483,31.049538392245356,170.9297903017759,58.44020700732493
2009-11-02,34.5580591224259,31.10225321018331,173.49112663844312,58.4097348523613
2009-11-03,34.616631142356965,31.15496802812127,176.0524629751103,58.37926269739766
2009-11-04,34.675203162288035,31.207682846059228,178.6137993117775,58.34879054243402
2009-11-05,34.7337751822191,31.26039766399719,181.17513564844472,58.318318387470384
2009-11-06,34.79234720215017,31.313112481935143,183.7364719851119,58.28784623250675
2009-11-07,34.79744456587188,31.317700109284687,187.11626340245715,58.39525294586206
2009-11-08,34.802541929593595,31.32228773663423,190.4960548198024,58.50265965921738
2009-11-09,34.807639293315304,31.32687536398377,193.8758462371476,58.61006637257269
2009-11-10,34.812736657037014,31.33146299133331,197.25563765449283,58.717473085928006
2009-11-11,34.817834020758724,31.33605061868285,200.63542907183808,58.82487979928332
2009-11-12,34.82293138448044,31.340638246032395,204.0152204891833,58.93228651263863
2009-11-13,34.82802874820215,31.34522587338193,207.3950119065285,59.03969322599394
2009-11-14,34.78424549908585,31.305820949177267,211.35680256082924,59.27165277602397
2009-11-15,34.74046224996955,31.2664160249726,215.31859321512997,59.50361232605399
2009-11-16,34.69667900085325,31.22701110076793,219.28038386943064,59.735571876084016
2009-11-17,34.65289575173695,31.187606176563257,223.2421745237313,59.96753142611404
2009-11-18,34.60911250262065,31.14820125235859,227.20396517803204,60.19949097614407
2009-11-19,34.56532925350435,31.10879632815392,231.16575583233276,60.43145052617409
2009-11-20,34.52154600438805,31.06939140394925,235.12754648663343,60.66341007620412
2009-11-21,34.45327054794144,31.007943493147305,239.3124201468177,60.9619821236392
2009-11-22,34.384995091494844,30.94649558234536,243.4972938070019,61.26055417107428
2009-11-23,34.31671963504824,30.88504767154341,247.68216746718613,61.55912621850936
2009-11-24,34.24844417860163,30.823599760741477,251.8670411273704,61.85769826594443
2009-11-25,34.180168722155024,30.762151849939528,256.0519147875546,62.15627031337951
2009-11-26,34.111893265708424,30.700703939137583,260.23678844773883,62.45484236081459
2009-11-27,34.04361780926182,30.63925602833564,264.42166210792305,62.75341440824967
2009-11-28,33.975554231037606,30.577998807933845,268.4687495473995,63.05994710583921
2009-11-29,33.907490652813394,30.516741587532053,272.515836986876,63.366479803428746
2009-11-30,33.83942707458918,30.45548436713026,276.5629244263525,63.673012501018285
2009-12-01,33.77136349636497,30.394227146728472,280.610011865829,63.97954519860783
2009-12-02,33.70329991814076,30.33296992632668,284.65709930530545,64.28607789619737
2009-12-03,33.635236339916545,30.271712705924887,288.704186744782,64.5926105937869
2009-12-04,33.56717276169233,30.21045548552309,292.7512741842584,64.89914329137645
2009-12-05,33.523841406888074,30.171457266199265,296.2990065729259,65.15529525569843
2009-12-06,33.480510052083815,30.13245904687543,299.84673896159336,65.41144722002042
2009-12-07,33.43717869727956,30.0934608275516,303.39447135026086,65.66759918434241
2009-12-08,33.3938473424753,30.05446260822777,306.9422037389283,65.92375114866438
2009-12-09,33.35051598767104,30.015464388903933,310.4899361275958,66.17990311298637
2009-12-10,33.30718463286678,29.9764661695801,314.03766851626324,66.43605507730835
2009-12-11,33.26385327806252,29.937467950256263,317.58540090493074,66.69220704163034
2009-12-12,33.25727297337503,29.93154567603753,320.2246090571954,66.86076055201943
2009-12-13,33.25069266868755,29.92562340181879,322.86381720946,67.0293140624085
2009-12-14,33.24411236400006,29.919701127600053,325.50302536172467,67.19786757279759
2009-12-15,33.23753205931257,29.91377885338132,328.14223351398925,67.36642108318668
2009-12-16,33.23095175462508,29.90785657916258,330.7814416662539,67.53497459357577
2009-12-17,33.2243714499376,29.90193430494384,333.42064981851854,67.70352810396484
2009-12-18,33.21779114525011,29.896012030725103,336.0598579707832,67.87208161435393
2009-12-19,33.23970263848538,29.91573237463685,337.3041625794322,67.9500825717856
2009-12-20,33.26161413172065,29.93545271854859,338.54846718808125,68.02808352921728
2009-12-21,33.28352562495592,29.95517306246033,339.7927717967303,68.10608448664895
2009-12-22,33.30543711819119,29.97489340637208,341.0370764053793,68.18408544408064
2009-12-23,33.327348611426466,29.994613750283825,342.28138101402834,68.2620864015123
2009-12-24,33.34926010466173,30.014334094195565,343.5256856226774,68.34008735894399
2009-12-25,33.371171597897,30.034054438107308,344.7699902313264,68.41808831637566
2009-12-26,33.411461591559714,30.07031543240375,344.12595258948744,68.4057153794722
2009-12-27,33.45175158522243,30.10657642670019,343.4819149476484,68.39334244256875
2009-12-28,33.49204157888514,30.14283742099663,342.83787730580946,68.38096950566529
2009-12-29,33.53233157254786,30.17909841529308,342.19383966397044,68.36859656876183
2009-12-30,33.57262156621057,30.21535940958952,341.5498020221315,68.35622363185837
2009-12-31,33.61291155987329,30.25162040388596,340.90576438029245,68.34385069495492
2010-01-01,33.653201553536,30.2878813981824,340.2617267384535,68.33147775805146
2010-01-02,33.701756750130855,30.33158107511777,337.2359081392541,68.22890958543516
2010-01-03,33.75031194672572,30.375280752053143,334.21008954005475,68.12634141281887
2010-01-04,33.79886714332057,30.418980428988515,331.18427094085536,68.02377324020257
2010-01-05,33.847422339915425,30.462680105923884,328.158452341656,67.92120506758627
2010-01-06,33.89597753651028,30.506379782859256,325.13263374245656,67.81863689496997
2010-01-07,33.94453273310514,30.550079459794627,322.1068151432572,67.71606872235368
2010-01-08,33.9930879297,30.59377913673,319.0809965440578,67.61350054973738
2010-01-09,34.04072989950686,30.636656909556173,313.4710518252549,67.42682740738373
2010-01-10,34.08837186931372,30.67953468238235,307.861107106452,67.24015426503009
2010-01-11,34.13601383912058,30.722412455208524,302.25116238764906,67.05348112267643
2010-01-12,34.18365580892744,30.7652902280347,296.6412176688462,66.86680798032278
2010-01-13,34.2312977787343,30.808168000860874,291.0312729500433,66.68013483796912
2010-01-14,34.27893974854116,30.85104577368705,285.42132823124035,66.49346169561548
2010-01-15,34.326581718348024,30.893923546513225,279.81138351243743,66.30678855326182
2010-01-16,34.368348742467525,30.93151386822077,272.72794174415094,66.06876494711243
2010-01-17,34.41011576658702,30.96910418992832,265.64449997586445,65.83074134096304
2010-01-18,34.45188279070652,31.006694511635867,258.561058207578,65.59271773481365
2010-01-19,34.493649814826014,31.04428483334342,251.47761643929147,65.35469412866425
2010-01-20,34.535416838945515,31.08187515505097,244.39417467100495,65.11667052251485
2010-01-21,34.57718386306501,31.119465476758517,237.31073290271848,64.87864691636547
2010-01-22,34.61895088718451,31.15705579846606,230.227291134432,64.64062331021607
2010-01-23,34.651069578353955,31.185962620518563,223.1509969948691,64.39151812442503
2010-01-24,34.6831882695234,31.21486944257106,216.07470285530624,64.14241293863401
2010-01-25,34.71530696069284,31.243776264623563,208.99840871574332,63.89330775284298
2010-01-26,34.747425651862294,31.272683086676064,201.9221145761805,63.64420256705194
2010-01-27,34.77954434303174,31.30158990872857,194.8458204366176,63.39509738126091
2010-01-28,34.81166303420118,31.330496730781064,187.7695262970547,63.14599219546988
2010-01-29,34.843781725370626,31.35940355283357,180.69323215749185,62.89688700967885
2010-01-30,34.86247876395375,31.37623088755838,175.10475138197648,62.67696955603401
2010-01-31,34.88117580253687,31.393058222283187,169.51627060646118,62.45705210238917
2010-02-01,34.89987284112,31.409885557008,163.92778983094584,62.23713464874433
2010-02-02,34.91856987970312,31.42671289173281,158.3393090554305,62.01721719509949
2010-02-03,34.93726691828625,31.443540226457625,152.75082827991517,61.79729974145464
2010-02-04,34.95596395686937,31.460367561182437,147.16234750439986,61.577382287809804
2010-02-05,34.974660995452496,31.47719489590725,141.57386672888452,61.357464834164965
2010-02-06,34.97642184445972,31.47877966001375,138.85216313437616,61.20472875989783
2010-02-07,34.97818269346694,31.48036442412025,136.1304595398678,61.05199268563069
2010-02-08,34.97994354247417,31.481949188226757,133.40875594535945,60.89925661136356
2010-02-09,34.981704391481394,31.483533952333254,130.6870523508511,60.74652053709642
2010-02-10,34.98346524048862,31.48511871643976,127.96534875634272,60.59378446282929
2010-02-11,34.98522608949584,31.486703480546257,125.24364516183438,60.44104838856215
2010-02-12,34.986986938503065,31.48828824465276,122.52194156732602,60.28831231429502
2010-02-13,34.97211399585358,31.474902596268223,122.545918563082,60.20718617409037
2010-02-14,34.9572410532041,31.46151694788369,122.56989555883798,60.12606003388573
2010-02-15,34.94236811055462,31.44813129949916,122.59387255459396,60.04493389368108
2010-02-16,34.92749516790513,31.434745651114618,122.61784955034994,59.963807753476445
2010-02-17,34.912622225255646,31.421360002730083,122.64182654610592,59.8826816132718
2010-02-18,34.89774928260616,31.407974354345548,122.6658035418619,59.801555473067154
2010-02-19,34.88287633995668,31.394588705961013,122.68978053761788,59.72042933286251
2010-02-20,34.854582298965454,31.369124069068903,124.1945916387354,59.68974933135658
2010-02-21,34.82628825797422,31.3436594321768,125.69940273985291,59.659069329850645
2010-02-22,34.79799421698299,31.318194795284693,127.20421384097044,59.62838932834472
2010-02-23,34.769700175991765,31.292730158392587,128.70902494208795,59.59770932683878
2010-02-24,34.74140613500054,31.26726552150048,130.21383604320548,59.56702932533285
2010-02-25,34.713112094009304,31.241800884608374,131.71864714432297,59.53634932382692
2010-02-26,34.68481805301808,31.216336247716267,133.2234582454405,59.50566932232099
2010-02-27,34.64638887095854,31.181749983862684,134.91546413558763,59.50362740072795
2010-02-28,34.607959688899,31.147163720009097,136.60747002573484,59.5015854791349
2010-03-01,34.56953050683946,31.112577456155517,138.299475915882,59.49954355754186
2010-03-02,34.53110132477992,31.07799119230193,139.99148180602916,59.497501635948815
2010-03-03,34.49267214272038,31.043404928448343,141.68348769617631,59.495459714355775
2010-03-04,34.45424296066084,31.00881866459476,143.3754935863235,59.49341779276273
2010-03-05,34.415813778601304,30.974232400741176,145.06749947647066,59.49137587116969
2010-03-06,34.370532955354605,30.933479659819145,145.6579516522008,59.4962519926443
2010-03-07,34.325252132107906,30.892726918897115,146.24840382793096,59.5011281141189
2010-03-08,34.27997130886121,30.851974177975084,146.8388560036611,59.50600423559351
2010-03-09,34.2346904856145,30.811221437053053,147.42930817939126,59.51088035706811
2010-03-10,34.1894096623678,30.770468696131022,148.0197603551214,59.51575647854272
2010-03-11,34.1441288391211,30.72971595520899,148.61021253085156,59.52063260001732
2010-03-12,34.0988480158744,30.68896321428696,149.2006647065817,59.52550872149193
2010-03-13,34.04969350382347,30.64472415344112,148.00892906994483,59.526527330472746
2010-03-14,34.00053899177253,30.60048509259528,146.81719343330798,59.52754593945356
2010-03-15,33.9513844797216,30.556246031749435,145.6254577966711,59.528564548434375
2010-03-16,33.90222996767066,30.512006970903595,144.43372216003422,59.52958315741518
2010-03-17,33.853075455619724,30.467767910057752,143.24198652339734,59.530601766396
2010-03-18,33.803920943568784,30.423528849211912,142.0502508867605,59.53162037537681
2010-03-19,33.75476643151785,30.37928978836607,140.85851525012362,59.532638984357625
2010-03-20,33.70411830036209,30.333706470325883,138.39389077323474,59.54044023274971
2010-03-21,33.65347016920633,30.2881231522857,135.92926629634584,59.548241481141794
2010-03-22,33.60282203805057,30.242539834245516,133.46464181945697,59.55604272953388
2010-03-23,33.5521739068948,30.19695651620533,131.0000173425681,59.56384397792596
2010-03-24,33.50152577573904,30.15137319816514,128.5353928656792,59.57164522631804
2010-03-25,33.45087764458328,30.10578988012496,126.07076838879031,59.579446474710124
2010-03-26,33.40022951342752,30.06020656208477,123.60614391190144,59.58724772310221
2010-03-27,33.350398512829216,30.015358661546298,120.51589342980166,59.61495475433655
2010-03-28,33.30056751223092,29.970510761007827,117.4256429477019,59.6426617855709
2010-03-29,33.25073651163262,29.925662860469355,114.33539246560213,59.67036881680525
2010-03-30,33.200905511034314,29.880814959930888,111.24514198350236,59.69807584803959
2010-03-31,33.15107451043601,29.835967059392416,108.1548915014026,59.72578287927393
2010-04-01,33.101243509837715,29.791119158853945,105.06464101930284,59.75348991050828
2010-04-02,33.05141250923941,29.746271258315478,101.97439053720304,59.78119694174262
2010-04-03,33.004709388860874,29.70423844997479,98.90577688493474,59.8419328992502
2010-04-04,32.958006268482336,29.662205641634102,95.83716323266644,59.902668856757785
2010-04-05,32.9113031481038,29.62017283329342,92.76854958039812,59.96340481426537
2010-04-06,32.86460002772525,29.57814002495273,89.6999359281298,60.02414077177295
2010-04-07,32.817896907346714,29.53610721661205,86.63132227586149,60.08487672928053
2010-04-08,32.771193786968176,29.494074408271366,83.56270862359318,60.14561268678811
2010-04-09,32.72449066658964,29.45204159993068,80.49409497132487,60.206348644295694
2010-04-10,32.68278858742103,29.414509728678933,78.00087170453818,60.30606054401594
2010-04-11,32.64108650825242,29.376977857427185,75.5076484377515,60.4057724437362
2010-04-12,32.59938442908381,29.33944598617544,73.01442517096481,60.505484343456445
2010-04-13,32.55768234991521,29.301914114923694,70.52120190417813,60.60519624317669
2010-04-14,32.5159802707466,29.264382243671943,68.02797863739144,60.70490814289694
2010-04-15,32.474278191577994,29.2268503724202,65.53475537060476,60.8046200426172
2010-04-16,32.432576112409386,29.18931850116845,63.04153210381807,60.90433194233744
2010-04-17,32.39531472333858,29.15578325100472,61.15743026026438,61.00905901874408
2010-04-18,32.358053334267765,29.122248000840997,59.27332841671068,61.11378609515071
2010-04-19,32.32079194519696,29.088712750677264,57.38922657315699,61.21851317155734
2010-04-20,32.283530556126145,29.055177500513533,55.5051247296033,61.32324024796398
2010-04-21,32.24626916705534,29.021642250349803,53.62102288604961,61.42796732437061
2010-04-22,32.209007777984525,28.98810700018608,51.73692104249592,61.532694400777245
2010-04-23,32.17174638891372,28.954571750022343,49.85281919894222,61.63742147718388
2010-04-24,32.13752430968447,28.923771878716025,48.43184846108617,61.69941071475269
2010-04-25,32.10330223045522,28.8929720074097,47.01087772323011,61.76139995232149
2010-04-26,32.069080151225975,28.86217213610338,45.58990698537406,61.8233891898903
2010-04-27,32.03485807199673,28.831372264797054,44.168936247518005,61.88537842745911
2010-04-28,32.00063599276748,28.80057239349073,42.74796550966195,61.94736766502792
2010-04-29,31.966413913538236,28.769772522184407,41.32699477180589,62.00935690259672
2010-04-30,31.932191834308984,28.73897265087809,39.90602403394984,62.07134614016553
2010-05-01,31.89960688126553,28.709646193138983,38.80202240405267,62.04283134821958
2010-05-02,31.867021928222087,28.68031973539988,37.6980207741555,62.01431655627363
2010-05-03,31.83443697517864,28.65099327766077,36.594019144258326,61.98580176432768
2010-05-04,31.80185202213519,28.621666819921668,35.49001751436116,61.95728697238172
2010-05-05,31.76926706909174,28.592340362182565,34.38601588446399,61.92877218043576
2010-05-06,31.736682116048293,28.56301390444346,33.28201425456682,61.90025738848981
2010-05-07,31.70409716300484,28.53368744670436,32.17801262466965,61.87174259654386
2010-05-08,31.67182226742393,28.50464004068154,31.25151198408168,61.70797110269329
2010-05-09,31.63954737184303,28.475592634658724,30.32501134349371,61.544199608842725
2010-05-10,31.60727247626212,28.44654522863591,29.398510702905742,61.38042811499216
2010-05-11,31.574997580681213,28.41749782261309,28.47201006231777,61.2166566211416
2010-05-12,31.542722685100305,28.388450416590278,27.545509421729804,61.05288512729103
2010-05-13,31.5104477895194,28.35940301056746,26.61900878114184,60.88911363344046
2010-05-14,31.47817289393849,28.330355604544643,25.69250814055387,60.72534213958989
2010-05-15,31.446357626397752,28.301721863757976,24.942330507972216,60.44080221578767
2010-05-16,31.414542358857013,28.273088122971316,24.19215287539056,60.15626229198545
2010-05-17,31.382727091316276,28.24445438218465,23.44197524280891,59.87172236818323
2010-05-18,31.350911823775533,28.215820641397983,22.69179761022725,59.58718244438101
2010-05-19,31.319096556234797,28.18718690061132,21.9416199776456,59.30264252057879
2010-05-20,31.287281288694054,28.158553159824653,21.191442345063948,59.01810259677657
2010-05-21,31.255466021153318,28.129919419037986,20.44126471248229,58.73356267297435
2010-05-22,31.22560929701066,28.1030483673096,19.964784203045003,58.396876636623794
2010-05-23,31.19575257286801,28.07617731558121,19.488303693607715,58.06019060027324
2010-05-24,31.16589584872536,28.049306263852824,19.011823184170424,57.72350456392268
2010-05-25,31.136039124582705,28.022435212124435,18.535342674733133,57.38681852757212
2010-05-26,31.10618240044005,27.995564160396047,18.05886216529584,57.05013249122156
2010-05-27,31.0763256762974,27.96869310866766,17.582381655858555,56.71344645487101
2010-05-28,31.046468952154747,27.941822056939277,17.105901146421264,56.37676041852045
2010-05-29,31.020119277918837,27.918107350126952,17.021568368942795,56.05854012272231
2010-05-30,30.99376960368292,27.894392643314628,16.937235591464322,55.74031982692417
2010-05-31,30.967419929447008,27.870677936502307,16.852902813985853,55.42209953112604
2010-06-01,30.94107025521109,27.846963229689983,16.768570036507384,55.1038792353279
2010-06-02,30.914720580975175,27.823248522877662,16.684237259028915,54.78565893952977
2010-06-03,30.888370906739265,27.79953381606534,16.599904481550443,54.467438643731626
2010-06-04,30.862021232503352,27.775819109253018,16.515571704071974,54.14921834793349
2010-06-05,30.840732556446767,27.75665930080209,16.95092783877898,53.91994112574125
2010-06-06,30.81944388039018,27.73749949235116,17.386283973485984,53.69066390354901
2010-06-07,30.798155204333597,27.71833968390024,17.82164010819299,53.46138668135677
2010-06-08,30.776866528277008,27.69917987544931,18.256996242899994,53.232109459164526
2010-06-09,30.755577852220423,27.680020066998384,18.692352377607,53.00283223697229
2010-06-10,30.734289176163838,27.66086025854745,19.12770851231401,52.77355501478005
2010-06-11,30.71300050010725,27.64170045009653,19.56306464702101,52.544277792587806
2010-06-12,30.699878212682567,27.629890391414317,20.482283490042352,52.43606942804271
2010-06-13,30.686755925257884,27.618080332732102,21.40150233306369,52.327861063497615
2010-06-14,30.6736336378332,27.606270274049887,22.32072117608503,52.21965269895252
2010-06-15,30.660511350408523,27.594460215367672,23.239940019106367,52.11144433440742
2010-06-16,30.64738906298384,27.582650156685457,24.159158862127708,52.00323596986232
2010-06-17,30.63426677555916,27.570840098003245,25.078377705149045,51.89502760531723
2010-06-18,30.62114448813448,27.55903003932103,25.997596548170385,51.78681924077213
2010-06-19,30.622974835783136,27.560677352204824,27.025519509496565,51.740814999105005
2010-06-20,30.6248051834318,27.562324665088617,28.053442470822745,51.694810757437885
2010-06-21,30.626635531080456,27.56397197797241,29.081365432148925,51.64880651577076
2010-06-22,30.628465878729116,27.565619290856205,30.109288393475104,51.60280227410364
2010-06-23,30.630296226377773,27.56726660374,31.137211354801288,51.55679803243651
2010-06-24,30.632126574026437,27.568913916623792,32.165134316127464,51.51079379076939
2010-06-25,30.633956921675093,27.570561229507582,33.19305727745365,51.46478954910226
2010-06-26,30.658060071557504,27.59225406440176,33.90448749862306,51.40892621036247
2010-06-27,30.68216322143992,27.61394689929593,34.61591771979247,51.35306287162266
2010-06-28,30.70626637132233,27.6356397341901,35.327347940961886,51.297199532882864
2010-06-29,30.730369521204743,27.65733256908427,36.0387781621313,51.24133619414306
2010-06-30,30.754472671087157,27.679025403978443,36.75020838330072,51.18547285540326
2010-07-01,30.778575820969568,27.70071823887261,37.46163860447013,51.12960951666346
2010-07-02,30.80267897085198,27.722411073766786,38.17306882563954,51.07374617792366
2010-07-03,30.85637509012857,27.770737581115718,38.14280944819042,50.935960522160535
2010-07-04,30.91007120940516,27.819064088464646,38.11255007074131,50.79817486639741
2010-07-05,30.963767328681747,27.86739059581357,38.08229069329219,50.660389210634285
2010-07-06,31.017463447958335,27.915717103162507,38.052031315843074,50.52260355487116
2010-07-07,31.07115956723493,27.964043610511435,38.021771938393954,50.38481789910804
2010-07-08,31.12485568651152,28.012370117860367,37.99151256094484,50.24703224334491
2010-07-09,31.178551805788107,28.060696625209296,37.96125318349572,50.10924658758179
2010-07-10,31.267005357140302,28.140304821426277,37.042834590388,49.82950539156418
2010-07-11,31.3554589084925,28.219913017643247,36.124415997280266,49.54976419554658
2010-07-12,31.443912459844697,28.299521213860224,35.20599740417254,49.270022999528976
2010-07-13,31.53236601119689,28.3791294100772,34.28757881106482,48.990281803511365
2010-07-14,31.620819562549087,28.45873760629418,33.36916021795709,48.71054060749376
2010-07-15,31.70927311390129,28.538345802511152,32.450741624849364,48.43079941147616
2010-07-16,31.79772666525348,28.61795399872813,31.53232303174164,48.15105821545856
2010-07-17,31.911240658230245,28.72011659240722,30.155170048838183,47.75226320096925
2010-07-18,32.02475465120701,28.822279186086305,28.778017065934733,47.35346818647995
2010-07-19,32.138268644183775,28.924441779765395,27.40086408303128,46.95467317199065
2010-07-20,32.25178263716054,29.02660437344448,26.023711100127827,46.55587815750134
2010-07-21,32.3652966301373,29.12876696712357,24.646558117224373,46.15708314301204
2010-07-22,32.478810623114065,29.230929560802657,23.269405134320923,45.758288128522736
2010-07-23,32.59232461609083,29.333092154481747,21.89225215141747,45.35949311403344
2010-07-24,32.71493811367111,29.443444302304,20.669490087784244,44.89950221203081
2010-07-25,32.8375516112514,29.55379645012626,19.44672802415101,44.4395113100282
2010-07-26,32.96016510883168,29.664148597948515,18.223965960517788,43.97952040802557
2010-07-27,33.08277860641196,29.77450074577077,17.001203896884558,43.51952950602296
2010-07-28,33.205392103992246,29.884852893593024,15.778441833251332,43.05953860402033
2010-07-29,33.328005601572535,29.99520504141528,14.555679769618104,42.59954770201772
2010-07-30,33.45061909915282,30.105557189237537,13.332917705984876,42.13955680001509
2010-07-31,33.56634919319813,30.20971427387832,12.540303233896593,41.67635055217418
2010-08-01,33.68207928724344,30.313871358519098,11.747688761808307,41.21314430433327
2010-08-02,33.79780938128875,30.41802844315988,10.955074289720027,40.749938056492354
2010-08-03,33.91353947533407,30.52218552780066,10.162459817631742,40.28673180865144
2010-08-04,34.02926956937938,30.62634261244144,9.36984534554346,39.82352556081052
2010-08-05,34.14499966342469,30.73049969708222,8.577230873455177,39.360319312969615
2010-08-06,34.26072975747,30.834656781723,7.784616401366893,38.8971130651287
2010-08-07,34.35392729105485,30.918534561949365,8.406800785918614,38.48819874714617
2010-08-08,34.4471248246397,31.00241234217573,9.028985170470332,38.07928442916365
2010-08-09,34.54032235822455,31.086290122402094,9.651169555022054,37.67037011118112
2010-08-10,34.6335198918094,31.170167902628457,10.273353939573775,37.26145579319859
2010-08-11,34.72671742539425,31.25404568285482,10.895538324125496,36.852541475216064
2010-08-12,34.8199149589791,31.337923463081182,11.517722708677216,36.44362715723354
2010-08-13,34.91311249256395,31.42180124330755,12.139907093228937,36.03471283925101
2010-08-14,34.97720947446344,31.47948852701709,14.990580965968157,35.72472044996693
2010-08-15,35.04130645636292,31.537175810726627,17.841254838707375,35.41472806068285
2010-08-16,35.10540343826241,31.594863094436167,20.691928711446597,35.104735671398764
2010-08-17,35.169500420161896,31.652550378145705,23.54260258418581,34.79474328211468
2010-08-18,35.233597402061385,31.71023766185525,26.39327645692504,34.4847508928306
2010-08-19,35.29769438396087,31.767924945564783,29.24395032966425,34.174758503546514
2010-08-20,35.36179136586036,31.825612229274324,32.09462420240347,33.86476611426243
2010-08-21,35.40015766978023,31.860141902802205,35.83285627818618,33.684233558804046
2010-08-22,35.43852397370009,31.89467157633009,39.57108835396889,33.503701003345654
2010-08-23,35.476890277619965,31.92920124985797,43.3093204297516,33.32316844788727
2010-08-24,35.51525658153984,31.963730923385853,47.0475525055343,33.14263589242888
2010-08-25,35.55362288545971,31.99826059691373,50.785784581317,32.96210333697049
2010-08-26,35.591989189379575,32.032790270441616,54.52401665709972,32.7815707815121
2010-08-27,35.63035549329945,32.0673199439695,58.26224873288242,32.60103822605372
2010-08-28,35.64686652063468,32.08217986857122,62.02048410208227,32.57978656104808
2010-08-29,35.663377547969915,32.097039793172925,65.77871947128213,32.55853489604244
2010-08-30,35.67988857530515,32.11189971777464,69.53695484048198,32.5372832310368
2010-08-31,35.69639960264039,32.12675964237635,73.29519020968183,32.51603156603117
2010-09-01,35.712910629975624,32.141619566978065,77.0534255788817,32.49477990102553
2010-09-02,35.72942165731086,32.15647949157977,80.81166094808155,32.47352823601989
2010-09-03,35.74593268464609,32.17133941618149,84.5698963172814,32.45227657101425
2010-09-04,35.74446394832136,32.17001755348923,87.48467132037216,32.620100655378025
2010-09-05,35.74299521199664,32.16869569079697,90.39944632346293,32.7879247397418
2010-09-06,35.741526475671904,32.167373828104715,93.31422132655368,32.95574882410557
2010-09-07,35.74005773934717,32.166051965412464,96.22899632964445,33.12357290846935
2010-09-08,35.73858900302244,32.164730102720206,99.14377133273518,33.29139699283312
2010-09-09,35.737120266697715,32.16340824002795,102.05854633582597,33.459221077196894
2010-09-10,35.735651530372984,32.16208637733569,104.9733213389167,33.627045161560666
2010-09-11,35.7201952968076,32.148175767126844,106.46419580001069,33.986315096481746
2010-09-12,35.70473906324221,32.13426515691799,107.95507026110464,34.34558503140283
2010-09-13,35.68928282967682,32.120354546709144,109.4459447221986,34.70485496632391
2010-09-14,35.67382659611143,32.10644393650029,110.93681918329256,35.06412490124499
2010-09-15,35.658370362546044,32.092533326291445,112.42769364438654,35.42339483616607
2010-09-16,35.64291412898066,32.07862271608259,113.9185681054805,35.78266477108715
2010-09-17,35.62745789541527,32.064712105873745,115.40944256657448,36.14193470600823
2010-09-18,35.602344256470374,32.04210983082334,115.71490283275428,36.615667242905886
2010-09-19,35.57723061752548,32.01950755577293,116.02036309893408,37.089399779803536
2010-09-20,35.552116978580585,31.99690528072253,116.32582336511388,37.56313231670119
2010-09-21,35.527003339635684,31.974303005672123,116.63128363129373,38.03686485359884
2010-09-22,35.50188970069079,31.95170073062172,116.93674389747352,38.5105973904965
2010-09-23,35.476776061745895,31.92909845557131,117.24220416365333,38.98432992739415
2010-09-24,35.451662422801,31.906496180520904,117.54766442983312,39.45806246429181
2010-09-25,35.42128221734878,31.879153995613905,117.05345437338588,39.95500521373312
2010-09-26,35.390902011896564,31.85181181070691,116.55924431693865,40.45194796317445
2010-09-27,35.360521806444346,31.82446962579991,116.06503426049136,40.94889071261576
2010-09-28,35.33014160099212,31.79712744089291,115.57082420404411,41.44583346205708
2010-09-29,35.2997613955399,31.769785255985912,115.07661414759686,41.9427762114984
2010-09-30,35.269381190087685,31.74244307107892,114.5824040911496,42.43971896093972
2010-10-01,35.23900098463547,31.71510088617192,114.08819403470235,42.93666171038104
2010-10-02,35.207745051548095,31.686970546393283,113.1800575279153,43.3655622829333
2010-10-03,35.17648911846072,31.65884020661465,112.27192102112824,43.79446285548555
2010-10-04,35.14523318537335,31.630709866836018,111.36378451434118,44.22336342803781
2010-10-05,35.113977252285984,31.602579527057383,110.45564800755412,44.65226400059007
2010-10-06,35.08272131919861,31.57444918727875,109.54751150076709,45.08116457314232
2010-10-07,35.05146538611124,31.54631884750012,108.63937499398,45.510065145694576
2010-10-08,35.02020945302387,31.518188507721483,107.73123848719295,45.938965718246834
2010-10-09,34.99224689972392,31.49302220975153,106.7851897693722,46.220399597398846
2010-10-10,34.96428434642397,31.46785591178158,105.83914105155142,46.50183347655085
2010-10-11,34.93632179312403,31.442689613811627,104.89309233373066,46.78326735570286
2010-10-12,34.90835923982409,31.41752331584168,103.9470436159099,47.06470123485487
2010-10-13,34.88039668652414,31.392357017871724,103.00099489808916,47.34613511400688
2010-10-14,34.85243413322419,31.36719071990177,102.05494618026836,47.62756899315889
2010-10-15,34.82447157992425,31.34202442193182,101.10889746244762,47.9090028723109
2010-10-16,34.80205908851545,31.321853179663904,100.41703305852144,48.06556049560768
2010-10-17,34.779646597106655,31.301681937395983,99.72516865459528,48.22211811890445
2010-10-18,34.757234105697854,31.281510695128063,99.03330425066908,48.37867574220123
2010-10-19,34.734821614289054,31.26133945286015,98.34143984674292,48.535233365498016
2010-10-20,34.71240912288025,31.24116821059223,97.64957544281674,48.69179098879479
2010-10-21,34.68999663147146,31.22099696832431,96.95771103889057,48.84834861209157
2010-10-22,34.66758414006266,31.200825726056397,96.2658466349644,49.00490623538835
2010-10-23,34.65200104911983,31.18680094420785,96.0773769846904,49.11131270634779
2010-10-24,34.636417958177006,31.17277616235931,95.88890733441642,49.21771917730723
2010-10-25,34.62083486723418,31.158751380510765,95.70043768414244,49.32412564826667
2010-10-26,34.605251776291354,31.14472659866222,95.51196803386846,49.43053211922611
2010-10-27,34.58966868534853,31.13070181681368,95.32349838359448,49.53693859018555
2010-10-28,34.5740855944057,31.116677034965136,95.13502873332048,49.64334506114499
2010-10-29,34.55850250346288,31.10265225311659,94.9465590830465,49.74975153210443
2010-10-30,34.5510202911907,31.095918262071635,95.5103497111204,49.88115125182022
2010-10-31,34.54353807891852,31.089184271026674,96.07414033919432,50.012550971536
2010-11-01,34.53605586664635,31.08245027998172,96.63793096726825,50.14395069125179
2010-11-02,34.52857365437417,31.07571628893676,97.20172159534216,50.275350410967576
2010-11-03,34.521091442102,31.0689822978918,97.76551222341608,50.40675013068336
2010-11-04,34.51360922982982,31.06224830684684,98.32930285148996,50.53814985039914
2010-11-05,34.506127017557645,31.055514315801883,98.89309347956387,50.66954957011493
2010-11-06,34.50794160087457,31.05714744078712,100.45376844358304,50.89968072706314
2010-11-07,34.509756184191495,31.058780565772345,102.01444340760216,51.12981188401135
2010-11-08,34.51157076750842,31.060413690757574,103.5751183716213,51.35994304095957
2010-11-09,34.513385350825345,31.06204681574281,105.13579333564044,51.590074197907775
2010-11-10,34.51519993414227,31.063679940728044,106.6964682996596,51.82020535485599
2010-11-11,34.517014517459195,31.065313065713276,108.25714326367871,52.0503365118042
2010-11-12,34.51882910077612,31.066946190698506,109.81781822769786,52.28046766875241
2010-11-13,34.52813484347677,31.0753213591291,112.45151598296675,52.62720886925552
2010-11-14,34.53744058617743,31.08369652755969,115.08521373823564,52.97395006975862
2010-11-15,34.546746328878086,31.092071695990285,117.71891149350456,53.32069127026173
2010-11-16,34.55605207157875,31.100446864420874,120.35260924877343,53.66743247076484
2010-11-17,34.5653578142794,31.108822032851467,122.98630700404236,54.01417367126795
2010-11-18,34.57466355698006,31.11719720128206,125.62000475931124,54.36091487177105
2010-11-19,34.58396929968072,31.125572369712653,128.25370251458014,54.70765607227416
2010-11-20,34.59502394355379,31.135521549198412,131.8155878729899,55.11562449722662
2010-11-21,34.60607858742686,31.145470728684177,135.37747323139965,55.52359292217908
2010-11-22,34.61713323129993,31.15541990816994,138.93935858980942,55.931561347131534
2010-11-23,34.628187875173005,31.165369087655705,142.50124394821918,56.33952977208399
2010-11-24,34.63924251904608,31.175318267141467,146.06312930662895,56.74749819703645
2010-11-25,34.650297162919145,31.18526744662723,149.6250146650387,57.15546662198891
2010-11-26,34.66135180679222,31.19521662611299,153.18690002344846,57.563435046941365
2010-11-27,34.668146196368234,31.201331576731405,157.517156104602,57.97228085892981
2010-11-28,34.67494058594425,31.20744652734982,161.84741218575556,58.38112667091825
2010-11-29,34.681734975520264,31.213561477968238,166.1776682669091,58.78997248290669
2010-11-30,34.68852936509627,31.21967642858665,170.50792434806266,59.19881829489513
2010-12-01,34.69532375467229,31.225791379205063,174.8381804292162,59.607664106883576
2010-12-02,34.7021181442483,31.23190632982348,179.16843651036976,60.01650991887202
2010-12-03,34.70891253382432,31.23802128044189,183.4986925915233,60.42535573086046
2010-12-04,34.70543764710328,31.23489388239296,188.4374948543048,60.77472990296034
2010-12-05,34.701962760382244,31.23176648434403,193.3762971170863,61.12410407506022
2010-12-06,34.69848787366121,31.228639086295097,198.3150993798678,61.473478247160095
2010-12-07,34.69501298694018,31.22551168824616,203.25390164264928,61.82285241925998
2010-12-08,34.69153810021914,31.22238429019723,208.1927039054308,62.17222659135986
2010-12-09,34.688063213498104,31.219256892148294,213.13150616821227,62.52160076345974
2010-12-10,34.68458832677707,31.216129494099366,218.07030843099375,62.870974935559616
2010-12-11,34.66718046736606,31.20046242062946,223.32321821307588,63.11477035308349
2010-12-12,34.64977260795506,31.184795347159557,228.576127995158,63.35856577060737
2010-12-13,34.63236474854405,31.169128273689648,233.82903777724007,63.60236118813125
2010-12-14,34.61495688913305,31.153461200219745,239.08194755932217,63.84615660565512
2010-12-15,34.59754902972204,31.13779412674984,244.33485734140427,64.089952023179
2010-12-16,34.58014117031104,31.12212705327993,249.5877671234864,64.33374744070288
2010-12-17,34.56273331090003,31.106459979810023,254.84067690556847,64.57754285822675
2010-12-18,34.53605100455376,31.08244590409839,259.6355868501051,64.72018882543247
2010-12-19,34.5093686982075,31.058431828386748,264.4304967946417,64.86283479263821
2010-12-20,34.48268639186124,31.03441775267511,269.2254067391783,65.00548075984393
2010-12-21,34.45600408551497,31.010403676963477,274.0203166837149,65.14812672704967
2010-12-22,34.4293217791687,30.98638960125184,278.81522662825154,65.2907726942554
2010-12-23,34.40263947282244,30.9623755255402,283.6101365727882,65.43341866146113
2010-12-24,34.37595716647618,30.93836144982856,288.4050465173248,65.57606462866686
2010-12-25,34.34650402096576,30.911853618869184,291.86394751402014,65.6331946493778
2010-12-26,34.317050875455344,30.88534578790981,295.3228485107155,65.69032467008873
2010-12-27,34.28759772994493,30.85883795695043,298.7817495074109,65.74745469079967
2010-12-28,34.258144584434504,30.832330125991053,302.24065050410627,65.80458471151061
2010-12-29,34.22869143892409,30.80582229503168,305.69955150080165,65.86171473222156
2010-12-30,34.19923829341367,30.7793144640723,309.158452497497,65.91884475293249
2010-12-31,34.169785147903255,30.752806633112925,312.6173534941924,65.97597477364343
2011-01-01,34.1440647709998,30.729658293899817,313.8622364327489,65.96322235168289
2011-01-02,34.11834439409635,30.706509954686705,315.1071193713053,65.95046992972235
2011-01-03,34.09262401719289,30.6833616154736,316.3520023098618,65.9377175077618
2011-01-04,34.06690364028943,30.66021327626049,317.5968852484183,65.92496508580126
2011-01-05,34.041183263385975,30.63706493704738,318.8417681869748,65.91221266384072
2011-01-06,34.015462886482524,30.61391659783427,320.0866511255312,65.89946024188018
2011-01-07,33.98974250957907,30.59076825862116,321.3315340640877,65.88670781991964
2011-01-08,33.973635256766066,30.57627173108946,319.61160362262336,65.82138719053299
2011-01-09,33.957528003953065,30.56177520355776,317.89167318115904,65.75606656114634
2011-01-10,33.941420751140065,30.547278676026057,316.1717427396947,65.6907459317597
2011-01-11,33.925313498327064,30.53278214849436,314.4518122982304,65.62542530237305
2011-01-12,33.90920624551406,30.518285620962654,312.73188185676605,65.5601046729864
2011-01-13,33.89309899270106,30.50378909343096,311.0119514153017,65.49478404359975
2011-01-14,33.87699173988806,30.48929256589925,309.2920209738374,65.4294634142131
2011-01-15,33.869561326813766,30.48260519413239,305.2478454803547,65.34727132160955
2011-01-16,33.86213091373947,30.47591782236552,301.20366998687206,65.26507922900602
2011-01-17,33.854700500665174,30.46923045059865,297.1594944933894,65.18288713640247
2011-01-18,33.84727008759087,30.46254307883179,293.11531899990666,65.10069504379892
2011-01-19,33.839839674516575,30.455855707064924,289.071143506424,65.01850295119537
2011-01-20,33.83240926144228,30.44916833529805,285.0269680129413,64.93631085859184
2011-01-21,33.824978848367984,30.44248096353119,280.98279251945866,64.85411876598829
2011-01-22,33.821086504366626,30.438977853929966,276.1127216778004,64.8020848462718
2011-01-23,33.81719416036527,30.435474744328744,271.2426508361421,64.7500509265553
2011-01-24,33.81330181636391,30.43197163472752,266.37257999448383,64.69801700683881
2011-01-25,33.80940947236255,30.4284685251263,261.5025091528256,64.6459830871223
2011-01-26,33.805517128361195,30.42496541552508,256.63243831116733,64.59394916740581
2011-01-27,33.80162478435984,30.421462305923853,251.76236746950903,64.54191524768932
2011-01-28,33.79773244035848,30.41795919632263,246.8922966278508,64.48988132797282
2011-01-29,33.79217762896138,30.41295986606524,242.70728733470517,64.51520178177955
2011-01-30,33.78662281756428,30.40796053580785,238.52227804155956,64.54052223558628
2011-01-31,33.78106800616718,30.40296120555046,234.3372687484139,64.56584268939301
2011-02-01,33.77551319477008,30.397961875293078,230.15225945526828,64.59116314319972
2011-02-02,33.76995838337298,30.392962545035683,225.96725016212264,64.61648359700645
2011-02-03,33.76440357197588,30.387963214778296,221.78224086897703,64.64180405081318
2011-02-04,33.75884876057878,30.382963884520905,217.5972315758314,64.6671245046199
2011-02-05,33.746482444772646,30.371834200295385,215.5911439524183,64.81621552274939
2011-02-06,33.734116128966505,30.36070451606986,213.5850563290052,64.96530654087886
2011-02-07,33.72174981316037,30.349574831844336,211.57896870559208,65.11439755900834
2011-02-08,33.70938349735423,30.338445147618813,209.57288108217892,65.2634885771378
2011-02-09,33.6970171815481,30.32731546339329,207.56679345876583,65.41257959526729
2011-02-10,33.68465086574196,30.316185779167768,205.56070583535276,65.56167061339676
2011-02-11,33.672284549935824,30.305056094942245,203.55461821193964,65.71076163152624
2011-02-12,33.65118690812892,30.286068217316032,204.14927830454852,65.98112976534837
2011-02-13,33.63008926632202,30.267080339689816,204.74393839715745,66.25149789917049
2011-02-14,33.60899162451511,30.248092462063603,205.33859848976635,66.52186603299262
2011-02-15,33.58789398270821,30.22910458443739,205.93325858237523,66.79223416681474
2011-02-16,33.566796340901305,30.210116706811174,206.5279186749841,67.06260230063687
2011-02-17,33.5456986990944,30.19112882918496,207.122578767593,67.33297043445899
2011-02-18,33.5246010572875,30.17214095155875,207.71723886020192,67.60333856828112
2011-02-19,33.497939304969336,30.148145374472403,209.64567950081,67.91544219587068
2011-02-20,33.47127755265118,30.12414979738606,211.5741201414181,68.22754582346025
2011-02-21,33.44461580033302,30.100154220299714,213.5025607820261,68.53964945104981
2011-02-22,33.417954048014856,30.07615864321337,215.43100142263415,68.85175307863939
2011-02-23,33.391292295696694,30.052163066127022,217.35944206324223,69.16385670622896
2011-02-24,33.36463054337854,30.02816748904068,219.28788270385036,69.47596033381852
2011-02-25,33.337968791060376,30.004171911954334,221.2163233444584,69.78806396140808
2011-02-26,33.30935743485787,29.97842169137208,223.06308577246747,70.0555867972159
2011-02-27,33.28074607865536,29.952671470789827,224.90984820047652,70.3231096330237
2011-02-28,33.25213472245286,29.92692125020757,226.7566106284856,70.59063246883152
2011-03-01,33.223523366250355,29.90117102962532,228.60337305649463,70.85815530463934
2011-03-02,33.19491201004785,29.875420809043064,230.45013548450373,71.12567814044715
2011-03-03,33.16630065384534,29.84967058846081,232.2968979125128,71.39320097625496
2011-03-04,33.13768929764284,29.82392036787856,234.14366034052188,71.66072381206277
2011-03-05,33.1107428441829,29.79966855976461,234.49328579533372,71.7973495705396
2011-03-06,33.08379639072296,29.77541675165067,234.8429112501456,71.93397532901643
2011-03-07,33.056849937263024,29.751164943536725,235.1925367049575,72.07060108749326
2011-03-08,33.02990348380308,29.72691313542278,235.54216215976933,72.2072268459701
2011-03-09,33.00295703034315,29.702661327308835,235.8917876145812,72.34385260444692
2011-03-10,32.976010576883205,29.678409519194894,236.24141306939308,72.48047836292376
2011-03-11,32.94906412342327,29.65415771108095,236.59103852420492,72.61710412140059
2011-03-12,32.926039935542015,29.633435941987816,234.38252860495257,72.5608140330301
2011-03-13,32.90301574766076,29.612714172894684,232.1740186857002,72.5045239446596
2011-03-14,32.879991559779505,29.59199240380155,229.9655087664478,72.44823385628911
2011-03-15,32.85696737189824,29.57127063470842,227.75699884719543,72.3919437679186
2011-03-16,32.83394318401699,29.550548865615287,225.54848892794303,72.33565367954812
2011-03-17,32.81091899613573,29.529827096522155,223.33997900869068,72.27936359117761
2011-03-18,32.78789480825448,29.509105327429022,221.1314690894383,72.22307350280713
2011-03-19,32.7651263650172,29.488613728515475,216.85103209997123,72.01790658050766
2011-03-20,32.74235792177992,29.468122129601923,212.57059511050417,71.81273965820817
2011-03-21,32.719589478542645,29.44763053068837,208.2901581210371,71.6075727359087
2011-03-22,32.69682103530536,29.427138931774827,204.00972113157,71.40240581360923
2011-03-23,32.67405259206809,29.40664733286128,199.72928414210296,71.19723889130977
2011-03-24,32.651284148830804,29.386155733947728,195.4488471526359,70.99207196901028
2011-03-25,32.62851570559353,29.36566413503418,191.16841016316883,70.78690504671081
2011-03-26,32.600720594766614,29.34064853528996,185.7242947356984,70.5058302848877
2011-03-27,32.5729254839397,29.31563293554573,180.280179308228,70.22475552306456
2011-03-28,32.545130373112784,29.29061733580151,174.8360638807575,69.94368076124144
2011-03-29,32.51733526228588,29.265601736057285,169.39194845328706,69.6626059994183
2011-03-30,32.48954015145896,29.240586136313063,163.9478330258166,69.38153123759518
2011-03-31,32.461745040632046,29.21557053656884,158.5037175983462,69.10045647577205
2011-04-01,32.43394992980513,29.19055493682461,153.0596021708757,68.81938171394893
2011-04-02,32.39584570264913,29.156261132384216,147.3600664722411,68.53536876058631
2011-04-03,32.357741475493135,29.121967327943818,141.66053077360644,68.25135580722369
2011-04-04,32.31963724833714,29.08767352350342,135.96099507497178,67.96734285386107
2011-04-05,32.28153302118114,29.053379719063024,130.26145937633714,67.68332990049844
2011-04-06,32.24342879402514,29.019085914622625,124.5619236777025,67.39931694713582
2011-04-07,32.205324566869145,28.984792110182227,118.86238797906783,67.1153039937732
2011-04-08,32.16722033971315,28.950498305741828,113.1628522804332,66.83129104041058
2011-04-09,32.113987300385745,28.902588570347167,108.08419667134852,66.61326711416203
2011-04-10,32.06075426105834,28.854678834952505,103.00554106226384,66.3952431879135
2011-04-11,32.00752122173094,28.806769099557844,97.92688545317915,66.17721926166494
2011-04-12,31.954288182403538,28.758859364163182,92.84822984409448,65.9591953354164
2011-04-13,31.90105514307613,28.710949628768525,87.7695742350098,65.74117140916785
2011-04-14,31.847822103748733,28.663039893373863,82.69091862592511,65.52314748291931
2011-04-15,31.79458906442133,28.6151301579792,77.61226301684043,65.30512355667076
2011-04-16,31.72794797349374,28.555153176144373,73.73021972758015,65.16488099273977
2011-04-17,31.66130688256615,28.49517619430954,69.84817643831987,65.02463842880877
2011-04-18,31.59466579163856,28.43519921247471,65.96613314905959,64.88439586487777
2011-04-19,31.528024700710976,28.37522223063988,62.084089859799306,64.74415330094676
2011-04-20,31.461383609783383,28.31524524880505,58.20204657053903,64.60391073701577
2011-04-21,31.3947425188558,28.255268266970216,54.32000328127874,64.46366817308477
2011-04-22,31.328101427928207,28.195291285135387,50.437959992018456,64.32342560915377
2011-04-23,31.25461860441577,28.1291567439742,47.58783523762912,64.2304278287582
2011-04-24,31.181135780903347,28.06302220281301,44.73771048323977,64.13743004836263
2011-04-25,31.107652957390915,27.996887661651822,41.88758572885043,64.04443226796705
2011-04-26,31.034170133878483,27.930753120490635,39.03746097446109,63.95143448757148
2011-04-27,30.96068731036605,27.86461857932945,36.18733622007175,63.85843670717591
2011-04-28,30.887204486853623,27.798484038168255,33.3372114656824,63.765438926780334
2011-04-29,30.81372166334119,27.73234949700707,30.487086711293063,63.67244114638476
2011-04-30,30.74007761062095,27.66606984955885,28.66118958026768,63.595154100568806
2011-05-01,30.666433557900707,27.59979020211064,26.83529244924229,63.51786705475285
2011-05-02,30.592789505180463,27.533510554662417,25.009395318216903,63.44058000893689
2011-05-03,30.519145452460226,27.4672309072142,23.18349818719152,63.36329296312094
2011-05-04,30.44550139973998,27.400951259765986,21.35760105616613,63.28600591730498
2011-05-05,30.371857347019738,27.334671612317766,19.531703925140743,63.20871887148903
2011-05-06,30.298213294299497,27.268391964869547,17.705806794115357,63.13143182567307
2011-05-07,30.231077604116592,27.207969843704934,17.271561717647515,63.03843818983258
2011-05-08,30.163941913933687,27.14754772254032,16.837316641179672,62.9454445539921
2011-05-09,30.096806223750782,27.087125601375707,16.40307156471183,62.85245091815161
2011-05-10,30.02967053356788,27.026703480211093,15.968826488243987,62.75945728231113
2011-05-11,29.962534843384976,26.96628135904648,15.534581411776143,62.666463646470646
2011-05-12,29.89539915320207,26.905859237881867,15.100336335308302,62.57347001063016
2011-05-13,29.82826346301917,26.845437116717253,14.66609125884046,62.48047637478968
2011-05-14,29.77308654927452,26.795777894347072,15.43738919308637,62.35340066311248
2011-05-15,29.717909635529875,26.746118671976888,16.20868712733228,62.22632495143529
2011-05-16,29.66273272178523,26.696459449606703,16.979985061578187,62.099249239758095
2011-05-17,29.60755580804058,26.646800227236525,17.751282995824095,61.9721735280809
2011-05-18,29.55237889429593,26.597141004866344,18.522580930070003,61.84509781640371
2011-05-19,29.49720198055129,26.54748178249616,19.293878864315914,61.71802210472652
2011-05-20,29.442025066806643,26.49782256012598,20.065176798561826,61.59094639304932
2011-05-21,29.40194205155817,26.46174784640235,21.412739215197977,61.43618035373619
2011-05-22,29.36185903630969,26.425673132678725,22.76030163183413,61.28141431442307
2011-05-23,29.32177602106122,26.389598418955096,24.10786404847029,61.126648275109936
2011-05-24,29.28169300581274,26.353523705231467,25.45542646510644,60.971882235796805
2011-05-25,29.241609990564267,26.31744899150784,26.8029888817426,60.81711619648368
2011-05-26,29.20152697531579,26.281374277784213,28.150551298378755,60.66235015717055
2011-05-27,29.16144396006732,26.245299564060584,29.49811371501491,60.50758411785742
2011-05-28,29.1393311410058,26.22539802690522,30.807294046505767,60.33428820564995
2011-05-29,29.11721832194429,26.20549648974986,32.116474377996624,60.16099229344248
2011-05-30,29.09510550288277,26.185594952594496,33.425654709487475,59.98769638123501
2011-05-31,29.07299268382126,26.16569341543913,34.73483504097833,59.81440046902754
2011-06-01,29.050879864759743,26.145791878283767,36.04401537246919,59.64110455682007
2011-06-02,29.028767045698228,26.125890341128404,37.35319570396005,59.4678086446126
2011-06-03,29.006654226636712,26.10598880397304,38.662376035450905,59.29451273240513
2011-06-04,29.00538790145293,26.10484911130764,39.31030397362676,59.11184740204483
2011-06-05,29.00412157626916,26.10370941864224,39.95823191180262,58.92918207168453
2011-06-06,29.00285525108538,26.10256972597684,40.60615984997848,58.74651674132423
2011-06-07,29.0015889259016,26.10143003331144,41.25408778815434,58.563851410963935
2011-06-08,29.00032260071782,26.10029034064604,41.90201572633019,58.381186080603634
2011-06-09,28.99905627553404,26.09915064798064,42.549943664506046,58.19852075024333
2011-06-10,28.997789950350263,26.098010955315235,43.19787160268191,58.01585541988303
2011-06-11,29.02003912512141,26.118035212609268,42.71513945122327,57.82971936967874
2011-06-12,29.04228829989256,26.1380594699033,42.232407299764624,57.64358331947445
2011-06-13,29.064537474663705,26.158083727197333,41.74967514830598,57.45744726927016
2011-06-14,29.086786649434853,26.17810798449137,41.26694299684733,57.271311219065865
2011-06-15,29.109035824206,26.1981322417854,40.78421084538869,57.085175168861575
2011-06-16,29.131284998977147,26.218156499079434,40.30147869393005,56.899039118657285
2011-06-17,29.15353417374829,26.238180756373467,39.81874654247141,56.712903068453
2011-06-18,29.20085286211266,26.2807675759014,38.548838244040205,56.51165046754958
2011-06-19,29.248171550477032,26.32335439542933,37.27892994560899,56.31039786664616
2011-06-20,29.2954902388414,26.36594121495726,36.00902164717779,56.10914526574275
2011-06-21,29.34280892720577,26.408528034485197,34.739113348746585,55.90789266483934
2011-06-22,29.390127615570133,26.451114854013124,33.46920505031538,55.70664006393592
2011-06-23,29.437446303934504,26.493701673541057,32.19929675188417,55.505387463032505
2011-06-24,29.48476499229887,26.536288493068987,30.929388453452965,55.30413486212909
2011-06-25,29.55833395401362,26.60250055861226,29.48791083568764,55.07024668863008
2011-06-26,29.631902915728364,26.66871262415553,28.046433217922317,54.83635851513106
2011-06-27,29.705471877443117,26.734924689698804,26.604955600156988,54.60247034163205
2011-06-28,29.77904083915786,26.80113675524208,25.16347798239166,54.36858216813304
2011-06-29,29.85260980087261,26.867348820785352,23.722000364626336,54.13469399463403
2011-06-30,29.926178762587355,26.933560886328625,22.28052274686101,53.90080582113501
2011-07-01,29.999747724302104,26.999772951871897,20.839045129095684,53.666917647636
2011-07-02,30.10074745162794,27.09067270646515,19.84226339975612,53.38287067055921
2011-07-03,30.201747178953774,27.1815724610584,18.84548167041655,53.09882369348242
2011-07-04,30.30274690627961,27.27247221565165,17.848699941076983,52.81477671640563
2011-07-05,30.403746633605447,27.363371970244906,16.851918211737416,52.53072973932884
2011-07-06,30.50474636093128,27.454271724838154,15.85513648239785,52.24668276225205
2011-07-07,30.60574608825712,27.545171479431403,14.858354753058284,51.96263578517527
2011-07-08,30.706745815582952,27.63607123402465,13.861573023718718,51.67858880809848
2011-07-09,30.83588934103117,27.752300406928047,13.899267172406224,51.32848035915925
2011-07-10,30.96503286647938,27.86852957983144,13.936961321093728,50.97837191022003
2011-07-11,31.094176391927597,27.984758752734837,13.974655469781233,50.6282634612808
2011-07-12,31.22331991737581,28.10098792563823,14.012349618468738,50.27815501234159
2011-07-13,31.352463442824025,28.21721709854162,14.050043767156245,49.92804656340236
2011-07-14,31.48160696827224,28.333446271445016,14.087737915843748,49.57793811446314
2011-07-15,31.61075049372045,28.449675444348408,14.125432064531251,49.22782966552391
2011-07-16,31.759988143665453,28.58398932929891,15.089337140505997,48.8261351244136
2011-07-17,31.909225793610457,28.71830321424941,16.05324221648074,48.424440583303294
2011-07-18,32.05846344355545,28.85261709919991,17.017147292455483,48.022746042192985
2011-07-19,32.20770109350046,28.98693098415041,17.98105236843023,47.62105150108268
2011-07-20,32.35693874344546,29.12124486910091,18.944957444404974,47.21935695997237
2011-07-21,32.50617639339046,29.25555875405141,19.90886252037972,46.817662418862064
2011-07-22,32.65541404333546,29.38987263900191,20.87276759635446,46.41596787775176
2011-07-23,32.80891380498946,29.52802242449051,22.11388954178564,46.00414199203536
2011-07-24,32.96241356664345,29.666172209979106,23.355011487216814,45.59231610631896
2011-07-25,33.115913328297445,29.8043219954677,24.596133432647992,45.18049022060256
2011-07-26,33.269413089951435,29.942471780956293,25.837255378079167,44.76866433488616
2011-07-27,33.42291285160543,30.08062156644489,27.078377323510345,44.35683844916976
2011-07-28,33.57641261325942,30.218771351933484,28.31949926894152,43.94501256345337
2011-07-29,33.72991237491342,30.35692113742208,29.5606212143727,43.53318667773697
2011-07-30,33.8715717148002,30.48441454332018,30.38994053438713,43.15362202061489
2011-07-31,34.01323105468697,30.61190794921828,31.219259854401557,42.774057363492815
2011-08-01,34.15489039457375,30.73940135511638,32.048579174415984,42.394492706370734
2011-08-02,34.29654973446053,30.86689476101448,32.87789849443041,42.01492804924865
2011-08-03,34.438209074347306,30.99438816691258,33.70721781444484,41.63536339212657
2011-08-04,34.57986841423408,31.12188157281068,34.536537134459266,41.2557987350045
2011-08-05,34.72152775412086,31.24937497870878,35.36585645447369,40.876234077882415
2011-08-06,34.835271551568496,31.35174439641165,35.09201053794986,40.57125042563552
2011-08-07,34.949015349016136,31.45411381411453,34.81816462142603,40.26626677338863
2011-08-08,35.062759146463776,31.55648323181741,34.5443187049022,39.96128312114173
2011-08-09,35.17650294391142,31.65885264952028,34.27047278837836,39.65629946889484
2011-08-10,35.29024674135906,31.761222067223155,33.99662687185453,39.35131581664794
2011-08-11,35.4039905388067,31.863591484926037,33.7227809553307,39.04633216440105
2011-08-12,35.51773433625434,31.965960902628908,33.448935038806866,38.74134851215416
2011-08-13,35.59419471573955,32.034775244165594,31.896983623429037,38.535454008942494
2011-08-14,35.67065509522475,32.10358958570228,30.3450322080512,38.32955950573084
2011-08-15,35.74711547470996,32.17240392723897,28.793080792673365,38.12366500251918
2011-08-16,35.82357585419517,32.24121826877565,27.241129377295533,37.91777049930753
2011-08-17,35.900036233680375,32.310032610312334,25.6891779619177,37.71187599609587
2011-08-18,35.97649661316558,32.37884695184902,24.137226546539864,37.50598149288422
2011-08-19,36.05295699265079,32.44766129338571,22.58527513116203,37.30008698967256
2011-08-20,36.09819664492922,32.48837698043631,20.89206011581248,37.17681266254083
2011-08-21,36.14343629720767,32.5290926674869,19.19884510046292,37.0535383354091
2011-08-22,36.18867594948611,32.5698083545375,17.505630085113367,36.930264008277376
2011-08-23,36.23391560176455,32.6105240415881,15.81241506976381,36.80698968114565
2011-08-24,36.27915525404299,32.6512397286387,14.119200054414256,36.68371535401393
2011-08-25,36.32439490632144,32.69195541568929,12.4259850390647,36.5604410268822
2011-08-26,36.36963455859988,32.73267110273989,10.732770023715144,36.43716669975047
2011-08-27,36.391878186042376,32.75269036743814,10.080986649889727,36.37430217898854
2011-08-28,36.41412181348488,32.7727096321364,9.429203276064312,36.31143765822662
2011-08-29,36.43636544092738,32.792728896834646,8.777419902238895,36.248573137464696
2011-08-30,36.45860906836988,32.812748161532895,8.12563652841348,36.185708616702776
2011-08-31,36.48085269581238,32.83276742623114,7.473853154588063,36.12284409594085
2011-09-01,36.50309632325489,32.8527866909294,6.822069780762647,36.05997957517893
2011-09-02,36.525339950697386,32.87280595562765,6.170286406937231,35.997115054417
2011-09-03,36.53281225567476,32.87953103010728,6.801251607203909,35.9724499703148
2011-09-04,36.540284560652125,32.88625610458691,7.432216807470587,35.947784886212595
2011-09-05,36.547756865629495,32.892981179066545,8.063182007737266,35.92311980211039
2011-09-06,36.55522917060686,32.89970625354618,8.694147208003944,35.89845471800819
2011-09-07,36.56270147558423,32.90643132802581,9.325112408270623,35.873789633905986
2011-09-08,36.5701737805616,32.91315640250544,9.9560776085373,35.84912454980378
2011-09-09,36.577646085538966,32.91988147698508,10.58704280880398,35.82445946570158
2011-09-10,36.57730628980738,32.91957566082665,14.54121871152088,35.8213807622109
2011-09-11,36.5769664940758,32.91926984466822,18.49539461423778,35.81830205872023
2011-09-12,36.57662669834421,32.9189640285098,22.449570516954687,35.81522335522955
2011-09-13,36.57628690261263,32.91865821235137,26.403746419671585,35.81214465173887
2011-09-14,36.575947106881046,32.918352396192944,30.35792232238849,35.80906594824819
2011-09-15,36.57560731114946,32.91804658003451,34.31209822510539,35.80598724475752
2011-09-16,36.57526751541788,32.91774076387609,38.26627412782229,35.80290854126684
2011-09-17,36.56564587139437,32.90908128425493,44.33030195554446,35.84208511252686
2011-09-18,36.55602422737086,32.90042180463378,50.39432978326664,35.88126168378689
2011-09-19,36.54640258334736,32.89176232501262,56.4583576109888,35.92043825504691
2011-09-20,36.536780939323855,32.88310284539147,62.52238543871097,35.95961482630693
2011-09-21,36.52715929530035,32.87444336577031,68.58641326643314,35.998791397566954
2011-09-22,36.51753765127684,32.86578388614916,74.65044109415531,36.03796796882698
2011-09-23,36.507916007253336,32.857124406528,80.71446892187748,36.077144540087005
2011-09-24,36.484098303106734,32.83568847279606,87.28274226126068,36.19448039847694
2011-09-25,36.46028059896013,32.81425253906412,93.85101560064388,36.31181625686688
2011-09-26,36.43646289481353,32.79281660533218,100.41928894002707,36.42915211525682
2011-09-27,36.412645190666936,32.77138067160024,106.9875622794103,36.54648797364676
2011-09-28,36.388827486520334,32.7499447378683,113.5558356187935,36.66382383203669
2011-09-29,36.36500978237373,32.72850880413636,120.12410895817668,36.78115969042664
2011-09-30,36.34119207822713,32.70707287040442,126.6923822975599,36.89849554881657
2011-10-01,36.29825384507455,32.66842846056709,132.1934267598242,37.12994007440837
2011-10-02,36.25531561192197,32.629784050729775,137.69447122208848,37.36138460000017
2011-10-03,36.21237737876939,32.59113964089245,143.19551568435278,37.592829125591976
2011-10-04,36.16943914561681,32.552495231055126,148.6965601466171,37.82427365118377
2011-10-05,36.12650091246423,32.5138508212178,154.1976046088814,38.05571817677558
2011-10-06,36.083562679311655,32.47520641138048,159.69864907114567,38.287162702367375
2011-10-07,36.04062444615907,32.43656200154316,165.19969353340997,38.51860722795918
2011-10-08,35.97404229977184,32.37663806979465,168.10901558595006,38.897806750390906
2011-10-09,35.907460153384605,32.31671413804614,171.01833763849012,39.27700627282264
2011-10-10,35.84087800699737,32.25679020629763,173.9276596910302,39.656205795254365
2011-10-11,35.774295860610145,32.19686627454912,176.83698174357028,40.03540531768609
2011-10-12,35.70771371422291,32.136942342800616,179.74630379611037,40.41460484011782
2011-10-13,35.64113156783568,32.0770184110521,182.6556258486505,40.79380436254955
2011-10-14,35.574549421448445,32.017094479303594,185.5649479011905,41.17300388498128
2011-10-15,35.490135527163545,31.94112197444719,185.5687035901694,41.67425743236328
2011-10-16,35.40572163287865,31.86514946959078,185.57245927914823,42.17551097974527
2011-10-17,35.32130773859375,31.789176964734374,185.57621496812715,42.67676452712727
2011-10-18,35.23689384430886,31.713204459877968,185.579970657106,43.17801807450926
2011-10-19,35.15247995002396,31.63723195502156,185.5837263460849,43.67927162189126
2011-10-20,35.06806605573907,31.561259450165156,185.58748203506372,44.18052516927325
2011-10-21,34.98365216145417,31.485286945308747,185.59123772404263,44.68177871665525
2011-10-22,34.89821169218101,31.408390522962904,183.6632436986989,45.2162628550602
2011-10-23,34.81277122290785,31.331494100617064,181.7352496733552,45.75074699346516
2011-10-24,34.72733075363469,31.25459767827122,179.80725564801148,46.285231131870106
2011-10-25,34.64189028436154,31.177701255925378,177.87926162266774,46.81971527027506
2011-10-26,34.55644981508838,31.10080483357953,175.95126759732403,47.35419940868001
2011-10-27,34.47100934581522,31.02390841123369,174.0232735719803,47.888683547084966
2011-10-28,34.38556887654206,30.94701198888785,172.0952795466366,48.42316768548992
2011-10-29,34.31643973823331,30.884795764409983,169.2717538825076,48.89899999817087
2011-10-30,34.247310599924575,30.822579539932114,166.44822821837863,49.37483231085183
2011-10-31,34.17818146161583,30.76036331545425,163.62470255424964,49.85066462353279
2011-11-01,34.10905232330708,30.698147090976377,160.80117689012064,50.326496936213736
2011-11-02,34.03992318499834,30.63593086649851,157.97765122599165,50.80232924889469
2011-11-03,33.9707940466896,30.57371464202064,155.15412556186268,51.27816156157565
2011-11-04,33.90166490838085,30.51149841754277,152.3305998977337,51.75399387425661
2011-11-05,33.86617320107261,30.47955588096536,149.6475448927693,52.07934333217821
2011-11-06,33.83068149376438,30.447613344387943,146.9644898878049,52.40469279009981
2011-11-07,33.79518978645614,30.41567080781053,144.2814348828405,52.73004224802141
2011-11-08,33.7596980791479,30.38372827123312,141.5983798778761,53.05539170594301
2011-11-09,33.724206371839664,30.351785734655703,138.91532487291173,53.38074116386461
2011-11-10,33.68871466453143,30.31984319807829,136.2322698679473,53.70609062178621
2011-11-11,33.65322295722319,30.28790066150088,133.54921486298292,54.03144007970781
2011-11-12,33.659143357147414,30.293229021432676,131.8680607542929,54.15605021595072
2011-11-13,33.66506375707163,30.29855738136447,130.1869066456029,54.28066035219362
2011-11-14,33.67098415699585,30.303885741296263,128.5057525369129,54.40527048843652
2011-11-15,33.676904556920064,30.30921410122806,126.8245984282229,54.52988062467942
2011-11-16,33.682824956844286,30.314542461159856,125.14344431953288,54.65449076092232
2011-11-17,33.6887453567685,30.31987082109165,123.4622902108429,54.77910089716523
2011-11-18,33.69466575669272,30.32519918102345,121.78113610215289,54.90371103340813
2011-11-19,33.72299930746145,30.350699376715305,121.47396951499846,54.89386319523136
2011-11-20,33.75133285823018,30.37619957240716,121.16680292784405,54.8840153570546
2011-11-21,33.77966640899891,30.40169976809901,120.85963634068962,54.87416751887783
2011-11-22,33.807999959767635,30.427199963790876,120.5524697535352,54.86431968070107
2011-11-23,33.83633351053636,30.452700159482728,120.24530316638076,54.85447184252431
2011-11-24,33.86466706130509,30.478200355174582,119.93813657922637,54.84462400434754
2011-11-25,33.89300061207382,30.50370055086644,119.63096999207193,54.834776166170776
2011-11-26,33.920092453587955,30.52808320822916,120.98478126422977,54.7770174917787
2011-11-27,33.94718429510209,30.55246586559188,122.3385925363876,54.71925881738662
2011-11-28,33.974276136616226,30.5768485229546,123.69240380854544,54.66150014299454
2011-11-29,34.00136797813037,30.601231180317328,125.04621508070328,54.60374146860247
2011-11-30,34.0284598196445,30.62561383768005,126.40002635286112,54.54598279421039
2011-12-01,34.05555166115864,30.64999649504277,127.75383762501896,54.48822411981831
2011-12-02,34.082643502672774,30.674379152405493,129.1076488971768,54.43046544542623
2011-12-03,34.08483877483322,30.6763548973499,132.40942836642387,54.41134307302319
2011-12-04,34.08703404699367,30.678330642294306,135.71120783567096,54.39222070062015
2011-12-05,34.08922931915412,30.68030638723871,139.01298730491803,54.37309832821711
2011-12-06,34.09142459131458,30.682282132183115,142.3147667741651,54.35397595581407
2011-12-07,34.09361986347503,30.68425787712752,145.61654624341216,54.33485358341103
2011-12-08,34.09581513563548,30.686233622071924,148.91832571265925,54.31573121100799
2011-12-09,34.098010407795925,30.68820936701633,152.22010518190632,54.29660883860495
2011-12-10,34.055750573721475,30.65017551634933,157.6099590629133,54.39069221014504
2011-12-11,34.01349073964703,30.612141665682323,162.9998129439203,54.48477558168513
2011-12-12,33.97123090557258,30.57410781501532,168.3896668249273,54.578858953225215
2011-12-13,33.92897107149813,30.53607396434832,173.7795207059343,54.672942324765295
2011-12-14,33.88671123742368,30.49804011368132,179.16937458694127,54.76702569630538
2011-12-15,33.84445140334924,30.46000626301431,184.55922846794823,54.86110906784547
2011-12-16,33.80219156927479,30.42197241234731,189.94908234895524,54.95519243938556
2011-12-17,33.72999446102341,30.35699501492107,196.34522168259787,55.13741130172159
2011-12-18,33.65779735277204,30.29201761749483,202.7413610162405,55.31963016405763
2011-12-19,33.585600244520656,30.22704022006859,209.13750034988317,55.501849026393664
2011-12-20,33.51340313626928,30.162062822642355,215.5336396835258,55.68406788872971
2011-12-21,33.4412060280179,30.097085425216115,221.9297790171684,55.86628675106574
2011-12-22,33.36900891976653,30.03210802778988,228.32591835081104,56.04850561340178
2011-12-23,33.29681181151515,29.96713063036364,234.7220576844537,56.230724475737816
2011-12-24,33.22609430840764,29.90348487756688,240.43673504434528,56.42659556696652
2011-12-25,33.15537680530012,29.83983912477012,246.1514124042368,56.62246665819523
2011-12-26,33.08465930219261,29.77619337197336,251.8660897641284,56.81833774942393
2011-12-27,33.0139417990851,29.712547619176597,257.58076712402,57.01420884065264
2011-12-28,32.94322429597759,29.648901866379838,263.2954444839115,57.21007993188135
2011-12-29,32.87250679287008,29.58525611358307,269.01012184380306,57.405951023110056
2011-12-30,32.80178928976257,29.521610360786312,274.72479920369466,57.60182211433876
2011-12-31,32.764089743181415,29.48768076886327,278.0659114726716,57.7365069868499
2012-01-01,32.726390196600256,29.453751176940237,281.4070237416485,57.87119185936105
2012-01-02,32.688690650019105,29.419821585017196,284.74813601062544,58.00587673187219
2012-01-03,32.650991103437946,29.385891993094155,288.08924827960243,58.14056160438334
2012-01-04,32.613291556856794,29.351962401171114,291.43036054857936,58.27524647689449
2012-01-05,32.575592010275635,29.31803280924808,294.7714728175563,58.40993134940563
2012-01-06,32.53789246369448,29.28410321732504,298.1125850865332,58.544616221916776
2012-01-07,32.563977080352494,29.30757937231725,297.42840327689817,58.54499741052407
2012-01-08,32.590061697010505,29.33105552730946,296.74422146726306,58.54537859913137
2012-01-09,32.61614631366852,29.35453168230167,296.060039657628,58.54575978773866
2012-01-10,32.642230930326534,29.37800783729388,295.3758578479929,58.54614097634595
2012-01-11,32.668315546984545,29.40148399228609,294.69167603835785,58.546522164953245
2012-01-12,32.694400163642555,29.424960147278306,294.00749422872275,58.54690335356055
2012-01-13,32.720484780300566,29.448436302270512,293.3233124190877,58.54728454216784
2012-01-14,32.812353353262964,29.531118017936677,288.4662543105724,58.404360147369566
2012-01-15,32.90422192622537,29.613799733602832,283.6091962020571,58.2614357525713
2012-01-16,32.996090499187765,29.696481449268997,278.7521380935418,58.11851135777303
2012-01-17,33.08795907215017,29.779163164935152,273.89507998502654,57.975586962974766
2012-01-18,33.17982764511257,29.861844880601318,269.03802187651127,57.832662568176495
2012-01-19,33.27169621807497,29.944526596267472,264.18096376799593,57.68973817337823
2012-01-20,33.36356479103737,30.027208311933634,259.32390565948066,57.54681377857996
2012-01-21,33.48655639752154,30.137900757769387,252.0633154137333,57.33329255705085
2012-01-22,33.60954800400571,30.248593203605143,244.80272516798595,57.11977133552176
2012-01-23,33.73253961048988,30.359285649440896,237.54213492223863,56.90625011399265
2012-01-24,33.85553121697406,30.46997809527665,230.28154467649128,56.69272889246355
2012-01-25,33.97852282345823,30.580670541112404,223.02095443074396,56.47920767093444
2012-01-26,34.1015144299424,30.69136298694816,215.76036418499655,56.265686449405344
2012-01-27,34.22450603642657,30.802055432783916,208.4997739392492,56.05216522787624
2012-01-28,34.341579586686215,30.907421628017595,200.72945059394877,55.84606093374982
2012-01-29,34.45865313694586,31.01278782325128,192.9591272486483,55.639956639623406
2012-01-30,34.57572668720551,31.11815401848496,185.1888039033478,55.43385234549699
2012-01-31,34.692800237465164,31.223520213718647,177.41848055804732,55.22774805137057
2012-02-01,34.80987378772481,31.32888640895233,169.64815721274687,55.02164375724415
2012-02-02,34.92694733798446,31.43425260418601,161.87783386744638,54.81553946311774
2012-02-03,35.044020888244106,31.539618799419696,154.1075105221459,54.60943516899132
2012-02-04,35.118136681636926,31.606323013473236,147.72119534128035,54.488758829427965
2012-02-05,35.19225247502975,31.67302722752677,141.33488016041477,54.36808248986462
2012-02-06,35.26636826842257,31.739731441580307,134.94856497954922,54.24740615030127
2012-02-07,35.34048406181538,31.806435655633848,128.56224979868367,54.12672981073791
2012-02-08,35.4145998552082,31.873139869687385,122.1759346178181,54.00605347117456
2012-02-09,35.48871564860102,31.939844083740923,115.78961943695252,53.885377131611214
2012-02-10,35.56283144199384,32.00654829779446,109.40330425608698,53.76470079204786
2012-02-11,35.56916346055719,32.01224711450147,105.78676392493422,53.78348655050848
2012-02-12,35.57549547912054,32.01794593120849,102.17022359378149,53.8022723089691
2012-02-13,35.58182749768389,32.0236447479155,98.55368326262872,53.82105806742972
2012-02-14,35.58815951624723,32.029343564622515,94.93714293147596,53.83984382589034
2012-02-15,35.59449153481058,32.035042381329525,91.3206026003232,53.85862958435096
2012-02-16,35.60082355337393,32.04074119803654,87.70406226917044,53.87741534281158
2012-02-17,35.60715557193728,32.04644001474355,84.08752193801769,53.8962011012722
2012-02-18,35.56283052455956,32.006547472103605,82.88168341522076,54.026125005059015
2012-02-19,35.51850547718184,31.96665492946366,81.67584489242385,54.15604890884584
2012-02-20,35.47418042980412,31.926762386823714,80.47000636962693,54.28597281263266
2012-02-21,35.42985538242641,31.886869844183767,79.26416784683002,54.41589671641948
2012-02-22,35.38553033504869,31.84697730154382,78.0583293240331,54.54582062020629
2012-02-23,35.341205287670974,31.80708475890388,76.85249080123617,54.67574452399312
2012-02-24,35.296880240293255,31.76719221626393,75.64665227843926,54.805668427779935
2012-02-25,35.22802545026838,31.705222905241545,76.11810143071222,55.000737268288965
2012-02-26,35.15917066024351,31.64325359421916,76.58955058298517,55.195806108798
2012-02-27,35.09031587021864,31.581284283196776,77.06099973525812,55.39087494930703
2012-02-28,35.02146108019377,31.51931497217439,77.53244888753109,55.58594378981605
2012-02-29,34.952606290168895,31.457345661152004,78.00389803980404,55.78101263032508
2012-03-01,34.88375150014402,31.39537635012962,78.475347192077,55.97608147083411
2012-03-02,34.81489671011915,31.33340703910724,78.94679634434995,56.17115031134314
2012-03-03,34.74763950074106,31.27287555066696,80.36211903840649,56.38537087997031
2012-03-04,34.680382291362974,31.21234406222668,81.77744173246303,56.59959144859747
2012-03-05,34.61312508198488,31.1518125737864,83.19276442651957,56.81381201722464
2012-03-06,34.54586787260679,31.091281085346115,84.60808712057613,57.02803258585181
2012-03-07,34.4786106632287,31.030749596905835,86.02340981463267,57.24225315447897
2012-03-08,34.411353453850616,30.97021810846556,87.43873250868921,57.456473723106136
2012-03-09,34.344096244472524,30.90968662002528,88.85405520274576,57.670694291733305
2012-03-10,34.301924003776016,30.871731603398416,90.5054343814204,57.86094703264603
2012-03-11,34.25975176307951,30.83377658677156,92.15681356009505,58.05119977355875
2012-03-12,34.217579522383,30.7958215701447,93.80819273876966,58.24145251447148
2012-03-13,34.17540728168649,30.75786655351784,95.45957191744432,58.4317052553842
2012-03-14,34.13323504098998,30.71991153689098,97.11095109611894,58.62195799629692
2012-03-15,34.09106280029347,30.681956520264123,98.76233027479358,58.81221073720964
2012-03-16,34.04889055959696,30.644001503637263,100.4137094534682,59.002463478122365
2012-03-17,34.02751052115214,30.62475946903692,101.8626872137697,59.15586840958047
2012-03-18,34.00613048270731,30.60551743443658,103.3116649740712,59.309273341038576
2012-03-19,33.98475044426249,30.58627539983624,104.76064273437268,59.46267827249668
2012-03-20,33.96337040581766,30.567033365235897,106.20962049467416,59.61608320395479
2012-03-21,33.94199036737284,30.547791330635555,107.65859825497566,59.76948813541289
2012-03-22,33.920610328928014,30.528549296035216,109.10757601527716,59.922893066871
2012-03-23,33.89923029048319,30.509307261434877,110.55655377557864,60.0762979983291
2012-03-24,33.87771814282159,30.489946328539435,111.5259333374485,60.19807909978915
2012-03-25,33.85620599516,30.470585395644,112.4953128993184,60.31986020124919
2012-03-26,33.8346938474984,30.45122446274856,113.46469246118826,60.44164130270924
2012-03-27,33.8131816998368,30.43186352985312,114.43407202305814,60.56342240416929
2012-03-28,33.7916695521752,30.412502596957683,115.403451584928,60.68520350562933
2012-03-29,33.770157404513604,30.393141664062245,116.37283114679788,60.806984607089376
2012-03-30,33.74864525685201,30.373780731166807,117.34221070866776,60.92876570854942
2012-03-31,33.705852129211856,30.335266916290667,117.55697264139872,61.02439139933944
2012-04-01,33.663059001571696,30.29675310141453,117.77173457412972,61.120017090129465
2012-04-02,33.620265873931544,30.25823928653839,117.98649650686068,61.21564278091949
2012-04-03,33.57747274629139,30.21972547166225,118.20125843959164,61.311268471709504
2012-04-04,33.53467961865124,30.181211656786115,118.4160203723226,61.406894162499526
2012-04-05,33.49188649101108,30.14269784190998,118.6307823050536,61.50251985328955
2012-04-06,33.44909336337093,30.10418402703384,118.84554423778457,61.59814554407957
2012-04-07,33.36418459810303,30.02776613829273,118.03823731555455,61.67314313863616
2012-04-08,33.27927583283513,29.951348249551614,117.23093039332458,61.74814073319276
2012-04-09,33.194367067567235,29.87493036081051,116.4236234710946,61.82313832774936
2012-04-10,33.10945830229933,29.7985124720694,115.61631654886462,61.898135922305954
2012-04-11,33.02454953703143,29.72209458332829,114.80900962663463,61.97313351686255
2012-04-12,32.939640771763536,29.645676694587177,114.00170270440464,62.048131111419146
2012-04-13,32.85473200649564,29.56925880584607,113.19439578217468,62.12312870597574
2012-04-14,32.72508398491456,29.4525755864231,111.53620379634351,62.18643893807713
2012-04-15,32.595435963333486,29.33589236700013,109.8780118105124,62.24974917017853
2012-04-16,32.46578794175241,29.219209147577164,108.21981982468124,62.313059402279926
2012-04-17,32.33613992017133,29.1025259281542,106.56162783885011,62.37636963438133
2012-04-18,32.20649189859025,28.98584270873123,104.903435853019,62.43967986648272
2012-04-19,32.076843877009175,28.86915948930826,103.24524386718784,62.50299009858412
2012-04-20,31.9471958554281,28.75247626988529,101.58705188135671,62.56630033068552
2012-04-21,31.798049120726983,28.61824420865429,99.92030084359776,62.63208670417173
2012-04-22,31.648902386025863,28.48401214742328,98.25354980583882,62.69787307765795
2012-04-23,31.499755651324747,28.34978008619228,96.58679876807987,62.76365945114417
2012-04-24,31.35060891662363,28.215548024961272,94.92004773032092,62.82944582463039
2012-04-25,31.20146218192252,28.081315963730265,93.25329669256196,62.89523219811661
2012-04-26,31.0523154472214,27.947083902499266,91.58654565480302,62.96101857160283
2012-04-27,30.90316871252028,27.81285184126825,89.91979461704408,63.02680494508905
2012-04-28,30.762118800906222,27.685906920815604,89.1435334093301,63.10967237621596
2012-04-29,30.621068889292168,27.558962000362957,88.36727220161613,63.19253980734288
2012-04-30,30.480018977678117,27.432017079910302,87.59101099390216,63.27540723846979
2012-05-01,30.338969066064056,27.30507215945765,86.81474978618819,63.35827466959671
2012-05-02,30.19791915445,27.178127239005,86.03848857847422,63.44114210072362
2012-05-03,30.056869242835944,27.05118231855235,85.26222737076024,63.52400953185054
2012-05-04,29.91581933122189,26.9242373980997,84.48596616304627,63.60687696297745
2012-05-05,29.810461778902063,26.829415601011853,85.49924366735051,63.721430368000895
2012-05-06,29.70510422658224,26.73459380392401,86.51252117165477,63.83598377302434
2012-05-07,29.59974667426241,26.639772006836164,87.52579867595901,63.95053717804778
2012-05-08,29.49438912194258,26.54495020974832,88.53907618026325,64.06509058307122
2012-05-09,29.38903156962275,26.450128412660472,89.55235368456749,64.17964398809467
2012-05-10,29.283674017302925,26.35530661557263,90.56563118887176,64.29419739311811
2012-05-11,29.178316464983094,26.260484818484784,91.578908693176,64.40875079814155
2012-05-12,29.129553469581296,26.21659812262316,94.8932227159836,64.55837491981906
2012-05-13,29.08079047417949,26.17271142676154,98.2075367387912,64.70799904149658
2012-05-14,29.03202747877769,26.12882473089992,101.5218507615988,64.85762316317408
2012-05-15,28.983264483375887,26.0849380350383,104.83616478440644,65.0072472848516
2012-05-16,28.934501487974085,26.04105133917668,108.15047880721404,65.1568714065291
2012-05-17,28.885738492572283,25.997164643315056,111.46479283002164,65.30649552820663
2012-05-18,28.83697549717048,25.953277947453437,114.77910685282926,65.45611964988413
2012-05-19,28.837434678594494,25.953691210735048,119.26882854605088,65.59680200705908
2012-05-20,28.837893860018514,25.954104474016663,123.75855023927252,65.73748436423402
2012-05-21,28.83835304144253,25.95451773729828,128.24827193249416,65.87816672140897
2012-05-22,28.83881222286655,25.954931000579894,132.73799362571577,66.01884907858393
2012-05-23,28.839271404290567,25.95534426386151,137.2277153189374,66.15953143575888
2012-05-24,28.839730585714584,25.955757527143124,141.71743701215905,66.30021379293382
2012-05-25,28.8401897671386,25.95617079042474,146.20715870538066,66.44089615010877
2012-05-26,28.87503398779422,25.9875305890148,150.31444220962,66.51611094360655
2012-05-27,28.909878208449847,26.01889038760486,154.42172571385936,66.59132573710434
2012-05-28,28.944722429105468,26.05025018619492,158.5290092180987,66.66654053060212
2012-05-29,28.97956664976109,26.081609984784983,162.63629272233806,66.7417553240999
2012-05-30,29.01441087041671,26.112969783375043,166.7435762265774,66.81697011759768
2012-05-31,29.049255091072336,26.144329581965103,170.85085973081675,66.89218491109547
2012-06-01,29.08409931172796,26.175689380555163,174.9581432350561,66.96739970459325
2012-06-02,29.138491391513885,26.2246422523625,177.12514022971234,66.92062106398376
2012-06-03,29.19288347129981,26.273595124169837,179.29213722436862,66.87384242337426
2012-06-04,29.247275551085743,26.32254799597717,181.4591342190249,66.82706378276477
2012-06-05,29.301667630871677,26.371500867784505,183.6261312136811,66.78028514215528
2012-06-06,29.3560597106576,26.42045373959184,185.79312820833732,66.73350650154579
2012-06-07,29.41045179044353,26.469406611399176,187.9601252029936,66.68672786093629
2012-06-08,29.46484387022946,26.518359483206517,190.12712219764987,66.6399492203268
2012-06-09,29.52420977901582,26.57178880111424,188.9180048957528,66.41990295547757
2012-06-10,29.583575687802178,26.62521811902196,187.7088875938557,66.19985669062834
2012-06-11,29.64294159658854,26.678647436929687,186.4997702919586,65.9798104257791
2012-06-12,29.702307505374897,26.732076754837408,185.29065299006152,65.75976416092988
2012-06-13,29.761673414161255,26.78550607274513,184.0815356881644,65.53971789608065
2012-06-14,29.821039322947616,26.838935390652857,182.87241838626736,65.31967163123142
2012-06-15,29.880405231733977,26.89236470856058,181.66330108437023,65.09962536638218
2012-06-16,29.933737260734603,26.940363534661145,177.29591633575114,64.72621031230938
2012-06-17,29.987069289735228,26.98836236076171,172.92853158713203,64.35279525823657
2012-06-18,30.040401318735853,27.036361186862276,168.5611468385129,63.97938020416376
2012-06-19,30.09373334773648,27.084360012962836,164.19376208989382,63.60596515009096
2012-06-20,30.147065376737107,27.1323588390634,159.8263773412747,63.23255009601815
2012-06-21,30.20039740573773,27.18035766516396,155.4589925926556,62.85913504194534
2012-06-22,30.25372943473836,27.228356491264524,151.09160784403647,62.485719987872535
2012-06-23,30.292586977285676,27.263328279557108,144.97414718554015,62.030066600649526
2012-06-24,30.331444519832992,27.29830006784969,138.85668652704385,61.57441321342653
2012-06-25,30.370302062380308,27.33327185614228,132.73922586854752,61.11875982620352
2012-06-26,30.409159604927627,27.368243644434862,126.6217652100512,60.663106438980506
2012-06-27,30.448017147474943,27.40321543272745,120.5043045515549,60.2074530517575
2012-06-28,30.486874690022265,27.43818722102004,114.38684389305855,59.751799664534495
2012-06-29,30.525732232569577,27.47315900931262,108.26938323456226,59.296146277311486
2012-06-30,30.541731192562484,27.48755807330624,101.83624169998222,58.83051279359537
2012-07-01,30.557730152555397,27.50195713729985,95.40310016540218,58.36487930987925
2012-07-02,30.5737291125483,27.51635620129347,88.96995863082215,57.89924582616313
2012-07-03,30.58972807254121,27.530755265287087,82.53681709624212,57.43361234244701
2012-07-04,30.605727032534112,27.545154329280702,76.10367556166207,56.967978858730895
2012-07-05,30.621725992527026,27.55955339327432,69.67053402708204,56.50234537501478
2012-07-06,30.637724952519928,27.573952457267936,63.237392492502,56.03671189129866
2012-07-07,30.622605840220007,27.560345256198005,58.00173056770856,55.63299517729345
2012-07-08,30.607486727920083,27.54673805512808,52.76606864291511,55.22927846328824
2012-07-09,30.59236761562016,27.533130854058147,47.53040671812165,54.82556174928303
2012-07-10,30.57724850332024,27.51952365298822,42.294744793328206,54.42184503527782
2012-07-11,30.56212939102032,27.50591645191829,37.05908286853476,54.01812832127261
2012-07-12,30.5470102787204,27.49230925084836,31.82342094374131,53.6144116072674
2012-07-13,30.53189116642048,27.47870204977843,26.587759018947864,53.21069489326219
2012-07-14,30.48996744364051,27.44097069927646,24.63905446815746,52.9043290447084
2012-07-15,30.44804372086054,27.403239348774488,22.690349917367055,52.5979631961546
2012-07-16,30.406119998080573,27.36550799827252,20.741645366576652,52.2915973476008
2012-07-17,30.364196275300607,27.32777664777055,18.79294081578625,51.985231499047
2012-07-18,30.32227255252064,27.290045297268577,16.844236264995846,51.6788656504932
2012-07-19,30.28034882974067,27.25231394676661,14.895531714205443,51.3724998019394
2012-07-20,30.238425106960705,27.214582596264638,12.94682716341504,51.0661339533856
2012-07-21,30.19718582218452,27.177467239966067,12.124533590772105,50.82534163251913
2012-07-22,30.15594653740833,27.1403518836675,11.30224001812917,50.58454931165266
2012-07-23,30.114707252632144,27.10323652736893,10.479946445486238,50.34375699078618
2012-07-24,30.07346796785596,27.06612117107036,9.657652872843304,50.102964669919714
2012-07-25,30.03222868307977,27.029005814771796,8.83535930020037,49.86217234905324
2012-07-26,29.990989398303583,26.991890458473225,8.013065727557436,49.62138002818677
2012-07-27,29.9497501135274,26.954775102174658,7.190772154914503,49.380587707320295
2012-07-28,29.939181399699507,26.945263259729558,6.702944751186665,49.16634979093431
2012-07-29,29.928612685871613,26.93575141728445,6.215117347458828,48.95211187454832
2012-07-30,29.918043972043723,26.92623957483935,5.727289943730991,48.73787395816234
2012-07-31,29.90747525821583,26.91672773239425,5.239462540003153,48.52363604177635
2012-08-01,29.89690654438794,26.907215889949143,4.751635136275316,48.309398125390366
2012-08-02,29.886337830560045,26.89770404750405,4.263807732547479,48.095160209004376
2012-08-03,29.875769116732155,26.888192205058942,3.775980328819641,47.88092229261839
2012-08-04,29.925857106797064,26.93327139611736,3.5292268857851536,47.654219657505934
2012-08-05,29.975945096861977,26.97835058717578,3.282473442750666,47.42751702239347
2012-08-06,30.026033086926887,27.0234297782342,3.0357199997161786,47.20081438728101
2012-08-07,30.0761210769918,27.06850896929262,2.788966556681691,46.97411175216854
2012-08-08,30.126209067056703,27.11358816035104,2.5422131136472035,46.74740911705608
2012-08-09,30.17629705712162,27.158667351409456,2.295459670612716,46.52070648194361
2012-08-10,30.22638504718653,27.20374654246788,2.0487062275782284,46.29400384683115
2012-08-11,30.359064702164225,27.3231582319478,4.139831360397473,46.02676791270283
2012-08-12,30.49174435714192,27.44256992142773,6.230956493216716,45.75953197857451
2012-08-13,30.62442401211961,27.56198161090765,8.32208162603596,45.492296044446185
2012-08-14,30.757103667097308,27.68139330038758,10.413206758855203,45.225060110317855
2012-08-15,30.889783322075004,27.800804989867505,12.504331891674449,44.95782417618953
2012-08-16,31.022462977052697,27.92021667934743,14.595457024493694,44.69058824206121
2012-08-17,31.155142632030397,28.039628368827355,16.686582157312937,44.42335230793289
2012-08-18,31.35045753153709,28.21541177838338,19.433149927430645,44.144491711510014
2012-08-19,31.545772431043787,28.39119518793941,22.17971769754835,43.86563111508714
2012-08-20,31.741087330550485,28.566978597495435,24.926285467666062,43.58677051866427
2012-08-21,31.93640223005718,28.74276200705146,27.67285323778377,43.3079099222414
2012-08-22,32.131717129563874,28.918545416607486,30.41942100790148,43.02904932581853
2012-08-23,32.32703202907057,29.094328826163515,33.165988778019184,42.75018872939565
2012-08-24,32.52234692857727,29.27011223571954,35.91255654813689,42.47132813297278
2012-08-25,32.74675901326423,29.47208311193781,38.663309329894034,42.22822414101983
2012-08-26,32.9711710979512,29.674053988156075,41.414062111651184,41.98512014906689
2012-08-27,33.19558318263816,29.87602486437434,44.16481489340833,41.74201615711394
2012-08-28,33.41999526732512,30.07799574059261,46.91556767516548,41.498912165161
2012-08-29,33.64440735201208,30.279966616810874,49.66632045692262,41.255808173208045
2012-08-30,33.86881943669905,30.481937493029143,52.41707323867976,41.0127041812551
2012-08-31,34.09323152138601,30.68390836924741,55.16782602043691,40.76960018930215
2012-09-01,34.31319569354158,30.88187612418742,57.45877163424969,40.609643641586885
2012-09-02,34.53315986569715,31.079843879127434,59.74971724806248,40.44968709387161
2012-09-03,34.75312403785272,31.277811634067447,62.040662861875255,40.28973054615634
2012-09-04,34.973088210008285,31.47577938900746,64.33160847568803,40.12977399844107
2012-09-05,35.193052382163856,31.673747143947477,66.62255408950081,39.9698174507258
2012-09-06,35.41301655431943,31.87171489888749,68.91349970331359,39.80986090301053
2012-09-07,35.632980726475,32.0696826538275,71.20444531712637,39.649904355295256
2012-09-08,35.81580817690806,32.23422735921726,72.58310544367643,39.61795438196957
2012-09-09,35.99863562734112,32.39877206460701,73.9617655702265,39.58600440864387
2012-09-10,36.18146307777418,32.56331676999677,75.34042569677656,39.554054435318186
2012-09-11,36.36429052820725,32.72786147538652,76.71908582332664,39.5221044619925
2012-09-12,36.54711797864031,32.89240618077628,78.0977459498767,39.49015448866681
2012-09-13,36.729945429073375,33.05695088616603,79.47640607642677,39.45820451534112
2012-09-14,36.912772879506434,33.22149559155579,80.85506620297683,39.42625454201543
2012-09-15,37.04109428634512,33.336984857710604,81.29411031527505,39.52187655221767
2012-09-16,37.16941569318381,33.45247412386543,81.73315442757327,39.61749856241991
2012-09-17,37.297737100022495,33.567963390020246,82.17219853987149,39.71312057262215
2012-09-18,37.42605850686119,33.683452656175064,82.61124265216971,39.80874258282439
2012-09-19,37.55437991369988,33.79894192232988,83.05028676446793,39.90436459302663
2012-09-20,37.68270132053856,33.914431188484706,83.48933087676615,39.99998660322887
2012-09-21,37.81102272737725,34.02992045463952,83.92837498906437,40.09560861343111
2012-09-22,37.8806917360214,34.09262256241926,83.79889258795258,40.27927288353908
2012-09-23,37.95036074466555,34.15532467019899,83.66941018684079,40.46293715364705
2012-09-24,38.0200297533097,34.21802677797873,83.539927785729,40.646601423755016
2012-09-25,38.089698761953855,34.28072888575847,83.41044538461722,40.83026569386298
2012-09-26,38.159367770598,34.343430993538206,83.28096298350543,41.01392996397095
2012-09-27,38.22903677924216,34.40613310131794,83.15148058239365,41.19759423407892
2012-09-28,38.29870578788631,34.46883520909768,83.02199818128186,41.38125850418689
2012-09-29,38.30601017925687,34.47540916133118,82.70775641687194,41.61215174195964
2012-09-30,38.31331457062743,34.48198311356469,82.39351465246204,41.843044979732376
2012-10-01,38.32061896199799,34.48855706579819,82.07927288805213,42.07393821750512
2012-10-02,38.32792335336856,34.4951310180317,81.76503112364222,42.30483145527787
2012-10-03,38.33522774473912,34.5017049702652,81.4507893592323,42.53572469305062
2012-10-04,38.34253213610968,34.50827892249871,81.1365475948224,42.76661793082336
2012-10-05,38.34983652748024,34.51485287473221,80.82230583041249,42.997511168596105
2012-10-06,38.291118180831305,34.46200636274818,80.70667268838547,43.234896147872185
2012-10-07,38.23239983418237,34.40915985076414,80.59103954635843,43.47228112714826
2012-10-08,38.17368148753344,34.356313338780105,80.47540640433141,43.70966610642434
2012-10-09,38.11496314088452,34.30346682679607,80.35977326230437,43.94705108570043
2012-10-10,38.05624479423559,34.25062031481203,80.24414012027735,44.18443606497651
2012-10-11,37.99752644758666,34.197773802828,80.12850697825031,44.42182104425259
2012-10-12,37.93880810093773,34.14492729084396,80.01287383622329,44.65920602352867
2012-10-13,37.82187774214793,34.03968996793314,80.39459444292221,44.87847152698105
2012-10-14,37.70494738335814,33.934452645022326,80.77631504962113,45.09773703043343
2012-10-15,37.58801702456834,33.82921532211151,81.15803565632005,45.31700253388581
2012-10-16,37.47108666577855,33.7239779992007,81.53975626301897,45.53626803733819
2012-10-17,37.35415630698876,33.61874067628988,81.92147686971789,45.75553354079057
2012-10-18,37.23722594819896,33.513503353379065,82.30319747641681,45.97479904424295
2012-10-19,37.12029558940917,33.40826603046825,82.68491808311573,46.19406454769533
2012-10-20,36.97855245592972,33.28069721033675,83.67393278909667,46.40657861355714
2012-10-21,36.83680932245027,33.15312839020524,84.66294749507762,46.61909267941894
2012-10-22,36.69506618897082,33.02555957007374,85.65196220105855,46.831606745280745
2012-10-23,36.553323055491376,32.89799074994224,86.64097690703949,47.04412081114255
2012-10-24,36.41157992201192,32.77042192981074,87.62999161302042,47.25663487700435
2012-10-25,36.26983678853248,32.64285310967923,88.61900631900137,47.46914894286616
2012-10-26,36.12809365505303,32.51528428954773,89.6080210249823,47.68166300872796
2012-10-27,35.9983992776558,32.39855934989023,91.28872365722724,47.90366190431432
2012-10-28,35.86870490025858,32.281834410232726,92.9694262894722,48.12566079990067
2012-10-29,35.73901052286135,32.16510947057522,94.65012892171714,48.34765969548703
2012-10-30,35.60931614546413,32.04838453091772,96.33083155396208,48.56965859107338
2012-10-31,35.4796217680669,31.93165959126021,98.01153418620702,48.791657486659744
2012-11-01,35.34992739066968,31.81493465160271,99.69223681845196,49.0136563822461
2012-11-02,35.22023301327245,31.698209711945207,101.3729394506969,49.23565527783246
2012-11-03,35.139448922729265,31.625504030456344,103.82972383618817,49.48337527045857
2012-11-04,35.05866483218609,31.55279834896748,106.2865082216794,49.7310952630847
2012-11-05,34.977880741642906,31.48009266747862,108.74329260717064,49.97881525571081
2012-11-06,34.89709665109972,31.407386985989756,111.20007699266188,50.22653524833694
2012-11-07,34.81631256055654,31.33468130450089,113.65686137815312,50.47425524096305
2012-11-08,34.735528470013364,31.261975623012027,116.11364576364436,50.72197523358918
2012-11-09,34.65474437947018,31.189269941523165,118.57043014913562,50.96969522621529
2012-11-10,34.65197086593542,31.18677377934188,121.830984423356,51.25568707435456
2012-11-11,34.649197352400655,31.1842776171606,125.09153869757635,51.54167892249383
2012-11-12,34.64642383886589,31.181781454979312,128.35209297179674,51.8276707706331
2012-11-13,34.64365032533114,31.179285292798024,131.6126472460171,52.11366261877237
2012-11-14,34.640876811796375,31.17678913061674,134.87320152023747,52.39965446691164
2012-11-15,34.63810329826161,31.174292968435456,138.13375579445784,52.68564631505091
2012-11-16,34.63532978472685,31.17179680625417,141.3943100686782,52.97163816319018
2012-11-17,34.68971097200867,31.22073987480781,145.12132930775635,53.28473040075829
2012-11-18,34.74409215929049,31.26968294336144,148.8483485468345,53.597822638326406
2012-11-19,34.79847334657231,31.31862601191508,152.57536778591265,53.91091487589452
2012-11-20,34.85285453385412,31.367569080468712,156.30238702499076,54.22400711346264
2012-11-21,34.90723572113594,31.41651214902235,160.0294062640689,54.537099351030754
2012-11-22,34.96161690841776,31.465455217575983,163.75642550314706,54.85019158859887
2012-11-23,35.01599809569958,31.51439828612962,167.4834447422252,55.16328382616698
2012-11-24,35.086888730578394,31.57819985752056,171.19503756195363,55.48290778789413
2012-11-25,35.15777936545721,31.642001428911488,174.90663038168205,55.80253174962128
2012-11-26,35.228670000336024,31.705803000302424,178.61822320141047,56.12215571134843
2012-11-27,35.299560635214846,31.76960457169336,182.32981602113887,56.44177967307557
2012-11-28,35.37045127009366,31.833406143084297,186.0414088408673,56.76140363480272
2012-11-29,35.441341904972475,31.89720771447523,189.7530016605957,57.08102759652987
2012-11-30,35.51223253985129,31.961009285866165,193.4645944803241,57.40065155825702
2012-12-01,35.55893795254181,32.00304415728763,196.67850844590035,57.70621511288387
2012-12-02,35.605643365232325,32.0450790287091,199.8924224114766,58.011778667510725
2012-12-03,35.652348777922846,32.08711390013056,203.1063363770528,58.317342222137576
2012-12-04,35.69905419061336,32.129148771552025,206.32025034262904,58.622905776764426
2012-12-05,35.74575960330388,32.171183642973496,209.53416430820525,58.92846933139128
2012-12-06,35.792465015994395,32.21321851439496,212.74807827378143,59.23403288601813
2012-12-07,35.83917042868492,32.255253385816424,215.9619922393577,59.539596440644985
2012-12-08,35.822479794539234,32.24023181508531,218.2087661505855,59.810928800057255
2012-12-09,35.80578916039355,32.225210244354194,220.45554006181328,60.082261159469525
2012-12-10,35.78909852624787,32.21018867362308,222.70231397304107,60.353593518881794
2012-12-11,35.77240789210219,32.19516710289197,224.9490878842689,60.624925878294064
2012-12-12,35.755717257956505,32.18014553216086,227.19586179549668,60.896258237706334
2012-12-13,35.73902662381082,32.16512396142974,229.44263570672447,61.16759059711861
2012-12-14,35.72233598966514,32.15010239069863,231.68940961795224,61.43892295653088
2012-12-15,35.63929646306457,32.07536681675811,232.8121380153722,61.666148915708895
2012-12-16,35.556256936464,32.0006312428176,233.93486641279216,61.89337487488691
2012-12-17,35.47321740986342,31.92589566887708,235.0575948102121,62.12060083406493
2012-12-18,35.390177883262844,31.851160094936564,236.18032320763203,62.34782679324295
2012-12-19,35.30713835666227,31.77642452099605,237.303051605052,62.57505275242097
2012-12-20,35.2240988300617,31.701688947055533,238.42578000247192,62.80227871159899
2012-12-21,35.14105930346113,31.62695337311502,239.54850839989183,63.02950467077701
2012-12-22,35.026200105689895,31.523580095120916,239.71339360608155,63.21339219193487
2012-12-23,34.91134090791867,31.420206817126804,239.8782788122712,63.397279713092736
2012-12-24,34.79648171014744,31.3168335391327,240.0431640184609,63.5811672342506
2012-12-25,34.681622512376215,31.213460261138597,240.2080492246506,63.765054755408464
2012-12-26,34.566763314604984,31.110086983144488,240.3729344308403,63.94894227656633
2012-12-27,34.45190411683376,31.00671370515038,240.53781963703,64.13282979772418
2012-12-28,34.33704491906253,30.903340427156277,240.7027048432197,64.31671731888206
2012-12-29,34.226624018728266,30.80396161685544,240.09085155299763,64.45852524823218
2012-12-30,34.11620311839401,30.70458280655461,239.4789982627756,64.60033317758231
2012-12-31,34.00578221805975,30.605203996253778,238.8671449725536,64.74214110693244
2013-01-01,33.895361317725495,30.505825185952947,238.25529168233152,64.88394903628257
2013-01-02,33.78494041739123,30.40644637565212,237.6434383921095,65.0257569656327
2013-01-03,33.67451951705698,30.30706756535128,237.03158510188743,65.16756489498283
2013-01-04,33.56409861672272,30.20768875505045,236.41973181166543,65.30937282433295
2013-01-05,33.49435199279482,30.144916793515343,235.2122970993325,65.41036159686674
2013-01-06,33.42460536886692,30.08214483198023,234.00486238699955,65.51135036940052
2013-01-07,33.35485874493902,30.01937287044512,232.7974276746666,65.6123391419343
2013-01-08,33.28511212101112,29.95660090891001,231.5899929623337,65.7133279144681
2013-01-09,33.21536549708322,29.893828947374903,230.3825582500008,65.81431668700188
2013-01-10,33.14561887315532,29.83105698583979,229.17512353766784,65.91530545953566
2013-01-11,33.07587224922742,29.76828502430468,227.96768882533487,66.01629423206944
2013-01-12,33.06894659730703,29.76205193757633,226.3793905429921,66.07874225121449
2013-01-13,33.06202094538664,29.755818850847977,224.79109226064932,66.14119027035954
2013-01-14,33.05509529346625,29.749585764119622,223.20279397830657,66.2036382895046
2013-01-15,33.048169641545854,29.74335267739127,221.6144956959638,66.26608630864965
2013-01-16,33.041243989625464,29.73711959066292,220.02619741362105,66.3285343277947
2013-01-17,33.03431833770507,29.730886503934567,218.43789913127827,66.39098234693975
2013-01-18,33.02739268578468,29.724653417206216,216.8496008489355,66.4534303660848
2013-01-19,33.06716913567986,29.760452222111876,215.1863057110816,66.4823807705041
2013-01-20,33.10694558557503,29.796251027017533,213.5230105732276,66.51133117492338
2013-01-21,33.14672203547021,29.83204983192319,211.8597154353737,66.54028157934268
2013-01-22,33.186498485365384,29.86784863682885,210.1964202975197,66.56923198376195
2013-01-23,33.22627493526056,29.903647441734503,208.5331251596658,66.59818238818124
2013-01-24,33.266051385155734,29.939446246640163,206.86983002181185,66.62713279260053
2013-01-25,33.30582783505091,29.97524505154582,205.20653488395791,66.65608319701983
2013-01-26,33.369753172420126,30.03277785517811,203.7894362607236,66.6570440148303
2013-01-27,33.43367850978934,30.0903106588104,202.3723376374892,66.65800483264078
2013-01-28,33.49760384715855,30.14784346244269,200.95523901425483,66.65896565045126
2013-01-29,33.561529184527764,30.205376266074985,199.53814039102045,66.65992646826176
2013-01-30,33.62545452189698,30.26290906970728,198.1210417677861,66.66088728607224
2013-01-31,33.68937985926619,30.32044187333957,196.7039431445517,66.66184810388272
2013-02-01,33.7533051966354,30.37797467697186,195.28684452131736,66.6628089216932
2013-02-02,33.8188262071371,30.43694358642339,194.437135782834,66.64128818101182
2013-02-03,33.8843472176388,30.49591249587492,193.58742704435068,66.61976744033043
2013-02-04,33.949868228140495,30.55488140532645,192.73771830586733,66.59824669964905
2013-02-05,34.0153892386422,30.61385031477798,191.888009567384,66.57672595896769
2013-02-06,34.0809102491439,30.67281922422951,191.03830082890065,66.5552052182863
2013-02-07,34.146431259645595,30.731788133681043,190.18859209041727,66.53368447760492
2013-02-08,34.21195227014729,30.79075704313257,189.33888335193396,66.51216373692354
2013-02-09,34.258146491039135,30.83233184193523,189.3076026435076,66.47464031078337
2013-02-10,34.30434071193098,30.87390664073789,189.27632193508128,66.43711688464322
2013-02-11,34.350534932822825,30.915481439540542,189.2450412266549,66.39959345850305
2013-02-12,34.396729153714666,30.957056238343203,189.21376051822853,66.36207003236288
2013-02-13,34.44292337460651,30.99863103714586,189.1824798098022,66.32454660622271
2013-02-14,34.48911759549836,31.04020583594852,189.15119910137588,66.28702318008256
2013-02-15,34.5353118163902,31.081780634751176,189.11991839294956,66.24949975394239
2013-02-16,34.55434517270775,31.09891065543697,189.59503908189416,66.21024450205361
2013-02-17,34.5733785290253,31.116040676122765,190.0701597708388,66.17098925016484
2013-02-18,34.59241188534285,31.13317069680856,190.54528045978336,66.13173399827606
2013-02-19,34.61144524166039,31.15030071749436,191.020401148728,66.09247874638727
2013-02-20,34.63047859797794,31.16743073818015,191.49552183767264,66.0532234944985
2013-02-21,34.64951195429549,31.184560758865945,191.97064252661724,66.01396824260972
2013-02-22,34.66854531061304,31.20169077955174,192.44576321556187,65.97471299072095
2013-02-23,34.65888145877401,31.192993312896608,192.84432914122203,65.95174603816228
2013-02-24,34.649217606934975,31.18429584624148,193.2428950668822,65.92877908560361
2013-02-25,34.639553755095946,31.175598379586347,193.6414609925424,65.90581213304495
2013-02-26,34.62988990325691,31.16690091293122,194.04002691820256,65.88284518048627
2013-02-27,34.62022605141788,31.158203446276087,194.43859284386272,65.85987822792761
2013-02-28,34.610562199578844,31.14950597962096,194.8371587695229,65.83691127536893
2013-03-01,34.600898347739815,31.140808512965823,195.23572469518305,65.81394432281027
2013-03-02,34.56104116249543,31.104937046245883,194.97304949701805,65.82530973807685
2013-03-03,34.52118397725105,31.069065579525937,194.71037429885305,65.83667515334345
2013-03-04,34.48132679200666,31.033194112805997,194.44769910068808,65.84804056861003
2013-03-05,34.44146960676228,30.997322646086047,194.18502390252308,65.85940598387663
2013-03-06,34.401612421517896,30.961451179366104,193.9223487043581,65.87077139914321
2013-03-07,34.36175523627352,30.92557971264616,193.6596735061931,65.8821368144098
2013-03-08,34.32189805102913,30.88970824592621,193.3969983080281,65.89350222967639
2013-03-09,34.25059456686719,30.825535110180475,191.9040049622609,65.95624952296724
2013-03-10,34.17929108270526,30.76136197443473,190.4110116164937,66.01899681625811
2013-03-11,34.107987598543325,30.69718883868899,188.9180182707265,66.08174410954896
2013-03-12,34.03668411438139,30.633015702943247,187.4250249249593,66.14449140283982
2013-03-13,33.96538063021945,30.568842567197507,185.9320315791921,66.20723869613067
2013-03-14,33.89407714605752,30.504669431451763,184.43903823342487,66.26998598942154
2013-03-15,33.82277366189558,30.440496295706023,182.9460448876577,66.3327332827124
2013-03-16,33.72728228350545,30.354554055154907,180.20003319127528,66.42909923591348
2013-03-17,33.631790905115324,30.268611814603787,177.45402149489286,66.52546518911458
2013-03-18,33.536299526725195,30.18266957405267,174.7080097985104,66.62183114231567
2013-03-19,33.44080814833506,30.096727333501555,171.96199810212795,66.71819709551676
2013-03-20,33.34531676994493,30.01078509295044,169.2159864057455,66.81456304871784
2013-03-21,33.2498253915548,29.92484285239932,166.46997470936307,66.91092900191894
2013-03-22,33.15433401316467,29.838900611848203,163.72396301298062,67.00729495512003
2013-03-23,33.05245395094057,29.74720855584651,160.378886670966,67.07640293870267
2013-03-24,32.95057388871646,29.65551649984482,157.03381032895143,67.1455109222853
2013-03-25,32.84869382649236,29.563824443843124,153.68873398693682,67.21461890586794
2013-03-26,32.74681376426826,29.472132387841437,150.34365764492222,67.28372688945056
2013-03-27,32.64493370204416,29.38044033183974,146.9985813029076,67.3528348730332
2013-03-28,32.54305363982005,29.28874827583805,143.65350496089303,67.42194285661583
2013-03-29,32.44117357759595,29.197056219836355,140.30842861887842,67.49105084019847
2013-03-30,32.35135891644898,29.11622302480408,137.06028019107282,67.46934569366933
2013-03-31,32.261544255302006,29.03538982977181,133.81213176326722,67.44764054714018
2013-04-01,32.17172959415504,28.954556634739536,130.5639833354616,67.42593540061104
2013-04-02,32.08191493300807,28.873723439707263,127.315834907656,67.4042302540819
2013-04-03,31.992100271861094,28.79289024467499,124.0676864798504,67.38252510755275
2013-04-04,31.90228561071413,28.71205704964272,120.8195380520448,67.36081996102361
2013-04-05,31.81247094956716,28.631223854610443,117.5713896242392,67.33911481449447
2013-04-06,31.753174207809145,28.577856787028228,115.11611852374864,67.16304932910141
2013-04-07,31.693877466051124,28.52448971944601,112.66084742325806,66.98698384370834
2013-04-08,31.634580724293105,28.471122651863794,110.2055763227675,66.81091835831529
2013-04-09,31.575283982535087,28.417755584281576,107.75030522227694,66.63485287292222
2013-04-10,31.51598724077707,28.36438851669936,105.29503412178636,66.45878738752917
2013-04-11,31.45669049901905,28.311021449117145,102.8397630212958,66.2827219021361
2013-04-12,31.39739375726103,28.257654381534927,100.38449192080525,66.10665641674305
2013-04-13,31.379134830829926,28.241221347746933,99.19957002300306,65.75294777078042
2013-04-14,31.360875904398824,28.22478831395894,98.01464812520088,65.39923912481781
2013-04-15,31.34261697796772,28.208355280170945,96.82972622739872,65.04553047885518
2013-04-16,31.324358051536617,28.191922246382955,95.64480432959655,64.69182183289256
2013-04-17,31.30609912510551,28.17548921259496,94.4598824317944,64.33811318692993
2013-04-18,31.28784019867441,28.159056178806967,93.27496053399224,63.98440454096731
2013-04-19,31.269581272243304,28.142623145018973,92.09003863619006,63.63069589500469
2013-04-20,31.276501564065597,28.148851407659038,91.92643049886291,63.20995316307239
2013-04-21,31.283421855887884,28.15507967029909,91.7628223615358,62.78921043114008
2013-04-22,31.290342147710174,28.16130793293916,91.59921422420868,62.36846769920777
2013-04-23,31.297262439532467,28.16753619557922,91.43560608688156,61.947724967275455
2013-04-24,31.30418273135476,28.17376445821928,91.27199794955445,61.52698223534315
2013-04-25,31.311103023177047,28.179992720859342,91.10838981222732,61.10623950341084
2013-04-26,31.318023314999337,28.186220983499403,90.94478167490018,60.68549677147853
2013-04-27,31.32878814173887,28.195909327564983,91.40263138478664,60.336124534679534
2013-04-28,31.3395529684784,28.205597671630564,91.86048109467308,59.98675229788053
2013-04-29,31.350317795217933,28.215286015696144,92.31833080455954,59.63738006108153
2013-04-30,31.36108262195747,28.22497435976172,92.77618051444598,59.28800782428252
2013-05-01,31.371847448697,28.2346627038273,93.23403022433244,58.938635587483525
2013-05-02,31.38261227543653,28.24435104789288,93.69187993421887,58.58926335068452
2013-05-03,31.393377102176064,28.25403939195846,94.14972964410534,58.23989111388552
2013-05-04,31.38665178049669,28.24798660244702,94.8291812879439,58.10029395332264
2013-05-05,31.379926458817312,28.241933812935585,95.50863293178246,57.96069679275976
2013-05-06,31.373201137137936,28.235881023424145,96.18808457562102,57.82109963219688
2013-05-07,31.36647581545856,28.229828233912706,96.8675362194596,57.681502471634
2013-05-08,31.35975049377918,28.223775444401262,97.54698786329816,57.54190531107112
2013-05-09,31.353025172099805,28.21772265488983,98.22643950713672,57.40230815050824
2013-05-10,31.34629985042043,28.21166986537839,98.90589115097528,57.26271098994536
2013-05-11,31.303098229489237,28.172788406540317,99.42894904618882,57.45240436480731
2013-05-12,31.25989660855804,28.13390694770224,99.95200694140236,57.64209773966925
2013-05-13,31.21669498762684,28.09502548886416,100.47506483661589,57.8317911145312
2013-05-14,31.173493366695645,28.05614403002608,100.9981227318294,58.02148448939315
2013-05-15,31.13029174576445,28.017262571188,101.52118062704297,58.2111778642551
2013-05-16,31.087090124833253,27.97838111234993,102.04423852225648,58.400871239117045
2013-05-17,31.043888503902057,27.93949965351185,102.56729641747002,58.59056461397899
2013-05-18,30.96901286479241,27.872111578313167,102.7773885187434,59.037734891859415
2013-05-19,30.89413722568277,27.804723503114488,102.98748062001675,59.48490516973984
2013-05-20,30.81926158657312,27.73733542791581,103.19757272129014,59.93207544762026
2013-05-21,30.74438594746347,27.669947352717127,103.40766482256352,60.37924572550069
2013-05-22,30.669510308353825,27.602559277518445,103.6177569238369,60.82641600338111
2013-05-23,30.59463466924418,27.535171202319766,103.82784902511028,61.27358628126154
2013-05-24,30.519759030134534,27.467783127121084,104.03794112638364,61.72075655914196
2013-05-25,30.43184036108126,27.388656324973137,103.90721352545168,62.24236655201903
2013-05-26,30.34392169202799,27.309529522825198,103.7764859245197,62.763976544896096
2013-05-27,30.25600302297472,27.230402720677247,103.64575832358771,63.28558653777316
2013-05-28,30.168084353921444,27.151275918529304,103.51503072265577,63.80719653065024
2013-05-29,30.08016568486817,27.07214911638136,103.3843031217238,64.3288065235273
2013-05-30,29.9922470158149,26.99302231423341,103.25357552079184,64.85041651640437
2013-05-31,29.904328346761627,26.913895512085467,103.12284791985984,65.37202650928144
2013-06-01,29.822168577078983,26.839951719371086,102.62503783458573,65.78366415913048
2013-06-02,29.74000880739634,26.76600792665671,102.1272277493116,66.19530180897954
2013-06-03,29.657849037713696,26.692064133942328,101.62941766403748,66.60693945882858
2013-06-04,29.57568926803105,26.618120341227947,101.13160757876337,67.01857710867762
2013-06-05,29.49352949834841,26.544176548513565,100.63379749348924,67.43021475852666
2013-06-06,29.411369728665765,26.470232755799188,100.13598740821512,67.84185240837571
2013-06-07,29.32920995898312,26.396288963084807,99.638177322941,68.25349005822476
2013-06-08,29.2714591148921,26.344313203402887,98.74763828035653,68.37293199796565
2013-06-09,29.213708270801074,26.292337443720967,97.85709923777203,68.49237393770655
2013-06-10,29.155957426710053,26.240361684039048,96.96656019518755,68.61181587744744
2013-06-11,29.09820658261903,26.188385924357128,96.07602115260308,68.73125781718835
2013-06-12,29.04045573852801,26.13641016467521,95.1854821100186,68.85069975692925
2013-06-13,28.982704894436985,26.08443440499329,94.29494306743412,68.97014169667014
2013-06-14,28.924954050345963,26.03245864531137,93.40440402484964,69.08958363641104
2013-06-15,28.90210229319795,26.01189206387816,92.12859618219724,68.85217765547172
2013-06-16,28.879250536049938,25.991325482444942,90.85278833954484,68.61477167453242
2013-06-17,28.856398778901923,25.97075890101173,89.57698049689242,68.3773656935931
2013-06-18,28.83354702175391,25.95019231957852,88.30117265424002,68.13995971265379
2013-06-19,28.810695264605894,25.929625738145305,87.02536481158761,67.90255373171448
2013-06-20,28.78784350745788,25.90905915671209,85.7495569689352,67.66514775077518
2013-06-21,28.764991750309868,25.88849257527888,84.47374912628278,67.42774176983586
2013-06-22,28.77540164432464,25.89786147989217,82.86933736171441,66.94357575974219
2013-06-23,28.78581153833941,25.907230384505468,81.26492559714603,66.45940974964851
2013-06-24,28.79622143235418,25.91659928911876,79.66051383257766,65.97524373955484
2013-06-25,28.80663132636895,25.925968193732054,78.0561020680093,65.49107772946117
2013-06-26,28.81704122038372,25.935337098345347,76.45169030344093,65.0069117193675
2013-06-27,28.82745111439849,25.944706002958643,74.84727853887254,64.52274570927382
2013-06-28,28.837861008413263,25.954074907571936,73.24286677430418,64.03857969918015
2013-06-29,28.87891039950506,25.991019359554556,71.37051121654636,63.43192983421362
2013-06-30,28.91995979059686,26.02796381153717,69.49815565878853,62.825279969247084
2013-07-01,28.961009181688656,26.064908263519783,67.6258001010307,62.21863010428056
2013-07-02,29.00205857278045,26.101852715502407,65.75344454327289,61.61198023931402
2013-07-03,29.04310796387225,26.138797167485023,63.88108898551507,61.00533037434749
2013-07-04,29.08415735496405,26.17574161946764,62.00873342775725,60.398680509380966
2013-07-05,29.125206746055845,26.212686071450257,60.13637786999943,59.79203064441443
2013-07-06,29.19427348013891,26.274846132125017,58.05673864777808,59.18717309885637
2013-07-07,29.263340214221973,26.337006192799773,55.97709942555673,58.58231555329832
2013-07-08,29.33240694830504,26.399166253474533,53.897460203335385,57.97745800774025
2013-07-09,29.401473682388104,26.461326314149293,51.81782098111403,57.37260046218219
2013-07-10,29.47054041647117,26.523486374824053,49.738181758892686,56.76774291662413
2013-07-11,29.539607150554232,26.58564643549881,47.65854253667133,56.16288537106608
2013-07-12,29.608673884637295,26.64780649617357,45.57890331444999,55.55802782550801
2013-07-13,29.702339925233414,26.732105932710077,43.40753929486451,55.05455483932402
2013-07-14,29.796005965829533,26.81640536924658,41.23617527527904,54.55108185314002
2013-07-15,29.88967200642565,26.90070480578309,39.06481125569356,54.047608866956026
2013-07-16,29.983338047021768,26.98500424231959,36.89344723610809,53.54413588077203
2013-07-17,30.077004087617883,27.06930367885609,34.722083216522606,53.04066289458804
2013-07-18,30.170670128214,27.153603115392603,32.55071919693713,52.53718990840404
2013-07-19,30.26433616881012,27.237902551929107,30.379355177351652,52.03371692222005
2013-07-20,30.375929725583475,27.33833675302513,28.52146815932711,51.63030702342664
2013-07-21,30.487523282356836,27.438770954121143,26.663581141302565,51.226897124633226
2013-07-22,30.59911683913019,27.539205155217168,24.805694123278023,50.82348722583982
2013-07-23,30.710710395903543,27.63963935631319,22.947807105253474,50.42007732704641
2013-07-24,30.8223039526769,27.74007355740921,21.089920087228933,50.016667428253
2013-07-25,30.933897509450254,27.84050775850523,19.232033069204387,49.61325752945959
2013-07-26,31.04549106622361,27.94094195960125,17.374146051179842,49.20984763066618
2013-07-27,31.16750896876906,28.05075807189215,16.11511507934312,48.87939446848566
2013-07-28,31.289526871314504,28.16057418418305,14.856084107506396,48.54894130630513
2013-07-29,31.411544773859948,28.270390296473952,13.597053135669674,48.218488144124606
2013-07-30,31.5335626764054,28.38020640876485,12.33802216383295,47.88803498194408
2013-07-31,31.65558057895084,28.49002252105575,11.078991191996227,47.55758181976355
2013-08-01,31.777598481496284,28.59983863334665,9.819960220159505,47.22712865758302
2013-08-02,31.899616384041728,28.70965474563755,8.56092924832278,46.8966754954025
2013-08-03,32.02455546164112,28.822099915477004,7.976732502230326,46.61207270935187
2013-08-04,32.149494539240514,28.934545085316454,7.392535756137871,46.32746992330125
2013-08-05,32.27443361683991,29.04699025515591,6.808339010045416,46.04286713725062
2013-08-06,32.39937269443929,29.15943542499537,6.224142263952961,45.7582643512
2013-08-07,32.524311772038686,29.271880594834823,5.6399455178605065,45.47366156514937
2013-08-08,32.64925084963808,29.38432576467428,5.055748771768052,45.18905877909874
2013-08-09,32.77418992723747,29.49677093451373,4.471552025675597,44.90445599304812
2013-08-10,32.89448527264205,29.60503674537785,5.118957378885435,44.641715358467785
2013-08-11,33.01478061804662,29.713302556241967,5.766362732095273,44.37897472388745
2013-08-12,33.1350759634512,29.821568367106085,6.413768085305112,44.11623408930712
2013-08-13,33.25537130885578,29.929834177970204,7.06117343851495,43.85349345472678
2013-08-14,33.37566665426036,30.03809998883432,7.708578791724788,43.59075282014645
2013-08-15,33.49596199966493,30.14636579969844,8.355984144934627,43.32801218556612
2013-08-16,33.616257345069506,30.25463161056256,9.003389498144465,43.06527155098578
2013-08-17,33.72354129614167,30.351187166527502,10.910071323803068,42.84094969969715
2013-08-18,33.83082524721383,30.44774272249245,12.81675314946167,42.61662784840851
2013-08-19,33.93810919828599,30.544298278457397,14.723434975120274,42.39230599711988
2013-08-20,34.04539314935815,30.640853834422337,16.630116800778875,42.16798414583125
2013-08-21,34.15267710043031,30.73740939038728,18.53679862643748,41.94366229454261
2013-08-22,34.25996105150247,30.83396494635223,20.44348045209608,41.71934044325398
2013-08-23,34.367245002574634,30.93052050231717,22.350162277754684,41.49501859196534
2013-08-24,34.45258850872434,31.00732965785191,24.924441822736835,41.35402628300133
2013-08-25,34.537932014874045,31.08413881338664,27.498721367718986,41.21303397403733
2013-08-26,34.62327552102375,31.160947968921377,30.073000912701133,41.07204166507332
2013-08-27,34.708619027173455,31.237757124456117,32.64728045768329,40.93104935610932
2013-08-28,34.79396253332316,31.31456627999085,35.221560002665434,40.79005704714531
2013-08-29,34.879306039472866,31.391375435525585,37.79583954764759,40.64906473818131
2013-08-30,34.96464954562257,31.46818459106032,40.370119092629736,40.5080724292173
2013-08-31,35.01911203690711,31.5172008332164,43.16220195422586,40.49590223121062
2013-09-01,35.07357452819164,31.566217075372485,45.95428481582198,40.48373203320394
2013-09-02,35.12803701947618,31.615233317528567,48.7463676774181,40.471561835197264
2013-09-03,35.18249951076072,31.66424955968465,51.53845053901422,40.45939163719059
2013-09-04,35.23696200204526,31.71326580184073,54.33053340061034,40.44722143918391
2013-09-05,35.29142449332979,31.76228204399682,57.12261626220646,40.435051241177234
2013-09-06,35.34588698461433,31.8112982861529,59.914699123802585,40.42288104317056
2013-09-07,35.360634232448234,31.82457080920341,62.46708949779465,40.584523090845394
2013-09-08,35.37538148028213,31.83784333225392,65.01947987178671,40.74616513852023
2013-09-09,35.39012872811603,31.851115855304432,67.57187024577878,40.90780718619507
2013-09-10,35.404875975949935,31.864388378354946,70.12426061977085,41.06944923386992
2013-09-11,35.41962322378384,31.87766090140545,72.6766509937629,41.23109128154476
2013-09-12,35.43437047161773,31.89093342445596,75.22904136775497,41.3927333292196
2013-09-13,35.449117719451635,31.904205947506476,77.78143174174704,41.554375376894434
2013-09-14,35.425049294820006,31.882544365338006,79.82019316998306,41.88883025689488
2013-09-15,35.40098087018838,31.86088278316954,81.85895459821906,42.22328513689533
2013-09-16,35.37691244555675,31.839221201001077,83.89771602645507,42.55774001689577
2013-09-17,35.352844020925126,31.81755961883261,85.93647745469109,42.89219489689621
2013-09-18,35.3287755962935,31.795898036664145,87.9752388829271,43.22664977689666
2013-09-19,35.30470717166187,31.77423645449568,90.0140003111631,43.56110465689711
2013-09-20,35.28063874703024,31.75257487232721,92.05276173939912,43.89555953689755
2013-09-21,35.23607157109256,31.7124644139833,93.62723466769724,44.31953560687042
2013-09-22,35.19150439515488,31.672353955639387,95.2017075959954,44.7435116768433
2013-09-23,35.1469372192172,31.63224349729548,96.77618052429352,45.16748774681617
2013-09-24,35.10237004327952,31.59213303895157,98.35065345259166,45.59146381678904
2013-09-25,35.05780286734184,31.55202258060765,99.9251263808898,46.01543988676192
2013-09-26,35.01323569140416,31.51191212226374,101.49959930918791,46.43941595673479
2013-09-27,34.96866851546648,31.47180166391983,103.07407223748606,46.86339202670767
2013-09-28,34.92372762248884,31.43135486023995,104.26715682087992,47.28505480303345
2013-09-29,34.87878672951119,31.39090805656007,105.46024140427376,47.70671757935924
2013-09-30,34.83384583653355,31.35046125288019,106.6533259876676,48.12838035568502
2013-10-01,34.788904943555906,31.310014449200317,107.84641057106144,48.5500431320108
2013-10-02,34.74396405057826,31.269567645520432,109.03949515445532,48.97170590833658
2013-10-03,34.699023157600614,31.229120841840555,110.23257973784916,49.39336868466237
2013-10-04,34.65408226462297,31.188674038160677,111.425664321243,49.81503146098815
2013-10-05,34.62889268887147,31.16600341998432,112.32026071476544,50.142546460047136
2013-10-06,34.60370311311996,31.14333280180797,113.21485710828787,50.47006145910613
2013-10-07,34.57851353736846,31.120662183631616,114.10945350181032,50.79757645816511
2013-10-08,34.55332396161696,31.097991565455267,115.00404989533276,51.1250914572241
2013-10-09,34.52813438586546,31.075320947278914,115.8986462888552,51.452606456283085
2013-10-10,34.50294481011395,31.05265032910256,116.79324268237764,51.78012145534208
2013-10-11,34.47775523436245,31.02997971092621,117.68783907590009,52.10763645440106
2013-10-12,34.48787352780398,31.03908617502358,118.3634294669002,52.27008454946783
2013-10-13,34.4979918212455,31.04819263912096,119.03901985790036,52.43253264453459
2013-10-14,34.50811011468703,31.057299103218327,119.71461024890048,52.59498073960136
2013-10-15,34.51822840812856,31.0664055673157,120.3902006399006,52.75742883466812
2013-10-16,34.52834670157009,31.075512031413076,121.06579103090074,52.91987692973488
2013-10-17,34.53846499501161,31.084618495510448,121.74138142190088,53.08232502480165
2013-10-18,34.54858328845314,31.09372495960782,122.416971812901,53.24477311986841
2013-10-19,34.58656961448472,31.12791265303625,122.9358333504157,53.27651690420992
2013-10-20,34.62455594051632,31.16210034646468,123.4546948879304,53.30826068855143
2013-10-21,34.6625422665479,31.196288039893112,123.97355642544508,53.340004472892936
2013-10-22,34.700528592579495,31.230475733321544,124.49241796295976,53.37174825723445
2013-10-23,34.73851491861108,31.264663426749976,125.01127950047446,53.40349204157596
2013-10-24,34.776501244642674,31.298851120178405,125.53014103798914,53.43523582591747
2013-10-25,34.81448757067426,31.33303881360684,126.04900257550383,53.466979610258974
2013-10-26,34.86568229297169,31.379114063674525,126.46801082429783,53.435435255548384
2013-10-27,34.91687701526912,31.42518931374221,126.88701907309186,53.403890900837794
2013-10-28,34.968071737566554,31.4712645638099,127.30602732188588,53.3723465461272
2013-10-29,35.019266459863985,31.517339813877587,127.72503557067988,53.34080219141661
2013-10-30,35.07046118216142,31.563415063945275,128.1440438194739,53.30925783670602
2013-10-31,35.12165590445885,31.60949031401296,128.56305206826792,53.27771348199544
2013-11-01,35.17285062675628,31.65556556408065,128.98206031706192,53.24616912728485
2013-11-02,35.222591527159175,31.700332374443256,129.35808891026696,53.21876462531882
2013-11-03,35.27233242756207,31.745099184805863,129.734117503472,53.19136012335279
2013-11-04,35.322073327964965,31.78986599516847,130.11014609667703,53.16395562138676
2013-11-05,35.37181422836787,31.83463280553108,130.48617468988203,53.13655111942074
2013-11-06,35.42155512877076,31.87939961589369,130.86220328308707,53.10914661745471
2013-11-07,35.47129602917366,31.92416642625629,131.2382318762921,53.08174211548868
2013-11-08,35.52103692957655,31.9689332366189,131.61426046949714,53.054337613522655
2013-11-09,35.555226239205695,31.999703615285128,132.00034754596493,53.095165213621314
2013-11-10,35.58941554883484,32.030473993951354,132.3864346224327,53.13599281371997
2013-11-11,35.62360485846398,32.06124437261759,132.77252169890048,53.17682041381863
2013-11-12,35.657794168093126,32.09201475128381,133.15860877536824,53.21764801391729
2013-11-13,35.69198347772227,32.12278512995004,133.54469585183602,53.25847561401595
2013-11-14,35.72617278735141,32.15355550861627,133.93078292830378,53.29930321411461
2013-11-15,35.76036209698055,32.1843258872825,134.31687000477157,53.34013081421327
2013-11-16,35.77454797632536,32.197093178692825,134.7005085637817,53.45627793391892
2013-11-17,35.78873385567017,32.20986047010316,135.08414712279185,53.57242505362456
2013-11-18,35.80291973501498,32.222627761513486,135.46778568180198,53.688572173330215
2013-11-19,35.8171056143598,32.23539505292382,135.85142424081215,53.80471929303586
2013-11-20,35.831291493704605,32.24816234433415,136.2350627998223,53.92086641274151
2013-11-21,35.84547737304942,32.26092963574448,136.61870135883242,54.03701353244716
2013-11-22,35.85966325239423,32.27369692715481,137.00233991784256,54.153160652152806
2013-11-23,35.857485350128925,32.27173681511604,137.3160404160751,54.30389620389738
2013-11-24,35.85530744786362,32.26977670307727,137.62974091430766,54.45463175564196
2013-11-25,35.85312954559832,32.267816591038496,137.9434414125402,54.60536730738653
2013-11-26,35.850951643333026,32.26585647899972,138.2571419107728,54.7561028591311
2013-11-27,35.848773741067724,32.26389636696095,138.57084240900534,54.90683841087567
2013-11-28,35.84659583880242,32.26193625492218,138.8845429072379,55.057573962620246
2013-11-29,35.84441793653712,32.25997614288341,139.19824340547044,55.20830951436482
2013-11-30,35.829766449955,32.246789804959505,139.3728137944784,55.35142173605568
2013-12-01,35.81511496337289,32.2336034670356,139.54738418348634,55.49453395774655
2013-12-02,35.800463476790775,32.220417129111695,139.7219545724943,55.63764617943741
2013-12-03,35.785811990208664,32.2072307911878,139.89652496150222,55.780758401128274
2013-12-04,35.77116050362655,32.19404445326389,140.07109535051018,55.92387062281914
2013-12-05,35.75650901704444,32.18085811533999,140.24566573951813,56.06698284451
2013-12-06,35.74185753046232,32.16767177741608,140.42023612852608,56.210095066200864
2013-12-07,35.71863164746338,32.14676848271704,140.38664629708572,56.303435385819455
2013-12-08,35.69540576446445,32.125865188018,140.35305646564535,56.396775705438046
2013-12-09,35.67217988146551,32.10496189331896,140.319466634205,56.49011602505664
2013-12-10,35.648953998466574,32.08405859861991,140.28587680276462,56.58345634467523
2013-12-11,35.62572811546764,32.06315530392087,140.25228697132425,56.67679666429382
2013-12-12,35.6025022324687,32.042252009221826,140.2186971398839,56.77013698391241
2013-12-13,35.579276349469765,32.02134871452279,140.18510730844352,56.863477303531
2013-12-14,35.55304081811819,31.99773673630637,139.9043269214562,56.87660346361847
2013-12-15,35.52680528676661,31.97412475808995,139.62354653446886,56.88972962370595
2013-12-16,35.50056975541504,31.95051277987353,139.34276614748154,56.90285578379343
2013-12-17,35.474334224063455,31.92690080165711,139.0619857604942,56.9159819438809
2013-12-18,35.44809869271188,31.90328882344069,138.78120537350688,56.929108103968375
2013-12-19,35.4218631613603,31.87967684522427,138.50042498651953,56.942234264055855
2013-12-20,35.395627630008725,31.85606486700785,138.21964459953222,56.95536042414333
2013-12-21,35.375551617160525,31.837996455444472,137.71756547790562,56.88316366229565
2013-12-22,35.355475604312325,31.81992804388109,137.21548635627903,56.810966900447966
2013-12-23,35.335399591464125,31.80185963231771,136.71340723465244,56.73877013860028
2013-12-24,35.315323578615924,31.78379122075433,136.21132811302584,56.6665733767526
2013-12-25,35.295247565767724,31.765722809190954,135.70924899139925,56.59437661490492
2013-12-26,35.275171552919524,31.74765439762757,135.20716986977266,56.52217985305724
2013-12-27,35.25509554007132,31.729585986064198,134.70509074814606,56.44998309120955
2013-12-28,35.25081906436691,31.72573715793022,134.0160856121414,56.29066400557144
2013-12-29,35.24654258866249,31.721888329796244,133.3270804761368,56.13134491993334
2013-12-30,35.24226611295808,31.71803950166227,132.63807534013213,55.97202583429523
2013-12-31,35.237989637253655,31.714190673528297,131.94907020412748,55.81270674865712
2014-01-01,35.23371316154924,31.71034184539432,131.26006506812283,55.65338766301901
2014-01-02,35.229436685844824,31.706493017260343,130.5710599321182,55.49406857738091
2014-01-03,35.22516021014041,31.70264418912637,129.88205479611355,55.3347494917428
2014-01-04,35.246323290220175,31.72169096119816,129.04049636599177,55.08650868045893
2014-01-05,35.267486370299935,31.740737733269945,128.19893793587002,54.83826786917506
2014-01-06,35.2886494503797,31.75978450534173,127.35737950574826,54.5900270578912
2014-01-07,35.30981253045947,31.77883127741352,126.51582107562648,54.34178624660733
2014-01-08,35.330975610539234,31.797878049485305,125.67426264550473,54.09354543532346
2014-01-09,35.35213869061899,31.81692482155709,124.83270421538296,53.84530462403959
2014-01-10,35.37330177069876,31.83597159362888,123.9911457852612,53.59706381275573
2014-01-11,35.42595548035734,31.8833599323216,123.05519585098952,53.26874500582109
2014-01-12,35.47860919001591,31.93074827101432,122.11924591671789,52.940426198886456
2014-01-13,35.53126289967449,31.97813660970704,121.18329598244624,52.61210739195182
2014-01-14,35.58391660933306,32.02552494839976,120.24734604817458,52.283788585017184
2014-01-15,35.63657031899164,32.07291328709247,119.31139611390292,51.95546977808255
2014-01-16,35.68922402865021,32.12030162578519,118.37544617963128,51.62715097114791
2014-01-17,35.74187773830879,32.16768996447791,117.4394962453596,51.29883216421327
2014-01-18,35.809745180669616,32.228770662602656,116.6153159876774,50.96549340976191
2014-01-19,35.87761262303045,32.289851360727404,115.79113572999516,50.63215465531054
2014-01-20,35.94548006539128,32.35093205885215,114.96695547231296,50.298815900859175
2014-01-21,36.01334750775211,32.4120127569769,114.14277521463072,49.96547714640781
2014-01-22,36.08121495011294,32.47309345510165,113.31859495694852,49.63213839195644
2014-01-23,36.14908239247377,32.534174153226395,112.49441469926629,49.29879963750508
2014-01-24,36.2169498348346,32.59525485135114,111.67023444158409,48.96546088305371
2014-01-25,36.275181304175234,32.647663173757714,111.2208093046216,48.727583170723335
2014-01-26,36.33341277351587,32.70007149616428,110.77138416765914,48.48970545839297
2014-01-27,36.3916442428565,32.75247981857085,110.32195903069668,48.2518277460626
2014-01-28,36.44987571219713,32.80488814097741,109.8725338937342,48.01395003373223
2014-01-29,36.50810718153776,32.85729646338398,109.42310875677174,47.776072321401855
2014-01-30,36.56633865087839,32.909704785790545,108.97368361980926,47.53819460907149
2014-01-31,36.62457012021903,32.96211310819712,108.5242584828468,47.30031689674112
2014-02-01,36.648298212043535,32.98346839083918,108.7126912258154,47.25843370245375
2014-02-02,36.67202630386805,33.00482367348123,108.901123968784,47.21655050816639
2014-02-03,36.69575439569255,33.026178956123296,109.08955671175258,47.17466731387903
2014-02-04,36.719482487517055,33.04753423876535,109.27798945472117,47.13278411959167
2014-02-05,36.74321057934157,33.068889521407414,109.46642219768977,47.090900925304304
2014-02-06,36.76693867116607,33.09024480404947,109.65485494065835,47.04901773101695
2014-02-07,36.79066676299058,33.11160008669153,109.84328768362694,47.00713453672958
2014-02-08,36.756137210673394,33.08052348960606,110.9139959833612,47.25664865874657
2014-02-09,36.7216076583562,33.049446892520585,111.98470428309544,47.50616278076356
2014-02-10,36.68707810603901,33.01837029543511,113.0554125828297,47.75567690278055
2014-02-11,36.652548553721815,32.98729369834964,114.12612088256397,48.00519102479753
2014-02-12,36.61801900140463,32.956217101264166,115.1968291822982,48.25470514681452
2014-02-13,36.58348944908743,32.92514050417869,116.26753748203248,48.50421926883151
2014-02-14,36.54895989677024,32.89406390709322,117.33824578176672,48.7537333908485
2014-02-15,36.45824051643882,32.81241646479494,119.1021989919122,49.27102842355456
2014-02-16,36.367521136107406,32.730769022496666,120.8661522020577,49.7883234562606
2014-02-17,36.27680175577599,32.64912158019839,122.6301054122032,50.30561848896665
2014-02-18,36.18608237544456,32.567474137900106,124.3940586223487,50.8229135216727
2014-02-19,36.09536299511314,32.48582669560183,126.15801183249418,51.34020855437876
2014-02-20,36.00464361478173,32.40417925330355,127.92196504263968,51.8575035870848
2014-02-21,35.913924234450306,32.32253181100528,129.68591825278517,52.37479861979085
2014-02-22,35.79502769230183,32.21552492307165,131.5185766371266,53.01667309429272
2014-02-23,35.67613115015336,32.108518035138026,133.35123502146809,53.65854756879459
2014-02-24,35.55723460800488,32.0015111472044,135.18389340580953,54.30042204329646
2014-02-25,35.43833806585641,31.89450425927077,137.01655179015097,54.94229651779832
2014-02-26,35.31944152370794,31.787497371337142,138.8492101744924,55.58417099230019
2014-02-27,35.20054498155947,31.68049048340352,140.68186855883388,56.226045466802056
2014-02-28,35.08164843941099,31.57348359546989,142.51452694317533,56.86791994130392
2014-03-01,34.96372509314954,31.46735258383459,143.77225352687842,57.48592853836889
2014-03-02,34.8458017468881,31.36122157219929,145.02998011058153,58.10393713543386
2014-03-03,34.72787840062665,31.25509056056399,146.28770669428462,58.72194573249882
2014-03-04,34.60995505436521,31.148959548928687,147.5454332779877,59.33995432956379
2014-03-05,34.49203170810376,31.042828537293385,148.8031598616908,59.95796292662875
2014-03-06,34.37410836184232,30.936697525658087,150.06088644539392,60.57597152369373
2014-03-07,34.25618501558087,30.830566514022784,151.318613029097,61.19398012075869
2014-03-08,34.16836054521942,30.751524490697484,151.35838097452387,61.63978710817244
2014-03-09,34.08053607485798,30.672482467372184,151.39814891995073,62.08559409558619
2014-03-10,33.992711604496535,30.593440444046884,151.4379168653776,62.53140108299994
2014-03-11,33.904887134135095,30.514398420721587,151.47768481080448,62.977208070413695
2014-03-12,33.81706266377365,30.435356397396287,151.51745275623134,63.42301505782745
2014-03-13,33.72923819341221,30.356314374070987,151.5572207016582,63.8688220452412
2014-03-14,33.64141372305076,30.277272350745687,151.59698864708506,64.31462903265495
2014-03-15,33.60003300030949,30.240029700278537,150.09176690867213,64.49665482555912
2014-03-16,33.55865227756821,30.20278704981139,148.5865451702592,64.67868061846329
2014-03-17,33.517271554826934,30.16554439934424,147.08132343184627,64.86070641136746
2014-03-18,33.47589083208566,30.128301748877096,145.57610169343334,65.04273220427162
2014-03-19,33.43451010934439,30.091059098409943,144.07087995502042,65.22475799717579
2014-03-20,33.39312938660311,30.0538164479428,142.5656582166075,65.40678379007996
2014-03-21,33.351748663861834,30.01657379747565,141.06043647819456,65.58880958298413
2014-03-22,33.33951919932674,30.005567279394064,138.51485225384167,65.56484911035854
2014-03-23,33.32728973479164,29.99456076131248,135.9692680294888,65.54088863773296
2014-03-24,33.315060270256545,29.98355424323089,133.4236838051359,65.51692816510737
2014-03-25,33.302830805721456,29.972547725149308,130.87809958078304,65.49296769248178
2014-03-26,33.29060134118636,29.96154120706772,128.33251535643015,65.4690072198562
2014-03-27,33.27837187665126,29.95053468898614,125.78693113207729,65.44504674723062
2014-03-28,33.26614241211617,29.939528170904552,123.2413469077244,65.42108627460503
2014-03-29,33.26030348715987,29.93427313844388,120.29522521552693,65.27321740715755
2014-03-30,33.254464562203566,29.92901810598321,117.34910352332945,65.12534853971006
2014-03-31,33.248625637247265,29.92376307352254,114.40298183113195,64.97747967226258
2014-04-01,33.24278671229096,29.91850804106187,111.45686013893447,64.82961080481509
2014-04-02,33.23694778733466,29.9132530086012,108.510738446737,64.6817419373676
2014-04-03,33.23110886237836,29.90799797614053,105.56461675453954,64.53387306992012
2014-04-04,33.225269937422055,29.902742943679858,102.61849506234206,64.38600420247263
2014-04-05,33.20306083341716,29.882754750075456,99.91166092039651,64.19630481091117
2014-04-06,33.180851729412275,29.86276655647105,97.20482677845098,64.00660541934973
2014-04-07,33.15864262540738,29.84277836286665,94.49799263650544,63.81690602778827
2014-04-08,33.13643352140249,29.822790169262245,91.79115849455992,63.62720663622681
2014-04-09,33.114224417397594,29.802801975657843,89.08432435261437,63.43750724466536
2014-04-10,33.09201531339271,29.78281378205344,86.37749021066882,63.2478078531039
2014-04-11,33.069806209387814,29.76282558844904,83.67065606872329,63.058108461542446
2014-04-12,33.01190429685851,29.710713867172664,81.76204229468915,62.90128102534582
2014-04-13,32.95400238432921,29.658602145896293,79.85342852065502,62.7444535891492
2014-04-14,32.896100471799905,29.60649042461992,77.94481474662088,62.587626152952566
2014-04-15,32.83819855927061,29.554378703343545,76.03620097258676,62.43079871675594
2014-04-16,32.780296646741306,29.502266982067173,74.12758719855262,62.27397128055931
2014-04-17,32.722394734212,29.4501552607908,72.21897342451848,62.11714384436269
2014-04-18,32.6644928216827,29.39804353951443,70.31035965048434,61.96031640816606
2014-04-19,32.57820627986948,29.32038565188253,69.13232289675422,61.85393497751145
2014-04-20,32.49191973805626,29.24272776425063,67.95428614302409,61.74755354685684
2014-04-21,32.40563319624304,29.16506987661873,66.77624938929397,61.64117211620224
2014-04-22,32.319346654429815,29.087411988986837,65.59821263556384,61.53479068554763
2014-04-23,32.23306011261659,29.009754101354936,64.42017588183371,61.42840925489302
2014-04-24,32.146773570803376,28.932096213723035,63.24213912810359,61.32202782423841
2014-04-25,32.06048702899015,28.854438326091135,62.06410237437346,61.2156463935838
2014-04-26,31.965555225657702,28.76899970309193,61.2565152565899,61.15061762441677
2014-04-27,31.87062342232525,28.683561080092726,60.44892813880634,61.08558885524974
2014-04-28,31.7756916189928,28.59812245709352,59.641341021022775,61.0205600860827
2014-04-29,31.68075981566035,28.51268383409431,58.833753903239206,60.95553131691567
2014-04-30,31.585828012327894,28.427245211095105,58.02616678545564,60.89050254774863
2014-05-01,31.490896208995444,28.3418065880959,57.21857966767208,60.8254737785816
2014-05-02,31.395964405662998,28.256367965096693,56.41099254988852,60.76044500941457
2014-05-03,31.31219677531669,28.18097709778501,55.612079136324944,60.72752525046017
2014-05-04,31.228429144970374,28.10558623047333,54.81316572276136,60.69460549150577
2014-05-05,31.144661514624065,28.030195363161656,54.014252309197786,60.66168573255137
2014-05-06,31.06089388427776,27.95480449584998,53.21533889563421,60.62876597359697
2014-05-07,30.97712625393145,27.879413628538305,52.41642548207064,60.59584621464257
2014-05-08,30.893358623585137,27.804022761226623,51.617512068507054,60.56292645568817
2014-05-09,30.809590993238828,27.728631893914944,50.81859865494348,60.53000669673377
2014-05-10,30.75636309219004,27.68072678297104,49.69576472104687,60.51986695347251
2014-05-11,30.70313519114125,27.632821672027124,48.57293078715026,60.509727210211246
2014-05-12,30.64990729009246,27.58491656108321,47.450096853253655,60.49958746694998
2014-05-13,30.596679389043672,27.537011450139303,46.32726291935705,60.48944772368871
2014-05-14,30.543451487994883,27.489106339195395,45.20442898546044,60.47930798042745
2014-05-15,30.49022358694609,27.441201228251483,44.08159505156383,60.46916823716619
2014-05-16,30.436995685897305,27.39329611730757,42.95876111766722,60.45902849390493
2014-05-17,30.41938984070175,27.377450856631576,41.535829397044886,60.45952831316556
2014-05-18,30.4017839955062,27.361605595955577,40.11289767642256,60.4600281324262
2014-05-19,30.384178150310643,27.34576033527958,38.68996595580022,60.46052795168684
2014-05-20,30.36657230511509,27.329915074603583,37.26703423517789,60.461027770947474
2014-05-21,30.348966459919534,27.314069813927585,35.84410251455555,60.461527590208114
2014-05-22,30.331360614723984,27.298224553251583,34.421170793933214,60.46202740946875
2014-05-23,30.31375476952843,27.282379292575587,32.998239073310884,60.46252722872939
2014-05-24,30.319651151473348,27.28768603632601,31.58823569971841,60.4581425170379
2014-05-25,30.325547533418263,27.29299278007644,30.17823232612594,60.45375780534641
2014-05-26,30.331443915363185,27.298299523826863,28.76822895253347,60.44937309365492
2014-05-27,30.3373402973081,27.30360626757729,27.358225578941,60.44498838196344
2014-05-28,30.343236679253017,27.308913011327714,25.948222205348525,60.44060367027194
2014-05-29,30.349133061197936,27.314219755078145,24.53821883175605,60.43621895858045
2014-05-30,30.35502944314285,27.31952649882857,23.12821545816358,60.43183424688896
2014-05-31,30.371286294432142,27.33415766498893,22.1234005002016,60.40683989872492
2014-06-01,30.38754314572143,27.348788831149285,21.118585542239625,60.38184555056088
2014-06-02,30.40379999701072,27.363419997309645,20.11377058427765,60.35685120239683
2014-06-03,30.420056848300007,27.37805116347,19.10895562631567,60.3318568542328
2014-06-04,30.43631369958929,27.39268232963036,18.10414066835369,60.306862506068754
2014-06-05,30.452570550878583,27.40731349579072,17.09932571039171,60.28186815790471
2014-06-06,30.46882740216787,27.42194466195108,16.094510752429734,60.25687380974067
2014-06-07,30.482304782716174,27.434074304444557,15.94329699383532,60.195544803297416
2014-06-08,30.49578216326448,27.446203946938024,15.792083235240904,60.13421579685417
2014-06-09,30.509259543812774,27.458333589431497,15.64086947664649,60.07288679041092
2014-06-10,30.52273692436108,27.47046323192497,15.489655718052074,60.01155778396768
2014-06-11,30.53621430490938,27.482592874418444,15.33844195945766,59.95022877752442
2014-06-12,30.54969168545768,27.494722516911917,15.187228200863244,59.88889977108118
2014-06-13,30.563169066005983,27.506852159405387,15.03601444226883,59.827570764637926
2014-06-14,30.566552883875023,27.509897595487526,16.06953645482978,59.7144503846365
2014-06-15,30.569936701744076,27.512943031569662,17.103058467390735,59.60133000463508
2014-06-16,30.57332051961312,27.515988467651805,18.13658047995169,59.48820962463365
2014-06-17,30.57670433748216,27.51903390373394,19.17010249251264,59.37508924463224
2014-06-18,30.5800881553512,27.52207933981608,20.20362450507359,59.26196886463081
2014-06-19,30.58347197322025,27.52512477589822,21.237146517634542,59.14884848462939
2014-06-20,30.58685579108929,27.52817021198036,22.270668530195497,59.03572810462797
2014-06-21,30.59158879792493,27.53242991813244,23.854256566702293,58.85622347285588
2014-06-22,30.596321804760574,27.53668962428452,25.437844603209093,58.6767188410838
2014-06-23,30.60105481159622,27.5409493304366,27.02143263971589,58.497214209311714
2014-06-24,30.60578781843186,27.545209036588677,28.60502067622269,58.31770957753964
2014-06-25,30.610520825267503,27.549468742740757,30.188608712729486,58.13820494576756
2014-06-26,30.615253832103143,27.55372844889283,31.772196749236286,57.95870031399547
2014-06-27,30.61998683893879,27.55798815504491,33.35578478574308,57.77919568222339
2014-06-28,30.64127930432763,27.577151373894864,34.79208912426478,57.51888743162586
2014-06-29,30.662571769716465,27.596314592744815,36.22839346278647,57.25857918102833
2014-06-30,30.683864235105304,27.61547781159477,37.664697801308165,56.998270930430806
2014-07-01,30.705156700494143,27.63464103044473,39.101002139829866,56.73796267983328
2014-07-02,30.726449165882983,27.65380424929468,40.53730647835156,56.47765442923576
2014-07-03,30.74774163127182,27.672967468144638,41.97361081687325,56.21734617863822
2014-07-04,30.769034096660658,27.692130686994588,43.40991515539495,55.9570379280407
2014-07-05,30.822096290189293,27.739886661170363,44.00141589893432,55.601506691562896
2014-07-06,30.87515848371793,27.78764263534613,44.59291664247368,55.245975455085095
2014-07-07,30.928220677246568,27.83539860952191,45.18441738601305,54.89044421860729
2014-07-08,30.981282870775203,27.88315458369768,45.775918129552416,54.5349129821295
2014-07-09,31.03434506430384,27.930910557873457,46.367418873091786,54.179381745651696
2014-07-10,31.08740725783248,27.97866653204923,46.95891961663115,53.82385050917389
2014-07-11,31.140469451361117,28.026422506225003,47.55042036017052,53.46831927269609
2014-07-12,31.23791814128924,28.11412632716032,46.704254430805655,53.00850818951407
2014-07-13,31.335366831217367,28.20183014809563,45.85808850144078,52.54869710633204
2014-07-14,31.432815521145496,28.289533969030945,45.01192257207592,52.08888602315001
2014-07-15,31.530264211073625,28.377237789966262,44.16575664271105,51.62907493996799
2014-07-16,31.627712901001757,28.464941610901576,43.31959071334619,51.16926385678596
2014-07-17,31.72516159092988,28.55264543183689,42.47342478398132,50.70945277360393
2014-07-18,31.822610280858008,28.640349252772204,41.62725885461645,50.2496416904219
2014-07-19,31.95176536334564,28.75658882701107,39.77096517493986,49.72879949633736
2014-07-20,32.080920445833264,28.872828401249933,37.91467149526327,49.20795730225281
2014-07-21,32.21007552832089,28.9890679754888,36.05837781558669,48.68711510816826
2014-07-22,32.339230610808514,29.105307549727662,34.2020841359101,48.16627291408371
2014-07-23,32.46838569329614,29.221547123966527,32.34579045623351,47.64543071999917
2014-07-24,32.59754077578377,29.33778669820539,30.48949677655692,47.12458852591462
2014-07-25,32.7266958582714,29.454026272444256,28.633203096880333,46.60374633183008
2014-07-26,32.86059966862583,29.574539701763243,26.78948675797724,46.094643054281946
2014-07-27,32.994503478980256,29.695053131082236,24.94577041907414,45.58553977673382
2014-07-28,33.12840728933469,29.81556656040122,23.102054080171044,45.07643649918569
2014-07-29,33.26231109968912,29.93607998972021,21.258337741267948,44.56733322163757
2014-07-30,33.396214910043554,30.0565934190392,19.41462140236485,44.05822994408944
2014-07-31,33.53011872039798,30.177106848358186,17.57090506346175,43.54912666654131
2014-08-01,33.66402253075241,30.29762027767717,15.727188724558657,43.040023388993184
2014-08-02,33.775556424399234,30.39800078195931,14.944001872862152,42.61576190877564
2014-08-03,33.887090318046056,30.498381286241447,14.16081502116565,42.19150042855809
2014-08-04,33.99862421169288,30.598761790523582,13.377628169469146,41.76723894834055
2014-08-05,34.11015810533969,30.699142294805725,12.594441317772642,41.342977468123
2014-08-06,34.221691998986515,30.799522799087864,11.81125446607614,40.91871598790546
2014-08-07,34.33322589263334,30.89990330337,11.028067614379635,40.49445450768791
2014-08-08,34.44475978628016,31.00028380765214,10.244880762683133,40.07019302747037
2014-08-09,34.507287244093625,31.05655851968426,11.285996393933692,39.80278011854771
2014-08-10,34.56981470190709,31.11283323171638,12.327112025184254,39.53536720962506
2014-08-11,34.63234215972056,31.1691079437485,13.368227656434817,39.2679543007024
2014-08-12,34.694869617534025,31.225382655780624,14.409343287685378,39.00054139177974
2014-08-13,34.75739707534749,31.281657367812745,15.450458918935938,38.73312848285708
2014-08-14,34.81992453316096,31.337932079844865,16.4915745501865,38.46571557393443
2014-08-15,34.882451990974424,31.394206791876982,17.53269018143706,38.198302665011774
2014-08-16,34.89340176245458,31.404061586209124,20.732109092708825,38.10503298155015
2014-08-17,34.90435153393473,31.413916380541263,23.93152800398059,38.01176329808854
2014-08-18,34.915301305414886,31.4237711748734,27.13094691525235,37.91849361462692
2014-08-19,34.92625107689504,31.43362596920554,30.330365826524112,37.8252239311653
2014-08-20,34.9372008483752,31.44348076353768,33.52978473779588,37.73195424770368
2014-08-21,34.94815061985535,31.453335557869817,36.72920364906764,37.63868456424207
2014-08-22,34.959100391335504,31.46319035220196,39.9286225603394,37.54541488078045
2014-08-23,34.95064666452778,31.455581998075004,43.93368687041728,37.56458970996174
2014-08-24,34.94219293772006,31.447973643948057,47.93875118049516,37.58376453914302
2014-08-25,34.933739210912336,31.440365289821106,51.94381549057304,37.60293936832431
2014-08-26,34.92528548410461,31.43275693569416,55.94887980065093,37.6221141975056
2014-08-27,34.91683175729689,31.425148581567207,59.953944110728806,37.64128902668688
2014-08-28,34.90837803048917,31.41754022744026,63.95900842080669,37.660463855868166
2014-08-29,34.899924303681445,31.409931873313308,67.96407273088457,37.679638685049454
2014-08-30,34.90695016352837,31.41625514717554,71.41273828840606,37.74340066717486
2014-08-31,34.9139760233753,31.422578421037777,74.86140384592754,37.80716264930026
2014-09-01,34.921001883222225,31.42890169490001,78.31006940344903,37.87092463142567
2014-09-02,34.92802774306916,31.43522496876224,81.75873496097053,37.934686613551065
2014-09-03,34.935053602916085,31.441548242624474,85.20740051849202,37.99844859567647
2014-09-04,34.94207946276301,31.44787151648671,88.6560660760135,38.06221057780187
2014-09-05,34.94910532260994,31.454194790348943,92.104731633535,38.12597255992728
2014-09-06,35.006493853357284,31.505844468021557,93.63293260331976,38.166464336330016
2014-09-07,35.06388238410463,31.557494145694168,95.16113357310452,38.20695611273276
2014-09-08,35.121270914851976,31.60914382336678,96.68933454288928,38.2474478891355
2014-09-09,35.17865944559933,31.660793501039397,98.21753551267406,38.28793966553825
2014-09-10,35.23604797634668,31.712443178712004,99.74573648245882,38.328431441940985
2014-09-11,35.29343650709402,31.764092856384615,101.2739374522436,38.36892321834373
2014-09-12,35.35082503784137,31.81574253405723,102.80213842202836,38.40941499474647
2014-09-13,35.47881030010364,31.93092927009328,101.5406120434628,38.3804765279795
2014-09-14,35.60679556236592,32.046116006129324,100.2790856648973,38.35153806121253
2014-09-15,35.73478082462819,32.16130274216537,99.01755928633176,38.32259959444556
2014-09-16,35.86276608689046,32.27648947820141,97.75603290776624,38.2936611276786
2014-09-17,35.99075134915273,32.39167621423746,96.4945065292007,38.26472266091163
2014-09-18,36.11873661141501,32.50686295027351,95.23298015063516,38.23578419414466
2014-09-19,36.24672187367728,32.62204968630955,93.97145377206964,38.20684572737769
2014-09-20,36.407577579274175,32.76681982134676,91.00489719361478,38.14816463356236
2014-09-21,36.56843328487106,32.91158995638396,88.0383406151599,38.08948353974703
2014-09-22,36.72928899046796,33.05636009142116,85.07178403670503,38.0308024459317
2014-09-23,36.89014469606485,33.20113022645836,82.10522745825014,37.97212135211637
2014-09-24,37.05100040166174,33.345900361495566,79.13867087979527,37.91344025830104
2014-09-25,37.21185610725863,33.490670496532765,76.1721143013404,37.854759164485706
2014-09-26,37.37271181285552,33.63544063156997,73.20555772288552,37.796078070670376
2014-09-27,37.51437880219837,33.76294092197853,70.10185800983454,37.76857102001214
2014-09-28,37.65604579154122,33.8904412123871,66.99815829678356,37.74106396935391
2014-09-29,37.79771278088408,34.017941502795665,63.894458583732586,37.71355691869567
2014-09-30,37.93937977022693,34.145441793204235,60.79075887068161,37.68604986803744
2014-10-01,38.08104675956978,34.2729420836128,57.68705915763063,37.6585428173792
2014-10-02,38.22271374891263,34.40044237402137,54.583359444579656,37.63103576672097
2014-10-03,38.36438073825549,34.52794266442993,51.47965973152868,37.60352871606273
2014-10-04,38.4347998517557,34.59131986658013,49.80670394917367,37.66811237876702
2014-10-05,38.50521896525592,34.65469706873032,48.13374816681866,37.73269604147131
2014-10-06,38.575638078756135,34.71807427088052,46.46079238446365,37.7972797041756
2014-10-07,38.64605719225636,34.781451473030714,44.78783660210865,37.86186336687988
2014-10-08,38.71647630575657,34.84482867518091,43.11488081975364,37.92644702958417
2014-10-09,38.7868954192568,34.908205877331106,41.44192503739863,37.99103069228845
2014-10-10,38.85731453275701,34.971583079481306,39.76896925504362,38.05561435499274
2014-10-11,38.80927757870421,34.92834982083379,40.96747518060284,38.26816966973018
2014-10-12,38.76124062465141,34.88511656218627,42.16598110616205,38.48072498446761
2014-10-13,38.71320367059862,34.84188330353875,43.36448703172127,38.69328029920504
2014-10-14,38.66516671654583,34.79865004489124,44.562992957280485,38.90583561394247
2014-10-15,38.61712976249303,34.75541678624372,45.7614988828397,39.11839092867991
2014-10-16,38.56909280844023,34.7121835275962,46.960004808398914,39.33094624341734
2014-10-17,38.52105585438744,34.668950268948684,48.15851073395813,39.54350155815477
2014-10-18,38.36790896756047,34.53111807080442,52.08174993128769,39.89704874401853
2014-10-19,38.2147620807335,34.393285872660144,56.00498912861724,40.2505959298823
2014-10-20,38.06161519390653,34.25545367451588,59.9282283259468,40.60414311574606
2014-10-21,37.90846830707957,34.11762147637161,63.85146752327636,40.95769030160983
2014-10-22,37.755321420252606,33.979789278227344,67.7747067206059,41.31123748747359
2014-10-23,37.60217453342564,33.84195708008307,71.69794591793547,41.66478467333736
2014-10-24,37.44902764659867,33.7041248819388,75.62118511526502,42.01833185920112
2014-10-25,37.245255800582,33.52073022052379,81.04396460785993,42.463185400453824
2014-10-26,37.04148395456532,33.33733555910878,86.46674410045486,42.90803894170653
2014-10-27,36.83771210854864,33.153940897693765,91.88952359304976,43.352892482959234
2014-10-28,36.63394026253195,32.97054623627876,97.3123030856447,43.79774602421193
2014-10-29,36.43016841651527,32.78715157486374,102.7350825782396,44.24259956546464
2014-10-30,36.22639657049859,32.603756913448734,108.15786207083454,44.68745310671734
2014-10-31,36.022624724481915,32.42036225203372,113.58064156342944,45.13230664797005
2014-11-01,35.823497918053775,32.24114812624839,119.25718875077526,45.6179661036421
2014-11-02,35.624371111625635,32.06193400046307,124.93373593812106,46.10362555931415
2014-11-03,35.425244305197495,31.882719874677743,130.61028312546688,46.5892850149862
2014-11-04,35.226117498769355,31.703505748892415,136.28683031281267,47.074944470658245
2014-11-05,35.026990692341215,31.524291623107093,141.9633775001585,47.560603926330295
2014-11-06,34.827863885913075,31.345077497321768,147.63992468750428,48.04626338200234
2014-11-07,34.628737079484935,31.16586337153644,153.3164718748501,48.5319228376744
2014-11-08,34.48921768794099,31.040295919146896,158.00688833931915,49.00793809537701
2014-11-09,34.34969829639706,30.914728466757357,162.69730480378823,49.48395335307961
2014-11-10,34.21017890485312,30.789161014367807,167.38772126825728,49.95996861078223
2014-11-11,34.07065951330918,30.663593561978264,172.07813773272636,50.43598386848484
2014-11-12,33.93114012176524,30.53802610958872,176.7685541971954,50.91199912618745
2014-11-13,33.791620730221304,30.41245865719917,181.4589706616645,51.38801438389006
2014-11-14,33.65210133867736,30.286891204809628,186.14938712613355,51.86402964159267
2014-11-15,33.601501902081544,30.241351711873392,189.10356743298755,52.28414701694981
2014-11-16,33.55090246548573,30.19581221893716,192.0577477398416,52.70426439230695
2014-11-17,33.50030302888991,30.15027272600092,195.0119280466956,53.12438176766408
2014-11-18,33.4497035922941,30.10473323306469,197.9661083535496,53.54449914302122
2014-11-19,33.39910415569828,30.059193740128453,200.9202886604036,53.96461651837836
2014-11-20,33.348504719102465,30.013654247192218,203.8744689672576,54.38473389373549
2014-11-21,33.29790528250665,29.968114754255986,206.82864927411163,54.80485126909263
2014-11-22,33.32097889923383,29.988881009310447,208.1473668213081,55.13010720211547
2014-11-23,33.34405251596101,30.00964726436491,209.46608436850465,55.45536313513831
2014-11-24,33.36712613268819,30.030413519419376,210.78480191570117,55.78061906816114
2014-11-25,33.39019974941538,30.05117977447384,212.1035194628976,56.10587500118399
2014-11-26,33.41327336614256,30.071946029528306,213.4222370100941,56.43113093420683
2014-11-27,33.43634698286974,30.09271228458277,214.74095455729065,56.75638686722967
2014-11-28,33.459420599596925,30.113478539637235,216.05967210448716,57.0816428002525
2014-11-29,33.53646531007311,30.182818779065805,215.92877125055745,57.27380259840131
2014-11-30,33.613510020549306,30.25215901849437,215.79787039662773,57.465962396550125
2014-12-01,33.69055473102549,30.321499257922945,215.66696954269804,57.65812219469893
2014-12-02,33.76759944150169,30.39083949735152,215.53606868876835,57.85028199284775
2014-12-03,33.844644151977874,30.460179736780088,215.40516783483864,58.04244179099656
2014-12-04,33.92168886245407,30.529519976208658,215.27426698090892,58.23460158914537
2014-12-05,33.998733572930256,30.598860215637227,215.1433661269793,58.42676138729418
2014-12-06,34.11004741758143,30.69904267582328,213.7486912304548,58.44759035802917
2014-12-07,34.22136126223259,30.799225136009333,212.3540163339304,58.46841932876415
2014-12-08,34.33267510688376,30.89940759619539,210.959341437406,58.48924829949914
2014-12-09,34.443988951534934,30.99959005638144,209.5646665408816,58.51007727023413
2014-12-10,34.555302796186105,31.09977251656749,208.16999164435717,58.53090624096912
2014-12-11,34.66661664083727,31.199954976753546,206.77531674783276,58.5517352117041
2014-12-12,34.77793048548844,31.3001374369396,205.3806418513083,58.57256418243909
2014-12-13,34.903547390233555,31.41319265121021,202.979025689064,58.40561808908899
2014-12-14,35.02916429497867,31.52624786548081,200.57740952681968,58.23867199573889
2014-12-15,35.154781199723786,31.63930307975141,198.17579336457536,58.07172590238879
2014-12-16,35.28039810446891,31.752358294022017,195.7741772023311,57.90477980903869
2014-12-17,35.40601500921402,31.865413508292622,193.3725610400868,57.7378337156886
2014-12-18,35.53163191395914,31.978468722563225,190.97094487784247,57.570887622338496
2014-12-19,35.657248818704254,32.09152393683383,188.56932871559815,57.4039415289884
2014-12-20,35.77591640758228,32.19832476682406,185.76333492567915,57.13890095423221
2014-12-21,35.894583996460305,32.30512559681428,182.9573411357601,56.87386037947603
2014-12-22,36.01325158533833,32.411926426804506,180.15134734584103,56.60881980471984
2014-12-23,36.13191917421636,32.518727256794726,177.345353555922,56.34377922996366
2014-12-24,36.25058676309438,32.62552808678495,174.53935976600297,56.078738655207474
2014-12-25,36.36925435197241,32.732328916775174,171.73336597608392,55.81369808045129
2014-12-26,36.487921940850434,32.8391297467654,168.9273721861649,55.548657505695104
2014-12-27,36.5779968234668,32.92019714112013,166.42466085322852,55.30746321683477
2014-12-28,36.66807170608317,33.00126453547486,163.92194952029212,55.066268927974434
2014-12-29,36.75814658869953,33.082331929829586,161.41923818735577,54.8250746391141
2014-12-30,36.8482214713159,33.16339932418432,158.91652685441937,54.58388035025377
2014-12-31,36.938296353932266,33.244466718539044,156.413815521483,54.34268606139344
2015-01-01,37.02837123654864,33.32553411289378,153.9111041885466,54.1014917725331
2015-01-02,37.118446119165,33.4066015072485,151.40839285561023,53.86029748367277
2015-01-03,37.15828481438266,33.4424563329444,149.91664845396946,53.764897734607416
2015-01-04,37.19812350960032,33.47831115864029,148.42490405232869,53.66949798554207
2015-01-05,37.237962204817975,33.51416598433618,146.9331596506879,53.57409823647672
2015-01-06,37.27780090003563,33.550020810032066,145.44141524904717,53.47869848741138
2015-01-07,37.31763959525329,33.58587563572796,143.9496708474064,53.38329873834603
2015-01-08,37.357478290470944,33.62173046142385,142.45792644576562,53.28789898928069
2015-01-09,37.397316985688605,33.657585287119744,140.96618204412485,53.19249924021533
2015-01-10,37.36688652664982,33.630197873984834,141.14891851967084,53.35696296519533
2015-01-11,37.33645606761103,33.60281046084993,141.33165499521684,53.52142669017533
2015-01-12,37.30602560857225,33.57542304771502,141.51439147076283,53.68589041515533
2015-01-13,37.27559514953346,33.54803563458011,141.6971279463088,53.85035414013532
2015-01-14,37.24516469049468,33.5206482214452,141.8798644218548,54.01481786511532
2015-01-15,37.214734231455886,33.493260808310296,142.06260089740078,54.17928159009532
2015-01-16,37.1843037724171,33.465873395175386,142.24533737294678,54.34374531507532
2015-01-17,37.089881479792616,33.38089333181335,144.04447351529592,54.75342035090205
2015-01-18,36.99545918716813,33.295913268451315,145.84360965764503,55.163095386728784
2015-01-19,36.90103689454365,33.21093320508928,147.64274579999417,55.57277042255552
2015-01-20,36.806614601919165,33.125953141727244,149.4418819423433,55.98244545838225
2015-01-21,36.71219230929468,33.040973078365205,151.24101808469243,56.39212049420898
2015-01-22,36.61777001667019,32.95599301500317,153.04015422704154,56.80179553003572
2015-01-23,36.523347724045706,32.871012951641134,154.83929036939068,57.21147056586245
2015-01-24,36.39265926772132,32.75339334094919,157.60849503410194,57.74677031840643
2015-01-25,36.261970811396935,32.63577373025724,160.3776996988132,58.28207007095041
2015-01-26,36.13128235507255,32.518154119565295,163.14690436352444,58.8173698234944
2015-01-27,36.00059389874816,32.40053450887334,165.9161090282357,59.35266957603837
2015-01-28,35.86990544242377,32.2829148981814,168.68531369294695,59.88796932858236
2015-01-29,35.739216986099386,32.16529528748945,171.4545183576582,60.423269081126335
2015-01-30,35.608528529775,32.0476756767975,174.22372302236946,60.95856883367032
2015-01-31,35.469924964224745,31.922932467802276,177.29951304835427,61.496847061869694
2015-02-01,35.33132139867449,31.79818925880704,180.3753030743391,62.03512529006907
2015-02-02,35.192717833124235,31.67344604981181,183.4510931003239,62.57340351826844
2015-02-03,35.05411426757398,31.548702840816585,186.5268831263087,63.11168174646782
2015-02-04,34.915510702023724,31.423959631821354,189.6026731522935,63.6499599746672
2015-02-05,34.77690713647347,31.299216422826124,192.67846317827832,64.18823820286657
2015-02-06,34.63830357092321,31.174473213830893,195.75425320426316,64.72651643106595
2015-02-07,34.52006715126604,31.06806043613944,198.4738386693918,65.1454409423287
2015-02-08,34.40183073160887,30.961647658447983,201.19342413452048,65.56436545359146
2015-02-09,34.283594311951695,30.85523488075653,203.91300959964911,65.98328996485422
2015-02-10,34.16535789229452,30.748822103065077,206.6325950647778,66.40221447611698
2015-02-11,34.04712147263735,30.64240932537362,209.3521805299065,66.82113898737974
2015-02-12,33.92888505298018,30.535996547682164,212.07176599503512,67.2400634986425
2015-02-13,33.810648633323005,30.42958376999071,214.79135146016375,67.65898800990526
2015-02-14,33.72983906650988,30.3568551598589,216.60502355486236,67.88745418601626
2015-02-15,33.64902949969676,30.284126549727084,218.41869564956085,68.11592036212726
2015-02-16,33.56821993288364,30.211397939595276,220.2323677442594,68.34438653823825
2015-02-17,33.487410366070506,30.13866932946346,222.0460398389579,68.57285271434924
2015-02-18,33.40660079925738,30.06594071933165,223.85971193365648,68.80131889046024
2015-02-19,33.32579123244426,29.993212109199835,225.67338402835497,69.02978506657124
2015-02-20,33.24498166563114,29.920483499068023,227.48705612305352,69.25825124268223
2015-02-21,33.19509857722086,29.875588719498776,228.0825031222448,69.33269918733598
2015-02-22,33.145215488810585,29.830693939929528,228.67795012143608,69.40714713198973
2015-02-23,33.09533240040031,29.78579916036028,229.2733971206273,69.48159507664347
2015-02-24,33.04544931199004,29.74090438079104,229.8688441198186,69.55604302129723
2015-02-25,32.995566223579765,29.69600960122179,230.46429111900983,69.63049096595097
2015-02-26,32.94568313516949,29.65111482165254,231.05973811820112,69.70493891060472
2015-02-27,32.89580004675921,29.606220042083294,231.6551851173924,69.77938685525847
2015-02-28,32.86737251699009,29.58063526529108,230.7500272298804,69.74981632269117
2015-03-01,32.83894498722097,29.555050488498875,229.8448693423684,69.72024579012387
2015-03-02,32.810517457451844,29.529465711706663,228.93971145485636,69.69067525755658
2015-03-03,32.782089927682726,29.503880934914456,228.03455356734435,69.66110472498929
2015-03-04,32.7536623979136,29.478296158122244,227.12939567983236,69.631534192422
2015-03-05,32.72523486814448,29.45271138133004,226.2242377923203,69.60196365985469
2015-03-06,32.69680733837536,29.427126604537825,225.3190799048083,69.5723931272874
2015-03-07,32.68036444748571,29.412328002737137,222.63093733939624,69.48880387173521
2015-03-08,32.66392155659605,29.397529400936453,219.94279477398416,69.40521461618303
2015-03-09,32.6474786657064,29.382730799135764,217.2546522085721,69.32162536063085
2015-03-10,32.631035774816745,29.36793219733508,214.56650964316003,69.23803610507866
2015-03-11,32.614592883927095,29.353133595534388,211.878367077748,69.15444684952648
2015-03-12,32.59814999303744,29.338334993733703,209.19022451233596,69.0708575939743
2015-03-13,32.58170710214779,29.32353639193301,206.50208194692385,68.98726833842211
2015-03-14,32.56835413893894,29.31151872504505,201.91253593639328,68.89593502146369
2015-03-15,32.5550011757301,29.29950105815709,197.32298992586277,68.80460170450526
2015-03-16,32.54164821252125,29.287483391269127,192.73344391533217,68.71326838754683
2015-03-17,32.5282952493124,29.275465724381167,188.1438979048016,68.62193507058839
2015-03-18,32.514942286103555,29.263448057493203,183.55435189427104,68.53060175362997
2015-03-19,32.50158932289471,29.251430390605243,178.9648058837405,68.43926843667154
2015-03-20,32.488236359685864,29.23941272371728,174.37525987320993,68.34793511971311
2015-03-21,32.47254411244618,29.225289701201564,168.75200480615703,68.27272852432749
2015-03-22,32.456851865206495,29.211166678685853,163.12874973910414,68.19752192894185
2015-03-23,32.44115961796681,29.197043656170138,157.50549467205124,68.12231533355623
2015-03-24,32.425467370727134,29.182920633654422,151.88223960499835,68.04710873817059
2015-03-25,32.40977512348745,29.168797611138707,146.25898453794545,67.97190214278497
2015-03-26,32.394082876247765,29.154674588623,140.63572947089256,67.89669554739933
2015-03-27,32.37839062900808,29.14055156610728,135.01247440383966,67.82148895201371
2015-03-28,32.35621933946136,29.120597405515237,129.59012060731737,67.77794375888493
2015-03-29,32.33404804991464,29.100643244923184,124.16776681079504,67.73439856575614
2015-03-30,32.31187676036792,29.080689084331137,118.74541301427271,67.69085337262736
2015-03-31,32.28970547082121,29.060734923739087,113.3230592177504,67.64730817949857
2015-04-01,32.26753418127449,29.04078076314704,107.90070542122808,67.60376298636979
2015-04-02,32.24536289172777,29.02082660255499,102.47835162470578,67.560217793241
2015-04-03,32.22319160218105,29.000872441962944,97.05599782818346,67.51667260011222
2015-04-04,32.19040367703169,28.97136330932852,93.06977167776836,67.5203094936843
2015-04-05,32.157615751882325,28.94185417669409,89.08354552735328,67.52394638725637
2015-04-06,32.12482782673296,28.912345044059663,85.09731937693819,67.52758328082845
2015-04-07,32.0920399015836,28.88283591142524,81.1110932265231,67.53122017440053
2015-04-08,32.05925197643423,28.85332677879081,77.124867076108,67.53485706797261
2015-04-09,32.02646405128487,28.82381764615638,73.13864092569291,67.53849396154469
2015-04-10,31.9936761261355,28.794308513521955,69.15241477527782,67.54213085511677
2015-04-11,31.94641131336395,28.75177018202756,67.77955265976573,67.60718203078346
2015-04-12,31.8991465005924,28.70923185053316,66.40669054425364,67.67223320645016
2015-04-13,31.85188168782085,28.666693519038763,65.03382842874153,67.73728438211685
2015-04-14,31.804616875049295,28.624155187544368,63.66096631322944,67.80233555778354
2015-04-15,31.757352062277747,28.58161685604997,62.28810419771735,67.86738673345023
2015-04-16,31.710087249506195,28.53907852455557,60.91524208220525,67.93243790911693
2015-04-17,31.662822436734643,28.496540193061172,59.542379966693154,67.99748908478362
2015-04-18,31.60333506857072,28.443001561713647,60.68160443498934,68.10977922873398
2015-04-19,31.5438477004068,28.389462930366115,61.82082890328552,68.22206937268435
2015-04-20,31.48436033224288,28.335924299018583,62.9600533715817,68.3343595166347
2015-04-21,31.42487296407895,28.282385667671058,64.09927783987789,68.44664966058507
2015-04-22,31.36538559591503,28.22884703632353,65.23850230817406,68.55893980453543
2015-04-23,31.305898227751104,28.175308404976,66.37772677647025,68.67122994848579
2015-04-24,31.246410859587183,28.12176977362847,67.51695124476643,68.78352009243615
2015-04-25,31.18292654519893,28.06463389067904,69.81843549295463,68.90113216751904
2015-04-26,31.11944223081068,28.007498007729613,72.11991974114285,69.01874424260193
2015-04-27,31.055957916422425,27.950362124780185,74.42140398933105,69.13635631768481
2015-04-28,30.99247360203417,27.893226241830757,76.72288823751926,69.25396839276772
2015-04-29,30.92898928764592,27.836090358881325,79.02437248570746,69.3715804678506
2015-04-30,30.865504973257664,27.778954475931897,81.32585673389568,69.4891925429335
2015-05-01,30.802020658869413,27.72181859298247,83.62734098208388,69.60680461801638
2015-05-02,30.74301368218512,27.668712313966605,85.68926217354598,69.68666627868154
2015-05-03,30.684006705500828,27.61560603495074,87.7511833650081,69.7665279393467
2015-05-04,30.624999728816533,27.56249975593488,89.81310455647021,69.84638960001186
2015-05-05,30.56599275213224,27.509393476919016,91.87502574793233,69.92625126067702
2015-05-06,30.506985775447948,27.45628719790315,93.93694693939442,70.00611292134218
2015-05-07,30.447978798763657,27.403180918887287,95.99886813085654,70.08597458200734
2015-05-08,30.388971822079363,27.350074639871423,98.06078932231864,70.1658362426725
2015-05-09,30.34290831280263,27.308617481522365,98.48293526305304,70.16491997595548
2015-05-10,30.296844803525904,27.26716032317331,98.90508120378746,70.16400370923846
2015-05-11,30.250781294249173,27.225703164824253,99.32722714452188,70.16308744252144
2015-05-12,30.204717784972445,27.184246006475195,99.7493730852563,70.16217117580443
2015-05-13,30.158654275695717,27.142788848126138,100.1715190259907,70.16125490908742
2015-05-14,30.112590766418982,27.101331689777084,100.59366496672511,70.16033864237039
2015-05-15,30.06652725714225,27.059874531428022,101.01581090745952,70.15942237565338
2015-05-16,30.03839995641474,27.034559960773265,99.08404169992448,70.05379763943725
2015-05-17,30.010272655687228,27.0092453901185,97.1522724923894,69.9481729032211
2015-05-18,29.982145354959712,26.98393081946374,95.22050328485436,69.84254816700498
2015-05-19,29.9540180542322,26.95861624880898,93.28873407731928,69.73692343078885
2015-05-20,29.925890753504685,26.93330167815422,91.35696486978424,69.63129869457272
2015-05-21,29.897763452777173,26.90798710749945,89.42519566224917,69.52567395835658
2015-05-22,29.869636152049654,26.88267253684469,87.49342645471411,69.42004922214045
2015-05-23,29.85557795504279,26.870020159538512,84.24362088272449,69.23449762303211
2015-05-24,29.84151975803592,26.85736778223233,80.99381531073487,69.04894602392378
2015-05-25,29.82746156102905,26.84471540492615,77.74400973874525,68.86339442481544
2015-05-26,29.813403364022182,26.83206302761997,74.49420416675562,68.6778428257071
2015-05-27,29.799345167015318,26.819410650313788,71.24439859476601,68.49229122659877
2015-05-28,29.78528697000845,26.80675827300761,67.99459302277639,68.30673962749043
2015-05-29,29.771228773001575,26.794105895701424,64.74478745078676,68.1211880283821
2015-05-30,29.76598037188894,26.78938233470005,61.487815676414165,67.88814561751421
2015-05-31,29.760731970776305,26.78465877369868,58.23084390204158,67.65510320664634
2015-06-01,29.755483569663667,26.779935212697303,54.97387212766898,67.42206079577846
2015-06-02,29.750235168551036,26.77521165169593,51.71690035329639,67.18901838491058
2015-06-03,29.744986767438395,26.77048809069456,48.459928578923794,66.9559759740427
2015-06-04,29.73973836632576,26.765764529693183,45.20295680455121,66.72293356317483
2015-06-05,29.73448996521312,26.76104096869181,41.94598503017861,66.48989115230695
2015-06-06,29.732792052168296,26.759512846951463,39.99271721549324,66.2417939808121
2015-06-07,29.731094139123478,26.757984725211127,38.039449400807854,65.99369680931726
2015-06-08,29.72939622607865,26.756456603470784,36.08618158612248,65.74559963782241
2015-06-09,29.727698313033827,26.75492848173044,34.1329137714371,65.49750246632755
2015-06-10,29.726000399989,26.7534003599901,32.17964595675173,65.2494052948327
2015-06-11,29.72430248694418,26.75187223824976,30.226378142066345,65.00130812333785
2015-06-12,29.722604573899357,26.750344116509417,28.27311032738097,64.753210951843
2015-06-13,29.720498286782988,26.74844845810469,28.710731700875957,64.51885410127431
2015-06-14,29.718391999666625,26.74655279969996,29.14835307437093,64.28449725070564
2015-06-15,29.71628571255026,26.74465714129523,29.58597444786592,64.05014040013695
2015-06-16,29.71417942543389,26.742761482890504,30.0235958213609,63.81578354956827
2015-06-17,29.71207313831753,26.740865824485777,30.461217194855884,63.58142669899959
2015-06-18,29.70996685120117,26.73897016608105,30.898838568350868,63.34706984843091
2015-06-19,29.7078605640848,26.73707450767632,31.33645994184585,63.11271299786223
2015-06-20,29.7111111646522,26.740000048186975,33.57954454253693,62.89366608419547
2015-06-21,29.714361765219603,26.74292558869764,35.822629143228006,62.67461917052872
2015-06-22,29.717612365787005,26.7458511292083,38.06571374391908,62.45557225686196
2015-06-23,29.720862966354403,26.748776669718964,40.30879834461016,62.2365253431952
2015-06-24,29.724113566921805,26.751702210229624,42.55188294530125,62.017478429528445
2015-06-25,29.72736416748921,26.754627750740287,44.79496754599232,61.79843151586169
2015-06-26,29.730614768056608,26.757553291250947,47.0380521466834,61.57938460219493
2015-06-27,29.74939051946713,26.77445146752042,49.74382975353101,61.3648897798822
2015-06-28,29.76816627087766,26.791349643789896,52.44960736037861,61.15039495756948
2015-06-29,29.786942022288187,26.80824782005937,55.15538496722623,60.935900135256745
2015-06-30,29.80571777369872,26.82514599632885,57.86116257407383,60.72140531294402
2015-07-01,29.824493525109244,26.84204417259832,60.56694018092144,60.50691049063129
2015-07-02,29.84326927651977,26.8589423488678,63.272717787769054,60.29241566831857
2015-07-03,29.862045027930296,26.87584052513727,65.97849539461666,60.07792084600584
2015-07-04,29.906535936568066,26.915882342911264,67.80045581355834,59.85715939312387
2015-07-05,29.951026845205835,26.955924160685253,69.62241623250004,59.63639794024191
2015-07-06,29.995517753843604,26.99596597845925,71.44437665144173,59.41563648735994
2015-07-07,30.04000866248137,27.036007796233235,73.26633707038343,59.19487503447797
2015-07-08,30.08449957111914,27.07604961400723,75.08829748932511,58.97411358159601
2015-07-09,30.128990479756908,27.116091431781214,76.9102579082668,58.75335212871404
2015-07-10,30.17348138839468,27.15613324955521,78.7322183272085,58.53259067583208
2015-07-11,30.253523958258167,27.22817156243235,78.36554081660509,58.29492194346592
2015-07-12,30.333566528121658,27.30020987530949,77.9988633060017,58.05725321109977
2015-07-13,30.413609097985148,27.372248188186635,77.63218579539829,57.81958447873362
2015-07-14,30.49365166784864,27.44428650106377,77.26550828479489,57.58191574636746
2015-07-15,30.57369423771213,27.51632481394092,76.89883077419148,57.34424701400131
2015-07-16,30.65373680757562,27.58836312681806,76.53215326358809,57.10657828163516
2015-07-17,30.73377937743911,27.6604014396952,76.16547575298468,56.868909549269006
2015-07-18,30.84823268156985,27.763409413412862,73.61274087284332,56.60922265077618
2015-07-19,30.96268598570059,27.86641738713053,71.06000599270195,56.34953575228335
2015-07-20,31.07713928983133,27.969425360848195,68.50727111256059,56.08984885379053
2015-07-21,31.191592593962067,28.07243333456586,65.95453623241923,55.8301619552977
2015-07-22,31.30604589809281,28.175441308283528,63.401801352277865,55.57047505680488
2015-07-23,31.420499202223542,28.27844928200119,60.8490664721365,55.31078815831204
2015-07-24,31.534952506354287,28.381457255718857,58.29633159199514,55.05110125981922
2015-07-25,31.66983612430816,28.502852511877347,55.09599790293299,54.77075306471535
2015-07-26,31.80471974226204,28.624247768035836,51.89566421387084,54.49040486961149
2015-07-27,31.93960336021592,28.74564302419432,48.69533052480869,54.21005667450762
2015-07-28,32.074486978169794,28.86703828035281,45.49499683574654,53.92970847940376
2015-07-29,32.20937059612367,28.9884335365113,42.29466314668439,53.64936028429989
2015-07-30,32.344254214077544,29.109828792669788,39.09432945762224,53.369012089196026
2015-07-31,32.47913783203142,29.23122404882828,35.89399576856009,53.08866389409216
2015-08-01,32.61974256008385,29.357768304075467,33.54099968763726,52.78937838859861
2015-08-02,32.76034728813629,29.484312559322657,31.188003606714428,52.490092883105056
2015-08-03,32.90095201618872,29.610856814569846,28.8350075257916,52.19080737761151
2015-08-04,33.04155674424115,29.73740106981704,26.482011444868768,51.89152187211795
2015-08-05,33.18216147229358,29.863945325064226,24.129015363945932,51.5922363666244
2015-08-06,33.32276620034602,29.99048958031141,21.776019283023103,51.29295086113085
2015-08-07,33.46337092839845,30.117033835558605,19.423023202100275,50.9936653556373
2015-08-08,33.59498939410769,30.23549045469693,19.456926574098688,50.67716956089548
2015-08-09,33.72660785981694,30.353947073835247,19.4908299460971,50.36067376615367
2015-08-10,33.85822632552618,30.472403692973568,19.524733318095517,50.04417797141185
2015-08-11,33.989844791235434,30.59086031211189,19.558636690093923,49.72768217667003
2015-08-12,34.12146325694468,30.709316931250207,19.592540062092336,49.41118638192821
2015-08-13,34.253081722653924,30.827773550388528,19.62644343409075,49.0946905871864
2015-08-14,34.38470018836317,30.94623016952685,19.66034680608916,48.77819479244458
2015-08-15,34.496600789448706,31.04694071050384,23.134473047850488,48.45280463283935
2015-08-16,34.60850139053425,31.14765125148082,26.608599289611817,48.127414473234126
2015-08-17,34.72040199161979,31.248361792457807,30.082725531373143,47.8020243136289
2015-08-18,34.832302592705325,31.349072333434798,33.55685177313447,47.47663415402367
2015-08-19,34.94420319379086,31.44978287441178,37.030978014895794,47.15124399441845
2015-08-20,35.05610379487641,31.550493415388765,40.50510425665712,46.825853834813216
2015-08-21,35.168004395961944,31.65120395636575,43.97923049841845,46.50046367520799
2015-08-22,35.26185038878028,31.73566534990225,49.43612728649572,46.19503663586947
2015-08-23,35.35569638159861,31.82012674343876,54.89302407457298,45.88960959653095
2015-08-24,35.44954237441695,31.904588136975256,60.34992086265024,45.58418255719244
2015-08-25,35.54338836723529,31.98904953051176,65.80681765072751,45.27875551785391
2015-08-26,35.637234360053625,32.073510924048264,71.26371443880478,44.97332847851539
2015-08-27,35.73108035287196,32.157972317584765,76.72061122688203,44.66790143917687
2015-08-28,35.824926345690294,32.242433711121265,82.1775080149593,44.36247439983836
2015-08-29,35.90478963565169,32.31431067208652,87.80926434826442,44.10985973476611
2015-08-30,35.984652925613084,32.386187633051776,93.44102068156955,43.85724506969386
2015-08-31,36.06451621557448,32.45806459401703,99.07277701487467,43.604630404621616
2015-09-01,36.14437950553587,32.52994155498229,104.7045333481798,43.35201573954937
2015-09-02,36.22424279549727,32.60181851594754,110.33628968148491,43.09940107447713
2015-09-03,36.30410608545866,32.6736954769128,115.96804601479003,42.84678640940488
2015-09-04,36.38396937542006,32.74557243787805,121.59980234809518,42.59417174433264
2015-09-05,36.45392186793473,32.80852968114126,125.59850722553765,42.427218707526364
2015-09-06,36.5238743604494,32.87148692440446,129.5972121029801,42.26026567072009
2015-09-07,36.59382685296407,32.934444167667664,133.59591698042257,42.09331263391382
2015-09-08,36.66377934547874,32.99740141093087,137.594621857865,41.92635959710754
2015-09-09,36.73373183799341,33.06035865419408,141.59332673530747,41.75940656030127
2015-09-10,36.80368433050808,33.123315897457275,145.5920316127499,41.592453523495
2015-09-11,36.87363682302275,33.18627314072048,149.5907364901924,41.425500486688726
2015-09-12,36.93682093986933,33.2431388458824,150.38198655227862,41.375429430586486
2015-09-13,37.00000505671591,33.300004551044324,151.17323661436487,41.32535837448425
2015-09-14,37.063189173562485,33.35687025620624,151.9644866764511,41.27528731838201
2015-09-15,37.12637329040907,33.41373596136816,152.75573673853734,41.22521626227977
2015-09-16,37.18955740725565,33.47060166653008,153.54698680062356,41.17514520617753
2015-09-17,37.25274152410223,33.527467371692005,154.3382368627098,41.1250741500753
2015-09-18,37.315925640948805,33.58433307685392,155.12948692479603,41.07500309397306
2015-09-19,37.36674992548452,33.63007493293607,153.33302971772028,41.1577284229416
2015-09-20,37.41757421002024,33.675816789018214,151.5365725106445,41.24045375191013
2015-09-21,37.46839849455595,33.72155864510036,149.74011530356876,41.32317908087866
2015-09-22,37.51922277909167,33.767300501182504,147.943658096493,41.4059044098472
2015-09-23,37.570047063627385,33.81304235726465,146.14720088941726,41.48862973881573
2015-09-24,37.6208713481631,33.858784213346794,144.3507436823415,41.57135506778426
2015-09-25,37.671695632698814,33.90452606942894,142.55428647526574,41.6540803967528
2015-09-26,37.69978323989624,33.929804915906615,139.99206904374583,41.87713021727559
2015-09-27,37.727870847093655,33.95508376238429,137.42985161222592,42.10018003779838
2015-09-28,37.75595845429108,33.98036260886197,134.867634180706,42.32322985832118
2015-09-29,37.78404606148849,34.00564145533965,132.3054167491861,42.54627967884397
2015-09-30,37.81213366868591,34.030920301817325,129.74319931766618,42.76932949936677
2015-10-01,37.84022127588333,34.056199148295,127.18098188614628,42.99237931988956
2015-10-02,37.86830888308075,34.08147799477268,124.61876445462636,43.215429140412354
2015-10-03,37.86323395217404,34.07691055695664,123.12504772291696,43.58624565986718
2015-10-04,37.85815902126734,34.072343119140605,121.6313309912076,43.957062179322016
2015-10-05,37.85308409036063,34.06777568132457,120.1376142594982,44.32787869877684
2015-10-06,37.84800915945392,34.06320824350853,118.6438975277888,44.69869521823168
2015-10-07,37.842934228547215,34.05864080569249,117.1501807960794,45.0695117376865
2015-10-08,37.83785929764051,34.054073367876455,115.65646406437,45.44032825714134
2015-10-09,37.83278436673381,34.04950593006042,114.16274733266062,45.811144776596166
2015-10-10,37.784397274030525,34.005957546627464,115.54071426010997,46.33627444234648
2015-10-11,37.73601018132724,33.962409163194515,116.91868118755929,46.8614041080968
2015-10-12,37.68762308862396,33.91886077976156,118.2966481150086,47.38653377384711
2015-10-13,37.63923599592067,33.87531239632861,119.67461504245794,47.91166343959743
2015-10-14,37.59084890321739,33.831764012895654,121.05258196990728,48.43679310534775
2015-10-15,37.542461810514105,33.788215629462705,122.4305488973566,48.96192277109806
2015-10-16,37.494074717810825,33.74466724602975,123.80851582480594,49.48705243684838
2015-10-17,37.40506868452284,33.66456181607056,128.41646915117258,50.1313959215149
2015-10-18,37.31606265123485,33.58445638611138,133.0244224775392,50.77573940618143
2015-10-19,37.227056617946864,33.50435095615219,137.63237580390583,51.42008289084795
2015-10-20,37.138050584658885,33.424245526193,142.24032913027244,52.06442637551447
2015-10-21,37.0490445513709,33.34414009623381,146.84828245663908,52.70876986018099
2015-10-22,36.96003851808291,33.264034666274625,151.4562357830057,53.35311334484752
2015-10-23,36.87103248479493,33.18392923631544,156.06418910937234,53.99745682951404
2015-10-24,36.76211497173128,33.08590347455815,162.23374522425104,54.66749963602417
2015-10-25,36.65319745866763,32.98787771280087,168.40330133912977,55.337542442534286
2015-10-26,36.54427994560398,32.88985195104358,174.57285745400847,56.00758524904441
2015-10-27,36.43536243254034,32.791826189286304,180.7424135688872,56.67762805555453
2015-10-28,36.32644491947669,32.69380042752902,186.91196968376588,57.34767086206465
2015-10-29,36.21752740641304,32.595774665771735,193.0815257986446,58.01771366857477
2015-10-30,36.1086098933494,32.49774890401445,199.2510819135233,58.687756475084896
2015-10-31,36.0018361436491,32.401652529284185,205.16222538011647,59.28561362305546
2015-11-01,35.8950623939488,32.30555615455392,211.0733688467096,59.88347077102603
2015-11-02,35.7882886442485,32.209459779823646,216.9845123133028,60.4813279189966
2015-11-03,35.68151489454821,32.11336340509338,222.8956557798959,61.07918506696716
2015-11-04,35.57474114484791,32.017267030363115,228.80679924648905,61.67704221493773
2015-11-05,35.46796739514761,31.92117065563285,234.7179427130822,62.2748993629083
2015-11-06,35.361193645447315,31.82507428090258,240.6290861796753,62.87275651087887
2015-11-07,35.27861888355785,31.75075699520206,244.46180330142923,63.30054310637808
2015-11-08,35.19604412166838,31.676439709501537,248.29452042318312,63.728329701877286
2015-11-09,35.11346935977891,31.602122423801017,252.127237544937,64.1561162973765
2015-11-10,35.03089459788944,31.527805138100497,255.9599546666909,64.58390289287571
2015-11-11,34.94831983599997,31.453487852399977,259.79267178844475,65.01168948837491
2015-11-12,34.8657450741105,31.37917056669945,263.62538891019864,65.43947608387413
2015-11-13,34.78317031222103,31.30485328099893,267.4581060319525,65.86726267937334
2015-11-14,34.740507071015614,31.266456363914056,267.98290816061564,66.05642982258439
2015-11-15,34.6978438298102,31.228059446829175,268.50771028927875,66.24559696579546
2015-11-16,34.65518058860478,31.1896625297443,269.03251241794186,66.43476410900651
2015-11-17,34.612517347399354,31.151265612659422,269.557314546605,66.62393125221757
2015-11-18,34.56985410619394,31.112868695574548,270.08211667526814,66.81309839542863
2015-11-19,34.52719086498852,31.07447177848967,270.60691880393125,67.00226553863969
2015-11-20,34.4845276237831,31.036074861404792,271.1317209325944,67.19143268185074
2015-11-21,34.47320068350522,31.0258806151547,269.38038754669384,67.18576633267202
2015-11-22,34.46187374322734,31.01568636890461,267.6290541607933,67.18009998349329
2015-11-23,34.45054680294946,31.00549212265452,265.8777207748928,67.17443363431457
2015-11-24,34.439219862671585,30.99529787640443,264.12638738899227,67.16876728513584
2015-11-25,34.4278929223937,30.985103630154335,262.37505400309175,67.16310093595712
2015-11-26,34.41656598211583,30.974909383904247,260.6237206171912,67.1574345867784
2015-11-27,34.405239041837945,30.96471513765416,258.8723872312907,67.15176823759967
2015-11-28,34.41086053537734,30.96977448183961,256.41787403070504,67.02193880814762
2015-11-29,34.41648202891674,30.97483382602507,253.9633608301193,66.89210937869557
2015-11-30,34.42210352245613,30.979893170210527,251.50884762953365,66.76227994924352
2015-12-01,34.427725015995534,30.98495251439598,249.054334428948,66.63245051979148
2015-12-02,34.43334650953493,30.99001185858144,246.5998212283623,66.50262109033943
2015-12-03,34.43896800307433,30.99507120276689,244.1453080277766,66.37279166088737
2015-12-04,34.44458949661372,31.000130546952352,241.69079482719093,66.24296223143533
2015-12-05,34.45277155686013,31.00749440117412,240.1060575117978,66.05964013382639
2015-12-06,34.46095361710653,31.01485825539588,238.52132019640467,65.87631803621747
2015-12-07,34.46913567735294,31.022222109617648,236.93658288101156,65.69299593860853
2015-12-08,34.47731773759935,31.02958596383941,235.3518455656184,65.5096738409996
2015-12-09,34.485499797845755,31.03694981806117,233.76710825022525,65.32635174339066
2015-12-10,34.49368185809216,31.04431367228294,232.1823709348321,65.14302964578174
2015-12-11,34.501863918338564,31.051677526504704,230.597633619439,64.9597075481728
2015-12-12,34.49935809341486,31.049422284073373,231.31517506614497,64.78990108124866
2015-12-13,34.49685226849116,31.04716704164204,232.03271651285093,64.62009461432451
2015-12-14,34.49434644356746,31.04491179921071,232.7502579595569,64.45028814740039
2015-12-15,34.49184061864375,31.042656556779377,233.46779940626288,64.28048168047624
2015-12-16,34.48933479372005,31.04040131434805,234.1853408529689,64.1106752135521
2015-12-17,34.486828968796345,31.038146071916717,234.9028822996748,63.94086874662796
2015-12-18,34.48432314387264,31.035890829485385,235.6204237463808,63.77106227970382
2015-12-19,34.471543004314455,31.02438870388301,238.38866401527363,63.63786961000055
2015-12-20,34.45876286475627,31.01288657828064,241.1569042841665,63.50467694029728
2015-12-21,34.44598272519808,31.00138445267827,243.9251445530593,63.37148427059401
2015-12-22,34.43320258563989,30.9898823270759,246.69338482195215,63.23829160089074
2015-12-23,34.4204224460817,30.97838020147353,249.46162509084505,63.10509893118747
2015-12-24,34.40764230652351,30.96687807587116,252.2298653597379,62.9719062614842
2015-12-25,34.394862166965325,30.955375950268788,254.99810562863075,62.83871359178093
2015-12-26,34.381237290134216,30.943113561120796,258.4540845087669,62.7362551810239
2015-12-27,34.36761241330311,30.930851171972797,261.9100633889031,62.63379677026688
2015-12-28,34.353987536472,30.9185887828248,265.36604226903927,62.531338359509846
2015-12-29,34.340362659640896,30.906326393676803,268.82202114917544,62.42887994875282
2015-12-30,34.326737782809786,30.894064004528808,272.27800002931167,62.32642153799579
2015-12-31,34.31311290597868,30.88180161538081,275.73397890944784,62.22396312723877
2016-01-01,34.29948802914757,30.869539226232813,279.189957789584,62.12150471648174
2016-01-02,34.2946075912918,30.865146832162623,281.95104172045734,62.04338807099194
2016-01-03,34.28972715343604,30.86075443809244,284.7121256513307,61.96527142550213
2016-01-04,34.28484671558027,30.85636204402225,287.47320958220405,61.88715478001233
2016-01-05,34.27996627772451,30.85196964995206,290.2342935130774,61.80903813452253
2016-01-06,34.275085839868744,30.847577255881877,292.9953774439507,61.73092148903272
2016-01-07,34.270205402012984,30.84318486181169,295.7564613748241,61.65280484354292
2016-01-08,34.265324964157216,30.8387924677415,298.5175453056974,61.57468819805312
2016-01-09,34.27866185304376,30.850795667739384,299.2123461590219,61.51462582752207
2016-01-10,34.29199874193029,30.86279886773727,299.9071470123464,61.45456345699102
2016-01-11,34.305335630816835,30.874802067735157,300.60194786567087,61.39450108645997
2016-01-12,34.31867251970337,30.886805267733035,301.29674871899533,61.33443871592891
2016-01-13,34.33200940858991,30.89880846773092,301.9915495723198,61.27437634539786
2016-01-14,34.345346297476446,30.910811667728805,302.6863504256443,61.21431397486681
2016-01-15,34.35868318636299,30.92281486772669,303.3811512789688,61.15425160433576
2016-01-16,34.39084394279869,30.951759548518822,301.4956823015801,61.113961938772015
2016-01-17,34.4230046992344,30.980704229310952,299.6102133241913,61.07367227320827
2016-01-18,34.4551654556701,31.009648910103085,297.7247443468026,61.03338260764452
2016-01-19,34.4873262121058,31.038593590895218,295.8392753694139,60.99309294208077
2016-01-20,34.5194869685415,31.06753827168735,293.9538063920252,60.952803276517024
2016-01-21,34.55164772497721,31.09648295247948,292.0683374146364,60.91251361095328
2016-01-22,34.58380848141291,31.125427633271613,290.1828684372477,60.87222394538953
2016-01-23,34.62044409275459,31.15839968347913,286.6493881167214,60.86692962005736
2016-01-24,34.65707970409628,31.19137173368664,283.1159077961951,60.8616352947252
2016-01-25,34.69371531543796,31.22434378389416,279.5824274756688,60.85634096939303
2016-01-26,34.73035092677964,31.25731583410167,276.0489471551425,60.85104664406087
2016-01-27,34.76698653812132,31.290287884309187,272.51546683461623,60.8457523187287
2016-01-28,34.803622149463,31.3232599345167,268.9819865140899,60.84045799339653
2016-01-29,34.84025776080468,31.35623198472421,265.4485061935636,60.83516366806437
2016-01-30,34.8655797328428,31.379021759558515,261.33847504509936,60.881387106604265
2016-01-31,34.89090170488091,31.40181153439282,257.2284438966351,60.92761054514416
2016-02-01,34.916223676919024,31.42460130922712,253.11841274817084,60.97383398368406
2016-02-02,34.94154564895714,31.447391084061422,249.0083815997066,61.02005742222396
2016-02-03,34.96686762099525,31.470180858895723,244.89835045124235,61.066280860763854
2016-02-04,34.992189593033366,31.492970633730028,240.7883193027781,61.11250429930375
2016-02-05,35.01751156507148,31.51576040856433,236.67828815431383,61.15872773784365
2016-02-06,35.01573140359649,31.51415826323684,233.06316669310957,61.2729913638961
2016-02-07,35.01395124212149,31.512556117909345,229.4480452319052,61.38725498994855
2016-02-08,35.0121710806465,31.51095397258185,225.8329237707009,61.50151861600099
2016-02-09,35.010390919171506,31.50935182725436,222.21780230949665,61.61578224205345
2016-02-10,35.00861075769652,31.507749681926867,218.60268084829232,61.7300458681059
2016-02-11,35.00683059622152,31.50614753659937,214.987559387088,61.844309494158345
2016-02-12,35.00505043474653,31.504545391271883,211.3724379258837,61.9585731202108
2016-02-13,34.96588129382886,31.469293164445972,209.0611382899584,62.1452132145164
2016-02-14,34.92671215291118,31.43404093762007,206.7498386540331,62.33185330882199
2016-02-15,34.88754301199351,31.39878871079416,204.43853901810783,62.51849340312759
2016-02-16,34.84837387107583,31.363536483968254,202.12723938218252,62.70513349743319
2016-02-17,34.80920473015816,31.328284257142347,199.81593974625727,62.89177359173879
2016-02-18,34.77003558924048,31.29303203031644,197.504640110332,63.07841368604439
2016-02-19,34.73086644832281,31.25777980349053,195.19334047440668,63.26505378034999
2016-02-20,34.66994783521643,31.202953051694795,193.7575234167076,63.47097978923728
2016-02-21,34.60902922211007,31.14812629989906,192.3217063590084,63.67690579812457
2016-02-22,34.54811060900369,31.093299548103325,190.88588930130928,63.88283180701186
2016-02-23,34.48719199589732,31.03847279630759,189.45007224361007,64.08875781589916
2016-02-24,34.426273382790946,30.98364604451185,188.014255185911,64.29468382478645
2016-02-25,34.36535476968458,30.92881929271612,186.57843812821184,64.50060983367374
2016-02-26,34.304436156578205,30.873992540920383,185.14262107051272,64.70653584256102
2016-02-27,34.24503760969598,30.820533848726377,183.7898287750316,64.86175670449241
2016-02-28,34.18563906281375,30.76707515653237,182.43703647955047,65.0169775664238
2016-02-29,34.12624051593152,30.71361646433837,181.08424418406932,65.17219842835519
2016-03-01,34.06684196904929,30.66015777214437,179.7314518885882,65.32741929028657
2016-03-02,34.007443422167064,30.60669907995036,178.37865959310707,65.48264015221795
2016-03-03,33.94804487528484,30.55324038775636,177.02586729762595,65.63786101414935
2016-03-04,33.88864632840261,30.49978169556235,175.67307500214483,65.79308187608073
2016-03-05,33.85403844260157,30.468634598341417,173.61079923749094,65.82760418949624
2016-03-06,33.81943055680053,30.437487501120486,171.54852347283705,65.86212650291175
2016-03-07,33.784822670999496,30.406340403899552,169.48624770818316,65.89664881632726
2016-03-08,33.750214785198466,30.37519330667862,167.42397194352924,65.93117112974278
2016-03-09,33.71560689939743,30.344046209457687,165.36169617887535,65.96569344315829
2016-03-10,33.68099901359639,30.31289911223676,163.29942041422146,66.0002157565738
2016-03-11,33.646391127795354,30.281752015015822,161.23714464956757,66.0347380699893
2016-03-12,33.657957582941364,30.29216182464723,157.73731153701408,65.88433167482495
2016-03-13,33.669524038087374,30.30257163427864,154.23747842446062,65.73392527966061
2016-03-14,33.681090493233384,30.31298144391005,150.73764531190713,65.58351888449626
2016-03-15,33.6926569483794,30.323391253541462,147.23781219935364,65.4331124893319
2016-03-16,33.70422340352541,30.33380106317287,143.73797908680015,65.28270609416755
2016-03-17,33.71578985867142,30.344210872804283,140.2381459742467,65.13229969900321
2016-03-18,33.72735631381743,30.35462068243569,136.7383128616932,64.98189330383886
2016-03-19,33.77699010222673,30.399291092004063,132.0798962012883,64.67240202588876
2016-03-20,33.82662389063604,30.44396150157244,127.4214795408834,64.36291074793866
2016-03-21,33.876257679045345,30.48863191114081,122.7630628804785,64.05341946998855
2016-03-22,33.925891467454655,30.533302320709183,118.1046462200736,63.74392819203845
2016-03-23,33.97552525586396,30.57797273027756,113.4462295596687,63.43443691408835
2016-03-24,34.025159044273266,30.62264313984593,108.7878128992638,63.12494563613825
2016-03-25,34.07479283268257,30.667313549414303,104.12939623885887,62.81545435818815
2016-03-26,34.1310244681726,30.71792202135533,99.38915149318429,62.4440784999094
2016-03-27,34.18725610366262,30.768530493296357,94.64890674750966,62.072702641630656
2016-03-28,34.24348773915265,30.81913896523738,89.90866200183504,61.70132678335191
2016-03-29,34.29971937464267,30.869747437178404,85.16841725616044,61.32995092507317
2016-03-30,34.3559510101327,30.92035590911943,80.42817251048581,60.95857506679442
2016-03-31,34.41218264562272,30.97096438106045,75.6879277648112,60.58719920851568
2016-04-01,34.46841428111275,31.02157285300148,70.94768301913659,60.21582335023693
2016-04-02,34.49913389033186,31.04922050129868,67.22423358488291,59.88171916118742
2016-04-03,34.52985349955098,31.07686814959588,63.50078415062924,59.54761497213791
2016-04-04,34.56057310877009,31.10451579789308,59.77733471637556,59.2135107830884
2016-04-05,34.591292717989205,31.132163446190287,56.05388528212189,58.87940659403889
2016-04-06,34.62201232720832,31.159811094487488,52.330435847868216,58.54530240498938
2016-04-07,34.65273193642744,31.18745874278469,48.606986413614536,58.211198215939866
2016-04-08,34.68345154564655,31.215106391081893,44.88353697936086,57.877094026890354
2016-04-09,34.65667049609238,31.19100344648314,43.2932404723459,57.67906929810714
2016-04-10,34.629889446538215,31.16690050188439,41.70294396533095,57.48104456932392
2016-04-11,34.60310839698405,31.14279755728564,40.11264745831598,57.2830198405407
2016-04-12,34.576327347429874,31.118694612686888,38.52235095130102,57.084995111757486
2016-04-13,34.54954629787571,31.094591668088132,36.93205444428606,56.88697038297427
2016-04-14,34.52276524832154,31.070488723489383,35.341757937271105,56.68894565419105
2016-04-15,34.495984198767374,31.04638577889063,33.75146143025614,56.49092092540784
2016-04-16,34.39724695925463,30.95752226332916,34.89833514318605,56.47739153310733
2016-04-17,34.29850971974189,30.868658747767693,36.04520885611596,56.46386214080683
2016-04-18,34.19977248022914,30.779795232206222,37.192082569045866,56.45033274850633
2016-04-19,34.10103524071639,30.690931716644755,38.338956281975776,56.43680335620582
2016-04-20,34.00229800120365,30.602068201083284,39.485829994905686,56.42327396390532
2016-04-21,33.903560761690905,30.513204685521817,40.6327037078356,56.40974457160482
2016-04-22,33.80482352217816,30.424341169960343,41.77957742076551,56.39621517930431
2016-04-23,33.65538652393205,30.28984787153885,44.42618690908839,56.51295719084533
2016-04-24,33.50594952568595,30.15535457311735,47.07279639741129,56.62969920238634
2016-04-25,33.35651252743984,30.020861274695854,49.719405885734176,56.74644121392736
2016-04-26,33.20707552919373,29.88636797627436,52.36601537405706,56.863183225468376
2016-04-27,33.05763853094762,29.75187467785286,55.01262486237995,56.97992523700939
2016-04-28,32.90820153270152,29.61738137943136,57.659234350702846,57.0966672485504
2016-04-29,32.75876453445541,29.482888081009865,60.30584383902573,57.21340926009142
2016-04-30,32.58422887488507,29.32580598739656,63.780852788884886,57.39371173073446
2016-05-01,32.40969321531473,29.16872389378326,67.25586173874404,57.57401420137749
2016-05-02,32.235157555744394,29.011641800169954,70.73087068860319,57.754316672020536
2016-05-03,32.06062189617406,28.85455970655665,74.20587963846233,57.93461914266358
2016-05-04,31.88608623660372,28.697477612943345,77.6808885883215,58.11492161330662
2016-05-05,31.711550577033385,28.540395519330044,81.15589753818065,58.295224083949655
2016-05-06,31.537014917463047,28.38331342571674,84.6309064880398,58.4755265545927
2016-05-07,31.36298169397769,28.22668352457992,88.03546688051716,58.65267853959821
2016-05-08,31.18894847049233,28.070053623443098,91.44002727299451,58.82983052460372
2016-05-09,31.01491524700698,27.91342372230628,94.84458766547188,59.00698250960924
2016-05-10,30.84088202352162,27.75679382116946,98.24914805794924,59.184134494614746
2016-05-11,30.666848800036263,27.60016392003264,101.6537084504266,59.36128647962026
2016-05-12,30.492815576550907,27.443534018895814,105.05826884290394,59.53843846462577
2016-05-13,30.31878235306555,27.286904117759,108.4628292353813,59.715590449631286
2016-05-14,30.168888557857272,27.151999702071542,110.88291063824352,59.83055447853034
2016-05-15,30.018994762648997,27.01709528638409,113.30299204110572,59.9455185074294
2016-05-16,29.86910096744072,26.882190870696643,115.72307344396792,60.06048253632845
2016-05-17,29.71920717223244,26.7472864550092,118.14315484683016,60.1754465652275
2016-05-18,29.56931337702416,26.612382039321744,120.56323624969237,60.29041059412656
2016-05-19,29.419419581815884,26.477477623634293,122.98331765255458,60.405374623025615
2016-05-20,29.26952578660761,26.34257320794684,125.40339905541678,60.52033865192467
2016-05-21,29.15598679942555,26.24038811948299,126.54104184948544,60.5586998378297
2016-05-22,29.04244781224349,26.13820303101914,127.67868464355412,60.59706102373473
2016-05-23,28.928908825061438,26.03601794255529,128.8163274376228,60.63542220963976
2016-05-24,28.81536983787938,25.93383285409144,129.95397023169147,60.67378339554479
2016-05-25,28.701830850697323,25.83164776562759,131.09161302576015,60.71214458144982
2016-05-26,28.588291863515263,25.729462677163745,132.2292558198288,60.75050576735485
2016-05-27,28.47475287633321,25.62727758869989,133.3668986138975,60.78886695325989
2016-05-28,28.40566624471357,25.56509962024221,133.14862991943198,60.75229818261754
2016-05-29,28.336579613093924,25.502921651784536,132.9303612249665,60.7157294119752
2016-05-30,28.267492981474284,25.440743683326858,132.712092530501,60.679160641332864
2016-05-31,28.198406349854643,25.37856571486918,132.49382383603552,60.64259187069053
2016-06-01,28.129319718235003,25.3163877464115,132.27555514157,60.60602310004818
2016-06-02,28.06023308661536,25.254209777953825,132.05728644710453,60.56945432940584
2016-06-03,27.99114645499572,25.192031809496147,131.83901775263902,60.5328855587635
2016-06-04,27.97460421141304,25.17714379027174,130.19164364486303,60.42308126456659
2016-06-05,27.958061967830364,25.162255771047327,128.54426953708705,60.31327697036967
2016-06-06,27.941519724247687,25.14736775182292,126.89689542931106,60.20347267617276
2016-06-07,27.924977480665007,25.132479732598508,125.24952132153506,60.093668381975846
2016-06-08,27.90843523708233,25.1175917133741,123.60214721375908,59.98386408777893
2016-06-09,27.891892993499653,25.10270369414969,121.95477310598308,59.87405979358201
2016-06-10,27.875350749916976,25.08781567492528,120.30739899820708,59.7642554993851
2016-06-11,27.9187480704086,25.12687326336774,117.18255409845776,59.58363299610853
2016-06-12,27.962145390900226,25.16593085181021,114.05770919870844,59.40301049283196
2016-06-13,28.00554271139185,25.204988440252663,110.93286429895912,59.222387989555386
2016-06-14,28.048940031883475,25.244046028695127,107.8080193992098,59.04176548627881
2016-06-15,28.0923373523751,25.283103617137588,104.68317449946048,58.86114298300224
2016-06-16,28.135734672866725,25.32216120558005,101.55832959971114,58.68052047972567
2016-06-17,28.17913199335835,25.361218794022516,98.43348469996182,58.4998979764491
2016-06-18,28.275246879608996,25.44772219164809,94.30360413893484,58.266037651039134
2016-06-19,28.371361765859632,25.534225589273667,90.17372357790786,58.03217732562916
2016-06-20,28.467476652110275,25.620728986899245,86.04384301688088,57.7983170002192
2016-06-21,28.56359153836092,25.707232384524826,81.91396245585389,57.56445667480923
2016-06-22,28.65970642461156,25.793735782150403,77.78408189482693,57.33059634939927
2016-06-23,28.7558213108622,25.88023917977598,73.65420133379993,57.096736023989294
2016-06-24,28.85193619711284,25.96674257740156,69.52432077277295,56.86287569857933
2016-06-25,28.97967264196771,26.081705377770938,65.35616168185794,56.60775009042075
2016-06-26,29.107409086822575,26.19666817814032,61.18800259094292,56.35262448226217
2016-06-27,29.235145531677446,26.3116309785097,57.01984350002791,56.09749887410359
2016-06-28,29.362881976532314,26.426593778879084,52.85168440911289,55.84237326594501
2016-06-29,29.490618421387182,26.541556579248464,48.68352531819788,55.58724765778643
2016-06-30,29.61835486624205,26.656519379617848,44.51536622728287,55.33212204962785
2016-07-01,29.74609131109692,26.771482179987228,40.34720713636785,55.07699644146927
2016-07-02,29.88380521094087,26.895424689846784,37.12707909634835,54.83314665580975
2016-07-03,30.02151911078482,27.019367199706338,33.90695105632885,54.58929687015023
2016-07-04,30.15923301062877,27.14330970956589,30.68682301630935,54.34544708449071
2016-07-05,30.29694691047272,27.267252219425448,27.46669497628985,54.10159729883119
2016-07-06,30.43466081031667,27.391194729285004,24.24656693627035,53.85774751317167
2016-07-07,30.57237471016062,27.51513723914456,21.02643889625085,53.61389772751215
2016-07-08,30.71008861000457,27.639079749004114,17.806310856231352,53.37004794185263
2016-07-09,30.83615567621087,27.75254010858978,16.539951907860704,53.16996118990562
2016-07-10,30.962222742417165,27.866000468175447,15.273592959490053,52.969874437958616
2016-07-11,31.08828980862346,27.979460827761116,14.007234011119404,52.76978768601161
2016-07-12,31.214356874829758,28.092921187346786,12.740875062748753,52.569700934064606
2016-07-13,31.34042394103605,28.206381546932448,11.474516114378105,52.3696141821176
2016-07-14,31.466491007242347,28.319841906518118,10.208157166007451,52.1695274301706
2016-07-15,31.592558073448643,28.43330226610378,8.941798217636803,51.96944067822359
2016-07-16,31.69240010769392,28.523160096924524,10.070578490679557,51.82643977787995
2016-07-17,31.792242141939187,28.61301792774527,11.19935876372231,51.68343887753631
2016-07-18,31.89208417618446,28.70287575856601,12.328139036765066,51.54043797719267
2016-07-19,31.99192621042973,28.79273358938676,13.45691930980782,51.39743707684903
2016-07-20,32.091768244675,28.882591420207504,14.585699582850571,51.254436176505386
2016-07-21,32.19161027892028,28.972449251028248,15.714479855893329,51.11143527616175
2016-07-22,32.29145231316555,29.062307081848992,16.84326012893608,50.968434375818106
2016-07-23,32.36791300404659,29.13112170364193,19.264952265940774,50.84845701662293
2016-07-24,32.444373694927634,29.19993632543487,21.686644402945475,50.72847965742775
2016-07-25,32.52083438580868,29.268750947227808,24.10833653995017,50.60850229823257
2016-07-26,32.59729507668972,29.337565569020743,26.530028676954867,50.4885249390374
2016-07-27,32.67375576757076,29.40638019081368,28.951720813959565,50.36854757984222
2016-07-28,32.7502164584518,29.47519481260662,31.37341295096426,50.24857022064704
2016-07-29,32.826677149332845,29.54400943439956,33.79510508796896,50.12859286145186
2016-07-30,32.88524588053246,29.596721292479213,36.53683180465095,49.99038080740043
2016-07-31,32.94381461173208,29.64943315055887,39.27855852133294,49.85216875334898
2016-08-01,33.002383342931694,29.702145008638524,42.020285238014935,49.71395669929755
2016-08-02,33.060952074131315,29.75485686671818,44.76201195469693,49.5757446452461
2016-08-03,33.11952080533093,29.807568724797832,47.503738671378926,49.43753259119467
2016-08-04,33.17808953653055,29.86028058287749,50.245465388060914,49.29932053714322
2016-08-05,33.236658267730164,29.912992440957144,52.98719210474291,49.16110848309179
2016-08-06,33.28282442293119,29.954541980638076,54.84276201774721,48.96340349817929
2016-08-07,33.32899057813223,29.996091520319,56.69833193075152,48.76569851326679
2016-08-08,33.375156733333256,30.037641059999928,58.553901843755824,48.56799352835429
2016-08-09,33.42132288853429,30.079190599680857,60.40947175676013,48.37028854344179
2016-08-10,33.46748904373532,30.120740139361786,62.26504166976443,48.17258355852929
2016-08-11,33.513655198936355,30.16228967904271,64.12061158276873,47.97487857361679
2016-08-12,33.559821354137384,30.20383921872364,65.97618149577303,47.77717358870429
2016-08-13,33.59919365402974,30.239274288626763,65.97638989098266,47.48992088025027
2016-08-14,33.638565953922104,30.274709358529886,65.97659828619229,47.20266817179623
2016-08-15,33.67793825381446,30.31014442843301,65.97680668140191,46.91541546334221
2016-08-16,33.71731055370682,30.345579498336136,65.97701507661154,46.62816275488818
2016-08-17,33.75668285359917,30.38101456823926,65.97722347182116,46.34091004643415
2016-08-18,33.79605515349154,30.41644963814238,65.97743186703079,46.05365733798012
2016-08-19,33.83542745338389,30.451884708045505,65.97764026224041,45.76640462952609
2016-08-20,33.874476285451934,30.48702865690674,64.56085785562767,45.44044329795224
2016-08-21,33.91352511751998,30.52217260576798,63.14407544901493,45.11448196637839
2016-08-22,33.95257394958802,30.557316554629217,61.72729304240218,44.78852063480453
2016-08-23,33.99162278165606,30.592460503490457,60.31051063578944,44.46255930323067
2016-08-24,34.0306716137241,30.627604452351694,58.89372822917669,44.13659797165681
2016-08-25,34.06972044579215,30.662748401212934,57.47694582256395,43.81063664008296
2016-08-26,34.10876927786019,30.69789235007417,56.0601634159512,43.484675308509104
2016-08-27,34.15434342521371,30.738909082692334,54.27989197229791,43.20636850538446
2016-08-28,34.19991757256723,30.77992581531051,52.49962052864463,42.92806170225981
2016-08-29,34.24549171992075,30.82094254792868,50.719349084991336,42.64975489913517
2016-08-30,34.29106586727428,30.86195928054685,48.939077641338045,42.371448096010525
2016-08-31,34.3366400146278,30.902976013165016,47.158806197684754,42.09314129288588
2016-09-01,34.38221416198132,30.943992745783188,45.37853475403147,41.81483448976123
2016-09-02,34.42778830933484,30.98500947840136,43.59826331037818,41.53652768663659
2016-09-03,34.48673817892588,31.03806436103329,42.51016239946486,41.39239101099504
2016-09-04,34.54568804851691,31.09111924366522,41.422061488551535,41.24825433535349
2016-09-05,34.60463791810795,31.144174126297152,40.333960577638216,41.10411765971194
2016-09-06,34.66358778769898,31.197229008929085,39.24585966672489,40.959980984070384
2016-09-07,34.72253765729002,31.25028389156102,38.15775875581157,40.81584430842884
2016-09-08,34.78148752688105,31.303338774192948,37.069657844898245,40.67170763278728
2016-09-09,34.84043739647209,31.35639365682488,35.981556933984926,40.52757095714573
2016-09-10,34.91916361630413,31.42724725467372,36.606796223895,40.60128326161843
2016-09-11,34.997889836136174,31.49810085252256,37.23203551380509,40.67499556609111
2016-09-12,35.076616055968216,31.5689544503714,37.85727480371517,40.748707870563805
2016-09-13,35.155342275800265,31.63980804822024,38.48251409362524,40.82242017503649
2016-09-14,35.23406849563231,31.71066164606908,39.10775338353532,40.896132479509184
2016-09-15,35.31279471546435,31.78151524391792,39.7329926734454,40.96984478398187
2016-09-16,35.39152093529639,31.852368841766754,40.35823196335548,41.04355708845456
2016-09-17,35.48323838686869,31.934914548181823,42.83282592756059,41.33563499878774
2016-09-18,35.57495583844099,32.01746025459689,45.3074198917657,41.62771290912092
2016-09-19,35.66667329001329,32.10000596101196,47.78201385597082,41.91979081945409
2016-09-20,35.758390741585586,32.182551667427035,50.25660782017593,42.21186872978726
2016-09-21,35.85010819315789,32.2650973738421,52.73120178438104,42.50394664012044
2016-09-22,35.94182564473019,32.34764308025717,55.20579574858616,42.796024550453616
2016-09-23,36.03354309630249,32.43018878667224,57.68038971279128,43.08810246078679
2016-09-24,36.11647807791277,32.504830270121495,61.11706370262268,43.50452992257212
2016-09-25,36.199413059523046,32.57947175357074,64.55373769245408,43.92095738435745
2016-09-26,36.282348041133325,32.65411323702,67.99041168228548,44.337384846142776
2016-09-27,36.36528302274361,32.72875472046925,71.42708567211689,44.7538123079281
2016-09-28,36.44821800435389,32.8033962039185,74.86375966194828,45.17023976971343
2016-09-29,36.53115298596417,32.87803768736775,78.30043365177968,45.58666723149876
2016-09-30,36.61408796757445,32.95267917081701,81.73710764161109,46.00309469328408
2016-10-01,36.665654573918346,32.99908911652651,85.19539745194452,46.44473310101523
2016-10-02,36.71722118026224,33.04549906223602,88.65368726227796,46.88637150874638
2016-10-03,36.76878778660613,33.091909007945524,92.11197707261138,47.32800991647753
2016-10-04,36.82035439295003,33.13831895365502,95.5702668829448,47.76964832420868
2016-10-05,36.87192099929393,33.18472889936453,99.02855669327823,48.21128673193983
2016-10-06,36.92348760563782,33.231138845074035,102.48684650361167,48.65292513967098
2016-10-07,36.975054211981714,33.27754879078354,105.9451363139451,49.094563547402124
2016-10-08,36.97267428130115,33.275406853171035,108.48479245001408,49.46229562868555
2016-10-09,36.97029435062059,33.273264915558535,111.02444858608304,49.830027709968974
2016-10-10,36.96791441994003,33.27112297794603,113.564104722152,50.1977597912524
2016-10-11,36.96553448925948,33.26898104033352,116.10376085822097,50.56549187253582
2016-10-12,36.963154558578914,33.266839102721015,118.64341699428992,50.93322395381925
2016-10-13,36.96077462789835,33.264697165108515,121.18307313035888,51.30095603510267
2016-10-14,36.95839469721779,33.26255522749601,123.72272926642783,51.6686881163861
2016-10-15,36.891473970878266,33.20232657379044,124.7357877290897,51.89641169886112
2016-10-16,36.82455324453875,33.14209792008487,125.74884619175155,52.12413528133614
2016-10-17,36.75763251819922,33.0818692663793,126.7619046544134,52.35185886381116
2016-10-18,36.690711791859705,33.02164061267373,127.77496311707526,52.57958244628618
2016-10-19,36.62379106552018,32.96141195896816,128.78802157973712,52.8073060287612
2016-10-20,36.55687033918066,32.90118330526259,129.80108004239895,53.03502961123622
2016-10-21,36.48994961284114,32.84095465155702,130.8141385050608,53.26275319371124
2016-10-22,36.38407597860707,32.74566838074636,130.69588125977944,53.38404624849423
2016-10-23,36.27820234437301,32.650382109935705,130.57762401449807,53.50533930327722
2016-10-24,36.17232871013894,32.555095839125045,130.4593667692167,53.626632358060206
2016-10-25,36.06645507590487,32.459809568314384,130.3411095239353,53.74792541284319
2016-10-26,35.960581441670804,32.36452329750372,130.22285227865393,53.869218467626176
2016-10-27,35.85470780743674,32.26923702669307,130.10459503337256,53.990511522409165
2016-10-28,35.748834173202674,32.17395075588241,129.9863377880912,54.11180457719215
2016-10-29,35.63639722544862,32.07275750290376,129.3206421543421,54.1789834632028
2016-10-30,35.52396027769457,31.97156424992512,128.654946520593,54.24616234921345
2016-10-31,35.411523329940515,31.87037099694647,127.9892508868439,54.313341235224094
2016-11-01,35.299086382186466,31.76917774396782,127.32355525309482,54.38052012123474
2016-11-02,35.18664943443241,31.667984490989173,126.65785961934571,54.44769900724538
2016-11-03,35.07421248667836,31.566791238010527,125.99216398559663,54.51487789325604
2016-11-04,34.96177553892431,31.46559798503188,125.32646835184754,54.58205677926668
2016-11-05,34.87516487202478,31.38764838482231,124.69721164910618,54.64743785542471
2016-11-06,34.788554205125266,31.309698784612745,124.0679549463648,54.712818931582746
2016-11-07,34.70194353822574,31.23174918440317,123.43869824362343,54.77820000774078
2016-11-08,34.615332871326224,31.153799584193603,122.80944154088208,54.84358108389882
2016-11-09,34.5287222044267,31.075849983984032,122.18018483814072,54.90896216005685
2016-11-10,34.44211153752718,30.997900383774464,121.55092813539936,54.974343236214885
2016-11-11,34.35550087062766,30.919950783564893,120.921671432658,55.03972431237292
2016-11-12,34.32336502563779,30.891028523074016,120.88751071157104,55.151421478101376
2016-11-13,34.29122918064793,30.862106262583136,120.85334999048403,55.26311864382984
2016-11-14,34.259093335658065,30.83318400209226,120.81918926939709,55.37481580955829
2016-11-15,34.2269574906682,30.80426174160138,120.78502854831012,55.48651297528676
2016-11-16,34.19482164567833,30.775339481110503,120.75086782722316,55.598210141015215
2016-11-17,34.16268580068847,30.746417220619623,120.71670710613618,55.70990730674367
2016-11-18,34.130549955698605,30.717494960128747,120.68254638504922,55.82160447247213
2016-11-19,34.14766013288231,30.73289411959408,121.57375498477543,55.98967599409396
2016-11-20,34.16477031006601,30.74829327905941,122.46496358450165,56.15774751571578
2016-11-21,34.181880487249714,30.763692438524743,123.35617218422784,56.32581903733761
2016-11-22,34.19899066443341,30.779091597990075,124.24738078395406,56.49389055895944
2016-11-23,34.21610084161711,30.794490757455407,125.13858938368028,56.66196208058126
2016-11-24,34.233211018800816,30.80988991692074,126.02979798340648,56.83003360220309
2016-11-25,34.25032119598452,30.82528907638607,126.92100658313268,56.998105123824914
2016-11-26,34.293431220156386,30.86408809814075,128.9463939091138,57.212369703001
2016-11-27,34.33654124432825,30.90288711989543,130.97178123509488,57.42663428217708
2016-11-28,34.37965126850012,30.94168614165011,132.997168561076,57.640898861353165
2016-11-29,34.422761292671986,30.98048516340479,135.02255588705708,57.855163440529246
2016-11-30,34.46587131684385,31.01928418515947,137.0479432130382,58.06942801970533
2016-12-01,34.50898134101572,31.058083206914148,139.0733305390193,58.283692598881416
2016-12-02,34.552091365187586,31.09688222866883,141.0987178650004,58.4979571780575
2016-12-03,34.5977881431233,31.138009328810973,144.46596804659762,58.74804601142322
2016-12-04,34.64348492105902,31.17913642895312,147.83321822819485,58.99813484478894
2016-12-05,34.68918169899474,31.220263529095263,151.20046840979208,59.248223678154666
2016-12-06,34.73487847693046,31.26139062923741,154.5677185913893,59.4983125115204
2016-12-07,34.78057525486618,31.30251772937956,157.93496877298654,59.74840134488612
2016-12-08,34.826272032801896,31.343644829521708,161.30221895458376,59.99849017825184
2016-12-09,34.87196881073761,31.38477192966385,164.669469136181,60.248579011617565
2016-12-10,34.89717263446337,31.40745537101703,169.5700383105829,60.52378142507229
2016-12-11,34.92237645818911,31.430138812370203,174.47060748498484,60.79898383852702
2016-12-12,34.94758028191487,31.45282225372338,179.37117665938675,61.07418625198175
2016-12-13,34.97278410564061,31.475505695076556,184.27174583378869,61.34938866543647
2016-12-14,34.99798792936637,31.49818913642973,189.1723150081906,61.6245910788912
2016-12-15,35.023191753092114,31.520872577782903,194.07288418259253,61.89979349234593
2016-12-16,35.04839557681787,31.54355601913608,198.97345335699444,62.17499590580066
2016-12-17,35.04449582382499,31.54004624144249,204.89449474048396,62.44976386548582
2016-12-18,35.04059607083211,31.53653646374889,210.81553612397343,62.72453182517099
2016-12-19,35.03669631783923,31.533026686055305,216.73657750746293,62.99929978485616
2016-12-20,35.03279656484635,31.529516908361717,222.65761889095245,63.27406774454132
2016-12-21,35.02889681185347,31.526007130668123,228.57866027444197,63.54883570422648
2016-12-22,35.02499705886059,31.52249735297453,234.49970165793144,63.823603663911655
2016-12-23,35.02109730586771,31.51898757528094,240.42074304142093,64.09837162359682
2016-12-24,34.9992018258538,31.499281643268414,245.88958570631385,64.32693673917723
2016-12-25,34.977306345839885,31.479575711255897,251.35842837120677,64.55550185475764
2016-12-26,34.955410865825975,31.459869779243377,256.82727103609966,64.78406697033805
2016-12-27,34.93351538581206,31.440163847230856,262.2961137009926,65.01263208591844
2016-12-28,34.91161990579815,31.420457915218336,267.76495636588544,65.24119720149885
2016-12-29,34.88972442578423,31.40075198320581,273.2337990307784,65.46976231707926
2016-12-30,34.86782894577032,31.38104605119329,278.7026416956713,65.69832743265967
2016-12-31,34.8404604868116,31.35641443813045,282.1777425617718,65.83347040273075
2017-01-01,34.81309202785289,31.3317828250676,285.6528434278724,65.96861337280184
2017-01-02,34.78572356889417,31.30715121200476,289.127944293973,66.10375634287293
2017-01-03,34.75835510993545,31.28251959894191,292.6030451600735,66.23889931294403
2017-01-04,34.73098665097673,31.257887985879066,296.07814602617407,66.37404228301511
2017-01-05,34.70361819201802,31.233256372816214,299.5532468922747,66.5091852530862
2017-01-06,34.6762497330593,31.208624759753373,303.0283477583752,66.64432822315729
2017-01-07,34.65593098785278,31.190337889067504,302.96817390382,66.63883012240802
2017-01-08,34.63561224264625,31.17205101838163,302.9080000492648,66.63333202165876
2017-01-09,34.61529349743973,31.15376414769576,302.8478261947096,66.6278339209095
2017-01-10,34.59497475223321,31.135477277009887,302.7876523401543,66.62233582016023
2017-01-11,34.57465600702669,31.117190406324017,302.7274784855991,66.61683771941097
2017-01-12,34.554337261820166,31.098903535638144,302.66730463104386,66.6113396186617
2017-01-13,34.53401851661364,31.080616664952277,302.60713077648865,66.60584151791244
2017-01-14,34.52965163555556,31.076686472,298.1342731697788,66.43707138410718
2017-01-15,34.52528475449747,31.072756279047724,293.6614155630689,66.26830125030192
2017-01-16,34.52091787343939,31.06882608609545,289.18855795635903,66.09953111649666
2017-01-17,34.516550992381305,31.06489589314317,284.7157003496491,65.9307609826914
2017-01-18,34.51218411132322,31.06096570019089,280.2428427429393,65.76199084888614
2017-01-19,34.50781723026513,31.05703550723862,275.76998513622937,65.59322071508088
2017-01-20,34.50345034920705,31.053105314286345,271.2971275295195,65.42445058127562
2017-01-21,34.510519289965686,31.05946736096912,263.99550519885605,65.16090358741691
2017-01-22,34.51758823072432,31.06582940765189,256.69388286819265,64.8973565935582
2017-01-23,34.52465717148296,31.072191454334664,249.3922605375292,64.6338095996995
2017-01-24,34.53172611224159,31.078553501017435,242.09063820686572,64.3702626058408
2017-01-25,34.53879505300023,31.08491554770021,234.7890158762023,64.10671561198208
2017-01-26,34.545863993758864,31.09127759438298,227.48739354553888,63.84316861812338
2017-01-27,34.5529329345175,31.097639641065754,220.18577121487544,63.57962162426467
2017-01-28,34.563813824766704,31.107432442290037,212.2093791536157,63.310898955327815
2017-01-29,34.5746947150159,31.11722524351432,204.232987092356,63.04217628639096
2017-01-30,34.585575605265106,31.127018044738595,196.25659503109625,62.77345361745411
2017-01-31,34.5964564955143,31.13681084596288,188.28020296983647,62.504730948517256
2017-02-01,34.60733738576351,31.14660364718716,180.30381090857676,62.2360082795804
2017-02-02,34.618218276012705,31.15639644841144,172.327418847317,61.96728561064355
2017-02-03,34.62909916626191,31.16618924963572,164.35102678605725,61.6985629417067
2017-02-04,34.63616813367552,31.172551320307964,157.8538599875619,61.51426578266712
2017-02-05,34.64323710108912,31.17891339098021,151.35669318906653,61.32996862362753
2017-02-06,34.65030606850273,31.18527546165245,144.85952639057118,61.14567146458795
2017-02-07,34.65737503591633,31.191637532324695,138.36235959207582,60.96137430554837
2017-02-08,34.66444400332994,31.197999602996944,131.86519279358046,60.77707714650879
2017-02-09,34.67151297074354,31.204361673669187,125.3680259950851,60.5927799874692
2017-02-10,34.67858193815715,31.210723744341436,118.87085919658976,60.40848282842962
2017-02-11,34.67472619804728,31.20725357824255,115.82512310352098,60.389522272389634
2017-02-12,34.670870457937404,31.203783412143665,112.7793870104522,60.37056171634964
2017-02-13,34.667014717827534,31.200313246044782,109.73365091738344,60.351601160309656
2017-02-14,34.663158977717664,31.196843079945896,106.68791482431467,60.33264060426967
2017-02-15,34.659303237607794,31.19337291384701,103.64217873124592,60.313680048229685
2017-02-16,34.65544749749792,31.18990274774813,100.59644263817717,60.29471949218969
2017-02-17,34.65159175738805,31.18643258164925,97.55070654510838,60.27575893614971
2017-02-18,34.6355879510577,31.17202915595193,97.83378758169276,60.4029073737513
2017-02-19,34.61958414472735,31.157625730254612,98.11686861827717,60.53005581135289
2017-02-20,34.603580338397,31.143222304557305,98.39994965486152,60.65720424895448
2017-02-21,34.58757653206665,31.128818878859985,98.68303069144592,60.78435268655608
2017-02-22,34.5715727257363,31.11441545316267,98.96611172803028,60.91150112415767
2017-02-23,34.55556891940595,31.100012027465358,99.24919276461468,61.03864956175926
2017-02-24,34.539565113075604,31.08560860176804,99.53227380119904,61.16579799936085
2017-02-25,34.51396497985892,31.062568481873026,101.67878794776412,61.3556393215375
2017-02-26,34.488364846642234,31.03952836197801,103.82530209432916,61.54548064371416
2017-02-27,34.46276471342555,31.016488242083,105.97181624089424,61.73532196589082
2017-02-28,34.43716458020887,30.99344812218798,108.1183303874593,61.92516328806748
2017-03-01,34.41156444699219,30.970408002292967,110.26484453402436,62.115004610244135
2017-03-02,34.3859643137755,30.947367882397952,112.41135868058942,62.3048459324208
2017-03-03,34.36036418055882,30.924327762502937,114.55787282715448,62.49468725459745
2017-03-04,34.32778128506891,30.89500315656202,117.08044533515032,62.662754128746656
2017-03-05,34.295198389579,30.865678550621094,119.60301784314618,62.83082100289586
2017-03-06,34.26261549408909,30.83635394468018,122.12559035114202,62.99888787704506
2017-03-07,34.23003259859918,30.807029338739262,124.64816285913788,63.16695475119426
2017-03-08,34.19744970310927,30.777704732798345,127.17073536713372,63.335021625343465
2017-03-09,34.16486680761936,30.748380126857423,129.69330787512956,63.50308849949267
2017-03-10,34.13228391212945,30.719055520916505,132.2158803831254,63.671155373641874
2017-03-11,34.09530108077657,30.68577097269891,133.63916215695326,63.73380832333458
2017-03-12,34.058318249423685,30.65248642448132,135.06244393078114,63.79646127302729
2017-03-13,34.021335418070805,30.619201876263723,136.485725704609,63.85911422272
2017-03-14,33.98435258671792,30.58591732804613,137.90900747843685,63.92176717241271
2017-03-15,33.94736975536504,30.55263277982853,139.3322892522647,63.98442012210541
2017-03-16,33.91038692401215,30.519348231610937,140.75557102609258,64.04707307179812
2017-03-17,33.87340409265927,30.486063683393343,142.17885279992043,64.10972602149083
2017-03-18,33.83245355354021,30.449208198186188,141.86886953310872,64.04124652612717
2017-03-19,33.791503014421146,30.412352712979036,141.55888626629698,63.97276703076351
2017-03-20,33.75055247530209,30.37549722777188,141.24890299948527,63.904287535399845
2017-03-21,33.70960193618303,30.338641742564725,140.93891973267355,63.83580804003619
2017-03-22,33.66865139706397,30.30178625735757,140.62893646586184,63.76732854467253
2017-03-23,33.6277008579449,30.26493077215041,140.3189531990501,63.69884904930887
2017-03-24,33.58675031882584,30.22807528694326,140.0089699322384,63.63036955394521
2017-03-25,33.538741689887786,30.184867520899008,138.70989188082984,63.49991173632175
2017-03-26,33.49073306094973,30.14165975485476,137.4108138294213,63.3694539186983
2017-03-27,33.44272443201167,30.09845198881051,136.11173577801276,63.23899610107484
2017-03-28,33.39471580307362,30.05524422276626,134.8126577266042,63.10853828345139
2017-03-29,33.34670717413557,30.012036456722008,133.51357967519564,62.97808046582793
2017-03-30,33.29869854519751,29.96882869067776,132.2145016237871,62.84762264820448
2017-03-31,33.250689916259454,29.92562092463351,130.91542357237856,62.71716483058102
2017-04-01,33.19220655191909,29.872985896727183,129.4990644986163,62.602669900985
2017-04-02,33.13372318757873,29.82035086882086,128.082705424854,62.488174971388986
2017-04-03,33.07523982323837,29.767715840914533,126.66634635109172,62.373680041792966
2017-04-04,33.016756458898,29.715080813008207,125.24998727732944,62.25918511219695
2017-04-05,32.95827309455764,29.66244578510188,123.83362820356716,62.14469018260093
2017-04-06,32.89978973021728,29.60981075719556,122.41726912980488,62.03019525300492
2017-04-07,32.84130636587692,29.55717572928923,121.0009100560426,61.9157003234089
2017-04-08,32.76893162055094,29.49203845849585,120.33908372216962,61.89510949212756
2017-04-09,32.69655687522496,29.426901187702462,119.67725738829662,61.87451866084621
2017-04-10,32.624182129898976,29.36176391690908,119.01543105442364,61.85392782956488
2017-04-11,32.55180738457299,29.29662664611569,118.35360472055063,61.83333699828353
2017-04-12,32.47943263924701,29.23148937532231,117.69177838667768,61.81274616700219
2017-04-13,32.40705789392103,29.16635210452893,117.02995205280467,61.79215533572084
2017-04-14,32.33468314859505,29.101214833735543,116.3681257189317,61.7715645044395
2017-04-15,32.24760858382071,29.022847725438638,117.08208632316584,61.9002093718122
2017-04-16,32.16053401904636,28.944480617141725,117.79604692740004,62.02885423918491
2017-04-17,32.07345945427202,28.866113508844816,118.5100075316342,62.15749910655761
2017-04-18,31.986384889497675,28.787746400547903,119.22396813586836,62.28614397393031
2017-04-19,31.89931032472333,28.709379292251,119.9379287401025,62.41478884130301
2017-04-20,31.812235759948987,28.631012183954088,120.65188934433668,62.543433708675714
2017-04-21,31.725161195174643,28.55264507565718,121.36584994857084,62.67207857604841
2017-04-22,31.6344720959942,28.471024886394776,122.93427135009838,62.9021883288224
2017-04-23,31.54378299681375,28.389404697132377,124.50269275162591,63.13229808159638
2017-04-24,31.453093897633305,28.30778450786997,126.07111415315347,63.362407834370366
2017-04-25,31.36240479845286,28.226164318607577,127.63953555468102,63.59251758714436
2017-04-26,31.271715699272416,28.14454412934517,129.20795695620856,63.82262733991834
2017-04-27,31.18102660009197,28.062923940082776,130.77637835773612,64.05273709269233
2017-04-28,31.090337500911524,27.981303750820373,132.34479975926365,64.28284684546631
2017-04-29,31.01050754337356,27.90945678903621,133.92084724604024,64.53727792679051
2017-04-30,30.9306775858356,27.83760982725204,135.49689473281683,64.79170900811471
2017-05-01,30.850847628297632,27.76576286546787,137.0729422195934,65.04614008943891
2017-05-02,30.771017670759672,27.693915903683703,138.64898970637003,65.30057117076312
2017-05-03,30.69118771322171,27.62206894189954,140.22503719314662,65.55500225208732
2017-05-04,30.611357755683745,27.55022198011537,141.8010846799232,65.80943333341152
2017-05-05,30.53152779814578,27.478375018331203,143.3771321666998,66.06386441473572
2017-05-06,30.47703090605164,27.42932781544648,144.1139472261052,66.26547112007923
2017-05-07,30.4225340139575,27.38028061256175,144.8507622855106,66.46707782542273
2017-05-08,30.36803712186336,27.331233409677026,145.587577344916,66.66868453076624
2017-05-09,30.31354022976922,27.2821862067923,146.3243924043214,66.87029123610974
2017-05-10,30.25904333767508,27.23313900390757,147.06120746372682,67.07189794145324
2017-05-11,30.204546445580934,27.18409180102285,147.7980225231322,67.27350464679675
2017-05-12,30.1500495534868,27.135044598138123,148.53483758253762,67.47511135214026
2017-05-13,30.133976255227044,27.120578629704344,147.6383665611536,67.5503122873062
2017-05-14,30.11790295696729,27.10611266127056,146.7418955397696,67.62551322247214
2017-05-15,30.101829658707533,27.091646692836783,145.84542451838556,67.70071415763807
2017-05-16,30.08575636044778,27.077180724403,144.94895349700153,67.77591509280401
2017-05-17,30.069683062188023,27.06271475596922,144.0524824756175,67.85111602796995
2017-05-18,30.053609763928268,27.04824878753544,143.1560114542335,67.92631696313589
2017-05-19,30.037536465668516,27.03378281910166,142.25954043284946,68.00151789830183
2017-05-20,30.052277595338545,27.04704983580469,139.72584682976844,67.9300643126117
2017-05-21,30.06701872500858,27.06031685250772,137.19215322668745,67.8586107269216
2017-05-22,30.08175985467861,27.07358386921075,134.65845962360643,67.78715714123148
2017-05-23,30.096500984348648,27.086850885913783,132.1247660205254,67.71570355554137
2017-05-24,30.11124211401868,27.10011790261681,129.59107241744442,67.64424996985124
2017-05-25,30.125983243688715,27.113384919319845,127.0573788143634,67.57279638416114
2017-05-26,30.140724373358747,27.126651936022878,124.5236852112824,67.50134279847101
2017-05-27,30.162736099396103,27.146462489456493,120.95706627418696,67.30404151583586
2017-05-28,30.18474782543345,27.16627304289011,117.39044733709154,67.10674023320071
2017-05-29,30.20675955147081,27.18608359632373,113.82382839999612,66.90943895056556
2017-05-30,30.22877127750816,27.205894149757345,110.25720946290068,66.71213766793042
2017-05-31,30.25078300354552,27.225704703190964,106.69059052580526,66.51483638529527
2017-06-01,30.27279472958287,27.245515256624586,103.12397158870984,66.31753510266012
2017-06-02,30.294806455620225,27.2653258100582,99.5573526516144,66.12023382002496
2017-06-03,30.300135051525885,27.270121546373293,95.57775151239667,65.81894775630674
2017-06-04,30.30546364743154,27.274917282688385,91.59815037317894,65.51766169258853
2017-06-05,30.3107922433372,27.27971301900348,87.6185492339612,65.21637562887031
2017-06-06,30.316120839242856,27.284508755318573,83.63894809474347,64.9150895651521
2017-06-07,30.32144943514852,27.289304491633665,79.65934695552573,64.61380350143388
2017-06-08,30.32677803105417,27.29410022794876,75.679745816308,64.31251743771567
2017-06-09,30.33210662695983,27.29889596426385,71.70014467709026,64.01123137399745
2017-06-10,30.296951432452573,27.26725628920732,67.96277004466707,63.62787415495713
2017-06-11,30.261796237945315,27.235616614150786,64.22539541224387,63.2445169359168
2017-06-12,30.226641043438057,27.20397693909425,60.48802077982067,62.86115971687648
2017-06-13,30.191485848930803,27.17233726403772,56.75064614739748,62.47780249783616
2017-06-14,30.156330654423545,27.140697588981187,53.01327151497428,62.09444527879584
2017-06-15,30.121175459916287,27.10905791392465,49.27589688255107,61.71108805975551
2017-06-16,30.08602026540903,27.077418238868123,45.53852225012788,61.32773084071519
2017-06-17,30.006326268668403,27.00569364180156,42.94172915092922,60.89075770433904
2017-06-18,29.92663227192777,26.933969044734997,40.34493605173056,60.45378456796288
2017-06-19,29.846938275187146,26.86224444766843,37.74814295253191,60.01681143158673
2017-06-20,29.76724427844652,26.790519850601868,35.15134985333325,59.57983829521057
2017-06-21,29.68755028170589,26.718795253535305,32.554556754134595,59.14286515883442
2017-06-22,29.607856284965266,26.64707065646874,29.95776365493593,58.705892022458265
2017-06-23,29.528162288224635,26.57534605940217,27.36097055573728,58.26891888608211
2017-06-24,29.438900446189265,26.49501040157034,25.53346701557487,57.81971413444036
2017-06-25,29.34963860415389,26.414674743738505,23.705963475412464,57.37050938279861
2017-06-26,29.260376762118515,26.33433908590667,21.878459935250056,56.92130463115686
2017-06-27,29.171114920083145,26.25400342807483,20.05095639508765,56.47209987951511
2017-06-28,29.08185307804777,26.173667770243,18.22345285492524,56.02289512787336
2017-06-29,28.9925912360124,26.09333211241116,16.39594931476283,55.57369037623161
2017-06-30,28.903329393977025,26.012996454579326,14.568445774600423,55.12448562458986
2017-07-01,28.844050447083145,25.959645402374832,13.434047763074528,54.70595081393561
2017-07-02,28.78477150018926,25.90629435017034,12.29964975154863,54.28741600328136
2017-07-03,28.725492553295386,25.852943297965847,11.165251740022732,53.86888119262711
2017-07-04,28.666213606401502,25.799592245761357,10.030853728496831,53.450346381972864
2017-07-05,28.606934659507623,25.74624119355686,8.896455716970937,53.03181157131861
2017-07-06,28.54765571261374,25.69289014135237,7.762057705445038,52.61327676066436
2017-07-07,28.48837676571986,25.639539089147878,6.627659693919141,52.19474195001011
2017-07-08,28.49863145440367,25.648768308963305,6.17150659386259,51.84977863659629
2017-07-09,28.50888614308748,25.657997528778733,5.715353493806039,51.50481532318248
2017-07-10,28.51914083177129,25.667226748594164,5.259200393749488,51.159852009768656
2017-07-11,28.529395520455104,25.67645596840959,4.803047293692937,50.81488869635484
2017-07-12,28.53965020913892,25.685685188225023,4.346894193636386,50.46992538294102
2017-07-13,28.549904897822724,25.69491440804045,3.890741093579835,50.12496206952721
2017-07-14,28.560159586506536,25.70414362785588,3.434587993523284,49.779998756113386
2017-07-15,28.66948432705752,25.802535894351763,4.9227966224458815,49.54035061314235
2017-07-16,28.7788090676085,25.90092816084765,6.411005251368478,49.30070247017132
2017-07-17,28.88813380815948,25.99932042734353,7.899213880291075,49.06105432720028
2017-07-18,28.997458548710465,26.09771269383941,9.387422509213671,48.82140618422924
2017-07-19,29.106783289261443,26.19610496033529,10.875631138136267,48.581758041258205
2017-07-20,29.216108029812425,26.29449722683118,12.363839767058868,48.34210989828717
2017-07-21,29.32543277036341,26.39288949332706,13.852048395981464,48.102461755316135
2017-07-22,29.507048528447733,26.55634367560296,16.21013869481681,47.93712621342932
2017-07-23,29.68866428653206,26.71979785787885,18.568228993652152,47.77179067154251
2017-07-24,29.870280044616383,26.883252040154744,20.9263192924875,47.6064551296557
2017-07-25,30.051895802700717,27.04670622243064,23.28440959132284,47.44111958776889
2017-07-26,30.23351156078504,27.21016040470653,25.642499890158188,47.27578404588208
2017-07-27,30.415127318869366,27.373614586982427,28.00059018899353,47.11044850399527
2017-07-28,30.596743076953693,27.53706876925832,30.35868048782888,46.94511296210845
2017-07-29,30.80420072213417,27.72378064992075,32.6458863826317,46.80117118194234
2017-07-30,31.01165836731464,27.910492530583177,34.933092277434525,46.65722940177622
2017-07-31,31.21911601249512,28.09720441124561,37.22029817223735,46.5132876216101
2017-08-01,31.426573657675597,28.28391629190803,39.50750406704017,46.36934584144399
2017-08-02,31.63403130285607,28.47062817257046,41.794709961843,46.22540406127787
2017-08-03,31.84148894803654,28.65734005323289,44.08191585664581,46.08146228111176
2017-08-04,32.04894659321702,28.844051933895315,46.36912175144864,45.93752050094564
2017-08-05,32.23577645804482,29.01219881224033,47.747101393070885,45.76203076095625
2017-08-06,32.42260632287261,29.180345690585348,49.12508103469314,45.58654102096686
2017-08-07,32.60943618770041,29.348492568930364,50.503060676315386,45.41105128097748
2017-08-08,32.7962660525282,29.516639447275384,51.88104031793764,45.235561540988094
2017-08-09,32.983095917356,29.6847863256204,53.259019959559886,45.06007180099871
2017-08-10,33.1699257821838,29.852933203965417,54.63699960118214,44.88458206100932
2017-08-11,33.3567556470116,30.021080082310437,56.01497924280439,44.70909232101993
2017-08-12,33.4784576533972,30.13061188805748,55.69825997594175,44.45232557936014
2017-08-13,33.600159659782804,30.240143693804523,55.381540709079104,44.195558837700354
2017-08-14,33.72186166616841,30.34967549955157,55.06482144221646,43.938792096040565
2017-08-15,33.84356367255402,30.45920730529861,54.74810217535382,43.68202535438078
2017-08-16,33.96526567893962,30.56873911104566,54.43138290849118,43.42525861272099
2017-08-17,34.08696768532523,30.6782709167927,54.11466364162854,43.1684918710612
2017-08-18,34.20866969171083,30.787802722539748,53.7979443747659,42.91172512940141
2017-08-19,34.26008947363735,30.834080526273617,51.98591800026399,42.588130783118
2017-08-20,34.31150925556387,30.88035833000749,50.17389162576208,42.2645364368346
2017-08-21,34.36292903749039,30.926636133741354,48.36186525126017,41.94094209055119
2017-08-22,34.414348819416915,30.97291393747522,46.549838876758265,41.61734774426779
2017-08-23,34.465768601343434,31.019191741209088,44.737812502256354,41.29375339798438
2017-08-24,34.51718838326995,31.06546954494296,42.92578612775445,40.970159051700975
2017-08-25,34.56860816519647,31.111747348676825,41.11375975325254,40.64656470541757
2017-08-26,34.58088825674449,31.12279943107004,38.93072613664906,40.32979754554359
2017-08-27,34.59316834829251,31.133851513463256,36.74769252004559,40.013030385669616
2017-08-28,34.60544843984052,31.14490359585647,34.564658903442115,39.69626322579564
2017-08-29,34.61772853138854,31.155955678249686,32.38162528683864,39.37949606592167
2017-08-30,34.63000862293656,31.1670077606429,30.198591670235167,39.062728906047695
2017-08-31,34.64228871448458,31.17805984303612,28.01555805363169,38.74596174617372
2017-09-01,34.65456880603259,31.18911192542933,25.832524437028216,38.429194586299744
2017-09-02,34.660210324523234,31.19418929207091,24.39269045916541,38.19512544589402
2017-09-03,34.66585184301388,31.19926665871249,22.952856481302607,37.9610563054883
2017-09-04,34.67149336150452,31.204344025354068,21.513022503439807,37.726987165082576
2017-09-05,34.677134879995165,31.209421391995647,20.073188525577,37.49291802467685
2017-09-06,34.68277639848581,31.214498758637227,18.6333545477142,37.25884888427112
2017-09-07,34.68841791697645,31.21957612527881,17.193520569851394,37.0247797438654
2017-09-08,34.69405943546709,31.224653491920385,15.753686591988592,36.79071060345968
2017-09-09,34.725508493754575,31.252957644379123,16.087832902643882,36.71507231462788
2017-09-10,34.75695755204207,31.281261796837864,16.42197921329917,36.63943402579607
2017-09-11,34.78840661032955,31.3095659492966,16.75612552395446,36.563795736964266
2017-09-12,34.819855668617045,31.337870101755342,17.090271834609748,36.48815744813246
2017-09-13,34.85130472690453,31.36617425421408,17.42441814526504,36.41251915930066
2017-09-14,34.88275378519202,31.39447840667282,17.75856445592033,36.33688087046885
2017-09-15,34.91420284347951,31.42278255913156,18.092710766575617,36.26124258163705
2017-09-16,34.987365271249786,31.48862874412481,20.96181911620397,36.37826998600746
2017-09-17,35.060527699020064,31.55447492911806,23.830927465832318,36.49529739037788
2017-09-18,35.13369012679034,31.620321114111317,26.70003581546066,36.61232479474829
2017-09-19,35.206852554560626,31.68616729910456,29.569144165089007,36.7293521991187
2017-09-20,35.280014982330904,31.75201348409781,32.438252514717355,36.84637960348911
2017-09-21,35.35317741010118,31.817859669091064,35.3073608643457,36.96340700785953
2017-09-22,35.42633983787146,31.883705854084315,38.17646921397405,37.08043441222994
2017-09-23,35.51747277167009,31.965725494503083,42.76133710979949,37.324887567738486
2017-09-24,35.60860570546872,32.047745134921854,47.34620500562493,37.56934072324703
2017-09-25,35.69973863926735,32.12976477534062,51.93107290145037,37.813793878755575
2017-09-26,35.79087157306598,32.21178441575938,56.5159407972758,38.05824703426412
2017-09-27,35.88200450686461,32.29380405617815,61.10080869310124,38.302700189772665
2017-09-28,35.97313744066324,32.375823696596925,65.68567658892667,38.54715334528121
2017-09-29,36.06427037446187,32.45784333701569,70.27054448475211,38.79160650078976
2017-09-30,36.14381324417546,32.52943191975792,75.6301992268485,39.0836493950949
2017-10-01,36.223356113889054,32.601020502500155,80.9898539689449,39.37569228940004
2017-10-02,36.302898983602645,32.672609085242385,86.3495087110413,39.66773518370519
2017-10-03,36.38244185331624,32.74419766798462,91.70916345313768,39.95977807801033
2017-10-04,36.46198472302984,32.81578625072685,97.06881819523409,40.25182097231548
2017-10-05,36.54152759274343,32.88737483346909,102.42847293733048,40.54386386662062
2017-10-06,36.62107046245702,32.95896341621132,107.78812767942686,40.835906760925766
2017-10-07,36.65946269797215,32.993516428174935,112.98159656786578,41.09570338168586
2017-10-08,36.69785493348727,33.028069440138545,118.17506545630472,41.35550000244595
2017-10-09,36.7362471690024,33.06262245210216,123.36853434474362,41.61529662320604
2017-10-10,36.77463940451753,33.09717546406578,128.56200323318254,41.87509324396613
2017-10-11,36.813031640032655,33.131728476029394,133.75547212162147,42.13488986472622
2017-10-12,36.85142387554778,33.166281487993004,138.94894101006037,42.39468648548631
2017-10-13,36.889816111062906,33.20083449995662,144.1424098984993,42.6544831062464
2017-10-14,36.86270187901433,33.1764316911129,148.3217021776016,42.81538594975618
2017-10-15,36.83558764696576,33.15202888226919,152.50099445670392,42.97628879326596
2017-10-16,36.80847341491719,33.127626073425475,156.68028673580622,43.13719163677573
2017-10-17,36.78135918286861,33.10322326458176,160.85957901490855,43.29809448028551
2017-10-18,36.75424495082004,33.07882045573804,165.03887129401085,43.45899732379529
2017-10-19,36.72713071877147,33.05441764689433,169.21816357311317,43.61990016730507
2017-10-20,36.700016486722895,33.03001483805061,173.39745585221547,43.78080301081484
2017-10-21,36.61933745940744,32.957403713466704,176.36303097830853,43.86814040040171
2017-10-22,36.53865843209199,32.88479258888279,179.3286061044016,43.95547778998857
2017-10-23,36.45797940477653,32.81218146429888,182.29418123049464,44.04281517957544
2017-10-24,36.37730037746108,32.73957033971497,185.25975635658767,44.1301525691623
2017-10-25,36.29662135014562,32.666959215131065,188.22533148268076,44.21748995874916
2017-10-26,36.215942322830166,32.59434809054715,191.1909066087738,44.304827348336026
2017-10-27,36.13526329551471,32.52173696596324,194.15648173486684,44.39216473792289
2017-10-28,36.02841828522891,32.425576456706025,195.984938957549,44.470432515703706
2017-10-29,35.921573274943114,32.3294159474488,197.8133961802311,44.54870029348452
2017-10-30,35.81472826465731,32.233255438191584,199.64185340291328,44.62696807126534
2017-10-31,35.70788325437152,32.13709492893437,201.4703106255954,44.70523584904616
2017-11-01,35.601038244085714,32.04093441967715,203.29876784827755,44.78350362682698
2017-11-02,35.49419323379992,31.94477391041993,205.12722507095967,44.861771404607794
2017-11-03,35.38734822351412,31.84861340116271,206.9556822936418,44.94003918238861
2017-11-04,35.28179315900712,31.75361384310641,207.7246412405016,45.07387792034188
2017-11-05,35.17623809450012,31.65861428505012,208.49360018736127,45.20771665829516
2017-11-06,35.07068302999313,31.56361472699382,209.26255913422108,45.34155539624842
2017-11-07,34.96512796548613,31.468615168937525,210.0315180810809,45.47539413420169
2017-11-08,34.85957290097914,31.373615610881227,210.80047702794064,45.60923287215496
2017-11-09,34.75401783647214,31.278616052824933,211.5694359748004,45.74307161010824
2017-11-10,34.64846277196514,31.18361649476864,212.33839492166013,45.87691034806151
2017-11-11,34.57106236458934,31.113956128130408,212.13514169687883,46.12889610400788
2017-11-12,34.493661957213526,31.04429576149218,211.9318884720976,46.38088185995425
2017-11-13,34.41626154983772,30.97463539485395,211.72863524731628,46.63286761590062
2017-11-14,34.33886114246192,30.904975028215727,211.52538202253496,46.884853371847
2017-11-15,34.26146073508611,30.8353146615775,211.3221287977537,47.13683912779337
2017-11-16,34.1840603277103,30.76565429493927,211.11887557297243,47.388824883739744
2017-11-17,34.106659920334494,30.695993928301043,210.91562234819116,47.64081063968612
2017-11-18,34.06789319282317,30.66110387354085,210.0953510646748,48.01630111772168
2017-11-19,34.02912646531184,30.62621381878066,209.2750797811584,48.391791595757226
2017-11-20,33.99035973780052,30.591323764020466,208.4548084976421,48.76728207379279
2017-11-21,33.951593010289194,30.556433709260272,207.6345372141257,49.14277255182834
2017-11-22,33.91282628277787,30.52154365450008,206.8142659306093,49.518263029863895
2017-11-23,33.87405955526654,30.48665359973989,205.99399464709296,49.89375350789945
2017-11-24,33.83529282775522,30.45176354497969,205.1737233635766,50.269243985935006
2017-11-25,33.82753621348537,30.44478259213683,204.3876076795508,50.71038316840099
2017-11-26,33.81977959921551,30.43780163929396,203.601491995525,51.15152235086697
2017-11-27,33.812022984945656,30.43082068645109,202.8153763114992,51.59266153333295
2017-11-28,33.804266370675805,30.423839733608222,202.0292606274734,52.03380071579894
2017-11-29,33.79650975640595,30.41685878076536,201.2431449434476,52.47493989826492
2017-11-30,33.788753142136095,30.40987782792249,200.4570292594218,52.9160790807309
2017-12-01,33.78099652786624,30.40289687507962,199.670913575396,53.35721826319688
2017-12-02,33.79569079348295,30.416121714134658,199.5854254143464,53.802882811098485
2017-12-03,33.81038505909966,30.42934655318969,199.4999372532968,54.24854735900009
2017-12-04,33.82507932471636,30.44257139224473,199.41444909224725,54.69421190690169
2017-12-05,33.839773590333074,30.455796231299765,199.32896093119768,55.13987645480329
2017-12-06,33.85446785594978,30.469021070354803,199.2434727701481,55.58554100270489
2017-12-07,33.86916212156649,30.48224590940984,199.1579846090985,56.0312055506065
2017-12-08,33.883856387183194,30.495470748464875,199.07249644804887,56.4768700985081
2017-12-09,33.91244239321723,30.52119815389551,200.35372450527817,56.86594957232178
2017-12-10,33.94102839925127,30.546925559326144,201.6349525625074,57.255029046135455
2017-12-11,33.96961440528531,30.57265296475678,202.91618061973665,57.644108519949135
2017-12-12,33.99820041131935,30.598380370187417,204.1974086769659,58.03318799376281
2017-12-13,34.02678641735339,30.624107775618054,205.47863673419516,58.42226746757649
2017-12-14,34.05537242338743,30.649835181048687,206.7598647914244,58.81134694139016
2017-12-15,34.08395842942147,30.675562586479323,208.0410928486536,59.20042641520384
2017-12-16,34.117984810747835,30.70618632967305,210.91520601158808,59.48661808831616
2017-12-17,34.15201119207419,30.73681007286677,213.7893191745225,59.77280976142848
2017-12-18,34.186037573400554,30.7674338160605,216.66343233745695,60.05900143454079
2017-12-19,34.22006395472692,30.798057559254225,219.53754550039145,60.34519310765311
2017-12-20,34.25409033605328,30.82868130244795,222.4116586633259,60.63138478076542
2017-12-21,34.28811671737964,30.85930504564168,225.28577182626037,60.91757645387774
2017-12-22,34.322143098706,30.8899287888354,228.1598849891948,61.203768126990056
2017-12-23,34.353473661100594,30.918126294990536,231.56656858397537,61.38407234507103
2017-12-24,34.38480422349519,30.94632380114567,234.973252178756,61.56437656315199
2017-12-25,34.41613478588978,30.974521307300805,238.3799357735365,61.74468078123296
2017-12-26,34.447465348284375,31.00271881345594,241.78661936831708,61.92498499931393
2017-12-27,34.47879591067897,31.030916319611077,245.19330296309764,62.1052892173949
2017-12-28,34.51012647307356,31.059113825766207,248.59998655787825,62.28559343547586
2017-12-29,34.54145703546816,31.08731133192134,252.0066701526588,62.46589765355683
2017-12-30,34.56201289209829,31.105811602888465,254.651688744426,62.5451885415666
2017-12-31,34.58256874872843,31.124311873855586,257.2967073361932,62.62447942957636
2018-01-01,34.60312460535856,31.142812144822702,259.9417259279604,62.70377031758613
2018-01-02,34.6236804619887,31.161312415789823,262.5867445197276,62.78306120559589
2018-01-03,34.64423631861883,31.179812686756947,265.2317631114948,62.86235209360566
2018-01-04,34.66479217524897,31.19831295772407,267.876781703262,62.94164298161542
2018-01-05,34.6853480318791,31.21681322869119,270.5218002950292,63.02093386962519
2018-01-06,34.687050295912094,31.21834526632088,271.11091844892485,63.00408555252396
2018-01-07,34.68875255994508,31.21987730395057,271.7000366028205,62.98723723542273
2018-01-08,34.69045482397807,31.221409341580262,272.28915475671613,62.970388918321504
2018-01-09,34.692157088011065,31.22294137920996,272.87827291061177,62.95354060122028
2018-01-10,34.69385935204406,31.22447341683965,273.4673910645074,62.936692284119054
2018-01-11,34.69556161607704,31.226005454469345,274.05650921840305,62.91984396701783
2018-01-12,34.69726388011004,31.227537492099035,274.6456273722987,62.9029956499166
2018-01-13,34.67375721439702,31.20638149295732,272.0871846324493,62.79894998002485
2018-01-14,34.650250548684006,31.185225493815604,269.52874189259995,62.6949043101331
2018-01-15,34.62674388297099,31.16406949467389,266.97029915275056,62.59085864024134
2018-01-16,34.60323721725797,31.142913495532177,264.4118564129012,62.4868129703496
2018-01-17,34.579730551544955,31.12175749639046,261.8534136730518,62.38276730045784
2018-01-18,34.55622388583194,31.100601497248743,259.2949709332025,62.278721630566096
2018-01-19,34.532717220118926,31.07944549810703,256.7365281933531,62.17467596067434
2018-01-20,34.49269313715856,31.0434238234427,251.70737433585404,62.02788666593278
2018-01-21,34.45266905419819,31.007402148778368,246.67822047835497,61.88109737119122
2018-01-22,34.412644971237825,30.97138047411404,241.64906662085596,61.73430807644966
2018-01-23,34.37262088827746,30.93535879944971,236.6199127633569,61.58751878170809
2018-01-24,34.332596805317095,30.89933712478538,231.59075890585785,61.44072948696653
2018-01-25,34.292572722356724,30.863315450121046,226.5616050483588,61.293940192224966
2018-01-26,34.25254863939636,30.82729377545672,221.53245119085972,61.14715089748341
2018-01-27,34.212465543280544,30.791218988952483,215.6223066308444,61.02040224642275
2018-01-28,34.17238244716473,30.755144202448253,209.7121620708291,60.89365359536208
2018-01-29,34.132299351048914,30.71906941594402,203.80201751081376,60.76690494430142
2018-01-30,34.0922162549331,30.682994629439783,197.8918729507984,60.64015629324076
2018-01-31,34.052133158817284,30.646919842935556,191.98172839078308,60.5134076421801
2018-02-01,34.01205006270147,30.610845056431323,186.07158383076776,60.38665899111943
2018-02-02,33.971966966585654,30.57477026992709,180.1614392707524,60.25991034005877
2018-02-03,33.94834803073832,30.55351322766448,174.96763699535924,60.216139462474125
2018-02-04,33.92472909489097,30.53225618540188,169.7738347199661,60.17236858488947
2018-02-05,33.90111015904363,30.51099914313927,164.5800324445729,60.12859770730482
2018-02-06,33.87749122319629,30.48974210087666,159.38623016917973,60.08482682972017
2018-02-07,33.85387228734895,30.468485058614053,154.19242789378654,60.04105595213552
2018-02-08,33.830253351501604,30.44722801635145,148.9986256183934,59.99728507455087
2018-02-09,33.806634415654266,30.42597097408884,143.8048233430002,59.95351419696622
2018-02-10,33.81557817198219,30.43402035478397,140.8951035251833,60.05402870437949
2018-02-11,33.82452192831011,30.4420697354791,137.98538370736634,60.15454321179276
2018-02-12,33.833465684638035,30.450119116174232,135.0756638895494,60.25505771920604
2018-02-13,33.84240944096596,30.45816849686936,132.16594407173247,60.35557222661931
2018-02-14,33.85135319729388,30.466217877564493,129.25622425391555,60.45608673403258
2018-02-15,33.860296953621805,30.474267258259623,126.3465044360986,60.556601241445854
2018-02-16,33.86924070994973,30.482316638954757,123.43678461828166,60.65711574885913
2018-02-17,33.909605672266665,30.51864510504,123.17744896730912,60.89706645139668
2018-02-18,33.9499706345836,30.55497357112524,122.91811331633656,61.13701715393423
2018-02-19,33.990335596900536,30.59130203721048,122.65877766536404,61.37696785647178
2018-02-20,34.03070055921748,30.627630503295727,122.39944201439148,61.61691855900933
2018-02-21,34.071065521534415,30.66395896938097,122.14010636341892,61.85686926154688
2018-02-22,34.11143048385135,30.70028743546621,121.88077071244638,62.09681996408443
2018-02-23,34.151795446168286,30.736615901551456,121.62143506147385,62.33677066662198
2018-02-24,34.19961176476585,30.779650588289265,122.78790099342224,62.6237068705389
2018-02-25,34.24742808336342,30.82268527502708,123.95436692537064,62.91064307445583
2018-02-26,34.29524440196098,30.865719961764885,125.12083285731904,63.19757927837275
2018-02-27,34.34306072055855,30.908754648502693,126.28729878926742,63.48451548228967
2018-02-28,34.39087703915611,30.951789335240505,127.45376472121582,63.77145168620659
2018-03-01,34.43869335775368,30.994824021978317,128.6202306531642,64.05838789012351
2018-03-02,34.48650967635124,31.03785870871612,129.78669658511262,64.34532409404044
2018-03-03,34.516237498096174,31.06461374828656,131.0449696527666,64.58077037845928
2018-03-04,34.54596531984111,31.091368787857004,132.3032427204206,64.81621666287812
2018-03-05,34.575693141586044,31.118123827427443,133.5615157880746,65.05166294729696
2018-03-06,34.60542096333098,31.144878866997885,134.8197888557286,65.28710923171582
2018-03-07,34.63514878507591,31.171633906568324,136.0780619233826,65.52255551613466
2018-03-08,34.66487660682085,31.198388946138767,137.33633499103658,65.7580018005535
2018-03-09,34.69460442856578,31.22514398570921,138.59460805869057,65.99344808497234
2018-03-10,34.680704347834826,31.212633913051345,138.61071231462807,66.07893055424722
2018-03-11,34.66680426710386,31.20012384039348,138.62681657056558,66.16441302352209
2018-03-12,34.65290418637291,31.18761376773562,138.6429208265031,66.24989549279697
2018-03-13,34.63900410564195,31.17510369507776,138.65902508244062,66.33537796207185
2018-03-14,34.625104024911,31.162593622419895,138.67512933837813,66.42086043134672
2018-03-15,34.61120394418003,31.150083549762037,138.69123359431563,66.50634290062159
2018-03-16,34.59730386344908,31.137573477104173,138.70733785025314,66.59182536989647
2018-03-17,34.52459414924111,31.072134734317,136.57547736614572,66.46417180099078
2018-03-18,34.451884435033136,31.006695991529828,134.44361688203827,66.33651823208511
2018-03-19,34.37917472082517,30.94125724874265,132.31175639793085,66.20886466317943
2018-03-20,34.3064650066172,30.87581850595548,130.1798959138234,66.08121109427375
2018-03-21,34.233755292409235,30.810379763168307,128.04803542971598,65.95355752536807
2018-03-22,34.16104557820126,30.74494102038113,125.91617494560856,65.8259039564624
2018-03-23,34.088335863993294,30.67950227759396,123.78431446150113,65.69825038755671
2018-03-24,33.978789525855795,30.580910573270213,120.13464786425662,65.42092166134795
2018-03-25,33.8692431877183,30.482318868946468,116.48498126701216,65.1435929351392
2018-03-26,33.7596968495808,30.38372716462272,112.83531466976766,64.86626420893043
2018-03-27,33.65015051144331,30.28513546029897,109.18564807252318,64.58893548272167
2018-03-28,33.54060417330581,30.186543755975222,105.53598147527867,64.31160675651292
2018-03-29,33.43105783516831,30.08795205165148,101.8863148780342,64.03427803030415
2018-03-30,33.32151149703081,29.98936034732773,98.23664828078972,63.75694930409539
2018-03-31,33.205429537580635,29.88488658382257,94.04360840572107,63.42179028681998
2018-04-01,33.08934757813046,29.78041282031741,89.85056853065244,63.08663126954457
2018-04-02,32.97326561868028,29.67593905681225,85.6575286555838,62.75147225226915
2018-04-03,32.857183659230095,29.57146529330709,81.46448878051515,62.416313234993744
2018-04-04,32.74110169977992,29.46699152980193,77.27144890544652,62.08115421771833
2018-04-05,32.62501974032974,29.36251776629677,73.07840903037788,61.74599520044292
2018-04-06,32.50893778087956,29.25804400279161,68.88536915530923,61.410836183167504
2018-04-07,32.4166212027336,29.174959082460244,65.12338883773099,61.10969174106201
2018-04-08,32.32430462458763,29.091874162128875,61.361408520152736,60.80854729895651
2018-04-09,32.23198804644167,29.008789241797505,57.59942820257449,60.507402856851016
2018-04-10,32.1396714682957,28.92570432146614,53.83744788499624,60.20625841474552
2018-04-11,32.04735489014974,28.84261940113477,50.07546756741799,59.90511397264002
2018-04-12,31.955038312003776,28.7595344808034,46.31348724983974,59.60396953053453
2018-04-13,31.86272173385781,28.67644956047203,42.55150693226149,59.30282508842903
2018-04-14,31.82163353366953,28.639470180302578,40.14096087744096,59.119722724063976
2018-04-15,31.780545333481253,28.60249080013313,37.73041482262043,58.93662035969892
2018-04-16,31.739457133292973,28.56551141996368,35.3198687677999,58.753517995333866
2018-04-17,31.698368933104696,28.52853203979423,32.909322712979375,58.5704156309688
2018-04-18,31.657280732916416,28.491552659624777,30.49877665815885,58.38731326660375
2018-04-19,31.61619253272814,28.454573279455328,28.08823060333832,58.20421090223869
2018-04-20,31.57510433253986,28.41759389928588,25.67768454851779,58.02110853787364
2018-04-21,31.58126242399469,28.42313618159523,24.680593163435915,57.95345942804786
2018-04-22,31.58742051544953,28.42867846390458,23.68350177835404,57.88581031822209
2018-04-23,31.59357860690437,28.43422074621393,22.68641039327217,57.81816120839632
2018-04-24,31.5997366983592,28.43976302852328,21.6893190081903,57.75051209857054
2018-04-25,31.605894789814037,28.445305310832637,20.692227623108423,57.682862988744766
2018-04-26,31.61205288126887,28.450847593141983,19.695136238026556,57.61521387891899
2018-04-27,31.618210972723706,28.456389875451336,18.69804485294468,57.54756476909322
2018-04-28,31.648057209239877,28.483251488315886,18.53946995701808,57.538857306711016
2018-04-29,31.67790344575604,28.51011310118044,18.38089506109148,57.53014984432882
2018-04-30,31.70774968227221,28.53697471404499,18.222320165164877,57.52144238194661
2018-05-01,31.73759591878838,28.56383632690954,18.063745269238268,57.512734919564416
2018-05-02,31.767442155304547,28.59069793977409,17.905170373311666,57.50402745718221
2018-05-03,31.797288391820715,28.61755955263865,17.746595477385064,57.49531999480001
2018-05-04,31.82713462833688,28.6444211655032,17.588020581458462,57.48661253241781
2018-05-05,31.85681510533275,28.67113359479948,17.92408324071074,57.47952043702772
2018-05-06,31.88649558232862,28.69784602409576,18.26014589996301,57.47242834163762
2018-05-07,31.91617605932449,28.72455845339204,18.59620855921529,57.46533624624753
2018-05-08,31.94585653632036,28.75127088268832,18.93227121846757,57.45824415085743
2018-05-09,31.975537013316224,28.7779833119846,19.268333877719844,57.45115205546734
2018-05-10,32.00521749031209,28.804695741280884,19.60439653697212,57.44405996007725
2018-05-11,32.03489796730796,28.831408170577166,19.9404591962244,57.43696786468716
2018-05-12,32.04078813183841,28.836709318654574,20.290225470306797,57.374667367896926
2018-05-13,32.04667829636887,28.842010466731978,20.6399917443892,57.312366871106704
2018-05-14,32.05256846089932,28.847311614809385,20.989758018471598,57.25006637431648
2018-05-15,32.05845862542977,28.852612762886796,21.339524292554,57.18776587752625
2018-05-16,32.06434878996022,28.8579139109642,21.689290566636394,57.12546538073602
2018-05-17,32.07023895449068,28.863215059041604,22.039056840718796,57.0631648839458
2018-05-18,32.076129119021125,28.86851620711901,22.388823114801195,57.00086438715557
2018-05-19,32.04937748237118,28.84443973413406,22.488952656290664,56.85889967329581
2018-05-20,32.02262584572123,28.820363261149108,22.589082197780133,56.71693495943604
2018-05-21,31.99587420907128,28.79628678816416,22.6892117392696,56.574970245576274
2018-05-22,31.96912257242133,28.7722103151792,22.789341280759068,56.43300553171651
2018-05-23,31.942370935771383,28.74813384219425,22.889470822248537,56.29104081785675
2018-05-24,31.91561929912144,28.724057369209294,22.98960036373801,56.149076103996975
2018-05-25,31.88886766247149,28.699980896224343,23.089729905227475,56.00711139013721
2018-05-26,31.844122635960264,28.65971037236424,22.947544276506186,55.81251519333742
2018-05-27,31.799377609449035,28.619439848504136,22.8053586477849,55.61791899653763
2018-05-28,31.75463258293781,28.57916932464403,22.66317301906361,55.42332279973784
2018-05-29,31.70988755642658,28.53889880078393,22.520987390342324,55.228726602938046
2018-05-30,31.665142529915357,28.498628276923824,22.378801761621038,55.03413040613825
2018-05-31,31.620397503404124,28.45835775306372,22.236616132899748,54.83953420933847
2018-06-01,31.5756524768929,28.41808722920361,22.094430504178455,54.644938012538674
2018-06-02,31.52965596070818,28.37669036463737,21.712396429671397,54.429329924987776
2018-06-03,31.483659444523465,28.33529350007112,21.33036235516433,54.21372183743688
2018-06-04,31.437662928338742,28.29389663550488,20.94832828065726,53.99811374988598
2018-06-05,31.39166641215403,28.252499770938627,20.5662942061502,53.78250566233508
2018-06-06,31.345669895969312,28.211102906372385,20.18426013164313,53.566897574784186
2018-06-07,31.2996733797846,28.169706041806133,19.802226057136064,53.35128948723329
2018-06-08,31.25367686359988,28.12830917723989,19.420191982629,53.13568139968239
2018-06-09,31.22317075792948,28.100853682136528,18.839519866248395,52.930681013569405
2018-06-10,31.19266465225908,28.073398187033167,18.258847749867797,52.72568062745642
2018-06-11,31.162158546588675,28.04594269192981,17.67817563348719,52.52068024134344
2018-06-12,31.13165244091827,28.01848719682644,17.09750351710659,52.31567985523046
2018-06-13,31.10114633524787,27.99103170172308,16.516831400725984,52.11067946911747
2018-06-14,31.070640229577467,27.96357620661972,15.93615928434538,51.905679083004486
2018-06-15,31.040134123907063,27.93612071151636,15.355487167964778,51.7006786968915
2018-06-16,31.03780321259029,27.93402289133126,14.871458913114637,51.53270404551633
2018-06-17,31.03547230127351,27.93192507114616,14.387430658264496,51.364729394141165
2018-06-18,31.033141389956736,27.92982725096106,13.903402403414354,51.196754742766
2018-06-19,31.03081047863996,27.927729430775965,13.419374148564216,51.02878009139084
2018-06-20,31.028479567323185,27.925631610590862,12.935345893714072,50.86080544001567
2018-06-21,31.02614865600641,27.923533790405767,12.451317638863932,50.6928307886405
2018-06-22,31.02381774468963,27.921435970220667,11.96728938401379,50.52485613726533
2018-06-23,31.044443071764825,27.939998764588346,11.775772538087317,50.39737117795156
2018-06-24,31.065068398840022,27.95856155895602,11.58425569216084,50.26988621863777
2018-06-25,31.085693725915217,27.977124353323696,11.392738846234366,50.142401259324
2018-06-26,31.10631905299041,27.99568714769137,11.201222000307892,50.01491630001022
2018-06-27,31.12694438006561,28.01424994205905,11.009705154381416,49.887431340696445
2018-06-28,31.147569707140804,28.032812736426727,10.818188308454944,49.75994638138266
2018-06-29,31.168195034216,28.0513755307944,10.626671462528469,49.632461422068886
2018-06-30,31.201620539639453,28.081458485675512,10.674792555977358,49.54260033615672
2018-07-01,31.23504604506291,28.11154144055662,10.722913649426248,49.45273925024456
2018-07-02,31.268471550486364,28.14162439543773,10.77103474287514,49.36287816433239
2018-07-03,31.301897055909816,28.17170735031884,10.81915583632403,49.273017078420224
2018-07-04,31.33532256133327,28.201790305199943,10.867276929772922,49.18315599250806
2018-07-05,31.368748066756726,28.231873260081056,10.915398023221812,49.09329490659589
2018-07-06,31.402173572180185,28.261956214962165,10.963519116670703,49.00343382068373
2018-07-07,31.438243038763364,28.294418734887028,11.220120411772257,48.948330588040754
2018-07-08,31.474312505346543,28.32688125481189,11.476721706873803,48.89322735539777
2018-07-09,31.510381971929725,28.359343774736757,11.733323001975355,48.83812412275479
2018-07-10,31.546451438512904,28.391806294661613,11.989924297076907,48.78302089011181
2018-07-11,31.58252090509609,28.42426881458648,12.24652559217846,48.72791765746883
2018-07-12,31.618590371679264,28.45673133451134,12.503126887280011,48.672814424825845
2018-07-13,31.654659838262447,28.4891938544362,12.759728182381563,48.61771119218287
2018-07-14,31.68401913071696,28.515617217645264,13.993181210007544,48.59354539245551
2018-07-15,31.713378423171477,28.542040580854326,15.226634237633526,48.56937959272816
2018-07-16,31.74273771562599,28.56846394406339,16.460087265259506,48.545213793000805
2018-07-17,31.7720970080805,28.59488730727245,17.693540292885487,48.52104799327345
2018-07-18,31.801456300535012,28.621310670481517,18.92699332051147,48.49688219354609
2018-07-19,31.830815592989527,28.647734033690572,20.160446348137448,48.47271639381874
2018-07-20,31.86017488544404,28.67415739689964,21.393899375763432,48.44855059409139
2018-07-21,31.88496779443974,28.696471014995765,23.429222229740247,48.437820382279575
2018-07-22,31.90976070343544,28.71878463309189,25.464545083717063,48.42709017046776
2018-07-23,31.93455361243113,28.741098251188017,27.49986793769388,48.416359958655946
2018-07-24,31.95934652142683,28.763411869284145,29.535190791670693,48.40562974684413
2018-07-25,31.984139430422527,28.785725487380272,31.57051364564751,48.39489953503232
2018-07-26,32.00893233941822,28.8080391054764,33.605836499624324,48.384169323220505
2018-07-27,32.03372524841392,28.830352723572524,35.64115935360114,48.37343911140869
2018-07-28,32.06469599721954,28.85822639749758,37.8327154740623,48.348408955936456
2018-07-29,32.09566674602516,28.88610007142264,40.024271594523455,48.32337880046423
2018-07-30,32.126637494830774,28.913973745347697,42.21582771498461,48.29834864499199
2018-07-31,32.1576082436364,28.94184741927275,44.40738383544577,48.27331848951976
2018-08-01,32.18857899244201,28.96972109319781,46.59893995590693,48.24828833404752
2018-08-02,32.21954974124763,28.997594767122862,48.79049607636809,48.22325817857529
2018-08-03,32.25052049005325,29.025468441047924,50.98205219682925,48.198228023103056
2018-08-04,32.29862052696412,29.068758474267707,52.83788830489729,48.13091581456845
2018-08-05,32.34672056387499,29.112048507487494,54.69372441296533,48.06360360603384
2018-08-06,32.39482060078586,29.15533854070728,56.54956052103336,47.99629139749924
2018-08-07,32.44292063769674,29.198628573927063,58.4053966291014,47.92897918896464
2018-08-08,32.49102067460761,29.241918607146847,60.26123273716944,47.86166698043004
2018-08-09,32.53912071151848,29.285208640366637,62.11706884523747,47.79435477189543
2018-08-10,32.58722074842935,29.328498673586417,63.97290495330551,47.727042563360826
2018-08-11,32.66331112022894,29.396980008206047,65.00226929708221,47.5897873502182
2018-08-12,32.739401492028534,29.46546134282568,66.0316336408589,47.452532137075565
2018-08-13,32.81549186382812,29.53394267744531,67.06099798463559,47.31527692393293
2018-08-14,32.89158223562772,29.60242401206494,68.09036232841228,47.17802171079031
2018-08-15,32.9676726074273,29.67090534668457,69.11972667218899,47.04076649764768
2018-08-16,33.0437629792269,29.739386681304204,70.14909101596568,46.90351128450505
2018-08-17,33.119853351026485,29.807868015923837,71.17845535974237,46.76625607136242
2018-08-18,33.224333929840704,29.901900536856637,71.26459641107238,46.56856097552601
2018-08-19,33.32881450865493,29.995933057789436,71.35073746240236,46.3708658796896
2018-08-20,33.43329508746915,30.089965578722232,71.43687851373237,46.1731707838532
2018-08-21,33.53777566628337,30.183998099655035,71.52301956506236,45.97547568801679
2018-08-22,33.64225624509759,30.278030620587835,71.60916061639236,45.77778059218038
2018-08-23,33.74673682391182,30.372063141520638,71.69530166772235,45.58008549634397
2018-08-24,33.85121740272604,30.466095662453437,71.78144271905235,45.38239040050756
2018-08-25,33.96442274668969,30.56798047202073,71.52466776876732,45.2050420113388
2018-08-26,34.07762809065336,30.66986528158802,71.2678928184823,45.02769362217003
2018-08-27,34.19083343461701,30.771750091155315,71.01111786819726,44.85034523300126
2018-08-28,34.30403877858068,30.873634900722607,70.75434291791224,44.67299684383249
2018-08-29,34.41724412254433,30.975519710289905,70.4975679676272,44.49564845466373
2018-08-30,34.530449466508,31.077404519857197,70.24079301734218,44.31830006549496
2018-08-31,34.64365481047165,31.17928932942449,69.98401806705715,44.1409516763262
2018-09-01,34.7436488645279,31.26928397807511,70.06576249070625,44.0728030994445
2018-09-02,34.84364291858414,31.359278626725725,70.14750691435535,44.0046545225628
2018-09-03,34.943636972640384,31.449273275376346,70.22925133800445,43.93650594568111
2018-09-04,35.04363102669662,31.53926792402696,70.31099576165354,43.868357368799415
2018-09-05,35.14362508075287,31.629262572677582,70.39274018530264,43.80020879191772
2018-09-06,35.24361913480911,31.7192572213282,70.47448460895174,43.73206021503602
2018-09-07,35.343613188865355,31.80925186997882,70.55622903260084,43.663911638154325
2018-09-08,35.40845989795737,31.867613908161637,71.65792820573328,43.79381597917908
2018-09-09,35.47330660704939,31.92597594634445,72.75962737886572,43.92372032020384
2018-09-10,35.538153316141404,31.984337984527265,73.86132655199816,44.05362466122859
2018-09-11,35.60300002523342,32.04270002271008,74.9630257251306,44.18352900225335
2018-09-12,35.66784673432544,32.1010620608929,76.06472489826305,44.313433343278106
2018-09-13,35.73269344341745,32.159424099075714,77.16642407139548,44.44333768430286
2018-09-14,35.79754015250947,32.21778613725853,78.26812324452793,44.573242025327616
2018-09-15,35.8100873889969,32.229078650097215,80.89652094817774,44.96451360733501
2018-09-16,35.822634625484326,32.2403711629359,83.52491865182755,45.35578518934241
2018-09-17,35.835181861971755,32.25166367577459,86.15331635547736,45.74705677134981
2018-09-18,35.84772909845919,32.26295618861327,88.78171405912717,46.13832835335721
2018-09-19,35.86027633494662,32.27424870145196,91.41011176277698,46.52959993536461
2018-09-20,35.87282357143405,32.285541214290646,94.0385094664268,46.92087151737201
2018-09-21,35.885370807921475,32.29683372712933,96.6669071700766,47.312143099379405
2018-09-22,35.85448567048881,32.26903710343994,100.37861986539734,47.88919376946709
2018-09-23,35.82360053305616,32.241240479750545,104.09033256071808,48.46624443955477
2018-09-24,35.792715395623496,32.213443856061154,107.80204525603884,49.04329510964244
2018-09-25,35.76183025819084,32.18564723237176,111.51375795135958,49.62034577973013
2018-09-26,35.73094512075818,32.15785060868237,115.22547064668032,50.19739644981781
2018-09-27,35.700059983325524,32.13005398499297,118.93718334200106,50.77444711990549
2018-09-28,35.66917484589286,32.10225736130358,122.6488960373218,51.35149778999317
2018-09-29,35.61252779576905,32.05127501619214,126.67907346866708,51.99174303806126
2018-09-30,35.555880745645226,32.00029267108071,130.70925090001236,52.63198828612934
2018-10-01,35.49923369552141,31.94931032596927,134.73942833135766,53.27223353419743
2018-10-02,35.44258664539759,31.898327980857832,138.76960576270292,53.91247878226552
2018-10-03,35.385939595273776,31.8473456357464,142.79978319404822,54.552724030333614
2018-10-04,35.329292545149954,31.79636329063496,146.82996062539348,55.1929692784017
2018-10-05,35.27264549502614,31.745380945523525,150.86013805673878,55.83321452646979
2018-10-06,35.20791396239758,31.687122566157825,154.44367548753365,56.41403263895072
2018-10-07,35.14318242976903,31.628864186792125,158.0272129183285,56.99485075143165
2018-10-08,35.07845089714047,31.570605807426425,161.61075034912338,57.575668863912576
2018-10-09,35.013719364511914,31.512347428060725,165.19428777991823,58.15648697639351
2018-10-10,34.94898783188336,31.454089048695025,168.7778252107131,58.73730508887444
2018-10-11,34.8842562992548,31.395830669329325,172.36136264150798,59.31812320135536
2018-10-12,34.819524766626245,31.337572289963624,175.94490007230283,59.898941313836296
2018-10-13,34.76396268462502,31.287566416162523,178.34448226305042,60.30205015699066
2018-10-14,34.708400602623804,31.237560542361425,180.744064453798,60.705159000145024
2018-10-15,34.65283852062258,31.187554668560324,183.1436466445456,61.10826784329939
2018-10-16,34.59727643862136,31.137548794759223,185.5432288352932,61.51137668645376
2018-10-17,34.54171435662013,31.087542920958125,187.9428110260408,61.91448552960812
2018-10-18,34.48615227461892,31.037537047157027,190.3423932167884,62.317594372762485
2018-10-19,34.43059019261769,30.98753117335593,192.741975407536,62.72070321591685
2018-10-20,34.39338684570636,30.954048161135724,193.74948213518508,62.91045921589266
2018-10-21,34.35618349879502,30.92056514891552,194.75698886283416,63.10021521586848
2018-10-22,34.318980151883686,30.88708213669532,195.76449559048328,63.28997121584428
2018-10-23,34.281776804972345,30.853599124475117,196.7720023181324,63.47972721582009
2018-10-24,34.24457345806101,30.82011611225491,197.77950904578148,63.6694832157959
2018-10-25,34.20737011114967,30.78663310003471,198.78701577343057,63.85923921577172
2018-10-26,34.17016676423834,30.753150087814507,199.79452250107968,64.04899521574752
2018-10-27,34.15328067687983,30.73795260919185,199.6763095320119,64.06384849052546
2018-10-28,34.13639458952133,30.7227551305692,199.55809656294412,64.07870176530339
2018-10-29,34.11950850216282,30.707557651946548,199.4398835938764,64.09355504008133
2018-10-30,34.10262241480432,30.69236017332389,199.3216706248086,64.10840831485926
2018-10-31,34.085736327445815,30.67716269470124,199.20345765574083,64.1232615896372
2018-11-01,34.068850240087315,30.661965216078585,199.08524468667304,64.13811486441513
2018-11-02,34.05196415272881,30.64676773745593,198.9670317176053,64.15296813919306
2018-11-03,34.05709775313323,30.65138797781991,198.00625962474757,64.03399302839027
2018-11-04,34.06223135353765,30.656008218183885,197.04548753188985,63.91501791758749
2018-11-05,34.06736495394207,30.660628458547865,196.08471543903207,63.79604280678471
2018-11-06,34.07249855434648,30.66524869891184,195.12394334617437,63.67706769598191
2018-11-07,34.0776321547509,30.669868939275812,194.1631712533166,63.558092585179125
2018-11-08,34.08276575515532,30.674489179639792,193.20239916045887,63.43911747437634
2018-11-09,34.08789935555974,30.67910942000377,192.24162706760112,63.32014236357355
2018-11-10,34.11674144615261,30.70506730153735,190.7213745770931,63.10841775498931
2018-11-11,34.145583536745484,30.731025183070937,189.2011220865851,62.89669314640507
2018-11-12,34.17442562733835,30.75698306460452,187.68086959607703,62.68496853782083
2018-11-13,34.203267717931226,30.782940946138105,186.16061710556903,62.47324392923659
2018-11-14,34.23210980852409,30.808898827671687,184.640364615061,62.26151932065235
2018-11-15,34.26095189911697,30.834856709205276,183.120112124553,62.049794712068106
2018-11-16,34.289793989709835,30.86081459073885,181.59985963404495,61.838070103483865
2018-11-17,34.340529074351444,30.906476166916303,179.78215599946537,61.57584459283486
2018-11-18,34.39126415899305,30.952137743093758,177.96445236488577,61.31361908218586
2018-11-19,34.44199924363466,30.9977993192712,176.14674873030617,61.051393571536856
2018-11-20,34.49273432827628,31.04346089544865,174.32904509572654,60.78916806088785
2018-11-21,34.54346941291789,31.089122471626094,172.51134146114694,60.52694255023885
2018-11-22,34.594204497559495,31.13478404780355,170.69363782656734,60.26471703958985
2018-11-23,34.644939582201104,31.180445623981,168.87593419198774,60.00249152894085
2018-11-24,34.70760718072271,31.236846462650444,166.97388372098266,59.73473244498774
2018-11-25,34.77027477924432,31.293247301319887,165.07183324997757,59.46697336103464
2018-11-26,34.832942377765924,31.34964813998933,163.1697827789725,59.19921427708154
2018-11-27,34.895609976287524,31.406048978658777,161.2677323079674,58.93145519312843
2018-11-28,34.95827757480913,31.462449817328224,159.36568183696232,58.663696109175326
2018-11-29,35.02094517333074,31.518850655997667,157.46363136595724,58.395937025222224
2018-11-30,35.083612771852344,31.575251494667118,155.56158089495216,58.12817794126912
2018-12-01,35.14709790114157,31.632388111027417,153.78135307566473,57.90023797697847
2018-12-02,35.2105830304308,31.689524727387724,152.00112525637726,57.67229801268781
2018-12-03,35.274068159720024,31.746661343748027,150.22089743708983,57.44435804839716
2018-12-04,35.33755328900925,31.80379796010833,148.4406696178024,57.21641808410649
2018-12-05,35.40103841829848,31.860934576468637,146.66044179851497,56.98847811981584
2018-12-06,35.4645235475877,31.91807119282894,144.8802139792275,56.76053815552518
2018-12-07,35.52800867687693,31.975207809189243,143.09998615994007,56.53259819123453
2018-12-08,35.581196353821376,32.02307671843925,141.64775048051405,56.38983003957295
2018-12-09,35.63438403076583,32.07094562768925,140.19551480108805,56.24706188791136
2018-12-10,35.68757170771028,32.118814536939254,138.74327912166203,56.10429373624979
2018-12-11,35.74075938465473,32.16668344618926,137.29104344223603,55.96152558458821
2018-12-12,35.79394706159918,32.21455235543927,135.83880776281,55.81875743292663
2018-12-13,35.84713473854363,32.262421264689266,134.386572083384,55.675989281265046
2018-12-14,35.90032241548808,32.31029017393927,132.934336403958,55.53322112960347
2018-12-15,35.93413248680311,32.3407192381228,132.00528668483364,55.51104051872853
2018-12-16,35.96794255811814,32.37114830230633,131.0762369657093,55.4888599078536
2018-12-17,36.00175262943317,32.40157736648986,130.14718724658496,55.466679296978654
2018-12-18,36.0355627007482,32.43200643067338,129.21813752746064,55.44449868610372
2018-12-19,36.06937277206323,32.46243549485691,128.2890878083363,55.42231807522878
2018-12-20,36.10318284337826,32.49286455904044,127.36003808921195,55.40013746435385
2018-12-21,36.136992914693295,32.52329362322397,126.43098837008762,55.377956853478906
2018-12-22,36.15605470376256,32.540449233386305,126.14637089160226,55.4448301355632
2018-12-23,36.17511649283181,32.55760484354864,125.86175341311692,55.511703417647496
2018-12-24,36.194178281901074,32.57476045371097,125.57713593463156,55.57857669973179
2018-12-25,36.213240070970336,32.5919160638733,125.2925184561462,55.64544998181608
2018-12-26,36.2323018600396,32.60907167403563,125.00790097766084,55.71232326390037
2018-12-27,36.25136364910885,32.62622728419797,124.72328349917552,55.77919654598467
2018-12-28,36.27042543817812,32.6433828943603,124.43866602069016,55.84606982806896
2018-12-29,36.285028772285045,32.65652589505654,124.88919487371338,55.94282063681955
2018-12-30,36.29963210639198,32.66966889575278,125.3397237267366,56.03957144557013
2018-12-31,36.31423544049891,32.68281189644902,125.79025257975984,56.13632225432072
2019-01-01,36.32883877460584,32.695954897145256,126.24078143278304,56.2330730630713
2019-01-02,36.34344210871277,32.709097897841495,126.69131028580628,56.32982387182189
2019-01-03,36.35804544281971,32.722240898537734,127.14183913882952,56.42657468057247
2019-01-04,36.37264877692664,32.73538389923397,127.59236799185274,56.52332548932306
2019-01-05,36.39310130784531,32.75379117706078,128.868661123742,56.59069041365641
2019-01-06,36.41355383876399,32.77219845488759,130.14495425563126,56.65805533798977
2019-01-07,36.43400636968266,32.7906057327144,131.4212473875205,56.72542026232313
2019-01-08,36.45445890060135,32.80901301054121,132.69754051940978,56.79278518665648
2019-01-09,36.47491143152002,32.82742028836802,133.97383365129903,56.86015011098984
2019-01-10,36.495363962438695,32.84582756619482,135.2501267831883,56.9275150353232
2019-01-11,36.51581649335737,32.86423484402163,136.52641991507755,56.99487995965655
2019-01-12,36.551875338998656,32.896687805098786,138.70643444929573,56.97595975368472
2019-01-13,36.58793418463994,32.92914076617595,140.88644898351393,56.95703954771288
2019-01-14,36.62399303028123,32.9615937272531,143.0664635177321,56.93811934174105
2019-01-15,36.66005187592251,32.994046688330265,145.24647805195028,56.91919913576921
2019-01-16,36.6961107215638,33.02649964940742,147.42649258616845,56.90027892979738
2019-01-17,36.73216956720509,33.05895261048458,149.60650712038665,56.88135872382554
2019-01-18,36.76822841284637,33.09140557156174,151.78652165460483,56.86243851785371
2019-01-19,36.81520647548177,33.133685827933604,154.61603592829783,56.76236193100991
2019-01-20,36.862184538117184,33.175966084305465,157.44555020199087,56.66228534416612
2019-01-21,36.90916260075259,33.21824634067733,160.27506447568388,56.56220875732232
2019-01-22,36.95614066338799,33.26052659704919,163.1045787493769,56.46213217047851
2019-01-23,37.0031187260234,33.30280685342106,165.93409302306992,56.36205558363472
2019-01-24,37.050096788658806,33.34508710979292,168.76360729676293,56.26197899679092
2019-01-25,37.09707485129421,33.38736736616479,171.59312157045596,56.16190240994712
2019-01-26,37.134775489425365,33.42129794048283,174.46123540291495,56.05240104033499
2019-01-27,37.17247612755653,33.45522851480087,177.32934923537394,55.94289967072286
2019-01-28,37.210176765687685,33.489159089118914,180.19746306783293,55.83339830111073
2019-01-29,37.24787740381885,33.52308966343696,183.0655769002919,55.7238969314986
2019-01-30,37.28557804195,33.557020237755005,185.93369073275088,55.61439556188648
2019-01-31,37.32327868008117,33.59095081207305,188.80180456520984,55.50489419227434
2019-02-01,37.36097931821232,33.62488138639109,191.66991839766885,55.39539282266222
2019-02-02,37.36844195256269,33.63159775730641,193.94816305823363,55.35147885696942
2019-02-03,37.37590458691304,33.63831412822174,196.2264077187984,55.30756489127663
2019-02-04,37.3833672212634,33.64503049913706,198.5046523793632,55.26365092558383
2019-02-05,37.39082985561375,33.65174687005238,200.782897039928,55.21973695989104
2019-02-06,37.39829248996411,33.6584632409677,203.0611417004928,55.17582299419824
2019-02-07,37.40575512431447,33.665179611883026,205.3393863610576,55.13190902850545
2019-02-08,37.41321775866483,33.67189598279835,207.61763102162237,55.08799506281265
2019-02-09,37.36949523647867,33.632545712830805,208.67784597077977,55.18463611803946
2019-02-10,37.32577271429252,33.59319544286326,209.7380609199372,55.28127717326627
2019-02-11,37.28205019210636,33.55384517289572,210.79827586909465,55.37791822849307
2019-02-12,37.2383276699202,33.514494902928185,211.85849081825208,55.47455928371988
2019-02-13,37.194605147734045,33.47514463296064,212.9187057674095,55.57120033894668
2019-02-14,37.15088262554789,33.4357943629931,213.97892071656693,55.66784139417349
2019-02-15,37.107160103361736,33.39644409302556,215.0391356657244,55.7644824494003
2019-02-16,37.00310730622483,33.30279657560234,214.52406319538252,56.03746898061659
2019-02-17,36.899054509087925,33.20914905817912,214.0089907250408,56.31045551183288
2019-02-18,36.795001711951016,33.11550154075591,213.49391825469897,56.58344204304917
2019-02-19,36.69094891481411,33.02185402333269,212.9788457843572,56.856428574265465
2019-02-20,36.5868961176772,32.92820650590948,212.46377331401536,57.12941510548176
2019-02-21,36.4828433205403,32.83455898848626,211.9487008436736,57.402401636698045
2019-02-22,36.37879052340339,32.74091147106304,211.43362837333177,57.675388167914335
2019-02-23,36.23869596126895,32.61482636514205,209.75344326435183,58.04952682565486
2019-02-24,36.09860139913452,32.48874125922106,208.07325815537192,58.42366548339538
2019-02-25,35.95850683700008,32.362656153300065,206.393073046392,58.79780414113591
2019-02-26,35.81841227486564,32.23657104737907,204.7128879374121,59.17194279887644
2019-02-27,35.6783177127312,32.11048594145808,203.03270282843212,59.54608145661696
2019-02-28,35.538223150596764,31.984400835537087,201.3525177194522,59.92022011435749
2019-03-01,35.39812858846233,31.85831572961609,199.6723326104723,60.29435877209801
2019-03-02,35.252160162733134,31.72694414645982,197.3721646645733,60.674939413079855
2019-03-03,35.10619173700394,31.595572563303545,195.0719967186743,61.05552005406171
2019-03-04,34.960223311274746,31.46420098014727,192.7718287727753,61.43610069504356
2019-03-05,34.814254885545544,31.332829396990995,190.4716608268764,61.81668133602541
2019-03-06,34.66828645981635,31.20145781383472,188.17149288097735,62.19726197700725
2019-03-07,34.52231803408716,31.070086230678445,185.8713249350784,62.57784261798911
2019-03-08,34.37634960835796,30.93871464752217,183.5711569891794,62.95842325897095
2019-03-09,34.25467522043678,30.829207698393105,181.1961360080801,63.25073573991122
2019-03-10,34.13300083251559,30.71970074926404,178.82111502698086,63.543048220851496
2019-03-11,34.01132644459441,30.61019380013497,176.44609404588158,63.83536070179176
2019-03-12,33.88965205667323,30.500686851005906,174.0710730647823,64.12767318273204
2019-03-13,33.767977668752046,30.39117990187684,171.696052083683,64.4199856636723
2019-03-14,33.64630328083086,30.28167295274777,169.32103110258376,64.71229814461257
2019-03-15,33.524628892909675,30.172166003618702,166.94601012148448,65.00461062555284
2019-03-16,33.45369968313789,30.108329714824094,164.98396979347302,65.12582604974043
2019-03-17,33.38277047336611,30.044493426029494,163.0219294654616,65.24704147392802
2019-03-18,33.311841263594324,29.98065713723489,161.05988913745014,65.3682568981156
2019-03-19,33.24091205382254,29.91682084844028,159.09784880943872,65.48947232230319
2019-03-20,33.16998284405076,29.85298455964568,157.13580848142726,65.61068774649077
2019-03-21,33.099053634278974,29.789148270851072,155.17376815341584,65.73190317067836
2019-03-22,33.02812442450719,29.725311982056468,153.21172782540438,65.85311859486595
2019-03-23,33.00309899527963,29.702789095751665,151.66810849302553,65.82043988174881
2019-03-24,32.97807356605206,29.68026620944685,150.12448916064668,65.78776116863169
2019-03-25,32.9530481368245,29.657743323142046,148.58086982826782,65.75508245551455
2019-03-26,32.92802270759694,29.63522043683724,147.03725049588897,65.72240374239742
2019-03-27,32.90299727836938,29.612697550532435,145.49363116351012,65.68972502928028
2019-03-28,32.87797184914181,29.590174664227625,143.95001183113126,65.65704631616316
2019-03-29,32.85294641991425,29.56765177792282,142.4063924987524,65.62436760304603
2019-03-30,32.85330838496503,29.56797754646853,141.04499510037692,65.5051053874221
2019-03-31,32.853670350015825,29.56830331501424,139.68359770200146,65.38584317179819
2019-04-01,32.85403231506661,29.568629083559948,138.32220030362598,65.26658095617427
2019-04-02,32.8543942801174,29.56895485210565,136.9608029052505,65.14731874055035
2019-04-03,32.85475624516818,29.56928062065137,135.599405506875,65.02805652492643
2019-04-04,32.855118210218976,29.569606389197077,134.23800810849954,64.90879430930251
2019-04-05,32.85548017526976,29.569932157742784,132.87661071012406,64.78953209367859
2019-04-06,32.86059610205962,29.574536491853653,131.459431845224,64.65137116827836
2019-04-07,32.865712028849465,29.57914082596452,130.04225298032395,64.51321024287813
2019-04-08,32.87082795563932,29.583745160075388,128.6250741154239,64.3750493174779
2019-04-09,32.875943882429176,29.588349494186257,127.20789525052383,64.23688839207766
2019-04-10,32.88105980921903,29.592953828297127,125.7907163856238,64.09872746667743
2019-04-11,32.88617573600888,29.597558162407992,124.37353752072374,63.9605665412772
2019-04-12,32.891291662798736,29.60216249651886,122.95635865582368,63.822405615876974
2019-04-13,32.8808538018614,29.592768421675256,121.25015286852611,63.73186740236924
2019-04-14,32.870415940924055,29.58337434683165,119.54394708122852,63.64132918886151
2019-04-15,32.85997807998672,29.573980271988045,117.83774129393096,63.55079097535378
2019-04-16,32.84954021904937,29.56458619714444,116.13153550663336,63.46025276184605
2019-04-17,32.83910235811204,29.55519212230083,114.42532971933578,63.36971454833832
2019-04-18,32.82866449717469,29.545798047457225,112.7191239320382,63.27917633483059
2019-04-19,32.818226636237355,29.53640397261362,111.0129181447406,63.18863812132285
2019-04-20,32.784320329766274,29.50588829678965,108.965492201706,63.1679747335845
2019-04-21,32.750414023295185,29.47537262096567,106.91806625867144,63.14731134584615
2019-04-22,32.716507716824104,29.44485694514169,104.87064031563683,63.1266479581078
2019-04-23,32.68260141035302,29.41434126931772,102.82321437260224,63.10598457036944
2019-04-24,32.64869510388194,29.383825593493743,100.77578842956764,63.08532118263109
2019-04-25,32.61478879741085,29.35330991766977,98.72836248653306,63.06465779489274
2019-04-26,32.58088249093977,29.322794241845795,96.68093654349846,63.04399440715439
2019-04-27,32.53153888855157,29.27838499969642,94.47305150183811,63.05849801103733
2019-04-28,32.48219528616338,29.233975757547043,92.26516646017778,63.073001614920265
2019-04-29,32.43285168377518,29.18956651539767,90.05728141851743,63.08750521880321
2019-04-30,32.38350808138699,29.14515727324829,87.84939637685709,63.10200882268615
2019-05-01,32.334164478998794,29.10074803109892,85.64151133519674,63.116512426569095
2019-05-02,32.2848208766106,29.056338788949542,83.4336262935364,63.13101603045203
2019-05-03,32.235477274222404,29.011929546800168,81.22574125187606,63.145519634334974
2019-05-04,32.179777932987804,28.961800139689025,79.05350370227276,63.15673023987975
2019-05-05,32.1240785917532,28.91167073257788,76.88126615266947,63.167940845424525
2019-05-06,32.0683792505186,28.86154132546674,74.70902860306617,63.1791514509693
2019-05-07,32.012679909284,28.8114119183556,72.53679105346288,63.19036205651408
2019-05-08,31.956980568049392,28.761282511244456,70.36455350385958,63.20157266205885
2019-05-09,31.901281226814792,28.711153104133317,68.19231595425629,63.212783267603626
2019-05-10,31.845581885580188,28.66102369702217,66.02007840465299,63.2239938731484
2019-05-11,31.792608134817204,28.613347321335485,64.07959203928635,63.1934525722741
2019-05-12,31.73963438405422,28.5656709456488,62.1391056739197,63.16291127139981
2019-05-13,31.68666063329124,28.517994569962116,60.19861930855306,63.13236997052551
2019-05-14,31.63368688252825,28.47031819427543,58.25813294318642,63.101828669651205
2019-05-15,31.58071313176527,28.422641818588744,56.31764657781977,63.07128736877691
2019-05-16,31.527739381002284,28.374965442902056,54.37716021245313,63.04074606790261
2019-05-17,31.4747656302393,28.32728906721537,52.43667384708648,63.01020476702831
2019-05-18,31.43112336671529,28.28801103004376,50.90177434398223,62.91121153598852
2019-05-19,31.387481103191284,28.24873299287216,49.36687484087798,62.81221830494872
2019-05-20,31.343838839667274,28.209454955700547,47.83197533777373,62.71322507390893
2019-05-21,31.300196576143264,28.170176918528934,46.29707583466948,62.61423184286914
2019-05-22,31.25655431261925,28.13089888135733,44.76217633156523,62.51523861182935
2019-05-23,31.212912049095248,28.091620844185723,43.22727682846098,62.41624538078955
2019-05-24,31.16926978557124,28.052342807014117,41.69237732535673,62.31725214974976
2019-05-25,31.132969472220328,28.01967252499829,40.613954044514905,62.16393728846053
2019-05-26,31.09666915886941,27.987002242982477,39.53553076367308,62.0106224271713
2019-05-27,31.060368845518504,27.95433196096665,38.457107482831255,61.85730756588208
2019-05-28,31.024068532167597,27.921661678950837,37.37868420198943,61.70399270459285
2019-05-29,30.987768218816683,27.88899139693501,36.3002609211476,61.550677843303625
2019-05-30,30.95146790546577,27.856321114919197,35.22183764030578,61.39736298201439
2019-05-31,30.91516759211486,27.82365083290337,34.143414359463954,61.24404812072517
2019-06-01,30.88235529953912,27.79411976958521,33.51520491530673,61.059398229299866
2019-06-02,30.84954300696338,27.76458870626704,32.88699547114952,60.87474833787456
2019-06-03,30.81673071438764,27.73505764294888,32.2587860269923,60.69009844644926
2019-06-04,30.7839184218119,27.70552657963071,31.63057658283508,60.50544855502397
2019-06-05,30.75110612923616,27.675995516312547,31.00236713867786,60.320798663598666
2019-06-06,30.718293836660425,27.64646445299438,30.374157694520644,60.13614877217336
2019-06-07,30.68548154408468,27.616933389676216,29.745948250363423,59.95149888074806
2019-06-08,30.652303342886167,27.587073008597557,29.64623670970955,59.75850055929997
2019-06-09,30.61912514168765,27.55721262751889,29.54652516905568,59.56550223785188
2019-06-10,30.58594694048914,27.527352246440227,29.44681362840181,59.37250391640379
2019-06-11,30.552768739290624,27.497491865361567,29.34710208774793,59.1795055949557
2019-06-12,30.51959053809211,27.467631484282904,29.247390547094057,58.986507273507605
2019-06-13,30.4864123368936,27.43777110320424,29.147679006440185,58.79350895205952
2019-06-14,30.453234135695084,27.407910722125575,29.04796746578631,58.600510630611424
2019-06-15,30.416876354636543,27.375188719172893,29.47861365543451,58.42049569555103
2019-06-16,30.380518573578005,27.342466716220205,29.909259845082712,58.24048076049064
2019-06-17,30.344160792519464,27.30974471326752,30.339906034730912,58.06046582543024
2019-06-18,30.307803011460926,27.27702271031483,30.77055222437911,57.88045089036984
2019-06-19,30.271445230402385,27.244300707362147,31.20119841402731,57.700435955309445
2019-06-20,30.235087449343848,27.211578704409455,31.63184460367551,57.52042102024905
2019-06-21,30.198729668285303,27.178856701456773,32.06249079332371,57.340406085188654
2019-06-22,30.167466527042432,27.150719874338183,32.81291244077568,57.17706836470802
2019-06-23,30.13620338579956,27.122583047219603,33.56333408822764,57.01373064422739
2019-06-24,30.104940244556683,27.094446220101016,34.31375573567961,56.85039292374675
2019-06-25,30.073677103313813,27.06630939298243,35.06417738313158,56.68705520326613
2019-06-26,30.04241396207094,27.03817256586384,35.814599030583544,56.52371748278549
2019-06-27,30.011150820828064,27.01003573874526,36.56502067803551,56.36037976230486
2019-06-28,29.97988767958519,26.981898911626672,37.315442325487474,56.19704204182423
2019-06-29,29.968696837194045,26.97182715347464,38.04857302170011,56.043411912843325
2019-06-30,29.9575059948029,26.96175539532261,38.78170371791275,55.88978178386242
2019-07-01,29.94631515241176,26.951683637170586,39.51483441412538,55.73615165488152
2019-07-02,29.935124310020612,26.94161187901856,40.24796511033802,55.58252152590061
2019-07-03,29.92393346762947,26.93154012086653,40.981095806550655,55.42889139691971
2019-07-04,29.912742625238327,26.921468362714496,41.714226502763296,55.2752612679388
2019-07-05,29.901551782847186,26.911396604562466,42.44735719897593,55.1216311389579
2019-07-06,29.92550403853088,26.93295363467779,42.82430770801068,54.97059081626794
2019-07-07,29.94945629421457,26.95451066479312,43.20125821704542,54.81955049357799
2019-07-08,29.97340854989827,26.976067694908444,43.57820872608017,54.66851017088803
2019-07-09,29.99736080558197,26.997624725023773,43.95515923511491,54.51746984819808
2019-07-10,30.021313061265666,27.019181755139098,44.33210974414966,54.36642952550812
2019-07-11,30.04526531694936,27.040738785254423,44.7090602531844,54.21538920281816
2019-07-12,30.06921757263305,27.06229581536975,45.08601076221915,54.0643488801282
2019-07-13,30.14316416882084,27.12884775193876,44.77329034842639,53.908753864047625
2019-07-14,30.217110765008638,27.195399688507774,44.46056993463362,53.75315884796705
2019-07-15,30.291057361196422,27.261951625076783,44.14784952084085,53.59756383188648
2019-07-16,30.36500395738421,27.3285035616458,43.83512910704808,53.44196881580589
2019-07-17,30.438950553572003,27.39505549821481,43.52240869325532,53.28637379972532
2019-07-18,30.512897149759795,27.46160743478382,43.20968827946255,53.13077878364474
2019-07-19,30.586843745947583,27.528159371352828,42.89696786566978,52.97518376756417
2019-07-20,30.71257675780886,27.641319082027977,41.88218684877236,52.80630059019442
2019-07-21,30.838309769670136,27.75447879270313,40.86740583187494,52.63741741282468
2019-07-22,30.96404278153141,27.86763850337828,39.85262481497752,52.468534235454925
2019-07-23,31.089775793392693,27.980798214053426,38.83784379808011,52.29965105808518
2019-07-24,31.21550880525397,28.09395792472857,37.82306278118269,52.13076788071543
2019-07-25,31.341241817115247,28.207117635403726,36.80828176428527,51.96188470334569
2019-07-26,31.466974828976525,28.320277346078875,35.79350074738785,51.79300152597594
2019-07-27,31.626110038799634,28.46349903491967,34.560430002016325,51.5996417781891
2019-07-28,31.78524524862274,28.606720723760468,33.3273592566448,51.40628203040226
2019-07-29,31.94438045844585,28.749942412601264,32.09428851127327,51.21292228261542
2019-07-30,32.103515668268955,28.893164101442064,30.861217765901745,51.01956253482859
2019-07-31,32.26265087809206,29.03638579028286,29.62814702053021,50.82620278704175
2019-08-01,32.42178608791517,29.179607479123657,28.39507627515869,50.63284303925491
2019-08-02,32.58092129773828,29.322829167964453,27.16200552978716,50.43948329146807
2019-08-03,32.7533465159448,29.47801186435032,26.23734233786892,50.21024831394796
2019-08-04,32.92577173415132,29.63319456073619,25.31267914595068,49.98101333642785
2019-08-05,33.09819695235784,29.788377257122058,24.388015954032436,49.751778358907735
2019-08-06,33.270622170564366,29.94355995350793,23.46335276211419,49.52254338138763
2019-08-07,33.443047388770886,30.0987426498938,22.53868957019595,49.29330840386751
2019-08-08,33.615472606977406,30.253925346279665,21.614026378277707,49.064073426347406
2019-08-09,33.787897825183926,30.409108042665533,20.689363186359465,48.83483844882729
2019-08-10,33.9535008621955,30.55815077597595,20.59744406753145,48.558329582257656
2019-08-11,34.11910389920707,30.707193509286363,20.50552494870343,48.28182071568801
2019-08-12,34.28470693621864,30.85623624259678,20.41360582987541,48.00531184911838
2019-08-13,34.45030997323022,31.005278975907192,20.3216867110474,47.728802982548736
2019-08-14,34.61591301024179,31.15432170921761,20.229767592219385,47.4522941159791
2019-08-15,34.78151604725336,31.30336444252802,20.13784847339137,47.17578524940946
2019-08-16,34.94711908426493,31.45240717583844,20.045929354563352,46.89927638283982
2019-08-17,35.08855098107782,31.57969588297004,21.135985200444534,46.57425114939597
2019-08-18,35.22998287789072,31.706984590101644,22.22604104632571,46.24922591595211
2019-08-19,35.37141477470361,31.83427329723325,23.316096892206893,45.92420068250826
2019-08-20,35.512846671516506,31.96156200436485,24.406152738088075,45.5991754490644
2019-08-21,35.6542785683294,32.088850711496455,25.496208583969256,45.27415021562055
2019-08-22,35.79571046514229,32.21613941862805,26.586264429850434,44.94912498217669
2019-08-23,35.93714236195518,32.34342812575966,27.676320275731616,44.62409974873284
2019-08-24,36.04885496161117,32.443969465450046,29.530921753166552,44.29268920894831
2019-08-25,36.16056756126716,32.54451080514044,31.38552323060149,43.96127866916378
2019-08-26,36.272280160923145,32.64505214483083,33.240124708036426,43.62986812937925
2019-08-27,36.383992760579126,32.745593484521216,35.09472618547136,43.29845758959473
2019-08-28,36.49570536023512,32.8461348242116,36.9493276629063,42.967047049810205
2019-08-29,36.6074179598911,32.946676163902,38.80392914034124,42.63563651002568
2019-08-30,36.71913055954709,33.047217503592385,40.65853061777617,42.30422597024115
2019-08-31,36.798725355359736,33.11885281982377,42.65693098275574,42.020137641601
2019-09-01,36.87832015117239,33.19048813605515,44.655331347735306,41.73604931296085
2019-09-02,36.95791494698504,33.26212345228654,46.65373171271487,41.45196098432071
2019-09-03,37.03750974279769,33.33375876851792,48.65213207769443,41.16787265568056
2019-09-04,37.117104538610334,33.405394084749304,50.650532442674,40.883784327040416
2019-09-05,37.19669933442299,33.47702940098068,52.648932807653566,40.59969599840026
2019-09-06,37.276294130235634,33.54866471721207,54.64733317263313,40.31560766976012
2019-09-07,37.32137264618142,33.589235381563284,56.1688017633757,40.13254918245045
2019-09-08,37.36645116212721,33.62980604591449,57.69027035411826,39.94949069514077
2019-09-09,37.411529678073,33.67037671026571,59.21173894486083,39.766432207831095
2019-09-10,37.4566081940188,33.710947374616914,60.73320753560339,39.583373720521415
2019-09-11,37.50168670996459,33.75151803896813,62.25467612634596,39.40031523321174
2019-09-12,37.54676522591038,33.79208870331934,63.77614471708852,39.21725674590206
2019-09-13,37.59184374185617,33.83265936767055,65.29761330783109,39.03419825859239
2019-09-14,37.60068951465851,33.840620563192665,65.7732881780196,39.0019955681288
2019-09-15,37.60953528746086,33.84858175871477,66.24896304820811,38.9697928776652
2019-09-16,37.6183810602632,33.856542954236886,66.72463791839662,38.93759018720161
2019-09-17,37.62722683306555,33.864504149759,67.20031278858515,38.90538749673801
2019-09-18,37.636072605867895,33.872465345281114,67.67598765877366,38.873184806274416
2019-09-19,37.64491837867024,33.88042654080322,68.15166252896218,38.84098211581082
2019-09-20,37.653764151472586,33.888387736325335,68.62733739915069,38.808779425347225
2019-09-21,37.634033317902464,33.87062998611222,68.20116545718331,38.9239143461494
2019-09-22,37.614302484332335,33.852872235899106,67.77499351521591,39.03904926695157
2019-09-23,37.59457165076221,33.83511448568599,67.34882157324853,39.15418418775375
2019-09-24,37.57484081719208,33.817356735472885,66.92264963128113,39.269319108555926
2019-09-25,37.55510998362196,33.79959898525977,66.49647768931375,39.3844540293581
2019-09-26,37.53537915005183,33.781841235046656,66.07030574734635,39.49958895016027
2019-09-27,37.51564831648171,33.76408348483354,65.64413380537897,39.61472387096245
2019-09-28,37.48180873505396,33.73362786154856,64.97810983860387,39.83490931192041
2019-09-29,37.44796915362621,33.70317223826359,64.31208587182877,40.05509475287838
2019-09-30,37.414129572198455,33.67271661497861,63.646061905053664,40.275280193836345
2019-10-01,37.38028999077071,33.64226099169364,62.98003793827856,40.49546563479432
2019-10-02,37.34645040934296,33.61180536840866,62.31401397150346,40.71565107575228
2019-10-03,37.3126108279152,33.58134974512369,61.64799000472836,40.935836516710246
2019-10-04,37.27877124648745,33.55089412183871,60.981966037953256,41.15602195766821
2019-10-05,37.24544420355957,33.52089978320362,60.74975339145568,41.43809759330324
2019-10-06,37.212117160631685,33.49090544456852,60.51754074495811,41.72017322893827
2019-10-07,37.178790117703805,33.46091110593343,60.28532809846054,42.0022488645733
2019-10-08,37.14546307477592,33.43091676729833,60.053115451962974,42.284324500208335
2019-10-09,37.11213603184804,33.40092242866324,59.8209028054654,42.56640013584337
2019-10-10,37.07880898892015,33.37092809002814,59.58869015896783,42.8484757714784
2019-10-11,37.04548194599227,33.340933751393045,59.356477512470256,43.13055140711343
2019-10-12,37.02719262768603,33.324473364917424,60.22779126392624,43.43149972835512
2019-10-13,37.00890330937978,33.30801297844181,61.09910501538222,43.7324480495968
2019-10-14,36.99061399107354,33.29155259196619,61.9704187668382,44.03339637083848
2019-10-15,36.97232467276729,33.275092205490566,62.84173251829418,44.334344692080165
2019-10-16,36.95403535446105,33.258631819014944,63.71304626975016,44.63529301332185
2019-10-17,36.9357460361548,33.24217143253933,64.58436002120614,44.93624133456353
2019-10-18,36.91745671784856,33.22571104606371,65.45567377266212,45.23718965580522
2019-10-19,36.91870368346905,33.22683331512215,67.68828616127408,45.528893916516864
2019-10-20,36.919950649089536,33.227955584180584,69.92089854988605,45.8205981772285
2019-10-21,36.92119761471002,33.229077853239026,72.153510938498,46.11230243794015
2019-10-22,36.922444580330506,33.23020012229746,74.38612332710996,46.4040066986518
2019-10-23,36.923691545950994,33.2313223913559,76.61873571572191,46.695710959363446
2019-10-24,36.92493851157148,33.23244466041434,78.85134810433388,46.987415220075086
2019-10-25,36.92618547719197,33.23356692947278,81.08396049294583,47.27911948078673
2019-10-26,36.93280101367458,33.23952091230712,84.16874205066108,47.56120324116986
2019-10-27,36.939416550157176,33.24547489514146,87.25352360837633,47.843287001552994
2019-10-28,36.94603208663978,33.251428877975805,90.33830516609156,48.125370761936125
2019-10-29,36.95264762312238,33.25738286081014,93.42308672380682,48.40745452231925
2019-10-30,36.95926315960499,33.26333684364448,96.50786828152206,48.68953828270238
2019-10-31,36.96587869608759,33.26929082647882,99.59264983923732,48.97162204308551
2019-11-01,36.97249423257019,33.275244809313165,102.67743139695256,49.25370580346864
2019-11-02,36.96827447585482,33.27144702826933,106.02159762038517,49.52881858687636
2019-11-03,36.96405471913945,33.2676492472255,109.36576384381776,49.80393137028407
2019-11-04,36.95983496242408,33.26385146618166,112.70993006725035,50.07904415369178
2019-11-05,36.9556152057087,33.26005368513783,116.05409629068298,50.354156937099496
2019-11-06,36.95139544899333,33.25625590409399,119.39826251411556,50.62926972050721
2019-11-07,36.94717569227796,33.25245812305016,122.74242873754818,50.90438250391493
2019-11-08,36.94295593556259,33.248660342006325,126.0865949609808,51.17949528732264
2019-11-09,36.91169702158916,33.22052731943024,129.09736134674333,51.4502866171079
2019-11-10,36.88043810761573,33.192394296854154,132.1081277325059,51.72107794689316
2019-11-11,36.8491791936423,33.16426127427807,135.11889411826843,51.99186927667842
2019-11-12,36.81792027966888,33.13612825170199,138.12966050403097,52.26266060646369
2019-11-13,36.78666136569544,33.107995229125905,141.1404268897935,52.53345193624895
2019-11-14,36.75540245172202,33.07986220654982,144.15119327555607,52.80424326603421
2019-11-15,36.72414353774859,33.051729183973734,147.1619596613186,53.075034595819474
2019-11-16,36.654666183702304,32.98919956533208,149.34933681008135,53.33964352032528
2019-11-17,36.58518882965602,32.92666994669042,151.53671395884413,53.6042524448311
2019-11-18,36.51571147560973,32.86414032804876,153.72409110760688,53.868861369336905
2019-11-19,36.44623412156344,32.8016107094071,155.91146825636963,54.13347029384272
2019-11-20,36.37675676751716,32.739081090765445,158.09884540513238,54.39807921834853
2019-11-21,36.30727941347087,32.67655147212378,160.28622255389516,54.66268814285434
2019-11-22,36.23780205942459,32.61402185348213,162.4735997026579,54.92729706736015
2019-11-23,36.14536130442205,32.53082517397985,163.88840325753156,55.160133025901565
2019-11-24,36.05292054941952,32.44762849447756,165.30320681240522,55.39296898444298
2019-11-25,35.96047979441698,32.36443181497528,166.71801036727888,55.6258049429844
2019-11-26,35.86803903941445,32.281235135473004,168.1328139221525,55.85864090152582
2019-11-27,35.77559828441191,32.198038455970725,169.54761747702617,56.09147686006723
2019-11-28,35.68315752940938,32.11484177646844,170.96242103189982,56.32431281860865
2019-11-29,35.59071677440684,32.03164509696616,172.37722458677348,56.55714877715006
2019-11-30,35.49923003563157,31.94930703206841,173.2474889502615,56.7248451501247
2019-12-01,35.407743296856296,31.866968967170667,174.11775331374952,56.89254152309934
2019-12-02,35.31625655808102,31.784630902272923,174.98801767723754,57.06023789607398
2019-12-03,35.22476981930576,31.70229283737518,175.85828204072553,57.22793426904862
2019-12-04,35.13328308053048,31.619954772477435,176.72854640421355,57.39563064202326
2019-12-05,35.04179634175521,31.537616707579687,177.59881076770156,57.563327014997896
2019-12-06,34.950309602979935,31.455278642681943,178.46907513118958,57.731023387972535
2019-12-07,34.88369932219664,31.395329389976972,179.02293750090007,57.8002090453031
2019-12-08,34.81708904141335,31.33538013727201,179.57679987061056,57.86939470263366
2019-12-09,34.75047876063005,31.275430884567044,180.13066224032104,57.93858035996423
2019-12-10,34.68386847984675,31.21548163186208,180.6845246100316,58.007766017294784
2019-12-11,34.61725819906346,31.155532379157112,181.23838697974205,58.07695167462535
2019-12-12,34.55064791828016,31.095583126452148,181.79224934945253,58.14613733195591
2019-12-13,34.48403763749687,31.03563387374718,182.34611171916305,58.21532298928648
2019-12-14,34.46487337687292,31.018386039185625,182.81210357879087,58.156298487084925
2019-12-15,34.44570911624897,31.001138204624077,183.2780954384187,58.09727398488338
2019-12-16,34.42654485562502,30.98389037006252,183.7440872980465,58.03824948268183
2019-12-17,34.40738059500107,30.966642535500963,184.2100791576744,57.97922498048028
2019-12-18,34.38821633437712,30.949394700939408,184.6760710173022,57.92020047827873
2019-12-19,34.369052073753174,30.932146866377856,185.14206287693003,57.86117597607719
2019-12-20,34.34988781312922,30.9148990318163,185.60805473655788,57.80215147387563
2019-12-21,34.37615819873212,30.938542378858912,186.2218714897301,57.65192950122779
2019-12-22,34.40242858433503,30.962185725901524,186.8356882429024,57.50170752857995
2019-12-23,34.428698969937926,30.98582907294413,187.44950499607464,57.35148555593211
2019-12-24,34.45496935554083,31.00947241998675,188.06332174924688,57.20126358328426
2019-12-25,34.48123974114373,31.03311576702936,188.67713850241915,57.05104161063642
2019-12-26,34.50751012674664,31.056759114071973,189.2909552555914,56.900819637988576
2019-12-27,34.53378051234954,31.080402461114584,189.90477200876364,56.750597665340734
2019-12-28,34.58205446369478,31.123849017325306,190.90835166362305,56.60432353516561
2019-12-29,34.630328415040026,31.167295573536023,191.9119313184824,56.45804940499048
2019-12-30,34.67860236638527,31.21074212974674,192.91551097334175,56.31177527481536
2019-12-31,34.72687631773051,31.25418868595746,193.91909062820116,56.16550114464024
2020-01-01,34.77515026907575,31.297635242168177,194.9226702830605,56.01922701446512
2020-01-02,34.823424220421,31.341081798378895,195.9262499379199,55.87295288428999
2020-01-03,34.87169817176624,31.384528354589616,196.92982959277927,55.726678754114864
2020-01-04,34.91782773290297,31.426044959612675,198.56531908516865,55.6814433639602
2020-01-05,34.9639572940397,31.467561564635734,200.200808577558,55.636207973805526
2020-01-06,35.01008685517643,31.509078169658792,201.8362980699474,55.59097258365086
2020-01-07,35.05621641631317,31.55059477468185,203.47178756233677,55.54573719349619
2020-01-08,35.1023459774499,31.59211137970491,205.10727705472613,55.50050180334152
2020-01-09,35.14847553858663,31.63362798472797,206.74276654711548,55.45526641318685
2020-01-10,35.19460509972336,31.675144589751028,208.3782560395049,55.41003102303218
2020-01-11,35.214493300528126,31.69304397047532,210.88614833530912,55.562627929569146
2020-01-12,35.23438150133289,31.7109433511996,213.39404063111337,55.71522483610612
2020-01-13,35.254269702137655,31.728842731923887,215.9019329269176,55.86782174264308
2020-01-14,35.27415790294241,31.74674211264817,218.40982522272188,56.02041864918005
2020-01-15,35.29404610374718,31.764641493372466,220.91771751852613,56.173015555717015
2020-01-16,35.31393430455194,31.782540874096743,223.4256098143304,56.32561246225399
2020-01-17,35.33382250535671,31.800440254821037,225.93350211013464,56.47820936879095
2020-01-18,35.31469913804551,31.78322922424096,229.18685228924852,56.8593763321084
2020-01-19,35.29557577073432,31.766018193660887,232.4402024683625,57.24054329542585
2020-01-20,35.27645240342312,31.74880716308081,235.6935526474764,57.6217102587433
2020-01-21,35.25732903611193,31.731596132500737,238.94690282659036,58.00287722206075
2020-01-22,35.23820566880074,31.714385101920666,242.20025300570424,58.384044185378194
2020-01-23,35.21908230148954,31.69717407134059,245.45360318481815,58.76521114869565
2020-01-24,35.19995893417835,31.67996304076052,248.7069533639321,59.146378112013096
2020-01-25,35.15458442402361,31.63912598162125,251.7506079187444,59.63796248086745
2020-01-26,35.109209913868874,31.59828892248199,254.7942624735567,60.129546849721805
2020-01-27,35.06383540371414,31.557451863342727,257.837917028369,60.62113121857616
2020-01-28,35.0184608935594,31.516614804203464,260.8815715831813,61.11271558743052
2020-01-29,34.97308638340466,31.4757777450642,263.9252261379936,61.60429995628488
2020-01-30,34.927711873249926,31.43494068592494,266.96888069280595,62.09588432513923
2020-01-31,34.88233736309519,31.394103626785675,270.01253524761825,62.58746869399359
2020-02-01,34.826967117929726,31.34427040613676,271.7779641411013,63.05093565936745
2020-02-02,34.771596872764256,31.29443718548784,273.5433930345843,63.51440262474132
2020-02-03,34.71622662759879,31.24460396483892,275.30882192806735,63.977869590115176
2020-02-04,34.66085638243333,31.19477074419,277.0742508215504,64.44133655548904
2020-02-05,34.60548613726787,31.144937523541085,278.8396797150334,64.90480352086291
2020-02-06,34.5501158921024,31.095104302892164,280.60510860851645,65.36827048623677
2020-02-07,34.494745646936934,31.045271082243246,282.3705375019995,65.83173745161064
2020-02-08,34.44563507459353,31.001071567134183,281.78921069712663,66.12855220448682
2020-02-09,34.39652450225014,30.956872052025123,281.20788389225373,66.42536695736301
2020-02-10,34.347413929906736,30.912672536916062,280.6265570873809,66.7221817102392
2020-02-11,34.298303357563334,30.868473021807,280.04523028250804,67.0189964631154
2020-02-12,34.24919278521993,30.824273506697946,279.4639034776352,67.31581121599159
2020-02-13,34.20008221287654,30.78007399158888,278.8825766727623,67.61262596886777
2020-02-14,34.150971640533136,30.735874476479815,278.30124986788945,67.90944072174396
2020-02-15,34.12211833283528,30.709906499551742,274.54556362655376,67.92591399517407
2020-02-16,34.09326502513741,30.68393852262367,270.789877385218,67.9423872686042
2020-02-17,34.064411717439555,30.657970545695598,267.0341911438823,67.9588605420343
2020-02-18,34.03555840974169,30.63200256876752,263.27850490254656,67.97533381546441
2020-02-19,34.00670510204383,30.606034591839443,259.52281866121086,67.99180708889452
2020-02-20,33.977851794345966,30.58006661491137,255.76713241987517,68.00828036232464
2020-02-21,33.94899848664811,30.55409863798329,252.01144617853944,68.02475363575475
2020-02-22,33.93970094862137,30.545730853759228,245.8223021523836,67.80894839499227
2020-02-23,33.93040341059463,30.537363069535164,239.63315812622776,67.5931431542298
2020-02-24,33.92110587256789,30.528995285311098,233.444014100072,67.37733791346731
2020-02-25,33.91180833454115,30.520627501087034,227.25487007391607,67.16153267270482
2020-02-26,33.90251079651441,30.512259716862967,221.0657260477603,66.94572743194234
2020-02-27,33.89321325848767,30.503891932638904,214.8765820216045,66.72992219117987
2020-02-28,33.883915720460934,30.49552414841484,208.68743799544868,66.51411695041739
2020-02-29,33.88758887287938,30.49882998559144,201.4335614374351,66.17884051518605
2020-03-01,33.89126202529783,30.502135822768043,194.17968487942156,65.8435640799547
2020-03-02,33.89493517771627,30.505441659944644,186.92580832140797,65.50828764472337
2020-03-03,33.89860833013472,30.508747497121245,179.67193176339438,65.17301120949203
2020-03-04,33.902281482553164,30.51205333429785,172.4180552053808,64.8377347742607
2020-03-05,33.905954634971614,30.51535917147445,165.16417864736724,64.50245833902935
2020-03-06,33.90962778739006,30.51866500865105,157.91030208935365,64.16718190379801
2020-03-07,33.91967094793687,30.527703853143183,150.9620832220114,63.825413293928825
2020-03-08,33.92971410848369,30.53674269763532,144.0138643546691,63.48364468405964
2020-03-09,33.9397572690305,30.54578154212745,137.06564548732683,63.141876074190456
2020-03-10,33.94980042957731,30.554820386619586,130.11742661998457,62.80010746432127
2020-03-11,33.95984359012412,30.563859231111717,123.16920775264228,62.45833885445209
2020-03-12,33.96988675067094,30.57289807560385,116.22098888530002,62.1165702445829
2020-03-13,33.97992991121775,30.58193692009598,109.27277001795774,61.77480163471372
2020-03-14,33.989729850394966,30.590756865355477,103.96384218212518,61.53632062294527
2020-03-15,33.999529789572186,30.59957681061497,98.65491434629264,61.297839611176826
2020-03-16,34.0093297287494,30.608396755874463,93.34598651046008,61.05935859940838
2020-03-17,34.01912966792661,30.617216701133955,88.0370586746275,60.82087758763993
2020-03-18,34.02892960710383,30.626036646393448,82.72813083879495,60.58239657587148
2020-03-19,34.03872954628105,30.634856591652945,77.41920300296239,60.34391556410304
2020-03-20,34.04852948545826,30.64367653691244,72.11027516712983,60.105434552334586
2020-03-21,34.05116094306927,30.646044848762347,68.88908026107745,60.0004601484802
2020-03-22,34.05379240068028,30.648413160612257,65.66788535502506,59.89548574462581
2020-03-23,34.05642385829129,30.650781472462167,62.44669044897269,59.790511340771424
2020-03-24,34.059055315902306,30.653149784312077,59.2254955429203,59.68553693691703
2020-03-25,34.06168677351332,30.655518096161984,56.00430063686792,59.58056253306265
2020-03-26,34.064318231124325,30.65788640801189,52.78310573081554,59.475588129208255
2020-03-27,34.066949688735335,30.660254719861804,49.56191082476316,59.37061372535387
2020-03-28,34.05516176453538,30.64964558808185,47.83891677207564,59.34633410032605
2020-03-29,34.04337384033543,30.639036456301888,46.1159227193881,59.32205447529824
2020-03-30,34.03158591613547,30.62842732452193,44.39292866670058,59.29777485027042
2020-03-31,34.01979799193552,30.617818192741968,42.66993461401304,59.2734952252426
2020-04-01,34.00801006773556,30.60720906096201,40.94694056132552,59.24921560021478
2020-04-02,33.99622214353561,30.59659992918205,39.223946508638,59.224935975186966
2020-04-03,33.984434219335654,30.585990797402093,37.50095245595046,59.20065635015915
2020-04-04,33.95096074247375,30.555864668226377,36.694447180451206,59.200366016049145
2020-04-05,33.91748726561185,30.525738539050664,35.88794190495195,59.20007568193914
2020-04-06,33.88401378874994,30.495612409874948,35.081436629452696,59.199785347829135
2020-04-07,33.85054031188803,30.46548628069923,34.27493135395344,59.19949501371912
2020-04-08,33.817066835026125,30.435360151523515,33.468426078454186,59.19920467960912
2020-04-09,33.783593358164225,30.4052340223478,32.66192080295494,59.19891434549911
2020-04-10,33.75011988130232,30.375107893172085,31.85541552745568,59.19862401138911
2020-04-11,33.68770385320979,30.318933467888808,31.43587473843069,59.1656520477242
2020-04-12,33.625287825117255,30.26275904260553,31.016333949405706,59.13268008405929
2020-04-13,33.56287179702473,30.206584617322253,30.59679316038072,59.09970812039438
2020-04-14,33.50045576893219,30.15041019203897,30.17725237135573,59.06673615672947
2020-04-15,33.43803974083966,30.09423576675569,29.757711582330742,59.03376419306456
2020-04-16,33.37562371274713,30.038061341472417,29.33817079330576,59.00079222939965
2020-04-17,33.3132076846546,29.98188691618914,28.91863000428077,58.96782026573474
2020-04-18,33.220928629587675,29.898835766628903,28.4964549516896,58.86937610591287
2020-04-19,33.12864957452074,29.81578461706867,28.07427989909842,58.770931946091
2020-04-20,33.03637051945382,29.732733467508435,27.65210484650725,58.67248778626912
2020-04-21,32.94409146438689,29.6496823179482,27.229929793916074,58.574043626447256
2020-04-22,32.85181240931996,29.566631168387964,26.8077547413249,58.47559946662538
2020-04-23,32.75953335425303,29.483580018827727,26.385579688733724,58.37715530680351
2020-04-24,32.667254299186105,29.400528869267493,25.96340463614255,58.27871114698164
2020-04-25,32.56158321765777,29.30542489589199,25.70712546765254,58.14754720732998
2020-04-26,32.45591213612943,29.210320922516487,25.450846299162528,58.01638326767832
2020-04-27,32.35024105460109,29.115216949140983,25.19456713067252,57.88521932802666
2020-04-28,32.24456997307276,29.02011297576548,24.938287962182507,57.754055388374994
2020-04-29,32.13889889154442,28.925009002389977,24.682008793692496,57.62289144872334
2020-04-30,32.03322781001608,28.82990502901448,24.42572962520249,57.49172750907167
2020-05-01,31.927556728487744,28.73480105563897,24.169450456712475,57.360563569420016
2020-05-02,31.82792200015413,28.64512980013872,24.19332115676899,57.24057769451088
2020-05-03,31.72828727182052,28.55545854463847,24.217191856825508,57.12059181960174
2020-05-04,31.628652543486908,28.465787289138216,24.241062556882024,57.0006059446926
2020-05-05,31.52901781515329,28.376116033637967,24.26493325693854,56.88062006978347
2020-05-06,31.42938308681968,28.286444778137717,24.288803956995057,56.76063419487433
2020-05-07,31.329748358486068,28.196773522637464,24.312674657051573,56.6406483199652
2020-05-08,31.230113630152456,28.10710226713721,24.33654535710809,56.52066244505605
2020-05-09,31.155943634669747,28.04034927120277,24.9212585703166,56.45575247946181
2020-05-10,31.081773639187038,27.97359627526833,25.505971783525112,56.39084251386756
2020-05-11,31.007603643704325,27.90684327933389,26.09068499673362,56.32593254827332
2020-05-12,30.933433648221616,27.84009028339945,26.67539820994213,56.26102258267907
2020-05-13,30.859263652738907,27.77333728746501,27.260111423150644,56.19611261708482
2020-05-14,30.785093657256198,27.70658429153057,27.84482463635916,56.131202651490575
2020-05-15,30.710923661773485,27.63983129559613,28.429537849567662,56.06629268589633
2020-05-16,30.67887410987608,27.610986698888468,29.8171848523306,56.09277932300164
2020-05-17,30.646824557978672,27.582142102180804,31.20483185509353,56.11926596010696
2020-05-18,30.614775006081263,27.553297505473136,32.59247885785647,56.14575259721227
2020-05-19,30.58272545418385,27.52445290876547,33.9801258606194,56.17223923431758
2020-05-20,30.550675902286446,27.4956083120578,35.367772863382335,56.198725871422894
2020-05-21,30.51862635038904,27.466763715350137,36.75541986614528,56.22521250852821
2020-05-22,30.486576798491637,27.43791911864247,38.14306686890821,56.25169914563352
2020-05-23,30.490783395337136,27.44170505580342,39.93884851848061,56.34436039492594
2020-05-24,30.49498999218264,27.445490992964373,41.73463016805302,56.43702164421837
2020-05-25,30.49919658902814,27.449276930125325,43.53041181762543,56.52968289351079
2020-05-26,30.503403185873644,27.45306286728628,45.32619346719783,56.62234414280321
2020-05-27,30.507609782719147,27.456848804447237,47.12197511677024,56.71500539209563
2020-05-28,30.51181637956465,27.460634741608185,48.91775676634265,56.80766664138805
2020-05-29,30.516022976410152,27.464420678769137,50.71353841591505,56.90032789068047
2020-05-30,30.539675734963502,27.485708161467155,52.31806354881836,57.00402936787159
2020-05-31,30.563328493516856,27.506995644165173,53.922588681721656,57.10773084506271
2020-06-01,30.58698125207021,27.52828312686319,55.52711381462496,57.21143232225383
2020-06-02,30.610634010623563,27.549570609561204,57.131638947528266,57.31513379944495
2020-06-03,30.63428676917692,27.570858092259225,58.73616408043157,57.41883527663607
2020-06-04,30.657939527730267,27.59214557495724,60.34068921333487,57.52253675382719
2020-06-05,30.68159228628362,27.613433057655257,61.945214346238174,57.62623823101831
2020-06-06,30.707808456261212,27.63702761063509,62.75742160008418,57.685646704373255
2020-06-07,30.73402462623881,27.660622163614928,63.56962885393019,57.74505517772821
2020-06-08,30.760240796216404,27.684216716594765,64.3818361077762,57.804463651083154
2020-06-09,30.786456966194,27.7078112695746,65.1940433616222,57.863872124438096
2020-06-10,30.8126731361716,27.73140582255444,66.00625061546822,57.923280597793045
2020-06-11,30.83888930614919,27.75500037553427,66.81845786931422,57.982689071148
2020-06-12,30.865105476126782,27.778594928514103,67.63066512316023,58.042097544502944
2020-06-13,30.877365631619444,27.789629068457497,67.0681452243573,58.00302600272647
2020-06-14,30.889625787112102,27.80066320840089,66.50562532555436,57.96395446094999
2020-06-15,30.90188594260476,27.81169734834428,65.94310542675143,57.92488291917352
2020-06-16,30.91414609809741,27.822731488287676,65.38058552794848,57.88581137739705
2020-06-17,30.926406253590077,27.833765628231063,64.81806562914555,57.846739835620575
2020-06-18,30.93866640908273,27.844799768174457,64.25554573034262,57.807668293844095
2020-06-19,30.95092656457539,27.855833908117848,63.693025831539686,57.76859675206762
2020-06-20,30.94569338090932,27.851124042818387,61.79313763881838,57.61781428489381
2020-06-21,30.94046019724325,27.846414177518927,59.893249446097066,57.46703181772
2020-06-22,30.935227013577187,27.841704312219463,57.99336125337576,57.31624935054619
2020-06-23,30.929993829911115,27.83699444692,56.093473060654446,57.16546688337238
2020-06-24,30.924760646245048,27.83228458162054,54.19358486793314,57.01468441619857
2020-06-25,30.91952746257898,27.82757471632108,52.29369667521184,56.86390194902476
2020-06-26,30.914294278912912,27.82286485102162,50.39380848249052,56.71311948185095
2020-06-27,30.904262132698825,27.81383591942894,47.93525567181384,56.48860316034381
2020-06-28,30.89422998648473,27.80480698783626,45.47670286113715,56.26408683883669
2020-06-29,30.88419784027064,27.795778056243577,43.01815005046046,56.03957051732956
2020-06-30,30.874165694056558,27.7867491246509,40.55959723978378,55.81505419582243
2020-07-01,30.864133547842464,27.77772019305822,38.10104442910709,55.590537874315295
2020-07-02,30.854101401628373,27.768691261465538,35.64249161843041,55.36602155280817
2020-07-03,30.844069255414283,27.759662329872857,33.18393880775373,55.14150523130104
2020-07-04,30.842955952002512,27.758660356802263,31.010204178909063,54.88446085276074
2020-07-05,30.841842648590745,27.75765838373167,28.8364695500644,54.62741647422043
2020-07-06,30.84072934517897,27.75665641066108,26.66273492121974,54.37037209568013
2020-07-07,30.839616041767204,27.755654437590486,24.48900029237508,54.11332771713983
2020-07-08,30.838502738355437,27.754652464519893,22.31526566353041,53.856283338599525
2020-07-09,30.837389434943667,27.7536504914493,20.141531034685755,53.59923896005922
2020-07-10,30.836276131531896,27.752648518378702,17.967796405841092,53.34219458151892
2020-07-11,30.85779893327617,27.77201903994856,16.927253887402305,53.09382565817801
2020-07-12,30.87932173502045,27.791389561518407,15.88671136896352,52.84545673483711
2020-07-13,30.90084453676473,27.810760083088255,14.846168850524734,52.5970878114962
2020-07-14,30.92236733850901,27.83013060465811,13.80562633208595,52.34871888815529
2020-07-15,30.943890140253288,27.84950112622796,12.765083813647164,52.100349964814384
2020-07-16,30.965412941997563,27.86887164779781,11.724541295208375,51.85198104147348
2020-07-17,30.98693574374184,27.88824216936766,10.683998776769592,51.603612118132574
2020-07-18,31.041547333241468,27.937392599917324,11.324985482908502,51.39138398271976
2020-07-19,31.09615892274109,27.986543030466983,11.965972189047411,51.17915584730695
2020-07-20,31.150770512240715,28.03569346101665,12.606958895186322,50.96692771189414
2020-07-21,31.20538210174034,28.084843891566308,13.247945601325233,50.75469957648132
2020-07-22,31.259993691239966,28.13399432211597,13.888932307464142,50.54247144106851
2020-07-23,31.31460528073959,28.183144752665637,14.529919013603052,50.3302433056557
2020-07-24,31.36921687023921,28.232295183215296,15.17090571974196,50.11801517024288
2020-07-25,31.45639633623475,28.31075670261128,16.81982610148345,49.92321348962644
2020-07-26,31.54357580223029,28.389218222007266,18.46874648322494,49.72841180900999
2020-07-27,31.630755268225823,28.46767974140325,20.11766686496643,49.53361012839355
2020-07-28,31.71793473422136,28.54614126079923,21.76658724670792,49.3388084477771
2020-07-29,31.8051142002169,28.62460278019521,23.41550762844941,49.144006767160654
2020-07-30,31.89229366621244,28.7030642995912,25.064428010190905,48.94920508654421
2020-07-31,31.97947313220797,28.781525818987184,26.71334839193239,48.75440340592776
2020-08-01,32.09639633795946,28.88675670416352,28.55857366653593,48.54862129005581
2020-08-02,32.21331954371095,28.99198758933986,30.403798941139478,48.34283917418386
2020-08-03,32.330242749462435,29.0972184745162,32.24902421574302,48.13705705831191
2020-08-04,32.44716595521392,29.202449359692533,34.09424949034656,47.93127494243996
2020-08-05,32.56408916096541,29.30768024486887,35.939474764950106,47.72549282656801
2020-08-06,32.6810123667169,29.41291113004521,37.78470003955365,47.51971071069605
2020-08-07,32.79793557246838,29.518142015221542,39.62992531415719,47.313928594824105
2020-08-08,32.941778381235764,29.647600543112187,40.83185491465138,47.06875915364493
2020-08-09,33.08562119000314,29.777059071002828,42.03378451514556,46.82358971246576
2020-08-10,33.22946399877052,29.90651759889347,43.23571411563975,46.57842027128659
2020-08-11,33.3733068075379,30.035976126784117,44.43764371613394,46.33325083010741
2020-08-12,33.51714961630528,30.165434654674755,45.63957331662813,46.08808138892824
2020-08-13,33.660992425072656,30.2948931825654,46.84150291712231,45.842911947749066
2020-08-14,33.80483523384004,30.42435171045604,48.0434325176165,45.59774250656989
2020-08-15,33.97212516340546,30.57491264706492,47.87708815210424,45.2890600504084
2020-08-16,34.139415092970886,30.7254735836738,47.71074378659199,44.9803775942469
2020-08-17,34.306705022536306,30.87603452028268,47.54439942107973,44.67169513808541
2020-08-18,34.47399495210173,31.026595456891556,47.37805505556747,44.36301268192391
2020-08-19,34.64128488166715,31.177156393500432,47.21171069005521,44.054330225762406
2020-08-20,34.808574811232575,31.327717330109312,47.04536632454296,43.74564776960092
2020-08-21,34.975864740797995,31.478278266718192,46.8790219590307,43.436965313439416
2020-08-22,35.15647843156835,31.64083058841152,45.686349064458845,43.08456169303088
2020-08-23,35.33709212233872,31.80338291010484,44.49367616988698,42.73215807262233
2020-08-24,35.517705813109075,31.965935231798166,43.301003275315125,42.3797544522138
2020-08-25,35.69831950387944,32.12848755349149,42.10833038074326,42.02735083180525
2020-08-26,35.8789331946498,32.291039875184815,40.915657486171405,41.67494721139671
2020-08-27,36.05954688542016,32.45359219687814,39.72298459159954,41.32254359098817
2020-08-28,36.24016057619052,32.61614451857147,38.530311697027685,40.97013997057963
2020-08-29,36.420070213083605,32.778063191775246,36.94052129893464,40.61958921125831
2020-08-30,36.5999798499767,32.939981864979025,35.35073090084159,40.26903845193698
2020-08-31,36.77988948686978,33.101900538182804,33.76094050274854,39.918487692615656
2020-09-01,36.95979912376287,33.26381921138658,32.17115010465549,39.567936933294334
2020-09-02,37.13970876065596,33.42573788459036,30.58135970656244,39.21738617397301
2020-09-03,37.31961839754905,33.58765655779414,28.991569308469398,38.86683541465168
2020-09-04,37.499528034442136,33.74957523099792,27.401778910376343,38.51628465533036
2020-09-05,37.66465607722397,33.89819046950157,26.08922029540496,38.21348913104303
2020-09-06,37.829784120005804,34.04680570800522,24.776661680433573,37.91069360675569
2020-09-07,37.99491216278764,34.195420946508875,23.46410306546219,37.60789808246836
2020-09-08,38.16004020556947,34.34403618501252,22.151544450490803,37.30510255818102
2020-09-09,38.3251682483513,34.49265142351617,20.83898583551942,37.002307033893686
2020-09-10,38.49029629113314,34.641266662019824,19.52642722054804,36.69951150960635
2020-09-11,38.65542433391497,34.78988190052348,18.21386860557665,36.39671598531902
2020-09-12,38.79176355893768,34.91258720304391,18.20200353663032,36.18705892805395
2020-09-13,38.92810278396039,35.03529250556436,18.19013846768399,35.977401870788874
2020-09-14,39.0644420089831,35.157997808084794,18.17827339873766,35.767744813523805
2020-09-15,39.20078123400582,35.28070311060524,18.166408329791327,35.55808775625873
2020-09-16,39.337120459028526,35.403408413125675,18.154543260845,35.34843069899366
2020-09-17,39.47345968405124,35.52611371564612,18.142678191898668,35.138773641728584
2020-09-18,39.609798909073945,35.64881901816656,18.130813122952336,34.929116584463515
2020-09-19,39.7072150716052,35.736493564444686,19.76927411047096,34.829387320083576
2020-09-20,39.80463123413645,35.82416811072281,21.407735097989573,34.72965805570364
2020-09-21,39.902047396667705,35.91184265700094,23.046196085508196,34.6299287913237
2020-09-22,39.99946355919896,35.99951720327906,24.684657073026813,34.530199526943754
2020-09-23,40.09687972173021,36.08719174955719,26.323118060545436,34.430470262563816
2020-09-24,40.19429588426146,36.17486629583532,27.96157904806405,34.33074099818388
2020-09-25,40.29171204679272,36.262540842113445,29.60004003558267,34.23101173380394
2020-09-26,40.345883087180844,36.31129477846276,32.02603103736523,34.215088671742336
2020-09-27,40.40005412756896,36.36004871481207,34.45202203914779,34.19916560968074
2020-09-28,40.45422516795709,36.40880265116139,36.87801304093035,34.18324254761914
2020-09-29,40.50839620834522,36.457556587510695,39.3040040427129,34.16731948555754
2020-09-30,40.56256724873335,36.50631052386001,41.72999504449547,34.15139642349594
2020-10-01,40.61673828912146,36.55506446020932,44.15598604627803,34.13547336143434
2020-10-02,40.67090932950959,36.60381839655864,46.58197704806059,34.11955029937274
2020-10-03,40.677991492613074,36.61019234335177,49.006594157891776,34.15778056356874
2020-10-04,40.68507365571656,36.61656629014491,51.431211267722965,34.19601082776475
2020-10-05,40.69215581882004,36.62294023693804,53.85582837755416,34.234241091960754
2020-10-06,40.69923798192352,36.629314183731175,56.280445487385336,34.27247135615676
2020-10-07,40.70632014502701,36.63568813052431,58.705062597216525,34.31070162035276
2020-10-08,40.71340230813049,36.64206207731745,61.129679707047714,34.34893188454877
2020-10-09,40.72048447123397,36.64843602411058,63.5542968168789,34.38716214874477
2020-10-10,40.6766340019113,36.60897060172017,65.17921083140452,34.449892863137606
2020-10-11,40.63278353258863,36.569505179329774,66.80412484593013,34.512623577530434
2020-10-12,40.58893306326596,36.53003975693937,68.42903886045575,34.57535429192327
2020-10-13,40.54508259394329,36.49057433454897,70.05395287498136,34.6380850063161
2020-10-14,40.50123212462062,36.45110891215856,71.67886688950698,34.70081572070894
2020-10-15,40.45738165529795,36.41164348976816,73.30378090403259,34.763546435101766
2020-10-16,40.41353118597528,36.37217806737775,74.92869491855821,34.8262771494946
2020-10-17,40.31897473995519,36.28707726595968,75.24567682321945,34.89791050231271
2020-10-18,40.2244182939351,36.20197646454159,75.56265872788069,34.96954385513082
2020-10-19,40.12986184791501,36.11687566312351,75.87964063254194,35.041177207948934
2020-10-20,40.03530540189492,36.03177486170542,76.19662253720317,35.112810560767045
2020-10-21,39.94074895587482,35.94667406028734,76.51360444186442,35.18444391358516
2020-10-22,39.84619250985474,35.86157325886926,76.83058634652565,35.25607726640327
2020-10-23,39.751636063834646,35.77647245745118,77.1475682511869,35.32771061922138
2020-10-24,39.62342364758075,35.66108128282267,76.83733590919422,35.450739562421184
2020-10-25,39.49521123132685,35.545690108194165,76.52710356720155,35.57376850562098
2020-10-26,39.36699881507296,35.43029893356566,76.21687122520888,35.69679744882079
2020-10-27,39.23878639881905,35.314907758937146,75.90663888321622,35.81982639202059
2020-10-28,39.11057398256516,35.19951658430864,75.59640654122354,35.94285533522039
2020-10-29,38.982361566311255,35.084125409680134,75.28617419923087,36.06588427842019
2020-10-30,38.85414915005736,34.96873423505163,74.9759418572382,36.18891322162
2020-10-31,38.713676510058285,34.84230885905246,75.02633708800799,36.42083647865935
2020-11-01,38.57320387005921,34.71588348305329,75.07673231877777,36.65275973569869
2020-11-02,38.432731230060135,34.58945810705412,75.12712754954757,36.88468299273804
2020-11-03,38.29225859006105,34.46303273105495,75.17752278031736,37.11660624977738
2020-11-04,38.15178595006198,34.33660735505578,75.22791801108716,37.34852950681673
2020-11-05,38.0113133100629,34.210181979056614,75.27831324185694,37.58045276385607
2020-11-06,37.87084067006383,34.083756603057445,75.32870847262673,37.81237602089542
2020-11-07,37.73950355826946,33.965553202442514,76.72757348153858,38.210692334090034
2020-11-08,37.60816644647509,33.84734980182758,78.12643849045043,38.60900864728465
2020-11-09,37.47682933468072,33.72914640121265,79.52530349936228,39.00732496047926
2020-11-10,37.34549222288636,33.610943000597715,80.92416850827412,39.405641273673865
2020-11-11,37.21415511109199,33.492739599982784,82.32303351718598,39.80395758686848
2020-11-12,37.08281799929762,33.37453619936785,83.72189852609782,40.20227390006309
2020-11-13,36.95148088750325,33.25633279875292,85.12076353500967,40.6005902132577
2020-11-14,36.84936348084256,33.16442713275829,88.75879585768828,41.21512949060372
2020-11-15,36.74724607418185,33.07252146676367,92.3968281803669,41.82966876794974
2020-11-16,36.64512866752116,32.98061580076904,96.03486050304552,42.44420804529576
2020-11-17,36.54301126086045,32.88871013477441,99.67289282572412,43.05874732264178
2020-11-18,36.44089385419976,32.79680446877978,103.31092514840272,43.6732865999878
2020-11-19,36.338776447539054,32.70489880278516,106.94895747108134,44.287825877333816
2020-11-20,36.23665904087836,32.61299313679053,110.58698979375995,44.90236515467984
2020-11-21,36.16655542296887,32.549899880671994,116.07425842547887,45.68186140127568
2020-11-22,36.09645180505939,32.48680662455345,121.5615270571978,46.46135764787154
2020-11-23,36.0263481871499,32.42371336843492,127.04879568891674,47.240853894467385
2020-11-24,35.95624456924042,32.360620112316376,132.53606432063566,48.02035014106323
2020-11-25,35.88614095133093,32.29752685619784,138.0233329523546,48.79984638765908
2020-11-26,35.81603733342145,32.2344336000793,143.51060158407353,49.579342634254935
2020-11-27,35.74593371551196,32.171340343960765,148.99787021579246,50.35883888085078
2020-11-28,35.6984294799716,32.12858653197444,155.04019566417026,51.1806425472174
2020-11-29,35.65092524443125,32.085832719988126,161.08252111254808,52.00244621358401
2020-11-30,35.60342100889089,32.0430789080018,167.12484656092587,52.82424987995062
2020-12-01,35.55591677335054,32.00032509601549,173.16717200930367,53.64605354631724
2020-12-02,35.50841253781018,31.957571284029164,179.20949745768146,54.46785721268385
2020-12-03,35.46090830226983,31.914817472042845,185.2518229060593,55.28966087905047
2020-12-04,35.41340406672947,31.87206366005653,191.29414835443708,56.11146454541708
2020-12-05,35.378828294097296,31.84094546468757,196.5783519254209,56.851426239313255
2020-12-06,35.34425252146512,31.80982726931861,201.86255549640464,57.59138793320943
2020-12-07,35.30967674883295,31.77870907394966,207.1467590673884,58.33134962710561
2020-12-08,35.275100976200775,31.747590878580706,212.43096263837216,59.07131132100178
2020-12-09,35.2405252035686,31.716472683211748,217.71516620935597,59.81127301489796
2020-12-10,35.20594943093643,31.68535448784279,222.9993697803397,60.55123470879413
2020-12-11,35.171373658304255,31.65423629247384,228.2835733513235,61.29119640269031
2020-12-12,35.14010420408077,31.626093783672697,231.503732798646,61.82580822998956
2020-12-13,35.10883474985728,31.59795127487156,234.7238922459685,62.36042005728882
2020-12-14,35.0775652956338,31.56980876607042,237.94405169329104,62.89503188458807
2020-12-15,35.046295841410306,31.54166625726928,241.16421114061356,63.42964371188732
2020-12-16,35.01502638718682,31.51352374846814,244.38437058793605,63.964255539186574
2020-12-17,34.98375693296333,31.485381239667,247.6045300352585,64.49886736648583
2020-12-18,34.95248747873985,31.45723873086586,250.82468948258105,65.03347919378508
2020-12-19,34.919511922834644,31.427560730551185,251.36068985780872,65.29986128411936
2020-12-20,34.88653636692945,31.3978827302365,251.8966902330364,65.56624337445363
2020-12-21,34.853560811024245,31.36820472992182,252.43269060826404,65.83262546478791
2020-12-22,34.82058525511905,31.33852672960714,252.96869098349168,66.09900755512218
2020-12-23,34.787609699213846,31.30884872929246,253.50469135871936,66.36538964545646
2020-12-24,34.75463414330865,31.27917072897778,254.040691733947,66.63177173579074
2020-12-25,34.72165858740345,31.2494927286631,254.57669210917467,66.89815382612501
2020-12-26,34.690294931717105,31.22126543854539,253.04776895174288,66.94298969677263
2020-12-27,34.65893127603076,31.19303814842768,251.51884579431103,66.98782556742024
2020-12-28,34.62756762034442,31.164810858309973,249.98992263687927,67.03266143806786
2020-12-29,34.59620396465807,31.13658356819227,248.46099947944748,67.0774973087155
2020-12-30,34.56484030897173,31.10835627807456,246.9320763220157,67.12233317936311
2020-12-31,34.53347665328539,31.08012898795685,245.40315316458387,67.16716905001073
2021-01-01,34.50211299759905,31.051901697839146,243.87423000715208,67.21200492065834
2021-01-02,34.47655486345612,31.02889937711051,241.02988829080437,67.09349441189849
2021-01-03,34.4509967293132,31.00589705638188,238.18554657445665,66.97498390313864
2021-01-04,34.42543859517027,30.982894735653243,235.34120485810888,66.85647339437878
2021-01-05,34.39988046102735,30.95989241492461,232.4968631417612,66.73796288561893
2021-01-06,34.374322326884425,30.936890094195977,229.65252142541345,66.61945237685907
2021-01-07,34.3487641927415,30.913887773467344,226.8081797090657,66.50094186809922
2021-01-08,34.32320605859857,30.89088545273871,223.963837992718,66.38243135933936
2021-01-09,34.30764706732362,30.876882360591257,220.55358269119697,66.15877431145115
2021-01-10,34.29208807604867,30.8628792684438,217.14332738967596,65.93511726356296
2021-01-11,34.27652908477372,30.848876176296343,213.73307208815493,65.71146021567475
2021-01-12,34.26097009349876,30.83487308414889,210.32281678663392,65.48780316778655
2021-01-13,34.24541110222381,30.820869992001438,206.9125614851129,65.26414611989834
2021-01-14,34.22985211094886,30.806866899853976,203.50230618359188,65.04048907201015
2021-01-15,34.21429311967391,30.79286380770652,200.09205088207088,64.81683202412194
2021-01-16,34.21180029915304,30.79062026923774,196.79327998284887,64.54537806285263
2021-01-17,34.20930747863218,30.78837673076896,193.4945090836269,64.27392410158333
2021-01-18,34.206814658111306,30.786133192300174,190.1957381844049,64.00247014031403
2021-01-19,34.20432183759044,30.783889653831395,186.89696728518288,63.73101617904472
2021-01-20,34.20182901706957,30.78164611536261,183.59819638596088,63.45956221777542
2021-01-21,34.19933619654871,30.77940257689383,180.2994254867389,63.18810825650612
2021-01-22,34.19684337602784,30.777159038425047,177.0006545875169,62.91665429523682
2021-01-23,34.20474995188832,30.784274956699484,174.12377725436238,62.65042587573411
2021-01-24,34.212656527748806,30.79139087497392,171.24689992120784,62.3841974562314
2021-01-25,34.22056310360929,30.798506793248357,168.37002258805333,62.11796903672869
2021-01-26,34.22846967946977,30.805622711522787,165.49314525489882,61.85174061722597
2021-01-27,34.23637625533025,30.812738629797224,162.6162679217443,61.58551219772326
2021-01-28,34.24428283119074,30.819854548071657,159.73939058858977,61.31928377822055
2021-01-29,34.25218940705122,30.826970466346094,156.86251325543526,61.05305535871784
2021-01-30,34.266009036607755,30.83940813294697,154.60147819454772,60.84370174916722
2021-01-31,34.279828666164285,30.851845799547853,152.3404431336602,60.634348139616606
2021-02-01,34.29364829572082,30.86428346614873,150.07940807277265,60.42499453006599
2021-02-02,34.30746792527735,30.876721132749616,147.81837301188511,60.215640920515376
2021-02-03,34.32128755483389,30.889158799350497,145.55733795099758,60.00628731096476
2021-02-04,34.33510718439042,30.90159646595137,143.29630289011004,59.79693370141414
2021-02-05,34.34892681394695,30.914034132552256,141.0352678292225,59.58758009186352
2021-02-06,34.364172413760755,30.92775517238468,139.5839763352875,59.48675000142065
2021-02-07,34.379418013574565,30.941476212217104,138.13268484135253,59.38591991097778
2021-02-08,34.39466361338837,30.95519725204953,136.68139334741753,59.285089820534914
2021-02-09,34.40990921320218,30.968918291881955,135.23010185348255,59.184259730092045
2021-02-10,34.42515481301598,30.98263933171438,133.77881035954755,59.083429639649175
2021-02-11,34.44040041282979,30.996360371546803,132.32751886561255,58.98259954920631
2021-02-12,34.45564601264359,31.01008141137923,130.87622737167757,58.88176945876344
2021-02-13,34.46785618680742,31.021070568126675,130.4043867868951,58.93694050761863
2021-02-14,34.48006636097124,31.03205972487412,129.9325462021126,58.992111556473816
2021-02-15,34.49227653513507,31.04304888162157,129.46070561733015,59.04728260532901
2021-02-16,34.5044867092989,31.05403803836901,128.98886503254766,59.1024536541842
2021-02-17,34.51669688346273,31.065027195116457,128.51702444776518,59.1576247030394
2021-02-18,34.528907057626554,31.076016351863903,128.0451838629827,59.21279575189458
2021-02-19,34.54111723179038,31.087005508611348,127.57334327820024,59.267966800749775
2021-02-20,34.54627627871888,31.091648650847,127.83088112911494,59.45424567433141
2021-02-21,34.55143532564738,31.09629179308265,128.08841898002964,59.64052454791305
2021-02-22,34.55659437257588,31.100934935318296,128.34595683094437,59.82680342149469
2021-02-23,34.561753419504385,31.105578077553943,128.6034946818591,60.01308229507632
2021-02-24,34.56691246643288,31.110221219789597,128.8610325327738,60.19936116865796
2021-02-25,34.57207151336139,31.11486436202524,129.1185703836885,60.3856400422396
2021-02-26,34.577230560289884,31.11950750426089,129.37610823460324,60.57191891582124
2021-02-27,34.57170022585203,31.114530203266824,129.7574509453154,60.80312315193025
2021-02-28,34.56616989141418,31.10955290227276,130.13879365602756,61.03432738803927
2021-03-01,34.56063955697632,31.10457560127869,130.5201363667397,61.26553162414829
2021-03-02,34.55510922253847,31.09959830028462,130.9014790774519,61.4967358602573
2021-03-03,34.54957888810061,31.09462099929055,131.28282178816409,61.72794009636632
2021-03-04,34.54404855366276,31.089643698296484,131.66416449887623,61.95914433247534
2021-03-05,34.538518219224905,31.084666397302417,132.0455072095884,62.19034856858436
2021-03-06,34.51867216914586,31.06680495223128,131.93385441761328,62.37836018309033
2021-03-07,34.49882611906682,31.04894350716014,131.82220162563814,62.5663717975963
2021-03-08,34.478980068987774,31.031082062089,131.710548833663,62.75438341210227
2021-03-09,34.459134018908735,31.01322061701786,131.59889604168785,62.94239502660824
2021-03-10,34.43928796882969,30.99535917194672,131.48724324971272,63.13040664111421
2021-03-11,34.41944191875065,30.977497726875583,131.3755904577376,63.31841825562018
2021-03-12,34.399595868671604,30.959636281804443,131.26393766576246,63.50642987012616
2021-03-13,34.36182646086642,30.92564381477978,130.04441097632716,63.56334649492511
2021-03-14,34.32405705306124,30.89165134775511,128.82488428689183,63.62026311972408
2021-03-15,34.28628764525605,30.857658880730447,127.60535759745652,63.67717974452304
2021-03-16,34.24851823745087,30.823666413705784,126.38583090802122,63.734096369322
2021-03-17,34.21074882964568,30.78967394668112,125.1663042185859,63.79101299412096
2021-03-18,34.1729794218405,30.75568147965645,123.9467775291506,63.84792961891992
2021-03-19,34.13521001403532,30.72168901263179,122.7272508397153,63.90484624371888
2021-03-20,34.079528437719325,30.671575593947395,120.15706720659716,63.784509042613095
2021-03-21,34.02384686140333,30.621462175263,117.586883573479,63.66417184150732
2021-03-22,33.96816528508734,30.571348756578608,115.01669994036084,63.543834640401535
2021-03-23,33.91248370877135,30.52123533789421,112.44651630724267,63.42349743929575
2021-03-24,33.85680213245536,30.47112191920982,109.87633267412454,63.30316023818997
2021-03-25,33.80112055613936,30.421008500525428,107.30614904100638,63.18282303708419
2021-03-26,33.74543897982337,30.370895081841034,104.73596540788824,63.06248583597841
2021-03-27,33.67976782210035,30.31179103989032,101.38580726876724,62.809994631375766
2021-03-28,33.614096664377335,30.252686997939605,98.03564912964626,62.55750342677312
2021-03-29,33.54842550665432,30.19358295598889,94.68549099052528,62.30501222217048
2021-03-30,33.48275434893131,30.134478914038173,91.33533285140427,62.05252101756784
2021-03-31,33.41708319120829,30.07537487208746,87.98517471228328,61.80002981296519
2021-04-01,33.351412033485275,30.016270830136744,84.6350165731623,61.547538608362544
2021-04-02,33.28574087576226,29.95716678818603,81.28485843404131,61.2950474037599
2021-04-03,33.219048418896946,29.89714357700725,77.83292865877655,60.96756420215287
2021-04-04,33.15235596203164,29.837120365828472,74.3809988835118,60.64008100054585
2021-04-05,33.08566350516633,29.77709715464969,70.92906910824703,60.31259779893882
2021-04-06,33.01897104830102,29.717073943470915,67.47713933298229,59.98511459733179
2021-04-07,32.95227859143571,29.657050732292134,64.02520955771753,59.65763139572476
2021-04-08,32.8855861345704,29.59702752111336,60.57327978245277,59.33014819411773
2021-04-09,32.81889367770509,29.53700430993458,57.12135000718801,59.0026649925107
2021-04-10,32.76014820396222,29.484133383565997,54.24585146563855,58.657351800391766
2021-04-11,32.70140273021934,29.43126245719741,51.37035292408908,58.31203860827283
2021-04-12,32.64265725647647,29.37839153082882,48.49485438253962,57.96672541615389
2021-04-13,32.583911782733594,29.32552060446024,45.61935584099015,57.62141222403496
2021-04-14,32.52516630899072,29.27264967809165,42.74385729944069,57.276099031916026
2021-04-15,32.466420835247845,29.219778751723062,39.86835875789123,56.93078583979709
2021-04-16,32.40767536150497,29.16690782535448,36.99286021634176,56.58547264767815
2021-04-17,32.364309035441515,29.12787813189737,35.41745550038299,56.27624975536737
2021-04-18,32.32094270937806,29.08884843844025,33.842050784424224,55.96702686305659
2021-04-19,32.2775763833146,29.049818744983146,32.26664606846546,55.6578039707458
2021-04-20,32.23421005725115,29.01078905152604,30.69124135250669,55.34858107843503
2021-04-21,32.19084373118769,28.97175935806893,29.115836636547925,55.03935818612424
2021-04-22,32.147477405124235,28.932729664611813,27.54043192058916,54.73013529381346
2021-04-23,32.10411107906078,28.893699971154703,25.965027204630392,54.42091240150268
2021-04-24,32.07389059429616,28.86650153486654,25.41765818459404,54.181302760435536
2021-04-25,32.04367010953153,28.83930309857838,24.87028916455769,53.9416931193684
2021-04-26,32.013449624766906,28.812104662290217,24.322920144521337,53.702083478301255
2021-04-27,31.983229140002287,28.784906226002057,23.775551124484984,53.46247383723411
2021-04-28,31.953008655237664,28.75770778971389,23.22818210444863,53.22286419616697
2021-04-29,31.92278817047304,28.73050935342573,22.68081308441228,52.98325455509983
2021-04-30,31.892567685708418,28.70331091713757,22.13344406437593,52.743644914032686
2021-05-01,31.869509771217743,28.682558794095968,22.169941399647847,52.59925781058363
2021-05-02,31.84645185672708,28.661806671054368,22.20643873491976,52.45487070713457
2021-05-03,31.823393942236407,28.641054548012765,22.24293607019168,52.31048360368551
2021-05-04,31.800336027745736,28.62030242497116,22.2794334054636,52.16609650023645
2021-05-05,31.777278113255065,28.59955030192956,22.315930740735517,52.021709396787394
2021-05-06,31.7542201987644,28.57879817888796,22.352428076007428,51.87732229333833
2021-05-07,31.73116228427373,28.558046055846354,22.388925411279345,51.73293518988928
2021-05-08,31.709275406208317,28.53834786558748,22.793594783395488,51.70936247314302
2021-05-09,31.6873885281429,28.51864967532861,23.19826415551163,51.685789756396765
2021-05-10,31.665501650077488,28.49895148506974,23.602933527627773,51.66221703965051
2021-05-11,31.643614772012075,28.479253294810867,24.007602899743915,51.638644322904256
2021-05-12,31.621727893946662,28.459555104551995,24.412272271860058,51.615071606158
2021-05-13,31.59984101588125,28.439856914293124,24.8169416439762,51.59149888941175
2021-05-14,31.57795413781584,28.42015872403425,25.221611016092343,51.56792617266549
2021-05-15,31.551443323205092,28.396298990884585,25.89993054484744,51.68800716927453
2021-05-16,31.524932508594357,28.37243925773492,26.578250073602536,51.80808816588356
2021-05-17,31.49842169398361,28.34857952458525,27.25656960235763,51.9281691624926
2021-05-18,31.47191087937287,28.324719791435587,27.93488913111273,52.04825015910164
2021-05-19,31.44540006476213,28.30086005828592,28.613208659867823,52.16833115571068
2021-05-20,31.418889250151388,28.277000325136253,29.29152818862292,52.28841215231972
2021-05-21,31.39237843554065,28.253140591986583,29.969847717378016,52.40849314892876
2021-05-22,31.360087543871195,28.22407878948408,30.56261635575164,52.63010771588949
2021-05-23,31.327796652201748,28.19501698698157,31.155384994125264,52.85172228285023
2021-05-24,31.295505760532297,28.16595518447907,31.74815363249889,53.07333684981096
2021-05-25,31.26321486886285,28.136893381976567,32.34092227087251,53.294951416771696
2021-05-26,31.2309239771934,28.107831579474063,32.93369090924614,53.516565983732434
2021-05-27,31.19863308552395,28.078769776971555,33.526459547619766,53.738180550693166
2021-05-28,31.1663421938545,28.04970797446905,34.119228185993386,53.959795117653904
2021-05-29,31.13182039659878,28.0186383569389,34.51421660489406,54.17493270225581
2021-05-30,31.097298599343056,27.98756873940875,34.90920502379473,54.39007028685772
2021-05-31,31.06277680208733,27.9564991218786,35.30419344269541,54.605207871459626
2021-06-01,31.02825500483161,27.92542950434845,35.699181861596074,54.82034545606153
2021-06-02,30.99373320757589,27.8943598868183,36.09417028049675,55.03548304066344
2021-06-03,30.959211410320165,27.86329026928815,36.48915869939742,55.25062062526535
2021-06-04,30.924689613064444,27.832220651758,36.884147118298095,55.46575820986725
2021-06-05,30.89169593932267,27.8025263453904,36.97819923463031,55.56346953713949
2021-06-06,30.85870226558089,27.7728320390228,37.07225135096253,55.66118086441172
2021-06-07,30.82570859183912,27.743137732655203,37.16630346729474,55.75889219168396
2021-06-08,30.792714918097342,27.713443426287608,37.26035558362695,55.85660351895618
2021-06-09,30.759721244355568,27.68374911992001,37.35440769995916,55.95431484622842
2021-06-10,30.72672757061379,27.65405481355241,37.448459816291376,56.05202617350065
2021-06-11,30.69373389687201,27.62436050718481,37.54251193262359,56.149737500772886
2021-06-12,30.666028851941864,27.599425966747678,37.232630198131176,56.01918038983074
2021-06-13,30.638323807011712,27.57449142631054,36.922748463638754,55.8886232788886
2021-06-14,30.61061876208156,27.549556885873404,36.61286672914634,55.75806616794646
2021-06-15,30.582913717151413,27.52462234543627,36.30298499465392,55.62750905700432
2021-06-16,30.555208672221266,27.49968780499913,35.993103260161504,55.496951946062175
2021-06-17,30.52750362729111,27.474753264562,35.68322152566908,55.36639483512003
2021-06-18,30.49979858236096,27.449818724124864,35.37333979117667,55.23583772417789
2021-06-19,30.48196171494415,27.43376554344973,34.644487054590265,54.82558935187488
2021-06-20,30.464124847527334,27.4177123627746,33.91563431800386,54.41534097957186
2021-06-21,30.44628798011052,27.401659182099472,33.186781581417456,54.00509260726884
2021-06-22,30.42845111269371,27.38560600142434,32.45792884483105,53.59484423496582
2021-06-23,30.4106142452769,27.36955282074921,31.72907610824465,53.1845958626628
2021-06-24,30.392777377860085,27.35349964007408,31.000223371658247,52.77434749035979
2021-06-25,30.374940510443277,27.337446459398947,30.271370635071843,52.36409911805677
2021-06-26,30.37372965677842,27.33635669110058,29.342727991086267,51.780765461398005
2021-06-27,30.372518803113568,27.33526692280221,28.414085347100688,51.197431804739246
2021-06-28,30.371307949448717,27.33417715450384,27.485442703115112,50.61409814808048
2021-06-29,30.37009709578386,27.333087386205477,26.55680005912953,50.03076449142172
2021-06-30,30.368886242119004,27.331997617907103,25.62815741514396,49.44743083476296
2021-07-01,30.367675388454156,27.33090784960873,24.699514771158377,48.86409717810419
2021-07-02,30.366464534789294,27.329818081310368,23.7708721271728,48.28076352144543
2021-07-03,30.388995659464697,27.350096093518225,22.901200593273337,47.656931789226
2021-07-04,30.411526784140094,27.37037410572609,22.03152905937387,47.03310005700658
2021-07-05,30.434057908815493,27.390652117933943,21.161857525474407,46.40926832478715
2021-07-06,30.456589033490893,27.410930130141804,20.292185991574943,45.78543659256772
2021-07-07,30.47912015816629,27.43120814234966,19.42251445767548,45.16160486034829
2021-07-08,30.50165128284169,27.45148615455752,18.55284292377601,44.53777312812887
2021-07-09,30.524182407517088,27.47176416676538,17.68317138987655,43.91394139590944
2021-07-10,30.57757147512104,27.519814327608938,17.12491287252238,43.382198796924506
2021-07-11,30.630960542724992,27.567864488452493,16.566654355168208,42.850456197939565
2021-07-12,30.684349610328944,27.61591464929605,16.00839583781404,42.31871359895463
2021-07-13,30.7377386779329,27.663964810139607,15.45013732045987,41.78697099996969
2021-07-14,30.79112774553685,27.71201497098317,14.8918788031057,41.25522840098476
2021-07-15,30.844516813140803,27.76006513182672,14.333620285751527,40.72348580199981
2021-07-16,30.897905880744755,27.80811529267028,13.77536176839736,40.19174320301488
2021-07-17,30.98809054203218,27.88928148782896,13.78845706309049,39.86762961776383
2021-07-18,31.0782752033196,27.97044768298764,13.801552357783622,39.543516032512784
2021-07-19,31.168459864607023,28.05161387814632,13.814647652476753,39.219402447261736
2021-07-20,31.258644525894443,28.132780073305,13.827742947169885,38.89528886201069
2021-07-21,31.348829187181867,28.21394626846368,13.840838241863011,38.57117527675964
2021-07-22,31.439013848469287,28.29511246362236,13.853933536556143,38.24706169150859
2021-07-23,31.52919850975671,28.37627865878104,13.867028831249277,37.92294810625754
2021-07-24,31.65288096751359,28.48759287076223,14.19048127343076,37.78838900028139
2021-07-25,31.776563425270467,28.598907082743423,14.513933715612248,37.65382989430525
2021-07-26,31.900245883027345,28.71022129472461,14.837386157793734,37.519270788329095
2021-07-27,32.023928340784224,28.821535506705803,15.160838599975222,37.38471168235294
2021-07-28,32.1476107985411,28.932849718686995,15.484291042156707,37.25015257637679
2021-07-29,32.27129325629798,29.044163930668187,15.807743484338197,37.11559347040065
2021-07-30,32.39497571405486,29.15547814264938,16.13119592651968,36.981034364424495
2021-07-31,32.544503224983664,29.290052902485304,16.458837081047808,36.954949751328805
2021-08-01,32.69403073591247,29.42462766232123,16.786478235575938,36.92886513823312
2021-08-02,32.84355824684128,29.55920242215716,17.114119390104065,36.90278052513743
2021-08-03,32.99308575777008,29.69377718199308,17.441760544632192,36.87669591204175
2021-08-04,33.14261326869889,29.82835194182901,17.76940169916032,36.850611298946056
2021-08-05,33.292140779627694,29.962926701664934,18.09704285368845,36.82452668585037
2021-08-06,33.4416682905565,30.09750146150086,18.424684008216577,36.79844207275468
2021-08-07,33.60936250196308,30.248426251766787,18.458986273732883,36.79938146061339
2021-08-08,33.777056713369674,30.399351042032716,18.493288539249185,36.8003208484721
2021-08-09,33.94475092477626,30.55027583229864,18.52759080476549,36.801260236330805
2021-08-10,34.11244513618285,30.701200622564567,18.5618930702818,36.80219962418951
2021-08-11,34.28013934758943,30.852125412830496,18.596195335798104,36.80313901204821
2021-08-12,34.447833558996024,31.00305020309642,18.630497601314406,36.80407839990692
2021-08-13,34.61552777040261,31.15397499336235,18.664799866830712,36.80501778776563
2021-08-14,34.79350286757894,31.314152580821048,18.16722911163214,36.753707374144405
2021-08-15,34.971477964755266,31.474330168279742,17.669658356433565,36.70239696052317
2021-08-16,35.149453061931595,31.63450775573844,17.172087601234992,36.65108654690195
2021-08-17,35.327428159107924,31.79468534319713,16.674516846036415,36.59977613328072
2021-08-18,35.505403256284254,31.954862930655832,16.17694609083784,36.5484657196595
2021-08-19,35.68337835346058,32.115040518114526,15.679375335639268,36.497155306038266
2021-08-20,35.86135345063691,32.275218105573224,15.181804580440694,36.44584489241704
2021-08-21,36.034750869413976,32.43127578247258,14.580956704263064,36.33616889642642
2021-08-22,36.20814828819103,32.58733345937193,13.980108828085427,36.2264929004358
2021-08-23,36.3815457069681,32.74339113627129,13.379260951907796,36.11681690444518
2021-08-24,36.554943125745154,32.89944881317064,12.778413075730164,36.00714090845455
2021-08-25,36.72834054452222,33.05550649007,12.177565199552532,35.89746491246393
2021-08-26,36.90173796329928,33.21156416696935,11.5767173233749,35.78778891647331
2021-08-27,37.07513538207634,33.36762184386871,10.975869447197269,35.67811292048269
2021-08-28,37.22062437776094,33.49856193998485,10.675152000855194,35.59284559934185
2021-08-29,37.36611337344554,33.62950203610099,10.37443455451312,35.50757827820101
2021-08-30,37.51160236913015,33.76044213221713,10.07371710817105,35.42231095706017
2021-08-31,37.65709136481474,33.89138222833327,9.772999661828976,35.33704363591933
2021-09-01,37.80258036049934,34.02232232444941,9.472282215486905,35.25177631477849
2021-09-02,37.94806935618394,34.15326242056555,9.17156476914483,35.16650899363765
2021-09-03,38.09355835186855,34.28420251668169,8.870847322802756,35.08124167249681
2021-09-04,38.187297260518825,34.36856753446694,9.22823352055326,35.10851784336182
2021-09-05,38.28103616916911,34.4529325522522,9.585619718303764,35.13579401422682
2021-09-06,38.37477507781939,34.53729757003745,9.943005916054265,35.163070185091826
2021-09-07,38.46851398646968,34.62166258782271,10.300392113804769,35.190346355956834
2021-09-08,38.562252895119954,34.706027605607964,10.657778311555273,35.21762252682184
2021-09-09,38.65599180377024,34.790392623393224,11.015164509305771,35.24489869768684
2021-09-10,38.74973071242052,34.87475764117848,11.372550707056275,35.27217486855185
2021-09-11,38.76788131552045,34.89109318396841,13.782098753718492,35.50011584312732
2021-09-12,38.78603191862037,34.90742872675834,16.19164680038071,35.728056817702786
2021-09-13,38.8041825217203,34.92376426954827,18.60119484704293,35.955997792278254
2021-09-14,38.82233312482022,34.9400998123382,21.010742893705142,36.18393876685372
2021-09-15,38.840483727920144,34.95643535512813,23.42029094036736,36.41187974142919
2021-09-16,38.85863433102007,34.97277089791806,25.82983898702958,36.63982071600466
2021-09-17,38.87678493412,34.98910644070799,28.239387033691795,36.86776169058013
2021-09-18,38.80826032780052,34.92743429502046,33.6756967242865,37.334505913929256
2021-09-19,38.73973572148104,34.86576214933294,39.11200641488121,37.80125013727839
2021-09-20,38.67121111516156,34.804090003645406,44.54831610547592,38.26799436062752
2021-09-21,38.60268650884208,34.742417857957875,49.984625796070624,38.73473858397665
2021-09-22,38.534161902522605,34.680745712270344,55.42093548666533,39.20148280732578
2021-09-23,38.46563729620313,34.61907356658282,60.85724517726004,39.66822703067491
2021-09-24,38.39711268988365,34.55740142089529,66.29355486785475,40.134971254024045
2021-09-25,38.27232400092108,34.44509160082898,72.99073560770584,40.71599233318759
2021-09-26,38.14753531195852,34.33278178076267,79.68791634755695,41.29701341235112
2021-09-27,38.02274662299595,34.220471960696365,86.38509708740804,41.87803449151466
2021-09-28,37.89795793403339,34.10816214063005,93.08227782725916,42.4590555706782
2021-09-29,37.773169245070825,33.99585232056374,99.77945856711024,43.04007664984174
2021-09-30,37.648380556108265,33.883542500497434,106.47663930696136,43.62109772900527
2021-10-01,37.5235918671457,33.771232680431126,113.17382004681244,44.20211880816881
2021-10-02,37.38137778520253,33.64324000668227,119.49899536934912,44.73985581504245
2021-10-03,37.23916370325935,33.51524733293341,125.8241706918858,45.27759282191609
2021-10-04,37.09694962131618,33.38725465918456,132.1493460144225,45.81532982878973
2021-10-05,36.954735539373,33.2592619854357,138.47452133695916,46.35306683566337
2021-10-06,36.812521457429824,33.13126931168684,144.79969665949585,46.89080384253701
2021-10-07,36.67030737548665,33.00327663793799,151.12487198203252,47.428540849410645
2021-10-08,36.52809329354348,32.87528396418913,157.4500473045692,47.966277856284286
2021-10-09,36.40729250828208,32.76656325745387,161.77034074322586,48.30316986276418
2021-10-10,36.286491723020674,32.65784255071861,166.09063418188254,48.640061869244064
2021-10-11,36.16569093775927,32.54912184398335,170.41092762053918,48.97695387572396
2021-10-12,36.04489015249788,32.44040113724809,174.73122105919586,49.31384588220384
2021-10-13,35.92408936723648,32.331680430512826,179.0515144978525,49.650737888683736
2021-10-14,35.803288581975075,32.22295972377757,183.3718079365092,49.98762989516362
2021-10-15,35.68248779671367,32.11423901704231,187.69210137516583,50.32452190164352
2021-10-16,35.61815636580673,32.056340729226065,188.5683552977301,50.32276641729952
2021-10-17,35.5538249348998,31.99844244140982,189.4446092202944,50.32101093295552
2021-10-18,35.48949350399286,31.940544153593574,190.32086314285863,50.31925544861152
2021-10-19,35.42516207308592,31.88264586577733,191.1971170654229,50.31749996426752
2021-10-20,35.36083064217898,31.824747577961087,192.0733709879872,50.31574447992352
2021-10-21,35.29649921127205,31.766849290144844,192.94962491055145,50.31398899557952
2021-10-22,35.23216778036511,31.7089510023286,193.82587883311567,50.312233511235526
2021-10-23,35.222000835975905,31.69980075237832,191.73228984320207,50.02918145208086
2021-10-24,35.2118338915867,31.690650502428028,189.63870085328853,49.74612939292621
2021-10-25,35.201666947197495,31.681500252477743,187.54511186337493,49.46307733377154
2021-10-26,35.19150000280828,31.67235000252746,185.45152287346133,49.18002527461689
2021-10-27,35.18133305841908,31.66319975257717,183.35793388354773,48.89697321546223
2021-10-28,35.17116611402987,31.654049502626886,181.26434489363413,48.61392115630757
2021-10-29,35.16099916964067,31.6448992526766,179.17075590372053,48.330869097152906
2021-10-30,35.18139641941818,31.66325677747636,175.67211700057732,47.93510723802796
2021-10-31,35.20179366919569,31.68161430227612,172.1734780974341,47.539345378903015
2021-11-01,35.2221909189732,31.69997182707588,168.67483919429088,47.14358351977807
2021-11-02,35.24258816875071,31.71832935187564,165.1762002911477,46.74782166065313
2021-11-03,35.26298541852822,31.7366868766754,161.67756138800445,46.352059801528185
2021-11-04,35.28338266830573,31.75504440147516,158.17892248486123,45.95629794240324
2021-11-05,35.30377991808324,31.773401926274914,154.68028358171802,45.56053608327829
2021-11-06,35.33089338043056,31.7978040423875,151.35407260206466,45.22194499459793
2021-11-07,35.35800684277788,31.82220615850009,148.02786162241134,44.88335390591757
2021-11-08,35.3851203051252,31.84660827461268,144.70165064275798,44.54476281723721
2021-11-09,35.412233767472515,31.871010390725264,141.37543966310466,44.20617172855685
2021-11-10,35.43934722981984,31.89541250683785,138.0492286834513,43.86758063987649
2021-11-11,35.46646069216715,31.91981462295044,134.72301770379795,43.52898955119613
2021-11-12,35.49357415451448,31.944216739063027,131.39680672414462,43.19039846251577
2021-11-13,35.503842993401946,31.953458694061748,129.80002987210418,43.07646974436933
2021-11-14,35.514111832289416,31.96270064906047,128.20325302006373,42.962541026222894
2021-11-15,35.524380671176885,31.97194260405919,126.60647616802328,42.84861230807645
2021-11-16,35.53464951006435,31.981184559057915,125.00969931598284,42.73468358993002
2021-11-17,35.54491834895182,31.99042651405664,123.4129224639424,42.62075487178358
2021-11-18,35.55518718783929,31.99966846905536,121.81614561190194,42.50682615363714
2021-11-19,35.56545602672676,32.00891042405408,120.2193687598615,42.3928974354907
2021-11-20,35.5500033562268,31.995003020604116,120.86216101526708,42.54895635474029
2021-11-21,35.534550685726835,31.98109561715415,121.50495327067266,42.70501527398986
2021-11-22,35.519098015226874,31.967188213704183,122.14774552607824,42.86107419323944
2021-11-23,35.503645344726905,31.95328081025422,122.7905377814838,43.01713311248902
2021-11-24,35.488192674226944,31.93937340680425,123.4333300368894,43.1731920317386
2021-11-25,35.47274000372698,31.92546600335429,124.07612229229495,43.329250950988175
2021-11-26,35.45728733322702,31.911558599904325,124.71891454770056,43.48530987023776
2021-11-27,35.42864254610998,31.885778291498987,126.5852808618702,43.77858747806184
2021-11-28,35.39999775899294,31.85999798309365,128.45164717603984,44.07186508588592
2021-11-29,35.37135297187589,31.83421767468831,130.3180134902095,44.36514269371
2021-11-30,35.342708184758855,31.808437366282977,132.18437980437915,44.65842030153407
2021-12-01,35.31406339764181,31.78265705787764,134.0507461185488,44.95169790935815
2021-12-02,35.28541861052477,31.7568767494723,135.91711243271843,45.24497551718223
2021-12-03,35.25677382340773,31.731096441066963,137.7834787468881,45.53825312500632
2021-12-04,35.22915809167202,31.706242282504824,139.73681109034126,45.82190534542165
2021-12-05,35.201542359936305,31.68138812394268,141.6901434337944,46.105557565836975
2021-12-06,35.1739266282006,31.656533965380543,143.64347577724757,46.38920978625231
2021-12-07,35.14631089646488,31.6316798068184,145.5968081207007,46.67286200666764
2021-12-08,35.118695164729175,31.60682564825626,147.55014046415386,46.95651422708298
2021-12-09,35.09107943299346,31.58197148969412,149.50347280760698,47.240166447498304
2021-12-10,35.06346370125775,31.55711733113198,151.45680515106014,47.52381866791364
2021-12-11,35.05109819690176,31.545988377211582,152.36049549431772,47.651001424937206
2021-12-12,35.03873269254577,31.534859423291195,153.26418583757533,47.77818418196078
2021-12-13,35.02636718818978,31.5237304693708,154.1678761808329,47.90536693898435
2021-12-14,35.01400168383378,31.51260151545041,155.07156652409049,48.03254969600792
2021-12-15,35.00163617947779,31.50147256153001,155.9752568673481,48.15973245303149
2021-12-16,34.9892706751218,31.490343607609624,156.87894721060567,48.28691521005506
2021-12-17,34.97690517076581,31.47921465368923,157.78263755386325,48.41409796707863
